[Licensing::Module] Trying to connect to existing licensing client channel...
[Licensing::IpcConnector] Successfully connected to: "LicenseClient-jacob" at "2026-08-02T16:37:46.7424708Z"
[Licensing::Client] Code 10 while verifying Licensing Client signature (process Id: 9460, path: "C:/Program Files/Unity Hub/UnityLicensingClient_V1/Unity.Licensing.Client.exe")
[Licensing::Module] LicensingClient has failed validation; ignoring
[Licensing::Client] Handshaking with LicensingClient:
  Version:                 1.17.4+4293ba1
  Session Id:              db9d1e5012e54489a7f4e1844adf87a4
  Correlation Id:          68c8e81cd517bd715750b0b9334616bf
  External correlation Id: 8462407382674913760
  Machine Id:              h9ebF2FxksT7sJ1OEG/MDpJZqFk=
[Licensing::Module] Successfully connected to LicensingClient on channel: "LicenseClient-jacob" (connect: 0.00s, validation: 0.01s, handshake: 0.07s)
[Licensing::IpcConnector] Successfully connected to: "LicenseClient-jacob-notifications" at "2026-08-02T16:37:46.8254678Z"
[Licensing::Module] Error: Access token is unavailable; failed to update
[Licensing::Client] Successfully updated license
Built from '2022.3/respin/2022.3.62f2-4af31df585-v2' branch; Version is '2022.3.62f3 (96770f904ca7) revision 9860879'; Using compiler version '192829333'; Build Type 'Release'
OS: 'Windows 10  (10.0.19045) 64bit Professional' Language: 'en' Physical Memory: 32694 MB
[Licensing::Client] Successfully resolved entitlement details
[Licensing::Module] Serial number assigned to: "F4-29KJ-NQV8-GSFM-EZ6E-XXXX"
[Licensing::Module] Serial number assigned to: "13469143093579-UnityPersXXXX"
BatchMode: 1, IsHumanControllingUs: 0, StartBugReporterOnCrash: 0, Is64bit: 1, IsPro: 0
[Licensing::Client] Successfully resolved entitlement details
[Licensing::Module] Serial number assigned to: "F4-29KJ-NQV8-GSFM-EZ6E-XXXX"
[Licensing::Module] Serial number assigned to: "13469143093579-UnityPersXXXX"

COMMAND LINE ARGUMENTS:
C:\Program Files\Unity\Hub\Editor\2022.3.62f3\Editor\Unity.exe
-batchmode
-nographics
-projectPath
C:\Users\jacob\Desk 42
-runTests
-testPlatform
EditMode
-testFilter
Desk42.Tests.EditMode.InstitutionalConsequenceLoopTests
-testResults
C:\Users\jacob\Desk 42\tmp\consequence-loop-v2-targeted-4.xml
-logFile
C:\Users\jacob\Desk 42\tmp\consequence-loop-v2-targeted-4.log
Successfully changed project path to: C:\Users\jacob\Desk 42
C:/Users/jacob/Desk 42
[UnityMemory] Configuration Parameters - Can be set up in boot.config
    "memorysetup-bucket-allocator-granularity=16"
    "memorysetup-bucket-allocator-bucket-count=8"
    "memorysetup-bucket-allocator-block-size=33554432"
    "memorysetup-bucket-allocator-block-count=8"
    "memorysetup-main-allocator-block-size=16777216"
    "memorysetup-thread-allocator-block-size=16777216"
    "memorysetup-gfx-main-allocator-block-size=16777216"
    "memorysetup-gfx-thread-allocator-block-size=16777216"
    "memorysetup-cache-allocator-block-size=4194304"
    "memorysetup-typetree-allocator-block-size=2097152"
    "memorysetup-profiler-bucket-allocator-granularity=16"
    "memorysetup-profiler-bucket-allocator-bucket-count=8"
    "memorysetup-profiler-bucket-allocator-block-size=33554432"
    "memorysetup-profiler-bucket-allocator-block-count=8"
    "memorysetup-profiler-allocator-block-size=16777216"
    "memorysetup-profiler-editor-allocator-block-size=1048576"
    "memorysetup-temp-allocator-size-main=16777216"
    "memorysetup-job-temp-allocator-block-size=2097152"
    "memorysetup-job-temp-allocator-block-size-background=1048576"
    "memorysetup-job-temp-allocator-reduction-small-platforms=262144"
    "memorysetup-allocator-temp-initial-block-size-main=262144"
    "memorysetup-allocator-temp-initial-block-size-worker=262144"
    "memorysetup-temp-allocator-size-background-worker=32768"
    "memorysetup-temp-allocator-size-job-worker=262144"
    "memorysetup-temp-allocator-size-preload-manager=33554432"
    "memorysetup-temp-allocator-size-nav-mesh-worker=65536"
    "memorysetup-temp-allocator-size-audio-worker=65536"
    "memorysetup-temp-allocator-size-cloud-worker=32768"
    "memorysetup-temp-allocator-size-gi-baking-worker=262144"
    "memorysetup-temp-allocator-size-gfx=262144"
Player connection [30852]  Target information:

Player connection [30852]  * "[IP] 172.31.128.1 [Port] 55504 [Flags] 2 [Guid] 1754977760 [EditorId] 1754977760 [Version] 1048832 [Id] WindowsEditor(7,DESKTOP-9RLH37G) [Debug] 1 [PackageName] WindowsEditor [ProjectName] Editor" 

Player connection [30852]  * "[IP] 172.28.96.1 [Port] 55504 [Flags] 2 [Guid] 1754977760 [EditorId] 1754977760 [Version] 1048832 [Id] WindowsEditor(7,DESKTOP-9RLH37G) [Debug] 1 [PackageName] WindowsEditor [ProjectName] Editor" 

Player connection [30852]  * "[IP] 192.168.1.103 [Port] 55504 [Flags] 2 [Guid] 1754977760 [EditorId] 1754977760 [Version] 1048832 [Id] WindowsEditor(7,DESKTOP-9RLH37G) [Debug] 1 [PackageName] WindowsEditor [ProjectName] Editor" 

Player connection [30852] Host joined multi-casting on [225.0.0.222:54997]...
Player connection [30852] Host joined alternative multi-casting on [225.0.0.222:34997]...
Input System module state changed to: Initialized.
[PhysX] Initialized MultithreadedTaskDispatcher with 16 workers.
[Package Manager] UpmClient::Connect -- Connected to IPC stream "Upm-41640" after 0.5 seconds.
[Package Manager] Restoring resolved packages state from cache
[Licensing::Client] Successfully resolved entitlement details
[Package Manager] Registered 38 packages:
  Packages from [https://package.openupm.com]:
    com.ivanmurzak.unity.mcp@0.86.0 (location: C:\Users\jacob\Desk 42\Library\PackageCache\com.ivanmurzak.unity.mcp@0.86.0)
    extensions.unity.playerprefsex@2.1.5 (location: C:\Users\jacob\Desk 42\Library\PackageCache\extensions.unity.playerprefsex@2.1.5)
  Packages from [https://packages.unity.com]:
    com.unity.addressables@1.22.3 (location: C:\Users\jacob\Desk 42\Library\PackageCache\com.unity.addressables@1.22.3)
    com.unity.cinemachine@2.10.3 (location: C:\Users\jacob\Desk 42\Library\PackageCache\com.unity.cinemachine@2.10.3)
    com.unity.ide.rider@3.0.36 (location: C:\Users\jacob\Desk 42\Library\PackageCache\com.unity.ide.rider@3.0.36)
    com.unity.ide.visualstudio@2.0.22 (location: C:\Users\jacob\Desk 42\Library\PackageCache\com.unity.ide.visualstudio@2.0.22)
    com.unity.inputsystem@1.14.2 (location: C:\Users\jacob\Desk 42\Library\PackageCache\com.unity.inputsystem@1.14.2)
    com.unity.nuget.newtonsoft-json@3.2.1 (location: C:\Users\jacob\Desk 42\Library\PackageCache\com.unity.nuget.newtonsoft-json@3.2.1)
    com.unity.test-framework@1.3.9 (location: C:\Users\jacob\Desk 42\Library\PackageCache\com.unity.test-framework@1.3.9)
    com.unity.textmeshpro@3.0.9 (location: C:\Users\jacob\Desk 42\Library\PackageCache\com.unity.textmeshpro@3.0.9)
    com.unity.timeline@1.7.7 (location: C:\Users\jacob\Desk 42\Library\PackageCache\com.unity.timeline@1.7.7)
    com.unity.ext.nunit@2.0.3 (location: C:\Users\jacob\Desk 42\Library\PackageCache\com.unity.ext.nunit@2.0.3)
    com.unity.mathematics@1.2.6 (location: C:\Users\jacob\Desk 42\Library\PackageCache\com.unity.mathematics@1.2.6)
    com.unity.burst@1.8.21 (location: C:\Users\jacob\Desk 42\Library\PackageCache\com.unity.burst@1.8.21)
    com.unity.scriptablebuildpipeline@1.21.25 (location: C:\Users\jacob\Desk 42\Library\PackageCache\com.unity.scriptablebuildpipeline@1.21.25)
    com.unity.searcher@4.9.2 (location: C:\Users\jacob\Desk 42\Library\PackageCache\com.unity.searcher@4.9.2)
  Built-in packages:
    com.unity.render-pipelines.universal@14.0.12 (location: C:\Users\jacob\Desk 42\Library\PackageCache\com.unity.render-pipelines.universal@14.0.12)
    com.unity.ugui@1.0.0 (location: C:\Users\jacob\Desk 42\Library\PackageCache\com.unity.ugui@1.0.0)
    com.unity.modules.animation@1.0.0 (location: C:\Users\jacob\Desk 42\Library\PackageCache\com.unity.modules.animation@1.0.0)
    com.unity.modules.audio@1.0.0 (location: C:\Users\jacob\Desk 42\Library\PackageCache\com.unity.modules.audio@1.0.0)
    com.unity.modules.director@1.0.0 (location: C:\Users\jacob\Desk 42\Library\PackageCache\com.unity.modules.director@1.0.0)
    com.unity.modules.imageconversion@1.0.0 (location: C:\Users\jacob\Desk 42\Library\PackageCache\com.unity.modules.imageconversion@1.0.0)
    com.unity.modules.imgui@1.0.0 (location: C:\Users\jacob\Desk 42\Library\PackageCache\com.unity.modules.imgui@1.0.0)
    com.unity.modules.jsonserialize@1.0.0 (location: C:\Users\jacob\Desk 42\Library\PackageCache\com.unity.modules.jsonserialize@1.0.0)
    com.unity.modules.physics@1.0.0 (location: C:\Users\jacob\Desk 42\Library\PackageCache\com.unity.modules.physics@1.0.0)
    com.unity.modules.screencapture@1.0.0 (location: C:\Users\jacob\Desk 42\Library\PackageCache\com.unity.modules.screencapture@1.0.0)
    com.unity.modules.ui@1.0.0 (location: C:\Users\jacob\Desk 42\Library\PackageCache\com.unity.modules.ui@1.0.0)
    com.unity.modules.uielements@1.0.0 (location: C:\Users\jacob\Desk 42\Library\PackageCache\com.unity.modules.uielements@1.0.0)
    com.unity.modules.unitywebrequest@1.0.0 (location: C:\Users\jacob\Desk 42\Library\PackageCache\com.unity.modules.unitywebrequest@1.0.0)
    com.unity.modules.particlesystem@1.0.0 (location: C:\Users\jacob\Desk 42\Library\PackageCache\com.unity.modules.particlesystem@1.0.0)
    com.unity.render-pipelines.core@14.0.12 (location: C:\Users\jacob\Desk 42\Library\PackageCache\com.unity.render-pipelines.core@14.0.12)
    com.unity.shadergraph@14.0.12 (location: C:\Users\jacob\Desk 42\Library\PackageCache\com.unity.shadergraph@14.0.12)
    com.unity.render-pipelines.universal-config@14.0.10 (location: C:\Users\jacob\Desk 42\Library\PackageCache\com.unity.render-pipelines.universal-config@14.0.10)
    com.unity.modules.assetbundle@1.0.0 (location: C:\Users\jacob\Desk 42\Library\PackageCache\com.unity.modules.assetbundle@1.0.0)
    com.unity.modules.unitywebrequestassetbundle@1.0.0 (location: C:\Users\jacob\Desk 42\Library\PackageCache\com.unity.modules.unitywebrequestassetbundle@1.0.0)
    com.unity.modules.physics2d@1.0.0 (location: C:\Users\jacob\Desk 42\Library\PackageCache\com.unity.modules.physics2d@1.0.0)
    com.unity.modules.terrain@1.0.0 (location: C:\Users\jacob\Desk 42\Library\PackageCache\com.unity.modules.terrain@1.0.0)
  Git packages:
    com.coplaydev.unity-mcp@https://github.com/CoplayDev/unity-mcp.git?path=/MCPForUnity#main (location: C:\Users\jacob\Desk 42\Library\PackageCache\com.coplaydev.unity-mcp@11836003a5)
[Subsystems] No new subsystems found in resolved package list.
Package Manager log level set to [2]
[Package Manager] Done registering packages in 0.29 seconds
Refreshing native plugins compatible for Editor in 1340.22 ms, found 0 plugins.
Preloading 0 native plugins for Editor in 0.00 ms.
Initialize engine version: 2022.3.62f3 (96770f904ca7)
[Subsystems] Discovering subsystems at path C:/Program Files/Unity/Hub/Editor/2022.3.62f3/Editor/Data/Resources/UnitySubsystems
[Subsystems] Discovering subsystems at path C:/Users/jacob/Desk 42/Assets
Forcing GfxDevice: Null
GfxDevice: creating device client; threaded=0; jobified=0
NullGfxDevice:
    Version:  NULL 1.0 [1.0]
    Renderer: Null Device
    Vendor:   Unity Technologies
Shader Hidden/ProbeVolume/VoxelizeScene is not supported: GPU does not support conservative rasterization
[Licensing::Client] Successfully resolved entitlement details
[Licensing::Module] Serial number assigned to: "F4-29KJ-NQV8-GSFM-EZ6E-XXXX"
[Licensing::Module] Serial number assigned to: "13469143093579-UnityPersXXXX"
Initialize mono
Mono path[0] = 'C:/Program Files/Unity/Hub/Editor/2022.3.62f3/Editor/Data/Managed'
Mono path[1] = 'C:/Program Files/Unity/Hub/Editor/2022.3.62f3/Editor/Data/MonoBleedingEdge/lib/mono/unityjit-win32'
Mono config path = 'C:/Program Files/Unity/Hub/Editor/2022.3.62f3/Editor/Data/MonoBleedingEdge/etc'
Using monoOptions --debugger-agent=transport=dt_socket,embedding=1,server=y,suspend=n,address=127.0.0.1:56640
Using cacheserver namespaces - metadata:defaultmetadata, artifacts:defaultartifacts
Using cacheserver namespaces - metadata:defaultmetadata, artifacts:defaultartifacts
ImportWorker Server TCP listen port: 0
Begin MonoManager ReloadAssembly
Registering precompiled unity dll's ...
[Licensing::Client] Successfully resolved entitlement details
[Licensing::Module] Serial number assigned to: "F4-29KJ-NQV8-GSFM-EZ6E-XXXX"
[Licensing::Module] Serial number assigned to: "13469143093579-UnityPersXXXX"
Register platform support module: C:/Program Files/Unity/Hub/Editor/2022.3.62f3/Editor/Data/PlaybackEngines/AndroidPlayer/UnityEditor.Android.Extensions.dll
Register platform support module: C:/Program Files/Unity/Hub/Editor/2022.3.62f3/Editor/Data/PlaybackEngines/WindowsStandaloneSupport/UnityEditor.WindowsStandalone.Extensions.dll
Registered in 0.324874 seconds.
- Loaded All Assemblies, in  6.633 seconds
Native extension for WindowsStandalone target not found
Native extension for Android target not found
Android Extension - Scanning For ADB Devices 2395 ms
Mono: successfully reloaded assembly
- Finished resetting the current domain, in  2.768 seconds
Domain Reload Profiling: 9399ms
	BeginReloadAssembly (4440ms)
		ExecutionOrderSort (0ms)
		DisableScriptedObjects (0ms)
		BackupInstance (0ms)
		ReleaseScriptingObjects (0ms)
		CreateAndSetChildDomain (1ms)
	RebuildCommonClasses (384ms)
	RebuildNativeTypeToScriptingClass (7ms)
	initialDomainReloadingComplete (366ms)
	LoadAllAssembliesAndSetupDomain (1434ms)
		LoadAssemblies (4450ms)
		RebuildTransferFunctionScriptingTraits (0ms)
		AnalyzeDomain (1418ms)
			TypeCache.Refresh (1416ms)
				TypeCache.ScanAssembly (1139ms)
			ScanForSourceGeneratedMonoScriptInfo (0ms)
			ResolveRequiredComponents (0ms)
	FinalizeReload (2768ms)
		ReleaseScriptCaches (0ms)
		RebuildScriptCaches (0ms)
		SetupLoadedEditorAssemblies (2734ms)
			LogAssemblyErrors (0ms)
			InitializePlatformSupportModulesInManaged (2589ms)
			SetLoadedEditorAssemblies (4ms)
			RefreshPlugins (0ms)
			BeforeProcessingInitializeOnLoad (2ms)
			ProcessInitializeOnLoadAttributes (95ms)
			ProcessInitializeOnLoadMethodAttributes (44ms)
			AfterProcessingInitializeOnLoad (0ms)
			EditorAssembliesLoaded (0ms)
		ExecutionOrderSort2 (0ms)
		AwakeInstancesAfterBackupRestoration (0ms)
[Licensing::Client] Successfully resolved entitlement details
[Licensing::Module] Serial number assigned to: "F4-29KJ-NQV8-GSFM-EZ6E-XXXX"
[Licensing::Module] Serial number assigned to: "13469143093579-UnityPersXXXX"
Application.AssetDatabase Initial Refresh Start
[ScriptCompilation] Requested script compilation because: Assetdatabase observed changes in script compilation related files
Assembly for Assembly Definition File 'Assets/_Project/Tests/PlayMode/Desk42.Tests.PlayMode.asmdef' will not be compiled, because it has no scripts associated with it.
UnityEngine.StackTraceUtility:ExtractStackTrace ()
UnityEngine.DebugLogHandler:LogFormat (UnityEngine.LogType,UnityEngine.Object,string,object[])
UnityEngine.Logger:LogFormat (UnityEngine.LogType,string,object[])
UnityEngine.Debug:LogWarningFormat (string,object[])
UnityEditor.Scripting.ScriptCompilation.EditorCompilation:WarnIfThereAreAssembliesWithoutAnyScripts (UnityEditor.Scripting.ScriptCompilation.ScriptAssemblySettings,UnityEditor.Scripting.ScriptCompilation.ScriptAssembly[])
UnityEditor.Scripting.ScriptCompilation.EditorCompilation:CompileScriptsWithSettings (UnityEditor.Scripting.ScriptCompilation.ScriptAssemblySettings)
UnityEditor.Scripting.ScriptCompilation.EditorCompilation:CompileScripts (UnityEditor.Scripting.ScriptCompilation.EditorScriptCompilationOptions,UnityEditor.BuildTargetGroup,UnityEditor.BuildTarget,int,string[])
UnityEditor.Scripting.ScriptCompilation.EditorCompilationInterface/<>c__DisplayClass21_0:<CompileScripts>b__0 ()
UnityEditor.Scripting.ScriptCompilation.EditorCompilationInterface:EmitExceptionAsError<UnityEditor.Scripting.ScriptCompilation.EditorCompilation/CompileStatus> (System.Func`1<UnityEditor.Scripting.ScriptCompilation.EditorCompilation/CompileStatus>,UnityEditor.Scripting.ScriptCompilation.EditorCompilation/CompileStatus)
UnityEditor.Scripting.ScriptCompilation.EditorCompilationInterface:CompileScripts (UnityEditor.Scripting.ScriptCompilation.EditorScriptCompilationOptions,UnityEditor.BuildTargetGroup,UnityEditor.BuildTarget,int,string[])

info: Microsoft.Hosting.Lifetime[14]
      Now listening on: http://localhost:80
info: Microsoft.Hosting.Lifetime[0]
      Application started. Press Ctrl+C to shut down.
info: Microsoft.Hosting.Lifetime[0]
      Hosting environment: Production
info: Microsoft.Hosting.Lifetime[0]
      Content root path: C:\Users\jacob\Desk 42\
info: Microsoft.AspNetCore.Hosting.Diagnostics[1]
      Request starting HTTP/2 POST http://ilpp/UnityILPP.PostProcessing/Ping application/grpc -
info: Microsoft.AspNetCore.Routing.EndpointMiddleware[0]
      Executing endpoint 'gRPC - /UnityILPP.PostProcessing/Ping'
info: Microsoft.AspNetCore.Routing.EndpointMiddleware[1]
      Executed endpoint 'gRPC - /UnityILPP.PostProcessing/Ping'
info: Microsoft.AspNetCore.Hosting.Diagnostics[2]
      Request finished HTTP/2 POST http://ilpp/UnityILPP.PostProcessing/Ping application/grpc - - 200 - application/grpc 33.9764ms
Starting: C:\Program Files\Unity\Hub\Editor\2022.3.62f3\Editor\Data\bee_backend.exe --ipc --defer-dag-verification --dagfile="Library/Bee/1900b0aE.dag" --continue-on-failure --profile="Library/Bee/backend1.traceevents" ScriptAssemblies
WorkingDir: C:/Users/jacob/Desk 42
info: Microsoft.AspNetCore.Hosting.Diagnostics[1]
      Request starting HTTP/2 POST http://ilpp/UnityILPP.PostProcessing/ConfigurePostProcessors application/grpc -
info: Microsoft.AspNetCore.Routing.EndpointMiddleware[0]
      Executing endpoint 'gRPC - /UnityILPP.PostProcessing/ConfigurePostProcessors'
warn: Unity.ILPP.Runner.PostProcessingAssemblyLoadContext[0]
      Assembly system.runtime.interopservices.windowsruntime has duplicate hint path. Ignoring "C:\Program Files\Unity\Hub\Editor\2022.3.62f3\Editor\Data\UnityReferenceAssemblies\unity-4.8-api\Facades\System.Runtime.InteropServices.WindowsRuntime.dll" in favor of "C:\Program Files\Unity\Hub\Editor\2022.3.62f3\Editor\Data\NetStandard\Extensions\2.0.0\System.Runtime.InteropServices.WindowsRuntime.dll"
warn: Unity.ILPP.Runner.PostProcessingAssemblyLoadContext[0]
      Assembly system.componentmodel.composition has duplicate hint path. Ignoring "C:\Program Files\Unity\Hub\Editor\2022.3.62f3\Editor\Data\UnityReferenceAssemblies\unity-4.8-api\System.ComponentModel.Composition.dll" in favor of "C:\Program Files\Unity\Hub\Editor\2022.3.62f3\Editor\Data\NetStandard\compat\2.1.0\shims\netfx\System.ComponentModel.Composition.dll"
DisplayProgressbar: Compiling Scripts
info: Unity.ILPP.Runner.PostProcessingAssemblyLoadContext[0]
      Resolved Unity.Burst.Cecil, Version=0.11.4.0, Culture=neutral, PublicKeyToken=50cebf1cceb9d05e with Library\PackageCache\com.unity.burst@1.8.21\Unity.Burst.CodeGen\Unity.Burst.Cecil.dll
info: Microsoft.AspNetCore.Routing.EndpointMiddleware[1]
      Executed endpoint 'gRPC - /UnityILPP.PostProcessing/ConfigurePostProcessors'
info: Microsoft.AspNetCore.Hosting.Diagnostics[2]
      Request finished HTTP/2 POST http://ilpp/UnityILPP.PostProcessing/ConfigurePostProcessors application/grpc - - 200 - application/grpc 422.3368ms
info: Microsoft.AspNetCore.Hosting.Diagnostics[1]
      Request starting HTTP/2 POST http://ilpp/UnityILPP.PostProcessing/PostProcessAssembly application/grpc -
info: Microsoft.AspNetCore.Routing.EndpointMiddleware[0]
      Executing endpoint 'gRPC - /UnityILPP.PostProcessing/PostProcessAssembly'
info: Unity.ILPP.Runner.PostProcessingPipeline[0]
      Processing assembly Library/Bee/artifacts/1900b0aE.dag/Desk42.Institutional.Domain.dll, with 121 defines and 165 references
info: Unity.ILPP.Runner.PostProcessingPipeline[0]
      processors: zzzUnity.Burst.CodeGen.BurstILPostProcessor
info: Unity.ILPP.Runner.PostProcessingPipeline[0]
      running zzzUnity.Burst.CodeGen.BurstILPostProcessor
info: Microsoft.AspNetCore.Routing.EndpointMiddleware[1]
      Executed endpoint 'gRPC - /UnityILPP.PostProcessing/PostProcessAssembly'
info: Microsoft.AspNetCore.Hosting.Diagnostics[2]
      Request finished HTTP/2 POST http://ilpp/UnityILPP.PostProcessing/PostProcessAssembly application/grpc - - 200 - application/grpc 15.6659ms
info: Microsoft.AspNetCore.Hosting.Diagnostics[1]
      Request starting HTTP/2 POST http://ilpp/UnityILPP.PostProcessing/PostProcessAssembly application/grpc -
info: Microsoft.AspNetCore.Routing.EndpointMiddleware[0]
      Executing endpoint 'gRPC - /UnityILPP.PostProcessing/PostProcessAssembly'
info: Unity.ILPP.Runner.PostProcessingPipeline[0]
      Processing assembly Library/Bee/artifacts/1900b0aE.dag/Desk42.Institutional.Runtime.dll, with 121 defines and 238 references
info: Unity.ILPP.Runner.PostProcessingPipeline[0]
      processors: zzzUnity.Burst.CodeGen.BurstILPostProcessor
info: Unity.ILPP.Runner.PostProcessingPipeline[0]
      running zzzUnity.Burst.CodeGen.BurstILPostProcessor
info: Microsoft.AspNetCore.Routing.EndpointMiddleware[1]
      Executed endpoint 'gRPC - /UnityILPP.PostProcessing/PostProcessAssembly'
info: Microsoft.AspNetCore.Hosting.Diagnostics[2]
      Request finished HTTP/2 POST http://ilpp/UnityILPP.PostProcessing/PostProcessAssembly application/grpc - - 200 - application/grpc 2.0269ms
info: Microsoft.AspNetCore.Hosting.Diagnostics[1]
      Request starting HTTP/2 POST http://ilpp/UnityILPP.PostProcessing/PostProcessAssembly application/grpc -
info: Microsoft.AspNetCore.Routing.EndpointMiddleware[0]
      Executing endpoint 'gRPC - /UnityILPP.PostProcessing/PostProcessAssembly'
info: Unity.ILPP.Runner.PostProcessingPipeline[0]
      Processing assembly Library/Bee/artifacts/1900b0aE.dag/Desk42.Institutional.Authority.dll, with 121 defines and 166 references
info: Unity.ILPP.Runner.PostProcessingPipeline[0]
      processors: zzzUnity.Burst.CodeGen.BurstILPostProcessor
info: Unity.ILPP.Runner.PostProcessingPipeline[0]
      running zzzUnity.Burst.CodeGen.BurstILPostProcessor
info: Microsoft.AspNetCore.Routing.EndpointMiddleware[1]
      Executed endpoint 'gRPC - /UnityILPP.PostProcessing/PostProcessAssembly'
info: Microsoft.AspNetCore.Hosting.Diagnostics[2]
      Request finished HTTP/2 POST http://ilpp/UnityILPP.PostProcessing/PostProcessAssembly application/grpc - - 200 - application/grpc 2.2337ms
info: Microsoft.AspNetCore.Hosting.Diagnostics[1]
      Request starting HTTP/2 POST http://ilpp/UnityILPP.PostProcessing/PostProcessAssembly application/grpc -
info: Microsoft.AspNetCore.Routing.EndpointMiddleware[0]
      Executing endpoint 'gRPC - /UnityILPP.PostProcessing/PostProcessAssembly'
info: Unity.ILPP.Runner.PostProcessingPipeline[0]
      Processing assembly Library/Bee/artifacts/1900b0aE.dag/Assembly-CSharp.dll, with 121 defines and 275 references
info: Unity.ILPP.Runner.PostProcessingPipeline[0]
      processors: zzzUnity.Burst.CodeGen.BurstILPostProcessor
info: Unity.ILPP.Runner.PostProcessingPipeline[0]
      running zzzUnity.Burst.CodeGen.BurstILPostProcessor
info: Unity.ILPP.Runner.PostProcessingAssemblyLoadContext[0]
      Resolved Unity.Burst.Cecil.Rocks, Version=0.11.4.0, Culture=neutral, PublicKeyToken=50cebf1cceb9d05e with Library\PackageCache\com.unity.burst@1.8.21\Unity.Burst.CodeGen\Unity.Burst.Cecil.Rocks.dll
info: Microsoft.AspNetCore.Routing.EndpointMiddleware[1]
      Executed endpoint 'gRPC - /UnityILPP.PostProcessing/PostProcessAssembly'
info: Microsoft.AspNetCore.Hosting.Diagnostics[2]
      Request finished HTTP/2 POST http://ilpp/UnityILPP.PostProcessing/PostProcessAssembly application/grpc - - 200 - application/grpc 290.3544ms
info: Microsoft.AspNetCore.Hosting.Diagnostics[1]
      Request starting HTTP/2 POST http://ilpp/UnityILPP.PostProcessing/PostProcessAssembly application/grpc -
info: Microsoft.AspNetCore.Routing.EndpointMiddleware[0]
      Executing endpoint 'gRPC - /UnityILPP.PostProcessing/PostProcessAssembly'
info: Unity.ILPP.Runner.PostProcessingPipeline[0]
      Processing assembly Library/Bee/artifacts/1900b0aE.dag/Desk42.Tests.EditMode.dll, with 119 defines and 225 references
info: Unity.ILPP.Runner.PostProcessingPipeline[0]
      processors: zzzUnity.Burst.CodeGen.BurstILPostProcessor
info: Unity.ILPP.Runner.PostProcessingPipeline[0]
      running zzzUnity.Burst.CodeGen.BurstILPostProcessor
info: Microsoft.AspNetCore.Routing.EndpointMiddleware[1]
      Executed endpoint 'gRPC - /UnityILPP.PostProcessing/PostProcessAssembly'
info: Microsoft.AspNetCore.Hosting.Diagnostics[2]
      Request finished HTTP/2 POST http://ilpp/UnityILPP.PostProcessing/PostProcessAssembly application/grpc - - 200 - application/grpc 1.8702ms
ExitCode: 0 Duration: 4s717ms
[510/663    0s] ILPP-Configuration Library/ilpp-configuration.nevergeneratedoutput
[643/663    1s] Csc Library/Bee/artifacts/1900b0aE.dag/Desk42.Institutional.Domain.dll (+2 others)
[644/663    0s] Csc Library/Bee/artifacts/1900b0aE.dag/Desk42.Institutional.Authority.dll (+2 others)
[645/663    0s] Csc Library/Bee/artifacts/1900b0aE.dag/Desk42.Institutional.Runtime.dll (+2 others)
[646/663    0s] ILPostProcess Library/Bee/artifacts/1900b0aE.dag/post-processed/Desk42.Institutional.Domain.dll (+pdb)
Processing assembly Library/Bee/artifacts/1900b0aE.dag/Desk42.Institutional.Domain.dll, with 121 defines and 165 references

processors: zzzUnity.Burst.CodeGen.BurstILPostProcessor

running zzzUnity.Burst.CodeGen.BurstILPostProcessor
[647/663    0s] CopyFiles Library/ScriptAssemblies/Desk42.Institutional.Domain.pdb
[648/663    0s] ILPostProcess Library/Bee/artifacts/1900b0aE.dag/post-processed/Desk42.Institutional.Runtime.dll (+pdb)
Processing assembly Library/Bee/artifacts/1900b0aE.dag/Desk42.Institutional.Runtime.dll, with 121 defines and 238 references

processors: zzzUnity.Burst.CodeGen.BurstILPostProcessor

running zzzUnity.Burst.CodeGen.BurstILPostProcessor
[649/663    0s] CopyFiles Library/ScriptAssemblies/Desk42.Institutional.Runtime.dll
[650/663    0s] CopyFiles Library/ScriptAssemblies/Desk42.Institutional.Runtime.pdb
[651/663    0s] CopyFiles Library/ScriptAssemblies/Desk42.Institutional.Domain.dll
[652/663    0s] ILPostProcess Library/Bee/artifacts/1900b0aE.dag/post-processed/Desk42.Institutional.Authority.dll (+pdb)
Processing assembly Library/Bee/artifacts/1900b0aE.dag/Desk42.Institutional.Authority.dll, with 121 defines and 166 references

processors: zzzUnity.Burst.CodeGen.BurstILPostProcessor

running zzzUnity.Burst.CodeGen.BurstILPostProcessor
[653/663    0s] CopyFiles Library/ScriptAssemblies/Desk42.Institutional.Authority.pdb
[654/663    0s] CopyFiles Library/ScriptAssemblies/Desk42.Institutional.Authority.dll
[655/663    1s] Csc Library/Bee/artifacts/1900b0aE.dag/Assembly-CSharp.dll (+2 others)
[656/663    0s] ILPostProcess Library/Bee/artifacts/1900b0aE.dag/post-processed/Assembly-CSharp.dll (+pdb)
Processing assembly Library/Bee/artifacts/1900b0aE.dag/Assembly-CSharp.dll, with 121 defines and 275 references

processors: zzzUnity.Burst.CodeGen.BurstILPostProcessor

running zzzUnity.Burst.CodeGen.BurstILPostProcessor
[657/663    0s] CopyFiles Library/ScriptAssemblies/Assembly-CSharp.dll
[658/663    0s] CopyFiles Library/ScriptAssemblies/Assembly-CSharp.pdb
[659/663    2s] Csc Library/Bee/artifacts/1900b0aE.dag/Desk42.Tests.EditMode.dll (+2 others)
[660/663    0s] ILPostProcess Library/Bee/artifacts/1900b0aE.dag/post-processed/Desk42.Tests.EditMode.dll (+pdb)
Processing assembly Library/Bee/artifacts/1900b0aE.dag/Desk42.Tests.EditMode.dll, with 119 defines and 225 references

processors: zzzUnity.Burst.CodeGen.BurstILPostProcessor

running zzzUnity.Burst.CodeGen.BurstILPostProcessor
[661/663    0s] CopyFiles Library/ScriptAssemblies/Desk42.Tests.EditMode.pdb
[662/663    0s] CopyFiles Library/ScriptAssemblies/Desk42.Tests.EditMode.dll
*** Tundra build success (4.69 seconds), 21 items updated, 663 evaluated
AssetDatabase: script compilation time: 5.364974s
Begin MonoManager ReloadAssembly
Total cache size 267221268
Total cache size after purge 267221268
Symbol file LoadedFromMemory is not a mono symbol file
- Loaded All Assemblies, in  7.670 seconds
Refreshing native plugins compatible for Editor in 9.34 ms, found 0 plugins.
Preloading 0 native plugins for Editor in 0.00 ms.
Start importing Assets/_Project/Scripts/Institutional/Authority/AuthorityModels.cs using Guid(727d97e32efd2f54882d9af003a94d6b) Importer(-1,00000000000000000000000000000000) [PhysX] Initialized MultithreadedTaskDispatcher with 16 workers.
 -> (artifact id: '4a53825123095edccf5825a66d657cdf') in 0.007367 seconds
Start importing Assets/_Project/Scripts/Institutional/Domain/SocietySimulation.cs using Guid(6436474cb741f52459ef13b95e83eff2) Importer(-1,00000000000000000000000000000000) [PhysX] Initialized MultithreadedTaskDispatcher with 16 workers.
 -> (artifact id: '99a8c07b2d3696118813e43e145bd26b') in 0.001656 seconds
Start importing Assets/_Project/Scripts/Institutional/Domain/ConsequenceLoopModels.cs using Guid(6439faed17b327e418d5b6be95a63559) Importer(-1,00000000000000000000000000000000) [PhysX] Initialized MultithreadedTaskDispatcher with 16 workers.
 -> (artifact id: 'b9b4ee50e1ec38055a7a6f6133f883c4') in 0.001575 seconds
Start importing Assets/_Project/Tests/EditMode/InstitutionalConsequenceLoopTests.cs using Guid(353fbbf41dbfc3e438100b1caba69276) Importer(-1,00000000000000000000000000000000) [PhysX] Initialized MultithreadedTaskDispatcher with 16 workers.
 -> (artifact id: 'ba03bccc9ba346e003815d457fcca50f') in 0.007966 seconds
Start importing Assets/_Project/Scripts/Institutional/Domain/AgentPerception.cs using Guid(e667ca6e3d03e2649b882b7c68d47ba1) Importer(-1,00000000000000000000000000000000) [PhysX] Initialized MultithreadedTaskDispatcher with 16 workers.
 -> (artifact id: 'a7b143b2d397b91580482d79111ffd82') in 0.001770 seconds
Start importing Assets/_Project/Scripts/Institutional/Domain/AgentDecisionEngine.cs using Guid(58f077a20d015774eba6da4e030d512a) Importer(-1,00000000000000000000000000000000) [PhysX] Initialized MultithreadedTaskDispatcher with 16 workers.
 -> (artifact id: '38dced25c45a1c3b642fd8608c663057') in 0.001540 seconds
Start importing Assets/_Project/Scripts/Institutional/Domain/InstitutionalPolicyConfiguration.cs using Guid(2a9a7e959d62fc84d93268eb7fdae965) Importer(-1,00000000000000000000000000000000) [PhysX] Initialized MultithreadedTaskDispatcher with 16 workers.
 -> (artifact id: '9ac8e13430c99b6a167281e105f72a4b') in 0.001402 seconds
Start importing Assets/_Project/Scripts/Institutional/Domain/AssemblyInfo.cs using Guid(0bf845d914950a44296efbe4d5af3f72) Importer(-1,00000000000000000000000000000000) [PhysX] Initialized MultithreadedTaskDispatcher with 16 workers.
 -> (artifact id: 'fe57ee95a89afa8af3e47e290fca0964') in 0.001235 seconds
Start importing Assets/_Project/Scripts/Institutional/Authority/InstitutionalConsequenceValidator.cs using Guid(4b8b4d66cf7169548a2b34425cb7da62) Importer(-1,00000000000000000000000000000000) [PhysX] Initialized MultithreadedTaskDispatcher with 16 workers.
 -> (artifact id: '86ad83e551ee4c4d9b12fbb9f307662f') in 0.001470 seconds
Start importing Assets/_Project/Scripts/Institutional/Authority/InstitutionalConsequenceLoop.cs using Guid(8d31e58e5a5602f418b71a3245d43e39) Importer(-1,00000000000000000000000000000000) [PhysX] Initialized MultithreadedTaskDispatcher with 16 workers.
 -> (artifact id: '8c8c9cb1e01877515bd94a90ac784391') in 0.001426 seconds
Start importing Assets/_Project/Scripts/Institutional/Domain/InstitutionalModels.cs using Guid(dd7b28317d700424fb34f92616bcef17) Importer(-1,00000000000000000000000000000000) [PhysX] Initialized MultithreadedTaskDispatcher with 16 workers.
 -> (artifact id: '4ede6e8de7702c9776357fb165ed4278') in 0.001399 seconds
Refreshing native plugins compatible for Editor in 11.29 ms, found 0 plugins.
Native extension for WindowsStandalone target not found
Native extension for Android target not found
<color=#ffaa00>warn:</color> [17:38:46:7734] <color=#B4FF32>[AI]</color> <color=#48C9B0><b>McpManagerClientHub</b></color> ConnectionManager[b53d9ce1-8393-40a4-9ef0-bca21a122f44] EnsureConnection Connection not available and auto-reconnect disabled for endpoint: /hub/mcp-server
UnityEngine.StackTraceUtility:ExtractStackTrace ()
UnityEngine.DebugLogHandler:LogFormat (UnityEngine.LogType,UnityEngine.Object,string,object[])
UnityEngine.Logger:Log (UnityEngine.LogType,object)
UnityEngine.Debug:LogWarning (object)
com.IvanMurzak.Unity.MCP.Utils.UnityLogger:Log<Microsoft.Extensions.Logging.FormattedLogValues> (Microsoft.Extensions.Logging.LogLevel,Microsoft.Extensions.Logging.EventId,Microsoft.Extensions.Logging.FormattedLogValues,System.Exception,System.Func`3<Microsoft.Extensions.Logging.FormattedLogValues, System.Exception, string>) (at ./Library/PackageCache/com.ivanmurzak.unity.mcp@0.86.0/Runtime/Logger/UnityLogger.cs:125)
Microsoft.Extensions.Logging.Logger:<Log>g__LoggerLog|14_0<Microsoft.Extensions.Logging.FormattedLogValues> (Microsoft.Extensions.Logging.LogLevel,Microsoft.Extensions.Logging.EventId,Microsoft.Extensions.Logging.ILogger,System.Exception,System.Func`3<Microsoft.Extensions.Logging.FormattedLogValues, System.Exception, string>,System.Collections.Generic.List`1<System.Exception>&,Microsoft.Extensions.Logging.FormattedLogValues&)
Microsoft.Extensions.Logging.Logger:Log<Microsoft.Extensions.Logging.FormattedLogValues> (Microsoft.Extensions.Logging.LogLevel,Microsoft.Extensions.Logging.EventId,Microsoft.Extensions.Logging.FormattedLogValues,System.Exception,System.Func`3<Microsoft.Extensions.Logging.FormattedLogValues, System.Exception, string>)
Microsoft.Extensions.Logging.Logger`1<com.IvanMurzak.McpPlugin.McpManagerClientHub>:Microsoft.Extensions.Logging.ILogger.Log<Microsoft.Extensions.Logging.FormattedLogValues> (Microsoft.Extensions.Logging.LogLevel,Microsoft.Extensions.Logging.EventId,Microsoft.Extensions.Logging.FormattedLogValues,System.Exception,System.Func`3<Microsoft.Extensions.Logging.FormattedLogValues, System.Exception, string>)
Microsoft.Extensions.Logging.LoggerExtensions:Log (Microsoft.Extensions.Logging.ILogger,Microsoft.Extensions.Logging.LogLevel,Microsoft.Extensions.Logging.EventId,System.Exception,string,object[])
Microsoft.Extensions.Logging.LoggerExtensions:Log (Microsoft.Extensions.Logging.ILogger,Microsoft.Extensions.Logging.LogLevel,string,object[])
Microsoft.Extensions.Logging.LoggerExtensions:LogWarning (Microsoft.Extensions.Logging.ILogger,string,object[])
com.IvanMurzak.McpPlugin.ConnectionManager/<EnsureConnection>d__3:MoveNext ()
System.Runtime.CompilerServices.AsyncTaskMethodBuilder`1<bool>:Start<com.IvanMurzak.McpPlugin.ConnectionManager/<EnsureConnection>d__3> (com.IvanMurzak.McpPlugin.ConnectionManager/<EnsureConnection>d__3&)
com.IvanMurzak.McpPlugin.ConnectionManager:EnsureConnection (System.Threading.CancellationToken)
com.IvanMurzak.McpPlugin.ConnectionManager/<InvokeAsync>d__58`2<com.IvanMurzak.McpPlugin.Common.Model.RequestToolsUpdated, com.IvanMurzak.McpPlugin.Common.Model.ResponseData>:MoveNext ()
System.Runtime.CompilerServices.AsyncTaskMethodBuilder`1<com.IvanMurzak.McpPlugin.Common.Model.ResponseData>:Start<com.IvanMurzak.McpPlugin.ConnectionManager/<InvokeAsync>d__58`2<com.IvanMurzak.McpPlugin.Common.Model.RequestToolsUpdated, com.IvanMurzak.McpPlugin.Common.Model.ResponseData>> (com.IvanMurzak.McpPlugin.ConnectionManager/<InvokeAsync>d__58`2<com.IvanMurzak.McpPlugin.Common.Model.RequestToolsUpdated, com.IvanMurzak.McpPlugin.Common.Model.ResponseData>&)
com.IvanMurzak.McpPlugin.ConnectionManager:InvokeAsync<com.IvanMurzak.McpPlugin.Common.Model.RequestToolsUpdated, com.IvanMurzak.McpPlugin.Common.Model.ResponseData> (string,com.IvanMurzak.McpPlugin.Common.Model.RequestToolsUpdated,System.Threading.CancellationToken)
com.IvanMurzak.McpPlugin.McpManagerClientHub:NotifyAboutUpdatedTools (com.IvanMurzak.McpPlugin.Common.Model.RequestToolsUpdated,System.Threading.CancellationToken)
com.IvanMurzak.McpPlugin.McpManagerClientHub:NotifyAboutUpdatedTools (com.IvanMurzak.McpPlugin.Common.Model.RequestToolsUpdated)
com.IvanMurzak.McpPlugin.McpPlugin/<<-ctor>b__29_4>d:MoveNext ()
System.Runtime.CompilerServices.AsyncVoidMethodBuilder:Start<com.IvanMurzak.McpPlugin.McpPlugin/<<-ctor>b__29_4>d> (com.IvanMurzak.McpPlugin.McpPlugin/<<-ctor>b__29_4>d&)
com.IvanMurzak.McpPlugin.McpPlugin:<.ctor>b__29_4 (R3.Unit)
R3.AnonymousObserver`1<R3.Unit>:OnNextCore (R3.Unit)
R3.Observer`1<R3.Unit>:OnNext (R3.Unit)
R3.ThrottleFirst`1/_ThrottleFirst<R3.Unit>:OnNextCore (R3.Unit)
R3.Observer`1<R3.Unit>:OnNext (R3.Unit)
R3.Subject`1<R3.Unit>:OnNext (R3.Unit)
com.IvanMurzak.McpPlugin.McpToolManager:SetToolEnabled (string,bool)
com.IvanMurzak.Unity.MCP.UnityMcpPlugin:ApplyConfigToMcpPlugin (com.IvanMurzak.McpPlugin.IMcpPlugin) (at ./Library/PackageCache/com.ivanmurzak.unity.mcp@0.86.0/Runtime/UnityMcpPlugin.Build.cs:211)
com.IvanMurzak.Unity.MCP.UnityMcpPluginEditor:BuildMcpPluginIfNeeded () (at ./Library/PackageCache/com.ivanmurzak.unity.mcp@0.86.0/Editor/Scripts/UnityMcpPluginEditor.Build.cs:74)
com.IvanMurzak.Unity.MCP.Editor.Startup:.cctor () (at ./Library/PackageCache/com.ivanmurzak.unity.mcp@0.86.0/Editor/Scripts/Startup.cs:29)
System.Runtime.CompilerServices.RuntimeHelpers:RunClassConstructor (System.RuntimeTypeHandle)
UnityEditor.EditorAssemblies:ProcessInitializeOnLoadAttributes (System.Type[])

(Filename: ./Library/PackageCache/com.ivanmurzak.unity.mcp@0.86.0/Runtime/UnityMcpPlugin.Build.cs Line: 211)

<color=#ffaa00>warn:</color> [17:38:46:7834] <color=#B4FF32>[AI]</color> <color=#48C9B0><b>McpManagerClientHub</b></color> ConnectionManager[b53d9ce1-8393-40a4-9ef0-bca21a122f44] EnsureConnection Connection not available and auto-reconnect disabled for endpoint: /hub/mcp-server
UnityEngine.StackTraceUtility:ExtractStackTrace ()
UnityEngine.DebugLogHandler:LogFormat (UnityEngine.LogType,UnityEngine.Object,string,object[])
UnityEngine.Logger:Log (UnityEngine.LogType,object)
UnityEngine.Debug:LogWarning (object)
com.IvanMurzak.Unity.MCP.Utils.UnityLogger:Log<Microsoft.Extensions.Logging.FormattedLogValues> (Microsoft.Extensions.Logging.LogLevel,Microsoft.Extensions.Logging.EventId,Microsoft.Extensions.Logging.FormattedLogValues,System.Exception,System.Func`3<Microsoft.Extensions.Logging.FormattedLogValues, System.Exception, string>) (at ./Library/PackageCache/com.ivanmurzak.unity.mcp@0.86.0/Runtime/Logger/UnityLogger.cs:125)
Microsoft.Extensions.Logging.Logger:<Log>g__LoggerLog|14_0<Microsoft.Extensions.Logging.FormattedLogValues> (Microsoft.Extensions.Logging.LogLevel,Microsoft.Extensions.Logging.EventId,Microsoft.Extensions.Logging.ILogger,System.Exception,System.Func`3<Microsoft.Extensions.Logging.FormattedLogValues, System.Exception, string>,System.Collections.Generic.List`1<System.Exception>&,Microsoft.Extensions.Logging.FormattedLogValues&)
Microsoft.Extensions.Logging.Logger:Log<Microsoft.Extensions.Logging.FormattedLogValues> (Microsoft.Extensions.Logging.LogLevel,Microsoft.Extensions.Logging.EventId,Microsoft.Extensions.Logging.FormattedLogValues,System.Exception,System.Func`3<Microsoft.Extensions.Logging.FormattedLogValues, System.Exception, string>)
Microsoft.Extensions.Logging.Logger`1<com.IvanMurzak.McpPlugin.McpManagerClientHub>:Microsoft.Extensions.Logging.ILogger.Log<Microsoft.Extensions.Logging.FormattedLogValues> (Microsoft.Extensions.Logging.LogLevel,Microsoft.Extensions.Logging.EventId,Microsoft.Extensions.Logging.FormattedLogValues,System.Exception,System.Func`3<Microsoft.Extensions.Logging.FormattedLogValues, System.Exception, string>)
Microsoft.Extensions.Logging.LoggerExtensions:Log (Microsoft.Extensions.Logging.ILogger,Microsoft.Extensions.Logging.LogLevel,Microsoft.Extensions.Logging.EventId,System.Exception,string,object[])
Microsoft.Extensions.Logging.LoggerExtensions:Log (Microsoft.Extensions.Logging.ILogger,Microsoft.Extensions.Logging.LogLevel,string,object[])
Microsoft.Extensions.Logging.LoggerExtensions:LogWarning (Microsoft.Extensions.Logging.ILogger,string,object[])
com.IvanMurzak.McpPlugin.ConnectionManager/<EnsureConnection>d__3:MoveNext ()
System.Runtime.CompilerServices.AsyncTaskMethodBuilder`1<bool>:Start<com.IvanMurzak.McpPlugin.ConnectionManager/<EnsureConnection>d__3> (com.IvanMurzak.McpPlugin.ConnectionManager/<EnsureConnection>d__3&)
com.IvanMurzak.McpPlugin.ConnectionManager:EnsureConnection (System.Threading.CancellationToken)
com.IvanMurzak.McpPlugin.ConnectionManager/<InvokeAsync>d__58`2<com.IvanMurzak.McpPlugin.Common.Model.RequestPromptsUpdated, com.IvanMurzak.McpPlugin.Common.Model.ResponseData>:MoveNext ()
System.Runtime.CompilerServices.AsyncTaskMethodBuilder`1<com.IvanMurzak.McpPlugin.Common.Model.ResponseData>:Start<com.IvanMurzak.McpPlugin.ConnectionManager/<InvokeAsync>d__58`2<com.IvanMurzak.McpPlugin.Common.Model.RequestPromptsUpdated, com.IvanMurzak.McpPlugin.Common.Model.ResponseData>> (com.IvanMurzak.McpPlugin.ConnectionManager/<InvokeAsync>d__58`2<com.IvanMurzak.McpPlugin.Common.Model.RequestPromptsUpdated, com.IvanMurzak.McpPlugin.Common.Model.ResponseData>&)
com.IvanMurzak.McpPlugin.ConnectionManager:InvokeAsync<com.IvanMurzak.McpPlugin.Common.Model.RequestPromptsUpdated, com.IvanMurzak.McpPlugin.Common.Model.ResponseData> (string,com.IvanMurzak.McpPlugin.Common.Model.RequestPromptsUpdated,System.Threading.CancellationToken)
com.IvanMurzak.McpPlugin.McpManagerClientHub:NotifyAboutUpdatedPrompts (com.IvanMurzak.McpPlugin.Common.Model.RequestPromptsUpdated,System.Threading.CancellationToken)
com.IvanMurzak.McpPlugin.McpManagerClientHub:NotifyAboutUpdatedPrompts (com.IvanMurzak.McpPlugin.Common.Model.RequestPromptsUpdated)
com.IvanMurzak.McpPlugin.McpPlugin/<<-ctor>b__29_5>d:MoveNext ()
System.Runtime.CompilerServices.AsyncVoidMethodBuilder:Start<com.IvanMurzak.McpPlugin.McpPlugin/<<-ctor>b__29_5>d> (com.IvanMurzak.McpPlugin.McpPlugin/<<-ctor>b__29_5>d&)
com.IvanMurzak.McpPlugin.McpPlugin:<.ctor>b__29_5 (R3.Unit)
R3.AnonymousObserver`1<R3.Unit>:OnNextCore (R3.Unit)
R3.Observer`1<R3.Unit>:OnNext (R3.Unit)
R3.ThrottleFirst`1/_ThrottleFirst<R3.Unit>:OnNextCore (R3.Unit)
R3.Observer`1<R3.Unit>:OnNext (R3.Unit)
R3.Subject`1<R3.Unit>:OnNext (R3.Unit)
com.IvanMurzak.McpPlugin.McpPromptManager:SetPromptEnabled (string,bool)
com.IvanMurzak.Unity.MCP.UnityMcpPlugin:ApplyConfigToMcpPlugin (com.IvanMurzak.McpPlugin.IMcpPlugin) (at ./Library/PackageCache/com.ivanmurzak.unity.mcp@0.86.0/Runtime/UnityMcpPlugin.Build.cs:226)
com.IvanMurzak.Unity.MCP.UnityMcpPluginEditor:BuildMcpPluginIfNeeded () (at ./Library/PackageCache/com.ivanmurzak.unity.mcp@0.86.0/Editor/Scripts/UnityMcpPluginEditor.Build.cs:74)
com.IvanMurzak.Unity.MCP.Editor.Startup:.cctor () (at ./Library/PackageCache/com.ivanmurzak.unity.mcp@0.86.0/Editor/Scripts/Startup.cs:29)
System.Runtime.CompilerServices.RuntimeHelpers:RunClassConstructor (System.RuntimeTypeHandle)
UnityEditor.EditorAssemblies:ProcessInitializeOnLoadAttributes (System.Type[])

(Filename: ./Library/PackageCache/com.ivanmurzak.unity.mcp@0.86.0/Runtime/UnityMcpPlugin.Build.cs Line: 226)

<color=#ffaa00>warn:</color> [17:38:46:7854] <color=#B4FF32>[AI]</color> <color=#48C9B0><b>McpManagerClientHub</b></color> ConnectionManager[b53d9ce1-8393-40a4-9ef0-bca21a122f44] EnsureConnection Connection not available and auto-reconnect disabled for endpoint: /hub/mcp-server
UnityEngine.StackTraceUtility:ExtractStackTrace ()
UnityEngine.DebugLogHandler:LogFormat (UnityEngine.LogType,UnityEngine.Object,string,object[])
UnityEngine.Logger:Log (UnityEngine.LogType,object)
UnityEngine.Debug:LogWarning (object)
com.IvanMurzak.Unity.MCP.Utils.UnityLogger:Log<Microsoft.Extensions.Logging.FormattedLogValues> (Microsoft.Extensions.Logging.LogLevel,Microsoft.Extensions.Logging.EventId,Microsoft.Extensions.Logging.FormattedLogValues,System.Exception,System.Func`3<Microsoft.Extensions.Logging.FormattedLogValues, System.Exception, string>) (at ./Library/PackageCache/com.ivanmurzak.unity.mcp@0.86.0/Runtime/Logger/UnityLogger.cs:125)
Microsoft.Extensions.Logging.Logger:<Log>g__LoggerLog|14_0<Microsoft.Extensions.Logging.FormattedLogValues> (Microsoft.Extensions.Logging.LogLevel,Microsoft.Extensions.Logging.EventId,Microsoft.Extensions.Logging.ILogger,System.Exception,System.Func`3<Microsoft.Extensions.Logging.FormattedLogValues, System.Exception, string>,System.Collections.Generic.List`1<System.Exception>&,Microsoft.Extensions.Logging.FormattedLogValues&)
Microsoft.Extensions.Logging.Logger:Log<Microsoft.Extensions.Logging.FormattedLogValues> (Microsoft.Extensions.Logging.LogLevel,Microsoft.Extensions.Logging.EventId,Microsoft.Extensions.Logging.FormattedLogValues,System.Exception,System.Func`3<Microsoft.Extensions.Logging.FormattedLogValues, System.Exception, string>)
Microsoft.Extensions.Logging.Logger`1<com.IvanMurzak.McpPlugin.McpManagerClientHub>:Microsoft.Extensions.Logging.ILogger.Log<Microsoft.Extensions.Logging.FormattedLogValues> (Microsoft.Extensions.Logging.LogLevel,Microsoft.Extensions.Logging.EventId,Microsoft.Extensions.Logging.FormattedLogValues,System.Exception,System.Func`3<Microsoft.Extensions.Logging.FormattedLogValues, System.Exception, string>)
Microsoft.Extensions.Logging.LoggerExtensions:Log (Microsoft.Extensions.Logging.ILogger,Microsoft.Extensions.Logging.LogLevel,Microsoft.Extensions.Logging.EventId,System.Exception,string,object[])
Microsoft.Extensions.Logging.LoggerExtensions:Log (Microsoft.Extensions.Logging.ILogger,Microsoft.Extensions.Logging.LogLevel,string,object[])
Microsoft.Extensions.Logging.LoggerExtensions:LogWarning (Microsoft.Extensions.Logging.ILogger,string,object[])
com.IvanMurzak.McpPlugin.ConnectionManager/<EnsureConnection>d__3:MoveNext ()
System.Runtime.CompilerServices.AsyncTaskMethodBuilder`1<bool>:Start<com.IvanMurzak.McpPlugin.ConnectionManager/<EnsureConnection>d__3> (com.IvanMurzak.McpPlugin.ConnectionManager/<EnsureConnection>d__3&)
com.IvanMurzak.McpPlugin.ConnectionManager:EnsureConnection (System.Threading.CancellationToken)
com.IvanMurzak.McpPlugin.ConnectionManager/<InvokeAsync>d__58`2<com.IvanMurzak.McpPlugin.Common.Model.RequestResourcesUpdated, com.IvanMurzak.McpPlugin.Common.Model.ResponseData>:MoveNext ()
System.Runtime.CompilerServices.AsyncTaskMethodBuilder`1<com.IvanMurzak.McpPlugin.Common.Model.ResponseData>:Start<com.IvanMurzak.McpPlugin.ConnectionManager/<InvokeAsync>d__58`2<com.IvanMurzak.McpPlugin.Common.Model.RequestResourcesUpdated, com.IvanMurzak.McpPlugin.Common.Model.ResponseData>> (com.IvanMurzak.McpPlugin.ConnectionManager/<InvokeAsync>d__58`2<com.IvanMurzak.McpPlugin.Common.Model.RequestResourcesUpdated, com.IvanMurzak.McpPlugin.Common.Model.ResponseData>&)
com.IvanMurzak.McpPlugin.ConnectionManager:InvokeAsync<com.IvanMurzak.McpPlugin.Common.Model.RequestResourcesUpdated, com.IvanMurzak.McpPlugin.Common.Model.ResponseData> (string,com.IvanMurzak.McpPlugin.Common.Model.RequestResourcesUpdated,System.Threading.CancellationToken)
com.IvanMurzak.McpPlugin.McpManagerClientHub:NotifyAboutUpdatedResources (com.IvanMurzak.McpPlugin.Common.Model.RequestResourcesUpdated,System.Threading.CancellationToken)
com.IvanMurzak.McpPlugin.McpManagerClientHub:NotifyAboutUpdatedResources (com.IvanMurzak.McpPlugin.Common.Model.RequestResourcesUpdated)
com.IvanMurzak.McpPlugin.McpPlugin/<<-ctor>b__29_6>d:MoveNext ()
System.Runtime.CompilerServices.AsyncVoidMethodBuilder:Start<com.IvanMurzak.McpPlugin.McpPlugin/<<-ctor>b__29_6>d> (com.IvanMurzak.McpPlugin.McpPlugin/<<-ctor>b__29_6>d&)
com.IvanMurzak.McpPlugin.McpPlugin:<.ctor>b__29_6 (R3.Unit)
R3.AnonymousObserver`1<R3.Unit>:OnNextCore (R3.Unit)
R3.Observer`1<R3.Unit>:OnNext (R3.Unit)
R3.ThrottleFirst`1/_ThrottleFirst<R3.Unit>:OnNextCore (R3.Unit)
R3.Observer`1<R3.Unit>:OnNext (R3.Unit)
R3.Subject`1<R3.Unit>:OnNext (R3.Unit)
com.IvanMurzak.McpPlugin.McpResourceManager:SetResourceEnabled (string,bool)
com.IvanMurzak.Unity.MCP.UnityMcpPlugin:ApplyConfigToMcpPlugin (com.IvanMurzak.McpPlugin.IMcpPlugin) (at ./Library/PackageCache/com.ivanmurzak.unity.mcp@0.86.0/Runtime/UnityMcpPlugin.Build.cs:240)
com.IvanMurzak.Unity.MCP.UnityMcpPluginEditor:BuildMcpPluginIfNeeded () (at ./Library/PackageCache/com.ivanmurzak.unity.mcp@0.86.0/Editor/Scripts/UnityMcpPluginEditor.Build.cs:74)
com.IvanMurzak.Unity.MCP.Editor.Startup:.cctor () (at ./Library/PackageCache/com.ivanmurzak.unity.mcp@0.86.0/Editor/Scripts/Startup.cs:29)
System.Runtime.CompilerServices.RuntimeHelpers:RunClassConstructor (System.RuntimeTypeHandle)
UnityEditor.EditorAssemblies:ProcessInitializeOnLoadAttributes (System.Type[])

(Filename: ./Library/PackageCache/com.ivanmurzak.unity.mcp@0.86.0/Runtime/UnityMcpPlugin.Build.cs Line: 240)

The project path contains spaces, which may cause issues during usage of AI Game Developer. Please consider the move the project to a folder without spaces.
UnityEngine.StackTraceUtility:ExtractStackTrace ()
UnityEngine.DebugLogHandler:LogFormat (UnityEngine.LogType,UnityEngine.Object,string,object[])
UnityEngine.Logger:Log (UnityEngine.LogType,object)
UnityEngine.Debug:LogError (object)
com.IvanMurzak.Unity.MCP.Editor.Startup:.cctor () (at ./Library/PackageCache/com.ivanmurzak.unity.mcp@0.86.0/Editor/Scripts/Startup.cs:33)
System.Runtime.CompilerServices.RuntimeHelpers:RunClassConstructor (System.RuntimeTypeHandle)
UnityEditor.EditorAssemblies:ProcessInitializeOnLoadAttributes (System.Type[])

(Filename: ./Library/PackageCache/com.ivanmurzak.unity.mcp@0.86.0/Editor/Scripts/Startup.cs Line: 33)

Mono: successfully reloaded assembly
- Finished resetting the current domain, in  5.151 seconds
Domain Reload Profiling: 12817ms
	BeginReloadAssembly (131ms)
		ExecutionOrderSort (0ms)
		DisableScriptedObjects (5ms)
		BackupInstance (0ms)
		ReleaseScriptingObjects (0ms)
		CreateAndSetChildDomain (23ms)
	RebuildCommonClasses (25ms)
	RebuildNativeTypeToScriptingClass (7ms)
	initialDomainReloadingComplete (36ms)
	LoadAllAssembliesAndSetupDomain (7467ms)
		LoadAssemblies (7089ms)
		RebuildTransferFunctionScriptingTraits (0ms)
		AnalyzeDomain (447ms)
			TypeCache.Refresh (420ms)
				TypeCache.ScanAssembly (402ms)
			ScanForSourceGeneratedMonoScriptInfo (18ms)
			ResolveRequiredComponents (7ms)
	FinalizeReload (5152ms)
		ReleaseScriptCaches (0ms)
		RebuildScriptCaches (0ms)
		SetupLoadedEditorAssemblies (4944ms)
			LogAssemblyErrors (0ms)
			InitializePlatformSupportModulesInManaged (16ms)
			SetLoadedEditorAssemblies (2ms)
			RefreshPlugins (0ms)
			BeforeProcessingInitializeOnLoad (76ms)
			ProcessInitializeOnLoadAttributes (4786ms)
			ProcessInitializeOnLoadMethodAttributes (52ms)
			AfterProcessingInitializeOnLoad (11ms)
			EditorAssembliesLoaded (0ms)
		ExecutionOrderSort2 (0ms)
		AwakeInstancesAfterBackupRestoration (4ms)
Refreshing native plugins compatible for Editor in 10.98 ms, found 0 plugins.
Preloading 0 native plugins for Editor in 0.00 ms.
Asset Pipeline Refresh (id=e64a4b3acc5fd72499824b377dc8d465): Total: 47.334 seconds - Initiated by InitialRefreshV2(ForceSynchronousImport)
	Summary:
		Imports: total=15 (actual=11, local cache=4, cache server=0)
		Asset DB Process Time: managed=3 ms, native=28882 ms
		Asset DB Callback time: managed=64 ms, native=16 ms
		Scripting: domain reloads=1, domain reload time=12950 ms, compile time=5369 ms, other=48 ms
		Project Asset Count: scripts=6228, non-scripts=1667
		Asset File Changes: new=0, changed=11, moved=0, deleted=0
		Scan Filter Count: 0
	InvokeBeforeRefreshCallbacks: 0.706ms
	ApplyChangesToAssetFolders: 0.037ms
	Scan: 64.453ms
	OnSourceAssetsModified: 2.148ms
	GetAllGuidsForCategorization: 1.362ms
	CategorizeAssets: 134.007ms
	ImportOutOfDateAssets: 5293.460ms (-147.495ms without children)
		ImportManagerImport: 38.542ms (7.799ms without children)
			ImportInProcess: 30.659ms
			UpdateCategorizedAssets: 0.084ms
		CompileScripts: 5368.863ms
		ReloadNativeAssets: 0.001ms
		UnloadImportedAssets: 28.492ms
		ReloadImportedAssets: 2.043ms
		EnsureUptoDateAssetsAreRegisteredWithGuidPM: 1.875ms
		InitializingProgressBar: 0.005ms
		PostProcessAllAssetNotificationsAddChangedAssets: 0.001ms
		OnDemandSchedulerStart: 1.134ms
	PostProcessAllAssets: 66.481ms
	Hotreload: 11.389ms
	GatherAllCurrentPrimaryArtifactRevisions: 0.001ms
	UnloadStreamsBegin: 1.170ms
	PersistCurrentRevisions: 0.326ms
	UnloadStreamsEnd: 0.034ms
	GenerateScriptTypeHashes: 2.635ms
	Untracked: 41758.875ms
Application.AssetDatabase Initial Refresh End
Shader Hidden/ProbeVolume/VoxelizeScene is not supported: GPU does not support conservative rasterization
Scanning for USB devices : 42.990ms
Initializing Unity extensions:
[MODES] ModeService[none].Initialize
[MODES] ModeService[none].LoadModes
[MODES] Loading mode Default (0) for mode-current-id-Desk 42
[PhysX] Initialized MultithreadedTaskDispatcher with 16 workers.
ProgressiveSceneManager::Cancel()
Unloading 9 Unused Serialized files (Serialized files now loaded: 0)
Unloading 153 unused Assets / (0.8 MB). Loaded Objects now: 5729.
Memory consumption went from 154.8 MB to 154.0 MB.
Total: 61.292400 ms (FindLiveObjects: 0.417300 ms CreateObjectMapping: 0.157600 ms MarkObjects: 60.069900 ms  DeleteObjects: 0.646300 ms)

Microsoft Media Foundation video decoding to texture disabled: graphics device is Null, only Direct3D 11 and Direct3D 12 (only on desktop) are supported for hardware-accelerated video decoding.
[Project] Loading completed in 64.461 seconds
	Project init time: 				60.727 seconds
		Template init time: 		0.000 seconds
		Package Manager init time: 		0.530 seconds
		Asset Database init time: 		0.510 seconds
		Global illumination init time: 	0.003 seconds
		Assemblies load time: 			9.416 seconds
		Unity extensions init time: 	0.007 seconds
		Asset Database refresh time: 	0.000 seconds
	Scene opening time: 			1.724 seconds
##utp:{"type":"ProjectInfo","version":2,"phase":"Immediate","time":1785688731179,"processId":41640,"projectLoad":64.46108249999999,"projectInit":60.7270663,"templateInit":0.0,"packageManagerInit":0.5301102,"assetDatabaseInit":0.5100163,"globalIlluminationInit":0.0032649,"assembliesLoad":9.4162026,"unityExtensionsInit":0.0071406,"assetDatabaseRefresh":0.0,"sceneOpening":1.724074}
##utp:{"type":"EditorInfo","version":2,"phase":"Immediate","time":1785688731179,"processId":41640,"editorVersion":"2022.3.62f3 (96770f904ca7)","branch":"2022.3/respin/2022.3.62f2-4af31df585-v2","buildType":"Release","platform":"Windows"}
[Licensing::Client] Successfully resolved entitlement details
[Licensing::Module] Serial number assigned to: "F4-29KJ-NQV8-GSFM-EZ6E-XXXX"
[Licensing::Module] Serial number assigned to: "13469143093579-UnityPersXXXX"
Asset Pipeline Refresh (id=5ed020fb467d6074e8b3d33bd8772cdd): Total: 0.022 seconds - Initiated by StopAssetImportingV2(NoUpdateAssetOptions)
Running tests for ExecutionSettings with details:
targetPlatform = 
playerHeartbeatTimeout = 600
filters[0] = 
   Filter with settings:
   testMode = EditMode
   targetPlatform = 
   testNames = null
   groupNames = Desk42.Tests.EditMode.InstitutionalConsequenceLoopTests
   categoryNames = null
   assemblyNames = null
ignoreTests = {}
featureFlags = null

UnityEngine.StackTraceUtility:ExtractStackTrace ()
UnityEngine.DebugLogHandler:LogFormat (UnityEngine.LogType,UnityEngine.Object,string,object[])
UnityEngine.Logger:Log (UnityEngine.LogType,object)
UnityEngine.Debug:Log (object)
UnityEditor.TestTools.TestRunner.CommandLineTest.Executer:InitializeAndExecuteRun (string[]) (at ./Library/PackageCache/com.unity.test-framework@1.3.9/UnityEditor.TestRunner/CommandLineTest/Executer.cs:53)
UnityEditor.TestTools.TestRunner.CommandLineTest.TestStarter:InitializeAndExecuteRun () (at ./Library/PackageCache/com.unity.test-framework@1.3.9/UnityEditor.TestRunner/CommandLineTest/TestStarter.cs:64)
UnityEditor.EditorApplication:Internal_CallUpdateFunctions ()

(Filename: ./Library/PackageCache/com.unity.test-framework@1.3.9/UnityEditor.TestRunner/CommandLineTest/Executer.cs Line: 53)

[UnityConnectServicesConfig] config is NOT valid, switching to default
Created GICache directory at C:/Users/jacob/AppData/LocalLow/Unity/Caches/GiCache. Took: 0.027s, timestamps: [64.481 - 64.508]
gi::BakeBackendSwitch: switching bake backend from 3 to 1.
GfxDevice renderer is null. Unity cannot update the Ambient Probe and Reflection Probes that the SkyManager generates. Run the Editor without the -nographics argument or generate lighting for your scene.
[PhysX] Initialized MultithreadedTaskDispatcher with 16 workers.
Unloading 0 Unused Serialized files (Serialized files now loaded: 0)
Unloading 53 unused Assets / (28.8 KB). Loaded Objects now: 5746.
Memory consumption went from 148.7 MB to 148.7 MB.
Total: 67.253500 ms (FindLiveObjects: 0.231700 ms CreateObjectMapping: 0.127100 ms MarkObjects: 66.793000 ms  DeleteObjects: 0.100700 ms)

GfxDevice renderer is null. Unity cannot update the Ambient Probe and Reflection Probes that the SkyManager generates. Run the Editor without the -nographics argument or generate lighting for your scene.
<b><color=#2EA3FF>MCP-FOR-UNITY</color></b>: [TestRunnerNoThrottle] Applied No Throttling for test run.
UnityEngine.StackTraceUtility:ExtractStackTrace ()
UnityEngine.DebugLogHandler:LogFormat (UnityEngine.LogType,UnityEngine.Object,string,object[])
UnityEngine.Logger:Log (UnityEngine.LogType,object)
UnityEngine.Debug:Log (object)
MCPForUnity.Editor.Helpers.McpLog:Info (string,bool) (at ./Library/PackageCache/com.coplaydev.unity-mcp@11836003a5/Editor/Helpers/McpLog.cs:40)
MCPForUnity.Editor.Services.TestRunnerNoThrottle:ApplyNoThrottling () (at ./Library/PackageCache/com.coplaydev.unity-mcp@11836003a5/Editor/Services/TestRunnerNoThrottle.cs:101)
MCPForUnity.Editor.Services.TestRunnerNoThrottle/TestCallbacks:RunStarted (UnityEditor.TestTools.TestRunner.Api.ITestAdaptor) (at ./Library/PackageCache/com.coplaydev.unity-mcp@11836003a5/Editor/Services/TestRunnerNoThrottle.cs:138)
UnityEditor.TestTools.TestRunner.Api.CallbacksDelegator/<>c__DisplayClass6_0:<RunStarted>b__0 (UnityEditor.TestTools.TestRunner.Api.ICallbacks) (at ./Library/PackageCache/com.unity.test-framework@1.3.9/UnityEditor.TestRunner/Api/CallbacksDelegator.cs:38)
UnityEditor.TestTools.TestRunner.Api.CallbacksDelegator:TryInvokeAllCallbacks (System.Action`1<UnityEditor.TestTools.TestRunner.Api.ICallbacks>) (at ./Library/PackageCache/com.unity.test-framework@1.3.9/UnityEditor.TestRunner/Api/CallbacksDelegator.cs:121)
UnityEditor.TestTools.TestRunner.Api.CallbacksDelegator:RunStarted (NUnit.Framework.Interfaces.ITest) (at ./Library/PackageCache/com.unity.test-framework@1.3.9/UnityEditor.TestRunner/Api/CallbacksDelegator.cs:38)
UnityEngine.Events.InvokableCall`1<NUnit.Framework.Interfaces.ITest>:Invoke (NUnit.Framework.Interfaces.ITest)
UnityEngine.Events.UnityEvent`1<NUnit.Framework.Interfaces.ITest>:Invoke (NUnit.Framework.Interfaces.ITest)
UnityEditor.TestTools.TestRunner.TestRun.Tasks.Events.RunStartedInvocationEvent/<Execute>d__0:MoveNext () (at ./Library/PackageCache/com.unity.test-framework@1.3.9/UnityEditor.TestRunner/TestRun/Tasks/Events/RunStartedInvocationEvent.cs:15)
UnityEditor.TestTools.TestRunner.TestRun.TestJobRunner:ExecuteStep () (at ./Library/PackageCache/com.unity.test-framework@1.3.9/UnityEditor.TestRunner/TestRun/TestJobRunner.cs:172)
UnityEditor.TestTools.TestRunner.TestRun.TestJobRunner:ExecuteCallback () (at ./Library/PackageCache/com.unity.test-framework@1.3.9/UnityEditor.TestRunner/TestRun/TestJobRunner.cs:108)
UnityEditor.EditorApplication:Internal_CallUpdateFunctions ()

(Filename: ./Library/PackageCache/com.coplaydev.unity-mcp@11836003a5/Editor/Helpers/McpLog.cs Line: 40)

<color=#ff6b6b>fail:</color> [17:38:52:6488] <color=#B4FF32>[AI]</color> <color=#48C9B0><b>McpManagerClientHub</b></color> Server forcefully disconnected this plugin. Reason: Authorization failed. Token may be missing, invalid, or revoked.
UnityEngine.StackTraceUtility:ExtractStackTrace ()
UnityEngine.DebugLogHandler:LogFormat (UnityEngine.LogType,UnityEngine.Object,string,object[])
UnityEngine.Logger:Log (UnityEngine.LogType,object)
UnityEngine.Debug:LogError (object)
com.IvanMurzak.Unity.MCP.Utils.UnityLogger:Log<Microsoft.Extensions.Logging.FormattedLogValues> (Microsoft.Extensions.Logging.LogLevel,Microsoft.Extensions.Logging.EventId,Microsoft.Extensions.Logging.FormattedLogValues,System.Exception,System.Func`3<Microsoft.Extensions.Logging.FormattedLogValues, System.Exception, string>) (at ./Library/PackageCache/com.ivanmurzak.unity.mcp@0.86.0/Runtime/Logger/UnityLogger.cs:119)
Microsoft.Extensions.Logging.Logger:<Log>g__LoggerLog|14_0<Microsoft.Extensions.Logging.FormattedLogValues> (Microsoft.Extensions.Logging.LogLevel,Microsoft.Extensions.Logging.EventId,Microsoft.Extensions.Logging.ILogger,System.Exception,System.Func`3<Microsoft.Extensions.Logging.FormattedLogValues, System.Exception, string>,System.Collections.Generic.List`1<System.Exception>&,Microsoft.Extensions.Logging.FormattedLogValues&)
Microsoft.Extensions.Logging.Logger:Log<Microsoft.Extensions.Logging.FormattedLogValues> (Microsoft.Extensions.Logging.LogLevel,Microsoft.Extensions.Logging.EventId,Microsoft.Extensions.Logging.FormattedLogValues,System.Exception,System.Func`3<Microsoft.Extensions.Logging.FormattedLogValues, System.Exception, string>)
Microsoft.Extensions.Logging.Logger`1<com.IvanMurzak.McpPlugin.McpManagerClientHub>:Microsoft.Extensions.Logging.ILogger.Log<Microsoft.Extensions.Logging.FormattedLogValues> (Microsoft.Extensions.Logging.LogLevel,Microsoft.Extensions.Logging.EventId,Microsoft.Extensions.Logging.FormattedLogValues,System.Exception,System.Func`3<Microsoft.Extensions.Logging.FormattedLogValues, System.Exception, string>)
Microsoft.Extensions.Logging.LoggerExtensions:Log (Microsoft.Extensions.Logging.ILogger,Microsoft.Extensions.Logging.LogLevel,Microsoft.Extensions.Logging.EventId,System.Exception,string,object[])
Microsoft.Extensions.Logging.LoggerExtensions:Log (Microsoft.Extensions.Logging.ILogger,Microsoft.Extensions.Logging.LogLevel,string,object[])
Microsoft.Extensions.Logging.LoggerExtensions:LogError (Microsoft.Extensions.Logging.ILogger,string,object[])
com.IvanMurzak.McpPlugin.McpManagerClientHub/<>c__DisplayClass4_0/<<SubscribeOnServerEvents>b__3>d:MoveNext ()
System.Runtime.CompilerServices.AsyncTaskMethodBuilder:Start<com.IvanMurzak.McpPlugin.McpManagerClientHub/<>c__DisplayClass4_0/<<SubscribeOnServerEvents>b__3>d> (com.IvanMurzak.McpPlugin.McpManagerClientHub/<>c__DisplayClass4_0/<<SubscribeOnServerEvents>b__3>d&)
com.IvanMurzak.McpPlugin.McpManagerClientHub/<>c__DisplayClass4_0:<SubscribeOnServerEvents>b__3 (string)
Microsoft.AspNetCore.SignalR.Client.HubConnectionExtensions/<>c__DisplayClass12_0`1<string>:<On>b__0 (object[])
Microsoft.AspNetCore.SignalR.Client.HubConnectionExtensions/<>c:<On>b__10_0 (object[],object)
Microsoft.AspNetCore.SignalR.Client.HubConnection/InvocationHandler:InvokeAsync (object[])
Microsoft.AspNetCore.SignalR.Client.HubConnection/<DispatchInvocationAsync>d__77:MoveNext ()
System.Runtime.CompilerServices.AsyncTaskMethodBuilder:Start<Microsoft.AspNetCore.SignalR.Client.HubConnection/<DispatchInvocationAsync>d__77> (Microsoft.AspNetCore.SignalR.Client.HubConnection/<DispatchInvocationAsync>d__77&)
Microsoft.AspNetCore.SignalR.Client.HubConnection:DispatchInvocationAsync (Microsoft.AspNetCore.SignalR.Protocol.InvocationMessage,Microsoft.AspNetCore.SignalR.Client.HubConnection/ConnectionState)
Microsoft.AspNetCore.SignalR.Client.HubConnection/<>c__DisplayClass82_0/<<ReceiveLoop>g__StartProcessingInvocationMessages|0>d:MoveNext ()
System.Runtime.CompilerServices.AsyncMethodBuilderCore/MoveNextRunner:InvokeMoveNext (object)
System.Threading.ExecutionContext:RunInternal (System.Threading.ExecutionContext,System.Threading.ContextCallback,object,bool)
System.Threading.ExecutionContext:Run (System.Threading.ExecutionContext,System.Threading.ContextCallback,object,bool)
System.Runtime.CompilerServices.AsyncMethodBuilderCore/MoveNextRunner:Run ()
System.Runtime.CompilerServices.ValueTaskAwaiter/<>c:<.cctor>b__9_0 (object)
System.Threading.Channels.AsyncOperation`1<bool>:SetCompletionAndInvokeContinuation ()
System.Threading.Channels.AsyncOperation`1/<>c<bool>:<UnsafeQueueSetCompletionAndInvokeContinuation>b__37_0 (object)
System.Threading.QueueUserWorkItemCallback:System.Threading.IThreadPoolWorkItem.ExecuteWorkItem ()
System.Threading.ThreadPoolWorkQueue:Dispatch ()
System.Threading._ThreadPoolWaitCallback:PerformWaitCallback ()

<b><color=#2EA3FF>MCP-FOR-UNITY</color></b>: [TestRunnerNoThrottle] Restored Interaction Mode after test run.
UnityEngine.StackTraceUtility:ExtractStackTrace ()
UnityEngine.DebugLogHandler:LogFormat (UnityEngine.LogType,UnityEngine.Object,string,object[])
UnityEngine.Logger:Log (UnityEngine.LogType,object)
UnityEngine.Debug:Log (object)
MCPForUnity.Editor.Helpers.McpLog:Info (string,bool) (at ./Library/PackageCache/com.coplaydev.unity-mcp@11836003a5/Editor/Helpers/McpLog.cs:40)
MCPForUnity.Editor.Services.TestRunnerNoThrottle:RestoreThrottling () (at ./Library/PackageCache/com.coplaydev.unity-mcp@11836003a5/Editor/Services/TestRunnerNoThrottle.cs:114)
MCPForUnity.Editor.Services.TestRunnerNoThrottle/TestCallbacks:RunFinished (UnityEditor.TestTools.TestRunner.Api.ITestResultAdaptor) (at ./Library/PackageCache/com.coplaydev.unity-mcp@11836003a5/Editor/Services/TestRunnerNoThrottle.cs:143)
UnityEditor.TestTools.TestRunner.Api.CallbacksDelegator/<>c__DisplayClass8_0:<RunFinished>b__0 (UnityEditor.TestTools.TestRunner.Api.ICallbacks) (at ./Library/PackageCache/com.unity.test-framework@1.3.9/UnityEditor.TestRunner/Api/CallbacksDelegator.cs:51)
UnityEditor.TestTools.TestRunner.Api.CallbacksDelegator:TryInvokeAllCallbacks (System.Action`1<UnityEditor.TestTools.TestRunner.Api.ICallbacks>) (at ./Library/PackageCache/com.unity.test-framework@1.3.9/UnityEditor.TestRunner/Api/CallbacksDelegator.cs:121)
UnityEditor.TestTools.TestRunner.Api.CallbacksDelegator:RunFinished (NUnit.Framework.Interfaces.ITestResult) (at ./Library/PackageCache/com.unity.test-framework@1.3.9/UnityEditor.TestRunner/Api/CallbacksDelegator.cs:51)
UnityEngine.Events.InvokableCall`1<NUnit.Framework.Interfaces.ITestResult>:Invoke (NUnit.Framework.Interfaces.ITestResult)
UnityEngine.Events.UnityEvent`1<NUnit.Framework.Interfaces.ITestResult>:Invoke (NUnit.Framework.Interfaces.ITestResult)
UnityEditor.TestTools.TestRunner.TestRun.Tasks.Events.RunFinishedInvocationEvent/<Execute>d__0:MoveNext () (at ./Library/PackageCache/com.unity.test-framework@1.3.9/UnityEditor.TestRunner/TestRun/Tasks/Events/RunFinishedInvocationEvent.cs:17)
UnityEditor.TestTools.TestRunner.TestRun.TestJobRunner:ExecuteStep () (at ./Library/PackageCache/com.unity.test-framework@1.3.9/UnityEditor.TestRunner/TestRun/TestJobRunner.cs:172)
UnityEditor.TestTools.TestRunner.TestRun.TestJobRunner:ExecuteCallback () (at ./Library/PackageCache/com.unity.test-framework@1.3.9/UnityEditor.TestRunner/TestRun/TestJobRunner.cs:108)
UnityEditor.EditorApplication:Internal_CallUpdateFunctions ()

(Filename: ./Library/PackageCache/com.coplaydev.unity-mcp@11836003a5/Editor/Helpers/McpLog.cs Line: 40)

Saving results to: C:\Users\jacob\Desk 42\tmp\consequence-loop-v2-targeted-4.xml
[PhysX] Initialized MultithreadedTaskDispatcher with 16 workers.
Unloading 0 Unused Serialized files (Serialized files now loaded: 0)
Unloading 0 unused Assets / (0 B). Loaded Objects now: 5747.
Memory consumption went from 148.2 MB to 148.2 MB.
Total: 64.779400 ms (FindLiveObjects: 0.223700 ms CreateObjectMapping: 0.130100 ms MarkObjects: 64.414500 ms  DeleteObjects: 0.010100 ms)

GfxDevice renderer is null. Unity cannot update the Ambient Probe and Reflection Probes that the SkyManager generates. Run the Editor without the -nographics argument or generate lighting for your scene.
DisplayProgressbar: Undo
Test run completed. Exiting with code 2 (Failed). One or more tests failed.
UnityEngine.StackTraceUtility:ExtractStackTrace ()
UnityEngine.DebugLogHandler:LogFormat (UnityEngine.LogType,UnityEngine.Object,string,object[])
UnityEngine.Logger:Log (UnityEngine.LogType,object)
UnityEngine.Debug:Log (object)
UnityEditor.TestTools.TestRunner.CommandLineTest.Executer:ExitApplication (UnityEditor.TestTools.TestRunner.CommandLineTest.Executer/ReturnCodes,string) (at ./Library/PackageCache/com.unity.test-framework@1.3.9/UnityEditor.TestRunner/CommandLineTest/Executer.cs:81)
UnityEditor.TestTools.TestRunner.CommandLineTest.Executer:ExitIfRunIsCompleted () (at ./Library/PackageCache/com.unity.test-framework@1.3.9/UnityEditor.TestRunner/CommandLineTest/Executer.cs:74)
UnityEditor.EditorApplication:Internal_CallUpdateFunctions ()

(Filename: ./Library/PackageCache/com.unity.test-framework@1.3.9/UnityEditor.TestRunner/CommandLineTest/Executer.cs Line: 81)

<color=#ffaa00>warn:</color> [17:38:52:8451] <color=#B4FF32>[AI]</color> <color=#48C9B0><b>McpManagerClientHub</b></color> Server rejected authorization. Firing OnAuthorizationRejected event.
UnityEngine.StackTraceUtility:ExtractStackTrace ()
UnityEngine.DebugLogHandler:LogFormat (UnityEngine.LogType,UnityEngine.Object,string,object[])
UnityEngine.Logger:Log (UnityEngine.LogType,object)
UnityEngine.Debug:LogWarning (object)
com.IvanMurzak.Unity.MCP.Utils.UnityLogger:Log<Microsoft.Extensions.Logging.FormattedLogValues> (Microsoft.Extensions.Logging.LogLevel,Microsoft.Extensions.Logging.EventId,Microsoft.Extensions.Logging.FormattedLogValues,System.Exception,System.Func`3<Microsoft.Extensions.Logging.FormattedLogValues, System.Exception, string>) (at ./Library/PackageCache/com.ivanmurzak.unity.mcp@0.86.0/Runtime/Logger/UnityLogger.cs:125)
Microsoft.Extensions.Logging.Logger:<Log>g__LoggerLog|14_0<Microsoft.Extensions.Logging.FormattedLogValues> (Microsoft.Extensions.Logging.LogLevel,Microsoft.Extensions.Logging.EventId,Microsoft.Extensions.Logging.ILogger,System.Exception,System.Func`3<Microsoft.Extensions.Logging.FormattedLogValues, System.Exception, string>,System.Collections.Generic.List`1<System.Exception>&,Microsoft.Extensions.Logging.FormattedLogValues&)
Microsoft.Extensions.Logging.Logger:Log<Microsoft.Extensions.Logging.FormattedLogValues> (Microsoft.Extensions.Logging.LogLevel,Microsoft.Extensions.Logging.EventId,Microsoft.Extensions.Logging.FormattedLogValues,System.Exception,System.Func`3<Microsoft.Extensions.Logging.FormattedLogValues, System.Exception, string>)
Microsoft.Extensions.Logging.Logger`1<com.IvanMurzak.McpPlugin.McpManagerClientHub>:Microsoft.Extensions.Logging.ILogger.Log<Microsoft.Extensions.Logging.FormattedLogValues> (Microsoft.Extensions.Logging.LogLevel,Microsoft.Extensions.Logging.EventId,Microsoft.Extensions.Logging.FormattedLogValues,System.Exception,System.Func`3<Microsoft.Extensions.Logging.FormattedLogValues, System.Exception, string>)
Microsoft.Extensions.Logging.LoggerExtensions:Log (Microsoft.Extensions.Logging.ILogger,Microsoft.Extensions.Logging.LogLevel,Microsoft.Extensions.Logging.EventId,System.Exception,string,object[])
Microsoft.Extensions.Logging.LoggerExtensions:Log (Microsoft.Extensions.Logging.ILogger,Microsoft.Extensions.Logging.LogLevel,string,object[])
Microsoft.Extensions.Logging.LoggerExtensions:LogWarning (Microsoft.Extensions.Logging.ILogger,string,object[])
com.IvanMurzak.McpPlugin.McpManagerClientHub/<>c__DisplayClass4_0/<<SubscribeOnServerEvents>b__3>d:MoveNext ()
System.Runtime.CompilerServices.AsyncMethodBuilderCore/MoveNextRunner:InvokeMoveNext (object)
System.Threading.ExecutionContext:RunInternal (System.Threading.ExecutionContext,System.Threading.ContextCallback,object,bool)
System.Threading.ExecutionContext:Run (System.Threading.ExecutionContext,System.Threading.ContextCallback,object,bool)
System.Runtime.CompilerServices.AsyncMethodBuilderCore/MoveNextRunner:Run ()
System.Threading.Tasks.AwaitTaskContinuation:RunOrScheduleAction (System.Action,bool,System.Threading.Tasks.Task&)
System.Threading.Tasks.Task:FinishContinuations ()
System.Threading.Tasks.Task:FinishStageThree ()
System.Threading.Tasks.Task`1<System.Threading.Tasks.VoidTaskResult>:TrySetResult (System.Threading.Tasks.VoidTaskResult)
System.Runtime.CompilerServices.AsyncTaskMethodBuilder`1<System.Threading.Tasks.VoidTaskResult>:SetResult (System.Threading.Tasks.VoidTaskResult)
System.Runtime.CompilerServices.AsyncTaskMethodBuilder`1<System.Threading.Tasks.VoidTaskResult>:SetResult (System.Threading.Tasks.Task`1<System.Threading.Tasks.VoidTaskResult>)
System.Runtime.CompilerServices.AsyncTaskMethodBuilder:SetResult ()
com.IvanMurzak.McpPlugin.ConnectionManager/<Disconnect>d__66:MoveNext ()
System.Runtime.CompilerServices.AsyncMethodBuilderCore/MoveNextRunner:InvokeMoveNext (object)
System.Threading.ExecutionContext:RunInternal (System.Threading.ExecutionContext,System.Threading.ContextCallback,object,bool)
System.Threading.ExecutionContext:Run (System.Threading.ExecutionContext,System.Threading.ContextCallback,object,bool)
System.Runtime.CompilerServices.AsyncMethodBuilderCore/MoveNextRunner:Run ()
System.Threading.Tasks.AwaitTaskContinuation:RunOrScheduleAction (System.Action,bool,System.Threading.Tasks.Task&)
System.Threading.Tasks.Task:FinishContinuations ()
System.Threading.Tasks.Task:FinishStageThree ()
System.Threading.Tasks.Task`1<bool>:TrySetResult (bool)
System.Threading.SemaphoreSlim/TaskNode:System.Threading.IThreadPoolWorkItem.ExecuteWorkItem ()
System.Threading.ThreadPoolWorkQueue:Dispatch ()
System.Threading._ThreadPoolWaitCallback:PerformWaitCallback ()

Killing ADB server in 0.0449934 seconds.
[PhysX] Initialized MultithreadedTaskDispatcher with 16 workers.
Input System module state changed to: ShutdownInProgress.
Input System polling thread exited.
Input System module state changed to: Shutdown.
[Licensing::IpcConnector] LicenseClient-jacob-notifications channel disconnected successfully.
[Licensing::IpcConnector] LicenseClient-jacob channel disconnected successfully.
Cleanup mono
<color=#ffaa00>warn:</color> [17:38:53:6307] <color=#B4FF32>[AI]</color> <color=#85C1E2><b>BufferedFileLogStorage</b></color> Flush called but already disposed, ignored.
<color=#ffaa00>warn:</color> [17:38:54:6474] <color=#B4FF32>[AI]</color> <color=#48C9B0><b>McpManagerClientHub</b></color> ConnectionManager[b53d9ce1-8393-40a4-9ef0-bca21a122f44] DisconnectImmediate Could not acquire gate within timeout. Proceeding without gate protection.
<color=#ffaa00>warn:</color> [17:38:59:6592] <color=#B4FF32>[AI]</color> <color=#48C9B0><b>McpManagerClientHub</b></color> ConnectionManager[b53d9ce1-8393-40a4-9ef0-bca21a122f44] Dispose Could not acquire gate within timeout during Dispose. Proceeding with cleanup anyway.
abort_threads: Failed aborting id: 000000000000A1DC, mono_thread_manage will ignore it

abort_threads: Failed aborting id: 0000000000008DA4, mono_thread_manage will ignore it

abort_threads: Failed aborting id: 000000000000A1DC, mono_thread_manage will ignore it

abort_threads: Failed aborting id: 0000000000008DA4, mono_thread_manage will ignore it

debugger-agent: Unable to listen on 5676
[Performance] WinEditorMain                                                                                                                        :        1 samples, Peak.  1.97 s (1.0x), Avg.  1.97 s, Total. 1.969 s (2.7%)
[Performance] WinEditorMain.ConfigureCrashHandler                                                                                                  :        1 samples, Peak.  37.3 us (1.0x), Avg.  37.3 us, Total. 37.30 us (0.0%)
[Performance] WinEditorMain.CurlRequestInitialize                                                                                                  :        1 samples, Peak.   618 us (1.0x), Avg.   618 us, Total. 617.8 us (0.0%)
[Performance] WinEditorMain.SetupLogFile                                                                                                           :        1 samples, Peak.   583 us (1.0x), Avg.   583 us, Total. 583.0 us (0.0%)
[Performance] WinEditorMain.RunNativeTestsIfRequiredAndExit                                                                                        :        1 samples, Peak. 100.0 ns (1.0x), Avg. 100.0 ns, Total. 100.00 ns (0.0%)
[Performance] WinEditorMain.Licensing                                                                                                              :        1 samples, Peak.  1.95 s (1.0x), Avg.  1.95 s, Total. 1.954 s (2.7%)
[Performance] WinEditorMain.InitializeCrashHandler                                                                                                 :        1 samples, Peak.  11.6 ms (1.0x), Avg.  11.6 ms, Total. 11.64 ms (0.0%)
[Performance] WinEditorMain.CreateApplication                                                                                                      :        1 samples, Peak.   183 us (1.0x), Avg.   183 us, Total. 183.5 us (0.0%)
[Performance] Application.InitializeProject                                                                                                        :        1 samples, Peak.  60.7 s (1.0x), Avg.  60.7 s, Total. 60.73 s (83.2%)
[Performance] Application.PackageManager.StartServer                                                                                               :        1 samples, Peak.  3.26 ms (1.0x), Avg.  3.26 ms, Total. 3.264 ms (0.0%)
[Performance] Application.AcquireProjectLock                                                                                                       :        1 samples, Peak.  7.92 ms (1.0x), Avg.  7.92 ms, Total. 7.918 ms (0.0%)
[Performance] Application.InitializeEngineNoGraphics                                                                                               :        1 samples, Peak.  96.4 ms (1.0x), Avg.  96.4 ms, Total. 96.35 ms (0.1%)
[Performance] Application.PackageManager.Initialize                                                                                                :        1 samples, Peak.   530 ms (1.0x), Avg.   530 ms, Total. 530.1 ms (0.7%)
[Performance] Connecting to Package Manager                                                                                                        :       54 samples, Peak.  51.4 us (23.9x), Avg.  2.15 us, Total. 116.1 us (0.0%)
[Performance] Application.EngineGraphics.Initialize                                                                                                :        1 samples, Peak.   575 ms (1.0x), Avg.   575 ms, Total. 575.3 ms (0.8%)
[Performance] Application.GI.Initialize                                                                                                            :        1 samples, Peak.  3.27 ms (1.0x), Avg.  3.27 ms, Total. 3.267 ms (0.0%)
[Performance] Application.LoadAllDefaultResourcesFromEditor                                                                                        :        1 samples, Peak.  2.33 ms (1.0x), Avg.  2.33 ms, Total. 2.327 ms (0.0%)
[Performance] Application.LoadMonoAssemblies                                                                                                       :        1 samples, Peak.  9.42 s (1.0x), Avg.  9.42 s, Total. 9.416 s (12.9%)
[Performance] RestoreManagedReferences                                                                                                             :        2 samples, Peak.  44.8 ms (2.0x), Avg.  22.4 ms, Total. 44.82 ms (0.1%)
[Performance] InitializeOnLoad DrivenRectTransformUndo                                                                                             :        2 samples, Peak.   386 us (1.1x), Avg.   359 us, Total. 717.2 us (0.0%)
[Performance] InitializeOnLoad SceneSearch                                                                                                         :        2 samples, Peak.   123 us (1.2x), Avg.   107 us, Total. 214.1 us (0.0%)
[Performance] InitializeOnLoad CloudBuild                                                                                                          :        2 samples, Peak.  5.80 us (1.2x), Avg.  4.70 us, Total. 9.400 us (0.0%)
[Performance] InitializeOnLoad NativeFormatImporterUtility                                                                                         :        2 samples, Peak.  2.45 ms (1.2x), Avg.  1.98 ms, Total. 3.956 ms (0.0%)
[Performance] InitializeOnLoad SearchService                                                                                                       :        2 samples, Peak.   154 us (1.2x), Avg.   131 us, Total. 263.0 us (0.0%)
[Performance] InitializeOnLoad SettingsService                                                                                                     :        2 samples, Peak.  18.3 us (1.4x), Avg.  13.1 us, Total. 26.20 us (0.0%)
[Performance] InitializeOnLoad WindowLayout                                                                                                        :        2 samples, Peak.   236 us (1.1x), Avg.   225 us, Total. 449.0 us (0.0%)
[Performance] InitializeOnLoad AssetStoreContext                                                                                                   :        2 samples, Peak.  26.1 ms (1.8x), Avg.  14.8 ms, Total. 29.56 ms (0.0%)
[Performance] InitializeOnLoad PoolManager                                                                                                         :        2 samples, Peak.   723 us (1.2x), Avg.   609 us, Total. 1.218 ms (0.0%)
[Performance] InitializeOnLoad MixerEffectDefinitionReloader                                                                                       :        2 samples, Peak.  2.15 ms (1.1x), Avg.  1.93 ms, Total. 3.857 ms (0.0%)
[Performance] InitializeOnLoad ProjectSearch                                                                                                       :        2 samples, Peak.  78.9 us (1.3x), Avg.  62.1 us, Total. 124.2 us (0.0%)
[Performance] InitializeOnLoad UISystemProfilerRenderService                                                                                       :        2 samples, Peak.  8.80 us (1.2x), Avg.  7.40 us, Total. 14.80 us (0.0%)
[Performance] InitializeOnLoad EditMode                                                                                                            :        2 samples, Peak.   384 us (1.1x), Avg.   351 us, Total. 702.5 us (0.0%)
[Performance] InitializeOnLoad UnityConnect                                                                                                        :        2 samples, Peak.  52.6 us (1.1x), Avg.  48.7 us, Total. 97.40 us (0.0%)
[Performance] InitializeOnLoad ManagedDebugger                                                                                                     :        2 samples, Peak.   504 us (1.6x), Avg.   307 us, Total. 614.2 us (0.0%)
[Performance] InitializeOnLoad ShortcutIntegration                                                                                                 :        2 samples, Peak.  61.7 us (1.0x), Avg.  60.0 us, Total. 120.0 us (0.0%)
[Performance] InitializeOnLoad AddComponentWindow                                                                                                  :        2 samples, Peak.   157 us (1.3x), Avg.   122 us, Total. 243.5 us (0.0%)
[Performance] InitializeOnLoad ManagedDebuggerWindow                                                                                               :        2 samples, Peak.   151 us (1.1x), Avg.   132 us, Total. 264.2 us (0.0%)
[Performance] InitializeOnLoad CacheServerWindow                                                                                                   :        2 samples, Peak.  10.9 us (1.2x), Avg.  9.00 us, Total. 18.00 us (0.0%)
[Performance] InitializeOnLoad PlayModeDownload                                                                                                    :        2 samples, Peak.  3.04 ms (1.9x), Avg.  1.57 ms, Total. 3.147 ms (0.0%)
[Performance] InitializeOnLoad MenuItems                                                                                                           :        2 samples, Peak.  97.1 us (1.1x), Avg.  86.8 us, Total. 173.7 us (0.0%)
[Performance] InitializeOnLoad PrefabInstanceChangedListener                                                                                       :        2 samples, Peak.   129 us (1.0x), Avg.   127 us, Total. 253.5 us (0.0%)
[Performance] InitializeOnLoad ObjectSelectorSearch                                                                                                :        2 samples, Peak.   104 us (1.5x), Avg.  70.4 us, Total. 140.8 us (0.0%)
[Performance] InitializeOnLoad EditorMonitor                                                                                                       :        2 samples, Peak.   692 us (1.3x), Avg.   545 us, Total. 1.089 ms (0.0%)
[Performance] InitializeOnLoad RetainedMode                                                                                                        :        2 samples, Peak.  2.32 ms (1.1x), Avg.  2.20 ms, Total. 4.395 ms (0.0%)
[Performance] InitializeOnLoad EditorShaderLoader                                                                                                  :        2 samples, Peak.   909 us (1.2x), Avg.   746 us, Total. 1.492 ms (0.0%)
[Performance] InitializeOnLoad EditorDelegateRegistration                                                                                          :        2 samples, Peak.   626 us (1.1x), Avg.   554 us, Total. 1.107 ms (0.0%)
[Performance] InitializeOnLoad UIDocumentHierarchyWatcher                                                                                          :        2 samples, Peak.  89.4 us (1.1x), Avg.  78.3 us, Total. 156.6 us (0.0%)
[Performance] InitializeOnLoad LiveReloadTrackerCreator                                                                                            :        2 samples, Peak.   172 us (1.1x), Avg.   163 us, Total. 326.6 us (0.0%)
[Performance] InitializeOnLoad UxmlObjectEditorFactories                                                                                           :        2 samples, Peak.   499 us (1.1x), Avg.   462 us, Total. 924.8 us (0.0%)
[Performance] InitializeOnLoad UXMLEditorFactories                                                                                                 :        2 samples, Peak.  65.0 ms (1.1x), Avg.  57.5 ms, Total. 114.9 ms (0.2%)
[Performance] InitializeOnLoad PurchasingService                                                                                                   :        2 samples, Peak.  6.20 ms (1.1x), Avg.  5.82 ms, Total. 11.65 ms (0.0%)
[Performance] InitializeOnLoad CloudBuildPoller                                                                                                    :        2 samples, Peak.   102 us (1.1x), Avg.  95.9 us, Total. 191.8 us (0.0%)
[Performance] InitializeOnLoad EditorGameServicesAnalytics                                                                                         :        2 samples, Peak.  1.32 ms (1.6x), Avg.   839 us, Total. 1.678 ms (0.0%)
[Performance] InitializeOnLoad AnalyticsService                                                                                                    :        2 samples, Peak.   243 us (1.3x), Avg.   193 us, Total. 385.7 us (0.0%)
[Performance] InitializeOnLoad BuildService                                                                                                        :        2 samples, Peak.   168 us (1.2x), Avg.   145 us, Total. 289.7 us (0.0%)
[Performance] InitializeOnLoad AdsService                                                                                                          :        2 samples, Peak.   329 us (1.0x), Avg.   320 us, Total. 639.6 us (0.0%)
[Performance] InitializeOnLoad UDPService                                                                                                          :        2 samples, Peak.   127 us (1.0x), Avg.   127 us, Total. 253.4 us (0.0%)
[Performance] InitializeOnLoad CrashService                                                                                                        :        2 samples, Peak.   121 us (1.0x), Avg.   120 us, Total. 239.3 us (0.0%)
[Performance] InitializeOnLoad ServicesRepository                                                                                                  :        2 samples, Peak.   500 ns (1.1x), Avg.   450 ns, Total. 900.0 ns (0.0%)
[Performance] InitializeOnLoad SearchWindow                                                                                                        :        2 samples, Peak.   154 us (1.3x), Avg.   123 us, Total. 246.2 us (0.0%)
[Performance] InitializeOnLoad CustomIndexers                                                                                                      :        2 samples, Peak.  13.0 ms (1.0x), Avg.  12.4 ms, Total. 24.88 ms (0.0%)
[Performance] InitializeOnLoad SearchMonitor                                                                                                       :        2 samples, Peak.   893 us (1.1x), Avg.   788 us, Total. 1.576 ms (0.0%)
[Performance] InitializeOnLoad ParameterControllerEditor                                                                                           :        2 samples, Peak.  18.4 us (1.1x), Avg.  16.8 us, Total. 33.60 us (0.0%)
[Performance] InitializeOnLoad LayerSettingsWindow                                                                                                 :        2 samples, Peak.  16.9 us (1.6x), Avg.  10.3 us, Total. 20.70 us (0.0%)
[Performance] InitializeOnLoad PackageManagerHookGUIDConverter.RegisterPackagesEventHandler                                                        :        2 samples, Peak.   675 us (1.8x), Avg.   366 us, Total. 731.6 us (0.0%)
[Performance] InitializeOnLoad EditorDragAndDrop.RegisterEditorClient                                                                              :        2 samples, Peak.   360 us (1.4x), Avg.   260 us, Total. 520.2 us (0.0%)
[Performance] InitializeOnLoad EditorEventCallbacks.InitializeFontAssetResourceChangeCallBacks                                                     :        2 samples, Peak.   990 us (1.1x), Avg.   940 us, Total. 1.880 ms (0.0%)
[Performance] InitializeOnLoad SceneTemplateService.Init                                                                                           :        2 samples, Peak.  1.00 ms (1.0x), Avg.   996 us, Total. 1.993 ms (0.0%)
[Performance] InitializeOnLoad DiagnosticSwitchesConsoleMessage.Init                                                                               :        2 samples, Peak.  4.12 ms (1.8x), Avg.  2.26 ms, Total. 4.512 ms (0.0%)
[Performance] InitializeOnLoad PackageManagerWindow.EditorInitializedInSafeMode                                                                    :        2 samples, Peak.  30.5 ms (2.0x), Avg.  15.3 ms, Total. 30.60 ms (0.0%)
[Performance] InitializeOnLoad ToolShortcutContext.Init                                                                                            :        2 samples, Peak.   119 us (1.0x), Avg.   114 us, Total. 228.6 us (0.0%)
[Performance] InitializeOnLoad MemoryProfilerCompilationGuard.InjectCompileGuard                                                                   :        2 samples, Peak.   147 us (1.5x), Avg.  97.8 us, Total. 195.6 us (0.0%)
[Performance] InitializeOnLoad AssetPostprocessingInternal.RefreshCustomDependencies                                                               :        2 samples, Peak.  2.48 ms (1.3x), Avg.  1.87 ms, Total. 3.742 ms (0.0%)
[Performance] InitializeOnLoad SysrootManager.Initialize                                                                                           :        2 samples, Peak.   391 us (1.1x), Avg.   370 us, Total. 739.0 us (0.0%)
[Performance] InitializeOnLoad ScopedRegistryAddedPopup.SubscribeToRegistriesAdded                                                                 :        2 samples, Peak.  6.19 ms (2.0x), Avg.  3.14 ms, Total. 6.272 ms (0.0%)
[Performance] InitializeOnLoad SceneVisibilityManager.Initialize                                                                                   :        2 samples, Peak.  2.48 ms (1.5x), Avg.  1.61 ms, Total. 3.227 ms (0.0%)
[Performance] InitializeOnLoad EditorWindow.Initialize                                                                                             :        2 samples, Peak.   208 us (1.1x), Avg.   193 us, Total. 385.8 us (0.0%)
[Performance] AssemblyReloadEvents.afterAssemblyReload: UnityEditor.SceneTemplate.SceneTemplateService.AfterAssemblyReload                         :        2 samples, Peak.   938 us (1.6x), Avg.   590 us, Total. 1.180 ms (0.0%)
[Performance] ProcessService.EditorAfterLoadAllAssemblies                                                                                          :        2 samples, Peak.   560 us (1.5x), Avg.   383 us, Total. 766.6 us (0.0%)
[Performance] Application.ReadLicenseInfo                                                                                                          :        1 samples, Peak.  12.9 ms (1.0x), Avg.  12.9 ms, Total. 12.85 ms (0.0%)
[Performance] Application.InitialRefresh                                                                                                           :        1 samples, Peak.  47.3 s (1.0x), Avg.  47.3 s, Total. 47.34 s (64.8%)
[Performance] ShaderImporter.SourceAssetModified                                                                                                   :        2 samples, Peak.   800 ns (1.2x), Avg.   650 ns, Total. 1.300 us (0.0%)
[Performance] ShaderIncludeImporter.SourceAssetModified                                                                                            :        2 samples, Peak.  1.30 us (1.2x), Avg.  1.10 us, Total. 2.200 us (0.0%)
[Performance] Compiling Scripts                                                                                                                    :        1 samples, Peak.  5.37 s (1.0x), Avg.  5.37 s, Total. 5.365 s (7.3%)
[Performance] AssemblyReloadEvents.beforeAssemblyReload: UnityEditor.SceneTemplate.SceneTemplateService.BeforeAssemblyReload                       :        1 samples, Peak.   394 us (1.0x), Avg.   394 us, Total. 394.5 us (0.0%)
[Performance] PresetManagerPostProcessor.OnPreprocessAsset                                                                                         :       11 samples, Peak.  1.07 ms (10.2x), Avg.   105 us, Total. 1.155 ms (0.0%)
[Performance] CancelSplashScreenOnAssetChange.OnPreprocessAsset                                                                                    :       11 samples, Peak.   123 us (9.9x), Avg.  12.4 us, Total. 136.8 us (0.0%)
[Performance] ShaderGraphAssetPostProcessor.OnPreprocessAsset                                                                                      :       11 samples, Peak.   166 us (9.5x), Avg.  17.5 us, Total. 192.3 us (0.0%)
[Performance] InitializeOnLoad InputSystemUIInputModuleEditor                                                                                      :        1 samples, Peak.   210 us (1.0x), Avg.   210 us, Total. 210.4 us (0.0%)
[Performance] InitializeOnLoad TouchSimulation                                                                                                     :        1 samples, Peak.   191 us (1.0x), Avg.   191 us, Total. 190.6 us (0.0%)
[Performance] InitializeOnLoad InputSystem                                                                                                         :        1 samples, Peak.  43.3 ms (1.0x), Avg.  43.3 ms, Total. 43.32 ms (0.1%)
[Performance] InitializeOnLoad EnableUITKEditor                                                                                                    :        1 samples, Peak.  28.2 us (1.0x), Avg.  28.2 us, Total. 28.20 us (0.0%)
[Performance] InitializeOnLoad BurstLoader                                                                                                         :        1 samples, Peak.  1.95 s (1.0x), Avg.  1.95 s, Total. 1.952 s (2.7%)
[Performance] InitializeOnLoad ShadowCasterGroup2DManager                                                                                          :        1 samples, Peak.   215 us (1.0x), Avg.   215 us, Total. 214.6 us (0.0%)
[Performance] InitializeOnLoad OnDomainReload                                                                                                      :        1 samples, Peak.   360 us (1.0x), Avg.   360 us, Total. 360.5 us (0.0%)
[Performance] InitializeOnLoad EditorInitialize                                                                                                    :        4 samples, Peak.  29.3 ms (3.8x), Avg.  7.80 ms, Total. 31.21 ms (0.0%)
[Performance] InitializeOnLoad CanvasesAndTheirOwners                                                                                              :        1 samples, Peak.   174 us (1.0x), Avg.   174 us, Total. 173.8 us (0.0%)
[Performance] InitializeOnLoad ProbeGIBaking                                                                                                       :        1 samples, Peak.  2.29 ms (1.0x), Avg.  2.29 ms, Total. 2.291 ms (0.0%)
[Performance] InitializeOnLoad FilterWindow                                                                                                        :        1 samples, Peak.  39.1 us (1.0x), Avg.  39.1 us, Total. 39.10 us (0.0%)
[Performance] InitializeOnLoad RealtimeProbeSubdivisionDebug                                                                                       :        1 samples, Peak.  95.5 us (1.0x), Avg.  95.5 us, Total. 95.50 us (0.0%)
[Performance] InitializeOnLoad CinemachineStoryboardMute                                                                                           :        1 samples, Peak.   226 us (1.0x), Avg.   226 us, Total. 226.0 us (0.0%)
[Performance] InitializeOnLoad SaveDuringPlay                                                                                                      :        1 samples, Peak.   108 us (1.0x), Avg.   108 us, Total. 108.1 us (0.0%)
[Performance] InitializeOnLoad CollectGizmoDrawers                                                                                                 :        1 samples, Peak.  13.0 ms (1.0x), Avg.  13.0 ms, Total. 12.98 ms (0.0%)
[Performance] InitializeOnLoad CinemachineScreenComposerGuidesGlobalDraggable                                                                      :        1 samples, Peak.   142 us (1.0x), Avg.   142 us, Total. 142.4 us (0.0%)
[Performance] InitializeOnLoad CinemachineEditorAnalytics                                                                                          :        1 samples, Peak.   173 us (1.0x), Avg.   173 us, Total. 173.2 us (0.0%)
[Performance] InitializeOnLoad CreateRigWithUndo                                                                                                   :        1 samples, Peak.   385 us (1.0x), Avg.   385 us, Total. 385.4 us (0.0%)
[Performance] InitializeOnLoad CreatePipelineWithUndo                                                                                              :        1 samples, Peak.   124 us (1.0x), Avg.   124 us, Total. 124.0 us (0.0%)
[Performance] InitializeOnLoad SyncCacheEnabledSetting                                                                                             :        1 samples, Peak.   494 us (1.0x), Avg.   494 us, Total. 494.0 us (0.0%)
[Performance] InitializeOnLoad CinemachineColliderPrefs                                                                                            :        1 samples, Peak.   157 us (1.0x), Avg.   157 us, Total. 156.8 us (0.0%)
[Performance] InitializeOnLoad NodeClassCache                                                                                                      :        1 samples, Peak.  6.20 us (1.0x), Avg.  6.20 us, Total. 6.200 us (0.0%)
[Performance] InitializeOnLoad ShaderGraphMaterialsUpdater                                                                                         :        2 samples, Peak.   434 us (1.6x), Avg.   275 us, Total. 550.8 us (0.0%)
[Performance] InitializeOnLoad UnityTestProtocolStarter                                                                                            :        1 samples, Peak.   240 us (1.0x), Avg.   240 us, Total. 240.4 us (0.0%)
[Performance] InitializeOnLoad BackgroundWatcher                                                                                                   :        1 samples, Peak.  62.0 us (1.0x), Avg.  62.0 us, Total. 62.00 us (0.0%)
[Performance] InitializeOnLoad VisualStudioEditor                                                                                                  :        1 samples, Peak.  13.2 ms (1.0x), Avg.  13.2 ms, Total. 13.22 ms (0.0%)
[Performance] InitializeOnLoad TestRunnerApiListener                                                                                               :        1 samples, Peak.  2.81 ms (1.0x), Avg.  2.81 ms, Total. 2.809 ms (0.0%)
[Performance] InitializeOnLoad VisualStudioIntegration                                                                                             :        1 samples, Peak.  1.61 ms (1.0x), Avg.  1.61 ms, Total. 1.614 ms (0.0%)
[Performance] InitializeOnLoad RegisterCheckResourcesDupeDependencies                                                                              :        1 samples, Peak.  1.19 ms (1.0x), Avg.  1.19 ms, Total. 1.189 ms (0.0%)
[Performance] InitializeOnLoad RegisterCheckBundleDupeDependencies                                                                                 :        1 samples, Peak.   141 us (1.0x), Avg.   141 us, Total. 141.2 us (0.0%)
[Performance] InitializeOnLoad AddressableEditorInitialization                                                                                     :        1 samples, Peak.  4.34 ms (1.0x), Avg.  4.34 ms, Total. 4.338 ms (0.0%)
[Performance] InitializeOnLoad GroupsPopupWindow                                                                                                   :        1 samples, Peak.  9.10 us (1.0x), Avg.  9.10 us, Total. 9.100 us (0.0%)
[Performance] InitializeOnLoad GlobalInitialization                                                                                                :        1 samples, Peak.   514 us (1.0x), Avg.   514 us, Total. 514.4 us (0.0%)
[Performance] InitializeOnLoad RegisterCheckSceneDupeDependencies                                                                                  :        1 samples, Peak.   110 us (1.0x), Avg.   110 us, Total. 110.3 us (0.0%)
[Performance] InitializeOnLoad RegisterBuildBundleLayout                                                                                           :        1 samples, Peak.  94.8 us (1.0x), Avg.  94.8 us, Total. 94.80 us (0.0%)
[Performance] InitializeOnLoad AddressableAssetInspectorGUI                                                                                        :        1 samples, Peak.  28.4 ms (1.0x), Avg.  28.4 ms, Total. 28.36 ms (0.0%)
[Performance] EditorResources.Load                                                                                                                 :        6 samples, Peak.  24.8 ms (5.9x), Avg.  4.18 ms, Total. 25.07 ms (0.0%)
[Performance] InitializeOnLoad PrefabLayoutRebuilder                                                                                               :        1 samples, Peak.   375 us (1.0x), Avg.   375 us, Total. 375.0 us (0.0%)
[Performance] InitializeOnLoad RiderScriptEditor                                                                                                   :        1 samples, Peak.  7.85 ms (1.0x), Avg.  7.85 ms, Total. 7.847 ms (0.0%)
[Performance] InitializeOnLoad CallbackInitializer                                                                                                 :        1 samples, Peak.  1.87 ms (1.0x), Avg.  1.87 ms, Total. 1.869 ms (0.0%)
[Performance] InitializeOnLoad NuGetDependencyResolver                                                                                             :        1 samples, Peak.   779 us (1.0x), Avg.   779 us, Total. 779.4 us (0.0%)
[Performance] InitializeOnLoad MainThreadDispatcher                                                                                                :        1 samples, Peak.   384 us (1.0x), Avg.   384 us, Total. 384.1 us (0.0%)
[Performance] InitializeOnLoad MainWindowInitializer                                                                                               :        1 samples, Peak.   521 us (1.0x), Avg.   521 us, Total. 520.9 us (0.0%)
[Performance] InitializeOnLoad Tool_Tests                                                                                                          :        1 samples, Peak.   296 ms (1.0x), Avg.   296 ms, Total. 296.5 ms (0.4%)
[Performance] InitializeOnLoad Tool_Script                                                                                                         :        1 samples, Peak.  16.0 us (1.0x), Avg.  16.0 us, Total. 16.00 us (0.0%)
[Performance] InitializeOnLoad ScriptUtils                                                                                                         :        1 samples, Peak.   962 us (1.0x), Avg.   962 us, Total. 961.7 us (0.0%)
[Performance] InitializeOnLoad ServerBinaryUpdateWatcher                                                                                           :        1 samples, Peak.   456 us (1.0x), Avg.   456 us, Total. 455.7 us (0.0%)
[Performance] InitializeOnLoad Startup                                                                                                             :        1 samples, Peak.   591 ms (1.0x), Avg.   591 ms, Total. 590.8 ms (0.8%)
[Performance] InitializeOnLoad McpServerManager                                                                                                    :        1 samples, Peak.  8.46 ms (1.0x), Avg.  8.46 ms, Total. 8.462 ms (0.0%)
[Performance] InitializeOnLoad PlayModeOptionsGuard                                                                                                :        1 samples, Peak.   398 us (1.0x), Avg.   398 us, Total. 398.0 us (0.0%)
[Performance] InitializeOnLoad EditorStateCache                                                                                                    :        1 samples, Peak.   239 ms (1.0x), Avg.   239 ms, Total. 239.1 ms (0.3%)
[Performance] InitializeOnLoad McpEditorShutdownCleanup                                                                                            :        1 samples, Peak.   453 us (1.0x), Avg.   453 us, Total. 452.7 us (0.0%)
[Performance] InitializeOnLoad TestRunnerNoThrottle                                                                                                :        1 samples, Peak.   597 us (1.0x), Avg.   597 us, Total. 596.9 us (0.0%)
[Performance] InitializeOnLoad StartupConfigRewrite                                                                                                :        1 samples, Peak.   139 us (1.0x), Avg.   139 us, Total. 138.7 us (0.0%)
[Performance] InitializeOnLoad ProjectIdentityUtility                                                                                              :        1 samples, Peak.   119 us (1.0x), Avg.   119 us, Total. 118.8 us (0.0%)
[Performance] InitializeOnLoad TransportCommandDispatcher                                                                                          :        1 samples, Peak.  1.40 s (1.0x), Avg.  1.40 s, Total. 1.404 s (1.9%)
[Performance] InitializeOnLoad SetupWindowService                                                                                                  :        1 samples, Peak.   137 us (1.0x), Avg.   137 us, Total. 137.0 us (0.0%)
[Performance] InitializeOnLoad LegacyServerSrcMigration                                                                                            :        1 samples, Peak.  92.7 us (1.0x), Avg.  92.7 us, Total. 92.70 us (0.0%)
[Performance] InitializeOnLoad StdioBridgeHost                                                                                                     :        1 samples, Peak.   806 us (1.0x), Avg.   806 us, Total. 805.6 us (0.0%)
[Performance] InitializeOnLoad HttpAutoStartHandler                                                                                                :        1 samples, Peak.   108 us (1.0x), Avg.   108 us, Total. 107.9 us (0.0%)
[Performance] InitializeOnLoad AssetGenJobManager                                                                                                  :        1 samples, Peak.   421 us (1.0x), Avg.   421 us, Total. 421.5 us (0.0%)
[Performance] InitializeOnLoad HttpBridgeReloadHandler                                                                                             :        1 samples, Peak.   208 us (1.0x), Avg.   208 us, Total. 208.1 us (0.0%)
[Performance] InitializeOnLoad StdIoVersionMigration                                                                                               :        1 samples, Peak.  59.2 us (1.0x), Avg.  59.2 us, Total. 59.20 us (0.0%)
[Performance] InitializeOnLoad StdioBridgeReloadHandler                                                                                            :        1 samples, Peak.   133 us (1.0x), Avg.   133 us, Total. 133.3 us (0.0%)
[Performance] InitializeOnLoad Renderer2DAnalytics                                                                                                 :        1 samples, Peak.  91.7 us (1.0x), Avg.  91.7 us, Total. 91.70 us (0.0%)
[Performance] InitializeOnLoad EditorToolManager                                                                                                   :        1 samples, Peak.  1.81 ms (1.0x), Avg.  1.81 ms, Total. 1.813 ms (0.0%)
[Performance] InitializeOnLoad Addressables.RegisterPlayModeStateChange                                                                            :        1 samples, Peak.  72.0 us (1.0x), Avg.  72.0 us, Total. 72.00 us (0.0%)
[Performance] InitializeOnLoad AssetReference.RegisterForPlaymodeChange                                                                            :        1 samples, Peak.   266 us (1.0x), Avg.   266 us, Total. 266.3 us (0.0%)
[Performance] InitializeOnLoad MaterialReimporter.RegisterUpgraderReimport                                                                         :        2 samples, Peak.   307 us (1.8x), Avg.   168 us, Total. 335.4 us (0.0%)
[Performance] InitializeOnLoad GetMenuItems.BuildCache                                                                                             :        1 samples, Peak.  8.48 ms (1.0x), Avg.  8.48 ms, Total. 8.477 ms (0.0%)
[Performance] InitializeOnLoad McpLogRecord.RefreshFromPrefs                                                                                       :        1 samples, Peak.   327 us (1.0x), Avg.   327 us, Total. 326.7 us (0.0%)
[Performance] InitializeOnLoad ExecuteCode.OnDomainReload                                                                                          :        1 samples, Peak.   708 us (1.0x), Avg.   708 us, Total. 708.0 us (0.0%)
[Performance] InitializeOnLoad UnityReflect.OnLoad                                                                                                 :        1 samples, Peak.   796 us (1.0x), Avg.   796 us, Total. 795.6 us (0.0%)
[Performance] InitializeOnLoad MainThreadDispatcher.EditorInitialize                                                                               :        1 samples, Peak.   261 us (1.0x), Avg.   261 us, Total. 261.3 us (0.0%)
[Performance] InitializeOnLoad MainThreadInstaller.Init                                                                                            :        1 samples, Peak.   158 us (1.0x), Avg.   158 us, Total. 157.9 us (0.0%)
[Performance] InitializeOnLoad AddressableAssetSettings.RegisterWithAssetPostProcessor                                                             :        1 samples, Peak.   693 us (1.0x), Avg.   693 us, Total. 692.8 us (0.0%)
[Performance] InitializeOnLoad AddressableAssetSettings.CheckCCDStatus                                                                             :        1 samples, Peak.   107 us (1.0x), Avg.   107 us, Total. 106.5 us (0.0%)
[Performance] InitializeOnLoad ProfileDataSourceSettings.InitializeCloudEnvironment                                                                :        1 samples, Peak.   348 us (1.0x), Avg.   348 us, Total. 348.3 us (0.0%)
[Performance] InitializeOnLoad AddressablesBuildScriptHooks.Init                                                                                   :        1 samples, Peak.  98.4 us (1.0x), Avg.  98.4 us, Total. 98.40 us (0.0%)
[Performance] InitializeOnLoad AddressablesPlayerBuildProcessor.CleanTemporaryPlayerBuildData                                                      :        1 samples, Peak.   883 us (1.0x), Avg.   883 us, Total. 882.7 us (0.0%)
[Performance] InitializeOnLoad InputSystemPackageControl.SubscribePackageManagerEvent                                                              :        1 samples, Peak.  92.2 us (1.0x), Avg.  92.2 us, Total. 92.20 us (0.0%)
[Performance] InitializeOnLoad InputSystemPluginControl.CheckForExtension                                                                          :        1 samples, Peak.  1.71 ms (1.0x), Avg.  1.71 ms, Total. 1.711 ms (0.0%)
[Performance] InitializeOnLoad AnalyticsReporter.RegisterCallbacks                                                                                 :        1 samples, Peak.  1.07 ms (1.0x), Avg.  1.07 ms, Total. 1.071 ms (0.0%)
[Performance] InitializeOnLoad TestJobDataHolder.ResumeRunningJobs                                                                                 :        1 samples, Peak.  1.49 ms (1.0x), Avg.  1.49 ms, Total. 1.494 ms (0.0%)
[Performance] InitializeOnLoad TestStarter.Initialize                                                                                              :        1 samples, Peak.  6.74 ms (1.0x), Avg.  6.74 ms, Total. 6.740 ms (0.0%)
[Performance] InitializeOnLoad DebugManagerWindowLifetimeAnalytic.SubscribeToDebugManagerOpenCloseWindows                                          :        1 samples, Peak.   432 us (1.0x), Avg.   432 us, Total. 432.1 us (0.0%)
[Performance] InitializeOnLoad CoreRenderPipelinePreferences.InitPreferenceProviders                                                               :        1 samples, Peak.  12.3 ms (1.0x), Avg.  12.3 ms, Total. 12.29 ms (0.0%)
[Performance] InitializeOnLoad VolumeGizmoDrawer.InitVolumeGizmoCallbacks                                                                          :        1 samples, Peak.   352 us (1.0x), Avg.   352 us, Total. 351.7 us (0.0%)
[Performance] InitializeOnLoad VisualStudioEditor.LegacyVisualStudioCodePackageDisabler                                                            :        1 samples, Peak.   509 us (1.0x), Avg.   509 us, Total. 508.5 us (0.0%)
[Performance] DidReloadScriptsCinemachineExtension.OnScriptReload                                                                                  :        1 samples, Peak.   314 us (1.0x), Avg.   314 us, Total. 313.7 us (0.0%)
[Performance] DidReloadScriptsCinemachineVirtualCameraBase.OnScriptReload                                                                          :        1 samples, Peak.   135 us (1.0x), Avg.   135 us, Total. 134.6 us (0.0%)
[Performance] DidReloadScriptsAdvancedDropdownWindow.OnScriptReload                                                                                :        2 samples, Peak.   280 us (1.2x), Avg.   242 us, Total. 483.6 us (0.0%)
[Performance] DidReloadScriptsTestListCache.ScriptReloaded                                                                                         :        1 samples, Peak.  1.58 ms (1.0x), Avg.  1.58 ms, Total. 1.583 ms (0.0%)
[Performance] DidReloadScriptsTestRunnerWindow.CompilationCallback                                                                                 :        1 samples, Peak.   513 us (1.0x), Avg.   513 us, Total. 512.9 us (0.0%)
[Performance] DidReloadScriptsLookDev.OnEditorReload                                                                                               :        1 samples, Peak.   206 us (1.0x), Avg.   206 us, Total. 206.4 us (0.0%)
[Performance] DidReloadScriptsDebugWindow.OnEditorReload                                                                                           :        1 samples, Peak.  4.81 ms (1.0x), Avg.  4.81 ms, Total. 4.810 ms (0.0%)
[Performance] DidReloadScriptsVolumeComponentEditor.OnEditorReload                                                                                 :        1 samples, Peak.  15.0 ms (1.0x), Avg.  15.0 ms, Total. 15.00 ms (0.0%)
[Performance] AssemblyReloadEvents.afterAssemblyReload: com.IvanMurzak.Unity.MCP.Editor.Startup.OnAfterAssemblyReload                              :        1 samples, Peak.  70.5 ms (1.0x), Avg.  70.5 ms, Total. 70.53 ms (0.1%)
[Performance] AssemblyReloadEvents.afterAssemblyReload: callback in MCPForUnity.Editor.Services.EditorStateCache                                   :        1 samples, Peak.  1.92 ms (1.0x), Avg.  1.92 ms, Total. 1.916 ms (0.0%)
[Performance] AssemblyReloadEvents.afterAssemblyReload: MCPForUnity.Editor.Services.HttpBridgeReloadHandler.OnAfterAssemblyReload                  :        1 samples, Peak.  2.16 ms (1.0x), Avg.  2.16 ms, Total. 2.164 ms (0.0%)
[Performance] AssemblyReloadEvents.afterAssemblyReload: MCPForUnity.Editor.Services.StdioBridgeReloadHandler.OnAfterAssemblyReload                 :        1 samples, Peak.  1.04 ms (1.0x), Avg.  1.04 ms, Total. 1.041 ms (0.0%)
[Performance] AssemblyReloadEvents.afterAssemblyReload: MCPForUnity.Editor.Tools.UnityReflect.InvalidateCache                                      :        1 samples, Peak.   757 us (1.0x), Avg.   757 us, Total. 756.6 us (0.0%)
[Performance] AssetDatabase.ImportAssets                                                                                                           :        3 samples, Peak.  1.70 us (1.9x), Avg.   900 ns, Total. 2.700 us (0.0%)
[Performance] VersionControl.Task.Wait                                                                                                             :        1 samples, Peak.  15.0 us (1.0x), Avg.  15.0 us, Total. 15.00 us (0.0%)
[Performance] CinemachineSettings.OnPostprocessAllAssets                                                                                           :        2 samples, Peak.   276 us (1.3x), Avg.   216 us, Total. 432.5 us (0.0%)
[Performance] TMPro_TexturePostProcessor.OnPostprocessAllAssets                                                                                    :        2 samples, Peak.   365 us (1.0x), Avg.   362 us, Total. 724.6 us (0.0%)
[Performance] BuilderAssetPostprocessor.OnPostprocessAllAssets                                                                                     :        2 samples, Peak.  2.77 ms (1.0x), Avg.  2.77 ms, Total. 5.541 ms (0.0%)
[Performance] AddressablesAssetPostProcessor.OnPostprocessAllAssets                                                                                :        2 samples, Peak.  1.05 ms (1.0x), Avg.  1.05 ms, Total. 2.099 ms (0.0%)
[Performance] ArtifactBrowserPostProcessor.OnPostprocessAllAssets                                                                                  :        2 samples, Peak.   581 us (1.0x), Avg.   579 us, Total. 1.158 ms (0.0%)
[Performance] AssetEvents.OnPostprocessAllAssets                                                                                                   :        4 samples, Peak.   177 us (1.4x), Avg.   127 us, Total. 506.0 us (0.0%)
[Performance] AudioMixerPostprocessor.OnPostprocessAllAssets                                                                                       :        2 samples, Peak.   431 us (1.0x), Avg.   429 us, Total. 858.3 us (0.0%)
[Performance] StyleCatalogPostProcessor.OnPostprocessAllAssets                                                                                     :        2 samples, Peak.  24.3 ms (1.0x), Avg.  24.3 ms, Total. 48.52 ms (0.1%)
[Performance] BuildCatalog                                                                                                                         :        1 samples, Peak.  23.1 ms (1.0x), Avg.  23.1 ms, Total. 23.06 ms (0.0%)
[Performance] ModelImporterPostProcessor.OnPostprocessAllAssets                                                                                    :        2 samples, Peak.   976 us (1.0x), Avg.   974 us, Total. 1.947 ms (0.0%)
[Performance] MaterialPostprocessor.OnPostprocessAllAssets                                                                                         :        4 samples, Peak.   633 us (1.1x), Avg.   566 us, Total. 2.265 ms (0.0%)
[Performance] UniversalRenderPipelineGlobalSettingsPostprocessor.OnPostprocessAllAssets                                                            :        2 samples, Peak.  11.2 ms (1.0x), Avg.  11.2 ms, Total. 22.46 ms (0.0%)
[Performance] RetainedModeAssetPostprocessor.OnPostprocessAllAssets                                                                                :        2 samples, Peak.  2.23 ms (1.0x), Avg.  2.23 ms, Total. 4.455 ms (0.0%)
[Performance] AssetChangedListener.OnPostprocessAllAssets                                                                                          :        2 samples, Peak.  1.32 ms (1.0x), Avg.  1.32 ms, Total. 2.636 ms (0.0%)
[Performance] PostProcessor.OnPostprocessAllAssets                                                                                                 :        2 samples, Peak.   275 us (1.0x), Avg.   274 us, Total. 547.0 us (0.0%)
[Performance] ShaderGraphAssetPostProcessor.OnPostprocessAllAssets                                                                                 :        2 samples, Peak.  1.71 ms (1.0x), Avg.  1.71 ms, Total. 3.426 ms (0.0%)
[Performance] SpeedTreePostProcessor.OnPostprocessAllAssets                                                                                        :        2 samples, Peak.   214 us (1.0x), Avg.   212 us, Total. 424.8 us (0.0%)
[Performance] TextAssetPostProcessor.OnPostprocessAllAssets                                                                                        :        2 samples, Peak.   407 us (1.0x), Avg.   406 us, Total. 811.8 us (0.0%)
[Performance] AssetPathToTypes.OnPostprocessAllAssets                                                                                              :        2 samples, Peak.   294 us (1.0x), Avg.   292 us, Total. 583.7 us (0.0%)
[Performance] InputActionAssetPostprocessor.OnPostprocessAllAssets                                                                                 :        2 samples, Peak.   329 us (1.0x), Avg.   328 us, Total. 655.3 us (0.0%)
[Performance] InputActionJsonNameModifierAssetProcessor.OnPostprocessAllAssets                                                                     :        2 samples, Peak.  92.0 us (1.0x), Avg.  90.3 us, Total. 180.7 us (0.0%)
[Performance] ProjectSettingsPostprocessor.OnPostprocessAllAssets                                                                                  :        2 samples, Peak.   191 us (1.0x), Avg.   190 us, Total. 381.0 us (0.0%)
[Performance] SyncVS.PostprocessSyncProject                                                                                                        :        1 samples, Peak.  3.26 ms (1.0x), Avg.  3.26 ms, Total. 3.256 ms (0.0%)
[Performance] Application.ImportPackagesAndSetTemplateWhenCreatingProject                                                                          :        1 samples, Peak.  11.5 ms (1.0x), Avg.  11.5 ms, Total. 11.52 ms (0.0%)
[Performance] Application.SyncCurrentColorSpace                                                                                                    :        1 samples, Peak.  35.8 ms (1.0x), Avg.  35.8 ms, Total. 35.78 ms (0.0%)
[Performance] Application.OnUsbDevicesChanged                                                                                                      :        1 samples, Peak.  43.0 ms (1.0x), Avg.  43.0 ms, Total. 43.04 ms (0.1%)
[Performance] Application.AssetInstanceCacheUpdate                                                                                                 :        1 samples, Peak.   400 ns (1.0x), Avg.   400 ns, Total. 400.0 ns (0.0%)
[Performance] Application.UnityExtensions.Initialize                                                                                               :        1 samples, Peak.  7.14 ms (1.0x), Avg.  7.14 ms, Total. 7.142 ms (0.0%)
[Performance] CodeEditorProjectSync.SyncEditorProject                                                                                              :        1 samples, Peak.   395 ms (1.0x), Avg.   395 ms, Total. 394.7 ms (0.5%)
[Performance] Application.ExecuteStartups                                                                                                          :        1 samples, Peak.  27.4 ms (1.0x), Avg.  27.4 ms, Total. 27.40 ms (0.0%)
[Performance] Menu.RegisterMenuInterface                                                                                                           :       26 samples, Peak.  2.30 us (7.3x), Avg.   315 ns, Total. 8.200 us (0.0%)
[Performance] Gizmo.RebuildRenderers                                                                                                               :        1 samples, Peak.  25.5 ms (1.0x), Avg.  25.5 ms, Total. 25.48 ms (0.0%)
[Performance] Gizmo.AddGizmoRenderers                                                                                                              :      122 samples, Peak.  1.78 ms (53.1x), Avg.  33.6 us, Total. 4.097 ms (0.0%)
[Performance] Application.editorInitializingProject                                                                                                :        1 samples, Peak.  33.9 us (1.0x), Avg.  33.9 us, Total. 33.90 us (0.0%)
[Performance] Application.FinishLoadingProject                                                                                                     :        1 samples, Peak.  1.72 s (1.0x), Avg.  1.72 s, Total. 1.724 s (2.4%)
[Performance] Application.InitializeMenu                                                                                                           :        1 samples, Peak.  1.50 s (1.0x), Avg.  1.50 s, Total. 1.498 s (2.1%)
[Performance] Menu.RebuildAll                                                                                                                      :        1 samples, Peak.  1.50 s (1.0x), Avg.  1.50 s, Total. 1.498 s (2.1%)
[Performance] Menu.BuildRegisteredMenuInterfaces                                                                                                   :        1 samples, Peak.  1.50 s (1.0x), Avg.  1.50 s, Total. 1.496 s (2.0%)
[Performance] Menu.FilterMenuItem                                                                                                                  :      819 samples, Peak.  71.1 ms (813.1x), Avg.  87.4 us, Total. 71.62 ms (0.1%)
[Performance] UpdateAllMenus                                                                                                                       :        1 samples, Peak.   438 us (1.0x), Avg.   438 us, Total. 437.8 us (0.0%)
[Performance] Menu.RebuildOSMainMenu                                                                                                               :        2 samples, Peak.  3.17 ms (1.2x), Avg.  2.59 ms, Total. 5.171 ms (0.0%)
[Performance] EditorSceneManager.sceneClosing: UnityEditor.SceneVisibilityManager.EditorSceneManagerOnSceneClosing                                 :        3 samples, Peak.   224 us (2.8x), Avg.  79.9 us, Total. 239.8 us (0.0%)
[Performance] GUIView.RepaintAll.PlayerLoopController                                                                                              :        9 samples, Peak.  2.70 us (3.5x), Avg.   767 ns, Total. 6.900 us (0.0%)
[Performance] EditorSceneManager.newSceneCreated: UnityEditor.SceneTemplate.SceneTemplateService.OnNewSceneCreated                                 :        3 samples, Peak.   304 us (3.0x), Avg.   103 us, Total. 307.9 us (0.0%)
[Performance] EditorSceneManager.newSceneCreated: UnityEditor.SceneVisibilityManager.EditorSceneManagerOnNewSceneCreated                           :        3 samples, Peak.   220 us (2.7x), Avg.  82.9 us, Total. 248.6 us (0.0%)
[Performance] EditorSceneManager.newSceneCreated: UnityEditor.SceneManagement.StageNavigationManager.OnNewSceneCreated                             :        3 samples, Peak.  61.3 us (2.9x), Avg.  21.3 us, Total. 63.80 us (0.0%)
[Performance] Application.InvokeFinishedLoadingProject                                                                                             :        1 samples, Peak.  74.9 ms (1.0x), Avg.  74.9 ms, Total. 74.91 ms (0.1%)
[Performance] ProcessService.OnProjectLoaded                                                                                                       :        1 samples, Peak.  56.3 us (1.0x), Avg.  56.3 us, Total. 56.30 us (0.0%)
[Performance] Application.InvokeProjectWasLoaded                                                                                                   :        1 samples, Peak.  67.7 us (1.0x), Avg.  67.7 us, Total. 67.70 us (0.0%)
[Performance] Application.Message                                                                                                                  :       57 samples, Peak.  22.0 us (23.8x), Avg.   923 ns, Total. 52.60 us (0.0%)
[Performance] Application.Message.WM_0031F                                                                                                         :        1 samples, Peak.  3.60 us (1.0x), Avg.  3.60 us, Total. 3.600 us (0.0%)
[Performance] Application.Tick                                                                                                                     :       56 samples, Peak.   923 ms (31.1x), Avg.  29.7 ms, Total. 1.662 s (2.3%)
[Performance] CheckLicensingClient                                                                                                                 :        1 samples, Peak.  9.40 us (1.0x), Avg.  9.40 us, Total. 9.400 us (0.0%)
[Performance] CheckLicensingClientNotification                                                                                                     :        1 samples, Peak.  14.0 us (1.0x), Avg.  14.0 us, Total. 14.00 us (0.0%)
[Performance] LicenseActivated.Tick                                                                                                                :        1 samples, Peak.  11.6 ms (1.0x), Avg.  11.6 ms, Total. 11.60 ms (0.0%)
[Performance] Application.TickVersionControl                                                                                                       :       57 samples, Peak.  5.40 us (5.5x), Avg.   982 ns, Total. 56.00 us (0.0%)
[Performance] MonoCompiler.Tick                                                                                                                    :        4 samples, Peak.  5.70 us (1.4x), Avg.  4.20 us, Total. 16.80 us (0.0%)
[Performance] UnityConnect.Tick                                                                                                                    :        9 samples, Peak.  5.85 ms (8.7x), Avg.   670 us, Total. 6.027 ms (0.0%)
[Performance] UnityVersionControl.Tick                                                                                                             :        9 samples, Peak.   500 ns (1.3x), Avg.   389 ns, Total. 3.500 us (0.0%)
[Performance] CurlRequest.Tick                                                                                                                     :        6 samples, Peak.   185 us (4.6x), Avg.  40.5 us, Total. 243.0 us (0.0%)
[Performance] HubClient.Tick                                                                                                                       :        6 samples, Peak.  1.90 us (3.9x), Avg.   483 ns, Total. 2.900 us (0.0%)
[Performance] AssetDatabase.Tick                                                                                                                   :        6 samples, Peak.  61.8 us (5.8x), Avg.  10.6 us, Total. 63.90 us (0.0%)
[Performance] SceneBackgroundTask.Tick                                                                                                             :        5 samples, Peak.   400 ns (1.7x), Avg.   240 ns, Total. 1.200 us (0.0%)
[Performance] Scheduler.Tick                                                                                                                       :       20 samples, Peak.  1.87 ms (19.0x), Avg.  98.5 us, Total. 1.970 ms (0.0%)
[Performance] RepaintAllProfilerWindows                                                                                                            :        3 samples, Peak.   263 us (3.0x), Avg.  88.6 us, Total. 265.9 us (0.0%)
[Performance] PlayerUpdates.Tick                                                                                                                   :        9 samples, Peak.  31.4 us (1.7x), Avg.  18.1 us, Total. 162.8 us (0.0%)
[Performance] Application.TickGlobalCallbacks                                                                                                      :       57 samples, Peak.  30.7 ms (54.9x), Avg.   560 us, Total. 31.91 ms (0.0%)
[Performance] CoreBusinessMetrics.Tick                                                                                                             :        1 samples, Peak.  47.8 us (1.0x), Avg.  47.8 us, Total. 47.80 us (0.0%)
[Performance] EditorAnalytics.Tick                                                                                                                 :        4 samples, Peak.  11.0 us (3.6x), Avg.  3.03 us, Total. 12.10 us (0.0%)
[Performance] GI.Tick                                                                                                                              :        9 samples, Peak.   510 us (4.9x), Avg.   103 us, Total. 930.5 us (0.0%)
[Performance] Video.Update                                                                                                                         :       57 samples, Peak.  3.50 us (7.1x), Avg.   493 ns, Total. 28.10 us (0.0%)
[Performance] UnitySynchronization.ExecuteTasks                                                                                                    :        9 samples, Peak.  5.40 us (2.0x), Avg.  2.69 us, Total. 24.20 us (0.0%)
[Performance] Application.TickPreloadManager                                                                                                       :       57 samples, Peak.  9.20 us (3.0x), Avg.  3.06 us, Total. 174.4 us (0.0%)
[Performance] Application.TickProgress                                                                                                             :       57 samples, Peak.  2.19 ms (56.1x), Avg.  39.0 us, Total. 2.225 ms (0.0%)
[Performance] Application.TickSceneTracker                                                                                                         :       56 samples, Peak.   815 ms (29.6x), Avg.  27.5 ms, Total. 1.539 s (2.1%)
[Performance] EditorApplication.update                                                                                                             :       56 samples, Peak.   814 ms (29.6x), Avg.  27.4 ms, Total. 1.537 s (2.1%)
[Performance] EditorApplication.update: UnityEngine.Rendering.ProbeSubdivisionContext+RealtimeProbeSubdivisionDebug.UpdateRealtimeSubdivisionDebug :       57 samples, Peak.  3.57 ms (56.4x), Avg.  63.2 us, Total. 3.603 ms (0.0%)
[Performance] EditorApplication.update: callback in Microsoft.Unity.VisualStudio.Editor.VisualStudioIntegration                                    :        1 samples, Peak.  2.77 ms (1.0x), Avg.  2.77 ms, Total. 2.773 ms (0.0%)
[Performance] EditorApplication.update: Microsoft.Unity.VisualStudio.Editor.VisualStudioIntegration.OnUpdate                                       :       57 samples, Peak.   318 us (45.9x), Avg.  6.93 us, Total. 395.2 us (0.0%)
[Performance] EditorApplication.update: com.IvanMurzak.Unity.MCP.Editor.DependencyResolver.NuGetDependencyResolver.ResolveOnce                     :        1 samples, Peak.   772 ms (1.0x), Avg.   772 ms, Total. 771.8 ms (1.1%)
[Performance] EditorApplication.update: com.IvanMurzak.Unity.MCP.Editor.Utils.ScriptUtils.ProcessPendingNotificationsOnce                          :        1 samples, Peak.   781 us (1.0x), Avg.   781 us, Total. 780.8 us (0.0%)
[Performance] EditorApplication.update: com.IvanMurzak.Unity.MCP.Editor.Utils.PackageUtils.ProcessPendingNotificationsOnce                         :        1 samples, Peak.   623 us (1.0x), Avg.   623 us, Total. 622.7 us (0.0%)
[Performance] EditorApplication.update: com.IvanMurzak.Unity.MCP.Editor.McpServerManager.CheckExistingProcess                                      :        1 samples, Peak.  1.19 ms (1.0x), Avg.  1.19 ms, Total. 1.190 ms (0.0%)
[Performance] EditorApplication.update: com.IvanMurzak.Unity.MCP.Editor.McpServerManager.StartServerIfNeeded                                       :        1 samples, Peak.   224 us (1.0x), Avg.   224 us, Total. 223.9 us (0.0%)
[Performance] EditorApplication.update: MCPForUnity.Editor.Services.EditorStateCache.OnUpdate                                                      :       57 samples, Peak.   382 us (50.4x), Avg.  7.58 us, Total. 432.0 us (0.0%)
[Performance] EditorApplication.update: MCPForUnity.Editor.Services.Transport.TransportCommandDispatcher.ProcessQueue                              :       57 samples, Peak.   497 us (54.0x), Avg.  9.21 us, Total. 525.0 us (0.0%)
[Performance] EditorApplication.update: callback in UnityEditor.Rendering.Universal.MaterialReimporter                                             :       57 samples, Peak.   134 us (43.1x), Avg.  3.11 us, Total. 177.4 us (0.0%)
[Performance] EditorApplication.update: UnityEditor.AddressableAssets.Settings.AddressableAssetSettings.TryAddAssetPostprocessorOnNextUpdate       :        1 samples, Peak.  91.0 us (1.0x), Avg.  91.0 us, Total. 91.00 us (0.0%)
[Performance] EditorApplication.update: UnityEditor.TestTools.TestRunner.CommandLineTest.TestStarter.InitializeAndExecuteRun                       :        1 samples, Peak.  28.9 ms (1.0x), Avg.  28.9 ms, Total. 28.89 ms (0.0%)
[Performance] EditorApplication.update: UnityEditor.PackageManager.UI.Internal.ApplicationProxy.OnUpdate                                           :       57 samples, Peak.   513 us (49.8x), Avg.  10.3 us, Total. 587.0 us (0.0%)
[Performance] EditorApplication.update: UnityEditor.SceneManagement.StageNavigationManager.Update                                                  :       57 samples, Peak.   391 us (54.5x), Avg.  7.18 us, Total. 409.1 us (0.0%)
[Performance] ConsoleLog.Tick                                                                                                                      :        3 samples, Peak.   250 us (2.6x), Avg.  95.6 us, Total. 286.8 us (0.0%)
[Performance] HierarchyWindow.Tick                                                                                                                 :        4 samples, Peak.   616 us (3.0x), Avg.   207 us, Total. 829.5 us (0.0%)
[Performance] EditorApplication.hierarchyChanged: Unity.UIElements.Editor.UIDocumentHierarchyWatcher.OnHierarchyChanged                            :        2 samples, Peak.   221 us (1.9x), Avg.   119 us, Total. 237.5 us (0.0%)
[Performance] Inspector.Tick                                                                                                                       :        4 samples, Peak.  54.1 ms (4.0x), Avg.  13.5 ms, Total. 54.11 ms (0.1%)
[Performance] EditorApplication.delayCall: UnityEditor.ShortcutManagement.ShortcutIntegration.EnsureShortcutsAreInitialized                        :        1 samples, Peak.  26.8 ms (1.0x), Avg.  26.8 ms, Total. 26.82 ms (0.0%)
[Performance] EditorApplication.delayCall: callback in UnityEngine.InputSystem.EnhancedTouch.TouchSimulation                                       :        1 samples, Peak.   539 us (1.0x), Avg.   539 us, Total. 539.4 us (0.0%)
[Performance] EditorApplication.delayCall: UnityEngine.InputSystem.InputSystem.SetUpRemotingInternal                                               :        1 samples, Peak.  6.24 ms (1.0x), Avg.  6.24 ms, Total. 6.240 ms (0.0%)
[Performance] EditorApplication.delayCall: UnityEngine.InputSystem.InputSystem.ShowRestartWarning                                                  :        1 samples, Peak.  8.72 ms (1.0x), Avg.  8.72 ms, Total. 8.723 ms (0.0%)
[Performance] EditorApplication.delayCall: com.IvanMurzak.Unity.MCP.Editor.Utils.UpdateChecker.CheckForUpdatesOnStartup                            :        1 samples, Peak.  8.67 ms (1.0x), Avg.  8.67 ms, Total. 8.669 ms (0.0%)
[Performance] EditorApplication.delayCall: MCPForUnity.Editor.Helpers.ProjectIdentityUtility.CacheIdentityOnMainThread                             :        1 samples, Peak.  1.41 ms (1.0x), Avg.  1.41 ms, Total. 1.411 ms (0.0%)
[Performance] EditorApplication.delayCall: callback in UnityEditor.EditorTools.ToolShortcutContext                                                 :        1 samples, Peak.  1.26 ms (1.0x), Avg.  1.26 ms, Total. 1.256 ms (0.0%)
[Performance] EditorApplication.delayCall: callback in UnityEditor.SceneVisibilityManager                                                          :        1 samples, Peak.   106 us (1.0x), Avg.   106 us, Total. 106.2 us (0.0%)
[Performance] EditorApplication.delayCall: callback in UnityEditor.EditorWindow                                                                    :        1 samples, Peak.  46.9 us (1.0x), Avg.  46.9 us, Total. 46.90 us (0.0%)
[Performance] Tooltip.Tick                                                                                                                         :        8 samples, Peak.   106 us (3.1x), Avg.  34.7 us, Total. 277.5 us (0.0%)
[Performance] Application.RequestRepaintForPanels                                                                                                  :       56 samples, Peak.   377 us (40.3x), Avg.  9.37 us, Total. 524.5 us (0.0%)
[Performance] Application.UpdateScene                                                                                                              :       56 samples, Peak.  8.00 ms (46.9x), Avg.   171 us, Total. 9.550 ms (0.0%)
[Performance] Application.UpdateTextureStreaming                                                                                                   :       56 samples, Peak.   600 ns (2.7x), Avg.   225 ns, Total. 12.60 us (0.0%)
[Performance] Application.UpdateVideoTextures                                                                                                      :       56 samples, Peak.  1000 ns (4.6x), Avg.   216 ns, Total. 12.10 us (0.0%)
[Performance] PackageImporter.Tick                                                                                                                 :        3 samples, Peak.   400 ns (1.3x), Avg.   300 ns, Total. 900.0 ns (0.0%)
[Performance] InspectorBackground.Tick                                                                                                             :        4 samples, Peak.  1.70 us (1.8x), Avg.   950 ns, Total. 3.800 us (0.0%)
[Performance] BurstDebug.Tick                                                                                                                      :        2 samples, Peak.   900 ns (1.1x), Avg.   850 ns, Total. 1.700 us (0.0%)
[Performance] Application.ChangeLayoutIfNeeded                                                                                                     :       56 samples, Peak.  1.30 us (14.0x), Avg.  92.9 ns, Total. 5.200 us (0.0%)
[Performance] AsyncReadManager.ForceCloseFiles                                                                                                     :        1 samples, Peak.   900 ns (1.0x), Avg.   900 ns, Total. 900.0 ns (0.0%)
[Performance] EditorApplication.update: UnityEditor.TestTools.TestRunner.TestRun.TestJobRunner.ExecuteCallback                                     :       56 samples, Peak.   290 ms (22.5x), Avg.  12.9 ms, Total. 722.3 ms (1.0%)
[Performance] EditorApplication.update: UnityEditor.TestTools.TestRunner.CommandLineTest.Executer.ExitIfRunIsCompleted                             :       55 samples, Peak.   483 us (40.5x), Avg.  11.9 us, Total. 655.3 us (0.0%)
[Performance] GUIView.RepaintAll.RepaintScene                                                                                                      :       50 samples, Peak.  1.70 us (4.2x), Avg.   406 ns, Total. 20.30 us (0.0%)
[Performance] Application.Shutdown.SaveDefaultWindowPreferences                                                                                    :        1 samples, Peak.   119 us (1.0x), Avg.   119 us, Total. 118.8 us (0.0%)
[Performance] Application.Shutdown.SaveSceneManagerSetup                                                                                           :        1 samples, Peak.   372 us (1.0x), Avg.   372 us, Total. 371.8 us (0.0%)
[Performance] Application.Shutdown.CleanupAllContainerWindows                                                                                      :        1 samples, Peak.   700 ns (1.0x), Avg.   700 ns, Total. 700.0 ns (0.0%)
[Performance] EditorApplication.quitting: Unity.Burst.Editor.BurstLoader.OnEditorApplicationQuitting                                               :        1 samples, Peak.  33.8 us (1.0x), Avg.  33.8 us, Total. 33.80 us (0.0%)
[Performance] EditorApplication.quitting: com.IvanMurzak.Unity.MCP.Editor.McpServerManager.OnEditorQuitting                                        :        1 samples, Peak.   486 us (1.0x), Avg.   486 us, Total. 485.6 us (0.0%)
[Performance] EditorApplication.quitting: MCPForUnity.Editor.Services.McpEditorShutdownCleanup.OnEditorQuitting                                    :        1 samples, Peak.  3.70 ms (1.0x), Avg.  3.70 ms, Total. 3.704 ms (0.0%)
[Performance] EditorApplication.quitting: MCPForUnity.Editor.Services.StdioBridgeReloadHandler.CancelRetries                                       :        1 samples, Peak.  95.3 us (1.0x), Avg.  95.3 us, Total. 95.30 us (0.0%)
[Performance] EditorApplication.quitting: callback in UnityEditor.TextCore.Text.EditorEventCallbacks                                               :        1 samples, Peak.  13.4 ms (1.0x), Avg.  13.4 ms, Total. 13.36 ms (0.0%)
[Performance] Killing ADB server                                                                                                                   :        1 samples, Peak.  45.1 ms (1.0x), Avg.  45.1 ms, Total. 45.14 ms (0.1%)
[Performance] Application.Shutdown.PauseProfilerSession                                                                                            :        1 samples, Peak.  30.6 us (1.0x), Avg.  30.6 us, Total. 30.60 us (0.0%)
[Performance] Application.Shutdown.PauseAssetImportWorkers                                                                                         :        1 samples, Peak.   244 us (1.0x), Avg.   244 us, Total. 244.5 us (0.0%)
[Performance] Application.Shutdown.SaveAssets                                                                                                      :        1 samples, Peak.  25.0 ms (1.0x), Avg.  25.0 ms, Total. 24.98 ms (0.0%)
[Performance] BuilderAssetModificationProcessor.OnWillSaveAssets                                                                                   :        1 samples, Peak.   344 us (1.0x), Avg.   344 us, Total. 344.3 us (0.0%)
[Performance] TerrainModificationProcessor.OnWillSaveAssets                                                                                        :        1 samples, Peak.   502 us (1.0x), Avg.   502 us, Total. 502.5 us (0.0%)
[Performance] Application.Shutdown.CleanupRenderPipeline                                                                                           :        1 samples, Peak.  8.80 us (1.0x), Avg.  8.80 us, Total. 8.800 us (0.0%)
[Performance] Application.Shutdown.StopPreloadManager                                                                                              :        1 samples, Peak.  10.4 ms (1.0x), Avg.  10.4 ms, Total. 10.35 ms (0.0%)
[Performance] Application.Shutdown.DestroyWorld                                                                                                    :        1 samples, Peak.   670 us (1.0x), Avg.   670 us, Total. 670.1 us (0.0%)
[Performance] Application.Shutdown.CleanupAfterLoad                                                                                                :        1 samples, Peak.   273 ms (1.0x), Avg.   273 ms, Total. 273.2 ms (0.4%)
[Performance] Application.Shutdown.Progress                                                                                                        :        1 samples, Peak.  10.8 us (1.0x), Avg.  10.8 us, Total. 10.80 us (0.0%)
[Performance] Application.Shutdown.GICleanupManagers                                                                                               :        1 samples, Peak.   459 us (1.0x), Avg.   459 us, Total. 458.7 us (0.0%)
[Performance] Application.Shutdown.MenuCleanupClass                                                                                                :        1 samples, Peak.   276 us (1.0x), Avg.   276 us, Total. 276.4 us (0.0%)
[Performance] Application.Shutdown.ADBSaveStateBeforeShutdown                                                                                      :        1 samples, Peak.  10.4 us (1.0x), Avg.  10.4 us, Total. 10.40 us (0.0%)
[Performance] Application.Shutdown.RemoteShutdown                                                                                                  :        1 samples, Peak.  1000 ns (1.0x), Avg.  1000 ns, Total. 1000.0 ns (0.0%)
[Performance] Application.Shutdown.CleanupVCProvider                                                                                               :        1 samples, Peak.  11.4 us (1.0x), Avg.  11.4 us, Total. 11.40 us (0.0%)
[Performance] Application.Shutdown.InputShutdown                                                                                                   :        1 samples, Peak.  2.20 us (1.0x), Avg.  2.20 us, Total. 2.200 us (0.0%)
[Performance] Application.Shutdown.GizmoManagerDestroy                                                                                             :        1 samples, Peak.   672 us (1.0x), Avg.   672 us, Total. 672.0 us (0.0%)
[Performance] Application.Shutdown.ProfilerSession                                                                                                 :        1 samples, Peak.   121 us (1.0x), Avg.   121 us, Total. 121.1 us (0.0%)
[Performance] Application.Shutdown.ReleaseGfxWindowOnAllGUIViews                                                                                   :        1 samples, Peak.   300 ns (1.0x), Avg.   300 ns, Total. 300.0 ns (0.0%)
[Performance] Application.Shutdown.CleanupEngine                                                                                                   :        1 samples, Peak.   112 ms (1.0x), Avg.   112 ms, Total. 112.0 ms (0.2%)
[Performance] Application.Shutdown.CleanupAssetDatabase                                                                                            :        1 samples, Peak.  6.83 ms (1.0x), Avg.  6.83 ms, Total. 6.832 ms (0.0%)
[Performance] Application.Shutdown.ScriptCompilationCleanUp                                                                                        :        1 samples, Peak.  16.1 ms (1.0x), Avg.  16.1 ms, Total. 16.15 ms (0.0%)
[Performance] Application.Shutdown.DestroyJobSystem                                                                                                :        1 samples, Peak.   105 us (1.0x), Avg.   105 us, Total. 104.9 us (0.0%)
[Performance] Application.Shutdown.CleanupPersistentManager                                                                                        :        1 samples, Peak.  3.13 ms (1.0x), Avg.  3.13 ms, Total. 3.127 ms (0.0%)
[Performance] Application.Shutdown.CleanupAsyncReadManager                                                                                         :        1 samples, Peak.   286 us (1.0x), Avg.   286 us, Total. 286.2 us (0.0%)
[Performance] Application.Shutdown.CleanupProgressBar                                                                                              :        1 samples, Peak.   400 ns (1.0x), Avg.   400 ns, Total. 400.0 ns (0.0%)
[Performance] Application.Shutdown.CleanupMono                                                                                                     :        1 samples, Peak.  6.28 s (1.0x), Avg.  6.28 s, Total. 6.281 s (8.6%)
[Performance] Application.Shutdown.CleanupStdConverters                                                                                            :        1 samples, Peak.  8.50 us (1.0x), Avg.  8.50 us, Total. 8.500 us (0.0%)
[Performance] Application.Shutdown.UnloadAllPlatformSupportModuleNativeDlls                                                                        :        1 samples, Peak.   600 ns (1.0x), Avg.   600 ns, Total. 600.0 ns (0.0%)
[Performance] Application.Shutdown.UnloadAllPlatformSupportNativeLibraries                                                                         :        1 samples, Peak.   100 ns (1.0x), Avg.   100 ns, Total. 100.0 ns (0.0%)
[Performance] Application.Shutdown.CleanupAutoDocumentation                                                                                        :        1 samples, Peak.   363 us (1.0x), Avg.   363 us, Total. 363.4 us (0.0%)
[Performance] Application.Shutdown.ShaderNameManagerDestroy                                                                                        :        1 samples, Peak.  58.9 us (1.0x), Avg.  58.9 us, Total. 58.90 us (0.0%)
[Performance] Application.Shutdown.CleanupCacheServer                                                                                              :        1 samples, Peak. 0.0 (-nan(ind)x), Avg. 0.0, Total. 0.0 (0.0%)
[Performance] Application.Shutdown.Virtualization_Shutdown                                                                                         :        1 samples, Peak.   400 ns (1.0x), Avg.   400 ns, Total. 400.0 ns (0.0%)
[Performance] Application.Shutdown.DevConnections                                                                                                  :        1 samples, Peak.  99.9 us (1.0x), Avg.  99.9 us, Total. 99.90 us (0.0%)
Checking for leaked weakptr:
  Found no leaked weakptrs.
[Package Manager] Server::Kill -- Server was shutdown
Memory Statistics:
[ALLOC_TEMP_TLS] TLS Allocator
  StackAllocators : 
    [ALLOC_TEMP_CurlRequest]
      Initial Block Size 64.0 KB
      Current Block Size 64.0 KB
      Peak Allocated Bytes 0 B
      Overflow Count 0
    [ALLOC_TEMP_MAIN]
      Peak usage frame count: [4.0 KB-8.0 KB]: 1 frames, [256.0 KB-0.5 MB]: 2 frames, [0.5 MB-1.0 MB]: 2 frames, [8.0 MB-16.0 MB]: 1 frames
      Initial Block Size 16.0 MB
      Current Block Size 22.7 MB
      Peak Allocated Bytes 13.6 MB
      Overflow Count 0
    [ALLOC_TEMP_Background Job.Worker 8]
      Initial Block Size 32.0 KB
      Current Block Size 32.0 KB
      Peak Allocated Bytes 54 B
      Overflow Count 0
    [ALLOC_TEMP_Job.Worker 4]
      Initial Block Size 256.0 KB
      Current Block Size 1.0 MB
      Peak Allocated Bytes 1.0 MB
      Overflow Count 1
    [ALLOC_TEMP_AUDIO_FMOD mixer thread]
      Initial Block Size 64.0 KB
      Current Block Size 64.0 KB
      Peak Allocated Bytes 54 B
      Overflow Count 0
    [ALLOC_TEMP_BakingJobs.Worker 5]
      Initial Block Size 256.0 KB
      Current Block Size 256.0 KB
      Peak Allocated Bytes 54 B
      Overflow Count 0
    [ALLOC_TEMP_Background Job.Worker 11]
      Initial Block Size 32.0 KB
      Current Block Size 32.0 KB
      Peak Allocated Bytes 54 B
      Overflow Count 0
    [ALLOC_TEMP_Background Job.Worker 3]
      Initial Block Size 32.0 KB
      Current Block Size 32.0 KB
      Peak Allocated Bytes 54 B
      Overflow Count 0
    [ALLOC_TEMP_BatchDeleteObjects]
      Initial Block Size 64.0 KB
      Current Block Size 64.0 KB
      Peak Allocated Bytes 54 B
      Overflow Count 0
    [ALLOC_TEMP_CoreBusinessMetricsCache]
      Initial Block Size 64.0 KB
      Current Block Size 64.0 KB
      Peak Allocated Bytes 8.0 KB
      Overflow Count 0
    [ALLOC_TEMP_REST Message Handler]
      Initial Block Size 64.0 KB
      Current Block Size 64.0 KB
      Peak Allocated Bytes 54 B
      Overflow Count 0
    [ALLOC_TEMP_Job.Worker 13]
      Initial Block Size 256.0 KB
      Current Block Size 256.0 KB
      Peak Allocated Bytes 1.2 KB
      Overflow Count 1
    [ALLOC_TEMP_Background Job.Worker 2]
      Initial Block Size 32.0 KB
      Current Block Size 32.0 KB
      Peak Allocated Bytes 1.5 KB
      Overflow Count 0
    [ALLOC_TEMP_AssetDatabase.IOService]
      Initial Block Size 64.0 KB
      Current Block Size 64.0 KB
      Peak Allocated Bytes 54 B
      Overflow Count 0
    [ALLOC_TEMP_Job.Worker 10]
      Initial Block Size 256.0 KB
      Current Block Size 1.0 MB
      Peak Allocated Bytes 1.0 MB
      Overflow Count 1
    [ALLOC_TEMP_Job.Worker 12]
      Initial Block Size 256.0 KB
      Current Block Size 256.0 KB
      Peak Allocated Bytes 1.4 KB
      Overflow Count 1
    [ALLOC_TEMP_Loading.PreloadManager]
      Initial Block Size 32.0 MB
      Current Block Size 32.0 MB
      Peak Allocated Bytes 54 B
      Overflow Count 0
    [ALLOC_TEMP_Profiler.Dispatcher]
      Initial Block Size 64.0 KB
      Current Block Size 64.0 KB
      Peak Allocated Bytes 0 B
      Overflow Count 0
    [ALLOC_TEMP_Job.Worker 14]
      Initial Block Size 256.0 KB
      Current Block Size 256.0 KB
      Peak Allocated Bytes 1.3 KB
      Overflow Count 1
    [ALLOC_TEMP_Job.Worker 3]
      Initial Block Size 256.0 KB
      Current Block Size 1.0 MB
      Peak Allocated Bytes 1.0 MB
      Overflow Count 1
    [ALLOC_TEMP_BakingJobs.Worker 7]
      Initial Block Size 256.0 KB
      Current Block Size 256.0 KB
      Peak Allocated Bytes 54 B
      Overflow Count 0
    [ALLOC_TEMP_Background Job.Worker 5]
      Initial Block Size 32.0 KB
      Current Block Size 32.0 KB
      Peak Allocated Bytes 54 B
      Overflow Count 0
    [ALLOC_TEMP_CurlRequest]
      Initial Block Size 64.0 KB
      Current Block Size 64.0 KB
      Peak Allocated Bytes 1.4 KB
      Overflow Count 0
    [ALLOC_TEMP_Background Job.Worker 13]
      Initial Block Size 32.0 KB
      Current Block Size 32.0 KB
      Peak Allocated Bytes 54 B
      Overflow Count 0
    [ALLOC_TEMP_Job.Worker 2]
      Initial Block Size 256.0 KB
      Current Block Size 1.0 MB
      Peak Allocated Bytes 1.0 MB
      Overflow Count 1
    [ALLOC_TEMP_BakingJobs.Worker 6]
      Initial Block Size 256.0 KB
      Current Block Size 256.0 KB
      Peak Allocated Bytes 54 B
      Overflow Count 0
    [ALLOC_TEMP_Job.Worker 11]
      Initial Block Size 256.0 KB
      Current Block Size 256.0 KB
      Peak Allocated Bytes 1.3 KB
      Overflow Count 1
    [ALLOC_TEMP_Job.Worker 0]
      Initial Block Size 256.0 KB
      Current Block Size 256.0 KB
      Peak Allocated Bytes 1.2 KB
      Overflow Count 0
    [ALLOC_TEMP_Job.Worker 5]
      Initial Block Size 256.0 KB
      Current Block Size 1.0 MB
      Peak Allocated Bytes 1.0 MB
      Overflow Count 1
    [ALLOC_TEMP_Job.Worker 6]
      Initial Block Size 256.0 KB
      Current Block Size 1.0 MB
      Peak Allocated Bytes 1.0 MB
      Overflow Count 1
    [ALLOC_TEMP_Background Job.Worker 9]
      Initial Block Size 32.0 KB
      Current Block Size 32.0 KB
      Peak Allocated Bytes 54 B
      Overflow Count 0
    [ALLOC_TEMP_DirMonitor]
      Initial Block Size 64.0 KB
      Current Block Size 64.0 KB
      Peak Allocated Bytes 0.6 KB
      Overflow Count 0
    [ALLOC_TEMP_Job.Worker 9]
      Initial Block Size 256.0 KB
      Current Block Size 1.0 MB
      Peak Allocated Bytes 1.0 MB
      Overflow Count 1
    [ALLOC_TEMP_BakingJobs.Worker 1]
      Initial Block Size 256.0 KB
      Current Block Size 256.0 KB
      Peak Allocated Bytes 0.6 KB
      Overflow Count 0
    [ALLOC_TEMP_Loading.AsyncRead]
      Initial Block Size 64.0 KB
      Current Block Size 64.0 KB
      Peak Allocated Bytes 128 B
      Overflow Count 0
    [ALLOC_TEMP_Background Job.Worker 10]
      Initial Block Size 32.0 KB
      Current Block Size 32.0 KB
      Peak Allocated Bytes 54 B
      Overflow Count 0
    [ALLOC_TEMP_Background Job.Worker 6]
      Initial Block Size 32.0 KB
      Current Block Size 32.0 KB
      Peak Allocated Bytes 54 B
      Overflow Count 0
    [ALLOC_TEMP_AUDIO_FMOD (WASAPI) feeder thread]
      Initial Block Size 64.0 KB
      Current Block Size 64.0 KB
      Peak Allocated Bytes 168 B
      Overflow Count 0
    [ALLOC_TEMP_Background Job.Worker 1]
      Initial Block Size 32.0 KB
      Current Block Size 256.0 KB
      Peak Allocated Bytes 128.5 KB
      Overflow Count 63
    [ALLOC_TEMP_AUDIO_FMOD stream thread]
      Initial Block Size 64.0 KB
      Current Block Size 64.0 KB
      Peak Allocated Bytes 54 B
      Overflow Count 0
    [ALLOC_TEMP_BakingJobs.Worker 2]
      Initial Block Size 256.0 KB
      Current Block Size 256.0 KB
      Peak Allocated Bytes 54 B
      Overflow Count 0
    [ALLOC_TEMP_Background Job.Worker 7]
      Initial Block Size 32.0 KB
      Current Block Size 32.0 KB
      Peak Allocated Bytes 54 B
      Overflow Count 0
    [ALLOC_TEMP_Job.Worker 8]
      Initial Block Size 256.0 KB
      Current Block Size 1.0 MB
      Peak Allocated Bytes 1.0 MB
      Overflow Count 1
    [ALLOC_TEMP_Job.Worker 1]
      Initial Block Size 256.0 KB
      Current Block Size 1.0 MB
      Peak Allocated Bytes 1.0 MB
      Overflow Count 1
    [ALLOC_TEMP_BakingJobs.Worker 0]
      Initial Block Size 256.0 KB
      Current Block Size 256.0 KB
      Peak Allocated Bytes 54 B
      Overflow Count 0
    [ALLOC_TEMP_BakingJobs.Worker 3]
      Initial Block Size 256.0 KB
      Current Block Size 256.0 KB
      Peak Allocated Bytes 54 B
      Overflow Count 0
    [ALLOC_TEMP_EditorTaskManager]
      Initial Block Size 64.0 KB
      Current Block Size 68.0 KB
      Peak Allocated Bytes 64.0 KB
      Overflow Count 0
    [ALLOC_TEMP_Background Job.Worker 15]
      Initial Block Size 32.0 KB
      Current Block Size 32.0 KB
      Peak Allocated Bytes 54 B
      Overflow Count 0
    [ALLOC_TEMP_BakingJobs.Worker 4]
      Initial Block Size 256.0 KB
      Current Block Size 256.0 KB
      Peak Allocated Bytes 54 B
      Overflow Count 0
    [ALLOC_TEMP_Background Job.Worker 12]
      Initial Block Size 32.0 KB
      Current Block Size 32.0 KB
      Peak Allocated Bytes 54 B
      Overflow Count 0
    [ALLOC_TEMP_HTTP REST Server]
      Initial Block Size 64.0 KB
      Current Block Size 64.0 KB
      Peak Allocated Bytes 76 B
      Overflow Count 0
    [ALLOC_TEMP_AssetGarbageCollectorHelper] x 15
      Initial Block Size 64.0 KB
      Current Block Size 64.0 KB
      Peak Allocated Bytes 0 B
      Overflow Count 0
    [ALLOC_TEMP_Background Job.Worker 0]
      Initial Block Size 32.0 KB
      Current Block Size 32.0 KB
      Peak Allocated Bytes 54 B
      Overflow Count 0
    [ALLOC_TEMP_Background Job.Worker 4]
      Initial Block Size 32.0 KB
      Current Block Size 32.0 KB
      Peak Allocated Bytes 54 B
      Overflow Count 0
    [ALLOC_TEMP_Background Job.Worker 14]
      Initial Block Size 32.0 KB
      Current Block Size 32.0 KB
      Peak Allocated Bytes 54 B
      Overflow Count 0
    [ALLOC_TEMP_Job.Worker 7]
      Initial Block Size 256.0 KB
      Current Block Size 1.0 MB
      Peak Allocated Bytes 1.0 MB
      Overflow Count 1
[ALLOC_MEMORYPROFILER]
  Peak usage frame count: [256.0 KB-0.5 MB]: 5 frames, [0.5 MB-1.0 MB]: 1 frames
  Requested Block Size 1.0 MB
  Peak Block count 2
  Peak Allocated memory 0.9 MB
  Peak Large allocation bytes 0 B
[ALLOC_DEFAULT] Dual Thread Allocator
  Peak main deferred allocation count 1297
    [ALLOC_BUCKET]
      Large Block size 32.0 MB
      Used Block count 1
      Peak Allocated bytes 12.0 MB
    [ALLOC_DEFAULT_MAIN]
      Peak usage frame count: [64.0 MB-128.0 MB]: 6 frames
      Requested Block Size 16.0 MB
      Peak Block count 7
      Peak Allocated memory 96.5 MB
      Peak Large allocation bytes 0 B
    [ALLOC_DEFAULT_THREAD]
      Peak usage frame count: [4.0 MB-8.0 MB]: 5 frames, [64.0 MB-128.0 MB]: 1 frames
      Requested Block Size 16.0 MB
      Peak Block count 1
      Peak Allocated memory 64.2 MB
      Peak Large allocation bytes 54.9 MB
[ALLOC_TEMP_JOB_1_FRAME]
  Initial Block Size 2.0 MB
  Used Block Count 0
  Overflow Count (too large) 0
  Overflow Count (full) 0
[ALLOC_TEMP_JOB_2_FRAMES]
  Initial Block Size 2.0 MB
  Used Block Count 0
  Overflow Count (too large) 0
  Overflow Count (full) 0
[ALLOC_TEMP_JOB_4_FRAMES (JobTemp)]
  Initial Block Size 2.0 MB
  Used Block Count 1
  Overflow Count (too large) 0
  Overflow Count (full) 0
[ALLOC_TEMP_JOB_ASYNC (Background)]
  Initial Block Size 1.0 MB
  Used Block Count 1
  Overflow Count (too large) 7
  Overflow Count (full) 0
[ALLOC_GFX] Dual Thread Allocator
  Peak main deferred allocation count 0
    [ALLOC_BUCKET]
      Large Block size 32.0 MB
      Used Block count 1
      Peak Allocated bytes 12.0 MB
    [ALLOC_GFX_MAIN]
      Peak usage frame count: [4.0 MB-8.0 MB]: 6 frames
      Requested Block Size 16.0 MB
      Peak Block count 1
      Peak Allocated memory 5.9 MB
      Peak Large allocation bytes 0 B
    [ALLOC_GFX_THREAD]
      Peak usage frame count: [0-1.0 KB]: 6 frames
      Requested Block Size 16.0 MB
      Peak Block count 0
      Peak Allocated memory 0 B
      Peak Large allocation bytes 0 B
[ALLOC_CACHEOBJECTS] Dual Thread Allocator
  Peak main deferred allocation count 379
    [ALLOC_BUCKET]
      Large Block size 32.0 MB
      Used Block count 1
      Peak Allocated bytes 12.0 MB
    [ALLOC_CACHEOBJECTS_MAIN]
      Peak usage frame count: [16.0 MB-32.0 MB]: 5 frames, [64.0 MB-128.0 MB]: 1 frames
      Requested Block Size 4.0 MB
      Peak Block count 19
      Peak Allocated memory 64.7 MB
      Peak Large allocation bytes 21.5 MB
    [ALLOC_CACHEOBJECTS_THREAD]
      Peak usage frame count: [0-1.0 KB]: 6 frames
      Requested Block Size 4.0 MB
      Peak Block count 1
      Peak Allocated memory 304 B
      Peak Large allocation bytes 0 B
[ALLOC_TYPETREE] Dual Thread Allocator
  Peak main deferred allocation count 542
    [ALLOC_BUCKET]
      Large Block size 32.0 MB
      Used Block count 1
      Peak Allocated bytes 12.0 MB
    [ALLOC_TYPETREE_MAIN]
      Peak usage frame count: [1.0 MB-2.0 MB]: 5 frames, [16.0 MB-32.0 MB]: 1 frames
      Requested Block Size 2.0 MB
      Peak Block count 14
      Peak Allocated memory 24.5 MB
      Peak Large allocation bytes 0 B
    [ALLOC_TYPETREE_THREAD]
      Peak usage frame count: [1.0 KB-2.0 KB]: 6 frames
      Requested Block Size 2.0 MB
      Peak Block count 1
      Peak Allocated memory 2.0 KB
      Peak Large allocation bytes 0 B
[ALLOC_PROFILER]
  Peak usage frame count: [256.0 KB-0.5 MB]: 6 frames
  Requested Block Size 16.0 MB
  Peak Block count 1
  Peak Allocated memory 416.7 KB
  Peak Large allocation bytes 0 B
    [ALLOC_PROFILER_BUCKET]
      Large Block size 32.0 MB
      Used Block count 1
      Peak Allocated bytes 4.0 KB
[ALLOC_PROFILER_EDITOR]
  Peak usage frame count: [0-1.0 KB]: 6 frames
  Requested Block Size 1.0 MB
  Peak Block count 0
  Peak Allocated memory 0 B
  Peak Large allocation bytes 0 B
    [ALLOC_PROFILER_BUCKET]
      Large Block size 32.0 MB
      Used Block count 1
      Peak Allocated bytes 4.0 KB
##utp:{"type":"MemoryLeaks","version":2,"phase":"Immediate","time":1785688739777,"processId":41640,"allocatedMemory":20807156,"memoryLabels":[{"Default":20335},{"Permanent":15615},{"NewDelete":81104},{"Thread":4229300},{"Manager":32509},{"VertexData":12},{"Geometry":560},{"Texture":176},{"Shader":68850},{"Material":24},{"GfxDevice":57048},{"Animation":296},{"Audio":3928},{"FontEngine":272},{"Physics":513},{"Serialization":948},{"Input":14744},{"JobScheduler":33368},{"Mono":40},{"ScriptingNativeRuntime":191848},{"BaseObject":1627276},{"Resource":1360},{"Renderer":2304},{"Transform":16},{"File":888},{"WebCam":96},{"Culling":40},{"Terrain":1137},{"Wind":24},{"STL":48},{"String":17495},{"DynamicArray":104419},{"HashMap":116106},{"Utility":2663810},{"Curl":1424},{"PoolAlloc":1728},{"AI":104},{"TypeTree":5077},{"ScriptManager":640},{"RuntimeInitializeOnLoadManager":80},{"SpriteAtlas":128},{"GI":4072},{"Director":7960},{"WebRequest":688},{"VR":46081},{"SceneManager":568},{"Video":72},{"LazyScriptCache":40},{"NativeArray":12},{"Camera":25},{"Secure":1},{"SerializationCache":1584},{"APIUpdating":11872},{"Subsystems":392},{"VirtualTexturing":57896},{"StaticSafetyDebugInfo":327680},{"EditorGui":56},{"EditorUtility":27282},{"VersionControl":4},{"Undo":704},{"AssetDatabase":10975889},{"RestService":1414},{"EditorGi":376},{"License":3584},{"UnityConnect":25344},{"Collab":593},{"Upm":2032},{"DrivenProperties":96},{"LocalIPC":276},{"ProfilerEditor":10943},{"CoreBusinessMetrics":3850},{"AssetReference":40},{"IPCStream":40}]}
