[Licensing::Module] Trying to connect to existing licensing client channel...
[Licensing::IpcConnector] Successfully connected to: "LicenseClient-jacob" at "2026-08-02T15:44:43.5178783Z"
[Licensing::Client] Code 10 while verifying Licensing Client signature (process Id: 9460, path: "C:/Program Files/Unity Hub/UnityLicensingClient_V1/Unity.Licensing.Client.exe")
[Licensing::Module] LicensingClient has failed validation; ignoring
[Licensing::Client] Handshaking with LicensingClient:
  Version:                 1.17.4+4293ba1
  Session Id:              a3c4fd87997c44fd826ce7ecd0688c25
  Correlation Id:          68c8e81cd517bd715750b0b9334616bf
  External correlation Id: 4849508487343397097
  Machine Id:              h9ebF2FxksT7sJ1OEG/MDpJZqFk=
[Licensing::Module] Successfully connected to LicensingClient on channel: "LicenseClient-jacob" (connect: 0.00s, validation: 0.01s, handshake: 0.02s)
[Licensing::IpcConnector] Successfully connected to: "LicenseClient-jacob-notifications" at "2026-08-02T15:44:43.5488788Z"
[Licensing::Module] Error: Access token is unavailable; failed to update
[Licensing::Client] Successfully updated license
Built from '2022.3/respin/2022.3.62f2-4af31df585-v2' branch; Version is '2022.3.62f3 (96770f904ca7) revision 9860879'; Using compiler version '192829333'; Build Type 'Release'
OS: 'Windows 10  (10.0.19045) 64bit Professional' Language: 'en' Physical Memory: 32694 MB
[Licensing::Client] Successfully resolved entitlement details
[Licensing::Module] Serial number assigned to: "F4-29KJ-NQV8-GSFM-EZ6E-XXXX"
[Licensing::Module] Serial number assigned to: "13469143093579-UnityPersXXXX"
BatchMode: 1, IsHumanControllingUs: 0, StartBugReporterOnCrash: 0, Is64bit: 1, IsPro: 0
[Licensing::Client] Successfully resolved entitlement details
[Licensing::Module] Serial number assigned to: "F4-29KJ-NQV8-GSFM-EZ6E-XXXX"
[Licensing::Module] Serial number assigned to: "13469143093579-UnityPersXXXX"

COMMAND LINE ARGUMENTS:
C:\Program Files\Unity\Hub\Editor\2022.3.62f3\Editor\Unity.exe
-batchmode
-nographics
-projectPath
C:\Users\jacob\Desk 42
-runTests
-testPlatform
EditMode
-testFilter
Desk42.Tests.EditMode.InstitutionalConsequenceLoopTests
-testResults
C:\Users\jacob\Desk 42\tmp\consequence-loop-targeted-3.xml
-logFile
C:\Users\jacob\Desk 42\tmp\consequence-loop-targeted-3.log
Successfully changed project path to: C:\Users\jacob\Desk 42
C:/Users/jacob/Desk 42
[UnityMemory] Configuration Parameters - Can be set up in boot.config
    "memorysetup-bucket-allocator-granularity=16"
    "memorysetup-bucket-allocator-bucket-count=8"
    "memorysetup-bucket-allocator-block-size=33554432"
    "memorysetup-bucket-allocator-block-count=8"
    "memorysetup-main-allocator-block-size=16777216"
    "memorysetup-thread-allocator-block-size=16777216"
    "memorysetup-gfx-main-allocator-block-size=16777216"
    "memorysetup-gfx-thread-allocator-block-size=16777216"
    "memorysetup-cache-allocator-block-size=4194304"
    "memorysetup-typetree-allocator-block-size=2097152"
    "memorysetup-profiler-bucket-allocator-granularity=16"
    "memorysetup-profiler-bucket-allocator-bucket-count=8"
    "memorysetup-profiler-bucket-allocator-block-size=33554432"
    "memorysetup-profiler-bucket-allocator-block-count=8"
    "memorysetup-profiler-allocator-block-size=16777216"
    "memorysetup-profiler-editor-allocator-block-size=1048576"
    "memorysetup-temp-allocator-size-main=16777216"
    "memorysetup-job-temp-allocator-block-size=2097152"
    "memorysetup-job-temp-allocator-block-size-background=1048576"
    "memorysetup-job-temp-allocator-reduction-small-platforms=262144"
    "memorysetup-allocator-temp-initial-block-size-main=262144"
    "memorysetup-allocator-temp-initial-block-size-worker=262144"
    "memorysetup-temp-allocator-size-background-worker=32768"
    "memorysetup-temp-allocator-size-job-worker=262144"
    "memorysetup-temp-allocator-size-preload-manager=33554432"
    "memorysetup-temp-allocator-size-nav-mesh-worker=65536"
    "memorysetup-temp-allocator-size-audio-worker=65536"
    "memorysetup-temp-allocator-size-cloud-worker=32768"
    "memorysetup-temp-allocator-size-gi-baking-worker=262144"
    "memorysetup-temp-allocator-size-gfx=262144"
Player connection [10276]  Target information:

Player connection [10276]  * "[IP] 172.31.128.1 [Port] 55504 [Flags] 2 [Guid] 2386830563 [EditorId] 2386830563 [Version] 1048832 [Id] WindowsEditor(7,DESKTOP-9RLH37G) [Debug] 1 [PackageName] WindowsEditor [ProjectName] Editor" 

Player connection [10276]  * "[IP] 172.28.96.1 [Port] 55504 [Flags] 2 [Guid] 2386830563 [EditorId] 2386830563 [Version] 1048832 [Id] WindowsEditor(7,DESKTOP-9RLH37G) [Debug] 1 [PackageName] WindowsEditor [ProjectName] Editor" 

Player connection [10276]  * "[IP] 192.168.1.103 [Port] 55504 [Flags] 2 [Guid] 2386830563 [EditorId] 2386830563 [Version] 1048832 [Id] WindowsEditor(7,DESKTOP-9RLH37G) [Debug] 1 [PackageName] WindowsEditor [ProjectName] Editor" 

Player connection [10276] Host joined multi-casting on [225.0.0.222:54997]...
Player connection [10276] Host joined alternative multi-casting on [225.0.0.222:34997]...
Input System module state changed to: Initialized.
[PhysX] Initialized MultithreadedTaskDispatcher with 16 workers.
[Package Manager] UpmClient::Connect -- Connected to IPC stream "Upm-9956" after 0.3 seconds.
[Package Manager] Restoring resolved packages state from cache
[Licensing::Client] Successfully resolved entitlement details
[Package Manager] Registered 38 packages:
  Packages from [https://package.openupm.com]:
    com.ivanmurzak.unity.mcp@0.86.0 (location: C:\Users\jacob\Desk 42\Library\PackageCache\com.ivanmurzak.unity.mcp@0.86.0)
    extensions.unity.playerprefsex@2.1.5 (location: C:\Users\jacob\Desk 42\Library\PackageCache\extensions.unity.playerprefsex@2.1.5)
  Packages from [https://packages.unity.com]:
    com.unity.addressables@1.22.3 (location: C:\Users\jacob\Desk 42\Library\PackageCache\com.unity.addressables@1.22.3)
    com.unity.cinemachine@2.10.3 (location: C:\Users\jacob\Desk 42\Library\PackageCache\com.unity.cinemachine@2.10.3)
    com.unity.ide.rider@3.0.36 (location: C:\Users\jacob\Desk 42\Library\PackageCache\com.unity.ide.rider@3.0.36)
    com.unity.ide.visualstudio@2.0.22 (location: C:\Users\jacob\Desk 42\Library\PackageCache\com.unity.ide.visualstudio@2.0.22)
    com.unity.inputsystem@1.14.2 (location: C:\Users\jacob\Desk 42\Library\PackageCache\com.unity.inputsystem@1.14.2)
    com.unity.nuget.newtonsoft-json@3.2.1 (location: C:\Users\jacob\Desk 42\Library\PackageCache\com.unity.nuget.newtonsoft-json@3.2.1)
    com.unity.test-framework@1.3.9 (location: C:\Users\jacob\Desk 42\Library\PackageCache\com.unity.test-framework@1.3.9)
    com.unity.textmeshpro@3.0.9 (location: C:\Users\jacob\Desk 42\Library\PackageCache\com.unity.textmeshpro@3.0.9)
    com.unity.timeline@1.7.7 (location: C:\Users\jacob\Desk 42\Library\PackageCache\com.unity.timeline@1.7.7)
    com.unity.ext.nunit@2.0.3 (location: C:\Users\jacob\Desk 42\Library\PackageCache\com.unity.ext.nunit@2.0.3)
    com.unity.mathematics@1.2.6 (location: C:\Users\jacob\Desk 42\Library\PackageCache\com.unity.mathematics@1.2.6)
    com.unity.burst@1.8.21 (location: C:\Users\jacob\Desk 42\Library\PackageCache\com.unity.burst@1.8.21)
    com.unity.scriptablebuildpipeline@1.21.25 (location: C:\Users\jacob\Desk 42\Library\PackageCache\com.unity.scriptablebuildpipeline@1.21.25)
    com.unity.searcher@4.9.2 (location: C:\Users\jacob\Desk 42\Library\PackageCache\com.unity.searcher@4.9.2)
  Built-in packages:
    com.unity.render-pipelines.universal@14.0.12 (location: C:\Users\jacob\Desk 42\Library\PackageCache\com.unity.render-pipelines.universal@14.0.12)
    com.unity.ugui@1.0.0 (location: C:\Users\jacob\Desk 42\Library\PackageCache\com.unity.ugui@1.0.0)
    com.unity.modules.animation@1.0.0 (location: C:\Users\jacob\Desk 42\Library\PackageCache\com.unity.modules.animation@1.0.0)
    com.unity.modules.audio@1.0.0 (location: C:\Users\jacob\Desk 42\Library\PackageCache\com.unity.modules.audio@1.0.0)
    com.unity.modules.director@1.0.0 (location: C:\Users\jacob\Desk 42\Library\PackageCache\com.unity.modules.director@1.0.0)
    com.unity.modules.imageconversion@1.0.0 (location: C:\Users\jacob\Desk 42\Library\PackageCache\com.unity.modules.imageconversion@1.0.0)
    com.unity.modules.imgui@1.0.0 (location: C:\Users\jacob\Desk 42\Library\PackageCache\com.unity.modules.imgui@1.0.0)
    com.unity.modules.jsonserialize@1.0.0 (location: C:\Users\jacob\Desk 42\Library\PackageCache\com.unity.modules.jsonserialize@1.0.0)
    com.unity.modules.physics@1.0.0 (location: C:\Users\jacob\Desk 42\Library\PackageCache\com.unity.modules.physics@1.0.0)
    com.unity.modules.screencapture@1.0.0 (location: C:\Users\jacob\Desk 42\Library\PackageCache\com.unity.modules.screencapture@1.0.0)
    com.unity.modules.ui@1.0.0 (location: C:\Users\jacob\Desk 42\Library\PackageCache\com.unity.modules.ui@1.0.0)
    com.unity.modules.uielements@1.0.0 (location: C:\Users\jacob\Desk 42\Library\PackageCache\com.unity.modules.uielements@1.0.0)
    com.unity.modules.unitywebrequest@1.0.0 (location: C:\Users\jacob\Desk 42\Library\PackageCache\com.unity.modules.unitywebrequest@1.0.0)
    com.unity.modules.particlesystem@1.0.0 (location: C:\Users\jacob\Desk 42\Library\PackageCache\com.unity.modules.particlesystem@1.0.0)
    com.unity.render-pipelines.core@14.0.12 (location: C:\Users\jacob\Desk 42\Library\PackageCache\com.unity.render-pipelines.core@14.0.12)
    com.unity.shadergraph@14.0.12 (location: C:\Users\jacob\Desk 42\Library\PackageCache\com.unity.shadergraph@14.0.12)
    com.unity.render-pipelines.universal-config@14.0.10 (location: C:\Users\jacob\Desk 42\Library\PackageCache\com.unity.render-pipelines.universal-config@14.0.10)
    com.unity.modules.assetbundle@1.0.0 (location: C:\Users\jacob\Desk 42\Library\PackageCache\com.unity.modules.assetbundle@1.0.0)
    com.unity.modules.unitywebrequestassetbundle@1.0.0 (location: C:\Users\jacob\Desk 42\Library\PackageCache\com.unity.modules.unitywebrequestassetbundle@1.0.0)
    com.unity.modules.physics2d@1.0.0 (location: C:\Users\jacob\Desk 42\Library\PackageCache\com.unity.modules.physics2d@1.0.0)
    com.unity.modules.terrain@1.0.0 (location: C:\Users\jacob\Desk 42\Library\PackageCache\com.unity.modules.terrain@1.0.0)
  Git packages:
    com.coplaydev.unity-mcp@https://github.com/CoplayDev/unity-mcp.git?path=/MCPForUnity#main (location: C:\Users\jacob\Desk 42\Library\PackageCache\com.coplaydev.unity-mcp@11836003a5)
[Subsystems] No new subsystems found in resolved package list.
Package Manager log level set to [2]
[Package Manager] Done registering packages in 0.07 seconds
Refreshing native plugins compatible for Editor in 29.55 ms, found 0 plugins.
Preloading 0 native plugins for Editor in 0.00 ms.
Initialize engine version: 2022.3.62f3 (96770f904ca7)
[Subsystems] Discovering subsystems at path C:/Program Files/Unity/Hub/Editor/2022.3.62f3/Editor/Data/Resources/UnitySubsystems
[Subsystems] Discovering subsystems at path C:/Users/jacob/Desk 42/Assets
Forcing GfxDevice: Null
GfxDevice: creating device client; threaded=0; jobified=0
NullGfxDevice:
    Version:  NULL 1.0 [1.0]
    Renderer: Null Device
    Vendor:   Unity Technologies
Shader Hidden/ProbeVolume/VoxelizeScene is not supported: GPU does not support conservative rasterization
[Licensing::Client] Successfully resolved entitlement details
[Licensing::Module] Serial number assigned to: "F4-29KJ-NQV8-GSFM-EZ6E-XXXX"
[Licensing::Module] Serial number assigned to: "13469143093579-UnityPersXXXX"
Initialize mono
Mono path[0] = 'C:/Program Files/Unity/Hub/Editor/2022.3.62f3/Editor/Data/Managed'
Mono path[1] = 'C:/Program Files/Unity/Hub/Editor/2022.3.62f3/Editor/Data/MonoBleedingEdge/lib/mono/unityjit-win32'
Mono config path = 'C:/Program Files/Unity/Hub/Editor/2022.3.62f3/Editor/Data/MonoBleedingEdge/etc'
Using monoOptions --debugger-agent=transport=dt_socket,embedding=1,server=y,suspend=n,address=127.0.0.1:56956
Using cacheserver namespaces - metadata:defaultmetadata, artifacts:defaultartifacts
Using cacheserver namespaces - metadata:defaultmetadata, artifacts:defaultartifacts
ImportWorker Server TCP listen port: 0
Begin MonoManager ReloadAssembly
Registering precompiled unity dll's ...
[Licensing::Client] Successfully resolved entitlement details
[Licensing::Module] Serial number assigned to: "F4-29KJ-NQV8-GSFM-EZ6E-XXXX"
[Licensing::Module] Serial number assigned to: "13469143093579-UnityPersXXXX"
Register platform support module: C:/Program Files/Unity/Hub/Editor/2022.3.62f3/Editor/Data/PlaybackEngines/AndroidPlayer/UnityEditor.Android.Extensions.dll
Register platform support module: C:/Program Files/Unity/Hub/Editor/2022.3.62f3/Editor/Data/PlaybackEngines/WindowsStandaloneSupport/UnityEditor.WindowsStandalone.Extensions.dll
Registered in 0.020685 seconds.
- Loaded All Assemblies, in  0.285 seconds
Native extension for WindowsStandalone target not found
Native extension for Android target not found
Android Extension - Scanning For ADB Devices 2233 ms
Mono: successfully reloaded assembly
- Finished resetting the current domain, in  2.477 seconds
Domain Reload Profiling: 2761ms
	BeginReloadAssembly (87ms)
		ExecutionOrderSort (0ms)
		DisableScriptedObjects (0ms)
		BackupInstance (0ms)
		ReleaseScriptingObjects (0ms)
		CreateAndSetChildDomain (1ms)
	RebuildCommonClasses (25ms)
	RebuildNativeTypeToScriptingClass (8ms)
	initialDomainReloadingComplete (61ms)
	LoadAllAssembliesAndSetupDomain (103ms)
		LoadAssemblies (85ms)
		RebuildTransferFunctionScriptingTraits (0ms)
		AnalyzeDomain (101ms)
			TypeCache.Refresh (100ms)
				TypeCache.ScanAssembly (90ms)
			ScanForSourceGeneratedMonoScriptInfo (0ms)
			ResolveRequiredComponents (0ms)
	FinalizeReload (2478ms)
		ReleaseScriptCaches (0ms)
		RebuildScriptCaches (0ms)
		SetupLoadedEditorAssemblies (2443ms)
			LogAssemblyErrors (0ms)
			InitializePlatformSupportModulesInManaged (2309ms)
			SetLoadedEditorAssemblies (3ms)
			RefreshPlugins (0ms)
			BeforeProcessingInitializeOnLoad (2ms)
			ProcessInitializeOnLoadAttributes (94ms)
			ProcessInitializeOnLoadMethodAttributes (35ms)
			AfterProcessingInitializeOnLoad (0ms)
			EditorAssembliesLoaded (0ms)
		ExecutionOrderSort2 (0ms)
		AwakeInstancesAfterBackupRestoration (0ms)
[Licensing::Client] Successfully resolved entitlement details
[Licensing::Module] Serial number assigned to: "F4-29KJ-NQV8-GSFM-EZ6E-XXXX"
[Licensing::Module] Serial number assigned to: "13469143093579-UnityPersXXXX"
Application.AssetDatabase Initial Refresh Start
[ScriptCompilation] Requested script compilation because: Assetdatabase observed changes in script compilation related files
Assembly for Assembly Definition File 'Assets/_Project/Tests/PlayMode/Desk42.Tests.PlayMode.asmdef' will not be compiled, because it has no scripts associated with it.
UnityEngine.StackTraceUtility:ExtractStackTrace ()
UnityEngine.DebugLogHandler:LogFormat (UnityEngine.LogType,UnityEngine.Object,string,object[])
UnityEngine.Logger:LogFormat (UnityEngine.LogType,string,object[])
UnityEngine.Debug:LogWarningFormat (string,object[])
UnityEditor.Scripting.ScriptCompilation.EditorCompilation:WarnIfThereAreAssembliesWithoutAnyScripts (UnityEditor.Scripting.ScriptCompilation.ScriptAssemblySettings,UnityEditor.Scripting.ScriptCompilation.ScriptAssembly[])
UnityEditor.Scripting.ScriptCompilation.EditorCompilation:CompileScriptsWithSettings (UnityEditor.Scripting.ScriptCompilation.ScriptAssemblySettings)
UnityEditor.Scripting.ScriptCompilation.EditorCompilation:CompileScripts (UnityEditor.Scripting.ScriptCompilation.EditorScriptCompilationOptions,UnityEditor.BuildTargetGroup,UnityEditor.BuildTarget,int,string[])
UnityEditor.Scripting.ScriptCompilation.EditorCompilationInterface/<>c__DisplayClass21_0:<CompileScripts>b__0 ()
UnityEditor.Scripting.ScriptCompilation.EditorCompilationInterface:EmitExceptionAsError<UnityEditor.Scripting.ScriptCompilation.EditorCompilation/CompileStatus> (System.Func`1<UnityEditor.Scripting.ScriptCompilation.EditorCompilation/CompileStatus>,UnityEditor.Scripting.ScriptCompilation.EditorCompilation/CompileStatus)
UnityEditor.Scripting.ScriptCompilation.EditorCompilationInterface:CompileScripts (UnityEditor.Scripting.ScriptCompilation.EditorScriptCompilationOptions,UnityEditor.BuildTargetGroup,UnityEditor.BuildTarget,int,string[])

info: Microsoft.Hosting.Lifetime[14]
      Now listening on: http://localhost:80
info: Microsoft.Hosting.Lifetime[0]
      Application started. Press Ctrl+C to shut down.
info: Microsoft.Hosting.Lifetime[0]
      Hosting environment: Production
info: Microsoft.Hosting.Lifetime[0]
      Content root path: C:\Users\jacob\Desk 42\
info: Microsoft.AspNetCore.Hosting.Diagnostics[1]
      Request starting HTTP/2 POST http://ilpp/UnityILPP.PostProcessing/Ping application/grpc -
info: Microsoft.AspNetCore.Routing.EndpointMiddleware[0]
      Executing endpoint 'gRPC - /UnityILPP.PostProcessing/Ping'
info: Microsoft.AspNetCore.Routing.EndpointMiddleware[1]
      Executed endpoint 'gRPC - /UnityILPP.PostProcessing/Ping'
info: Microsoft.AspNetCore.Hosting.Diagnostics[2]
      Request finished HTTP/2 POST http://ilpp/UnityILPP.PostProcessing/Ping application/grpc - - 200 - application/grpc 29.9768ms
Starting: C:\Program Files\Unity\Hub\Editor\2022.3.62f3\Editor\Data\bee_backend.exe --ipc --defer-dag-verification --dagfile="Library/Bee/1900b0aE.dag" --continue-on-failure --profile="Library/Bee/backend1.traceevents" ScriptAssemblies
WorkingDir: C:/Users/jacob/Desk 42
info: Microsoft.AspNetCore.Hosting.Diagnostics[1]
      Request starting HTTP/2 POST http://ilpp/UnityILPP.PostProcessing/ConfigurePostProcessors application/grpc -
info: Microsoft.AspNetCore.Routing.EndpointMiddleware[0]
      Executing endpoint 'gRPC - /UnityILPP.PostProcessing/ConfigurePostProcessors'
DisplayProgressbar: Compiling Scripts
warn: Unity.ILPP.Runner.PostProcessingAssemblyLoadContext[0]
      Assembly system.runtime.interopservices.windowsruntime has duplicate hint path. Ignoring "C:\Program Files\Unity\Hub\Editor\2022.3.62f3\Editor\Data\UnityReferenceAssemblies\unity-4.8-api\Facades\System.Runtime.InteropServices.WindowsRuntime.dll" in favor of "C:\Program Files\Unity\Hub\Editor\2022.3.62f3\Editor\Data\NetStandard\Extensions\2.0.0\System.Runtime.InteropServices.WindowsRuntime.dll"
warn: Unity.ILPP.Runner.PostProcessingAssemblyLoadContext[0]
      Assembly system.componentmodel.composition has duplicate hint path. Ignoring "C:\Program Files\Unity\Hub\Editor\2022.3.62f3\Editor\Data\UnityReferenceAssemblies\unity-4.8-api\System.ComponentModel.Composition.dll" in favor of "C:\Program Files\Unity\Hub\Editor\2022.3.62f3\Editor\Data\NetStandard\compat\2.1.0\shims\netfx\System.ComponentModel.Composition.dll"
info: Unity.ILPP.Runner.PostProcessingAssemblyLoadContext[0]
      Resolved Unity.Burst.Cecil, Version=0.11.4.0, Culture=neutral, PublicKeyToken=50cebf1cceb9d05e with Library\PackageCache\com.unity.burst@1.8.21\Unity.Burst.CodeGen\Unity.Burst.Cecil.dll
info: Microsoft.AspNetCore.Routing.EndpointMiddleware[1]
      Executed endpoint 'gRPC - /UnityILPP.PostProcessing/ConfigurePostProcessors'
info: Microsoft.AspNetCore.Hosting.Diagnostics[2]
      Request finished HTTP/2 POST http://ilpp/UnityILPP.PostProcessing/ConfigurePostProcessors application/grpc - - 200 - application/grpc 43.7467ms
info: Microsoft.AspNetCore.Hosting.Diagnostics[1]
      Request starting HTTP/2 POST http://ilpp/UnityILPP.PostProcessing/PostProcessAssembly application/grpc -
info: Microsoft.AspNetCore.Routing.EndpointMiddleware[0]
      Executing endpoint 'gRPC - /UnityILPP.PostProcessing/PostProcessAssembly'
info: Unity.ILPP.Runner.PostProcessingPipeline[0]
      Processing assembly Library/Bee/artifacts/1900b0aE.dag/Desk42.Tests.EditMode.dll, with 119 defines and 224 references
info: Unity.ILPP.Runner.PostProcessingPipeline[0]
      processors: zzzUnity.Burst.CodeGen.BurstILPostProcessor
info: Unity.ILPP.Runner.PostProcessingPipeline[0]
      running zzzUnity.Burst.CodeGen.BurstILPostProcessor
info: Microsoft.AspNetCore.Routing.EndpointMiddleware[1]
      Executed endpoint 'gRPC - /UnityILPP.PostProcessing/PostProcessAssembly'
info: Microsoft.AspNetCore.Hosting.Diagnostics[2]
      Request finished HTTP/2 POST http://ilpp/UnityILPP.PostProcessing/PostProcessAssembly application/grpc - - 200 - application/grpc 11.4477ms
ExitCode: 0 Duration: 1s468ms
[507/653    0s] ILPP-Configuration Library/ilpp-configuration.nevergeneratedoutput
[649/653    1s] Csc Library/Bee/artifacts/1900b0aE.dag/Desk42.Tests.EditMode.dll (+2 others)
[650/653    0s] ILPostProcess Library/Bee/artifacts/1900b0aE.dag/post-processed/Desk42.Tests.EditMode.dll (+pdb)
Processing assembly Library/Bee/artifacts/1900b0aE.dag/Desk42.Tests.EditMode.dll, with 119 defines and 224 references

processors: zzzUnity.Burst.CodeGen.BurstILPostProcessor

running zzzUnity.Burst.CodeGen.BurstILPostProcessor
[651/653    0s] CopyFiles Library/ScriptAssemblies/Desk42.Tests.EditMode.pdb
[652/653    0s] CopyFiles Library/ScriptAssemblies/Desk42.Tests.EditMode.dll
*** Tundra build success (1.44 seconds), 5 items updated, 653 evaluated
AssetDatabase: script compilation time: 1.857000s
Begin MonoManager ReloadAssembly
Total cache size 267221268
Total cache size after purge 267221268
Symbol file LoadedFromMemory is not a mono symbol file
- Loaded All Assemblies, in  0.825 seconds
Refreshing native plugins compatible for Editor in 9.38 ms, found 0 plugins.
Preloading 0 native plugins for Editor in 0.00 ms.
Start importing Assets/_Project/Tests/EditMode/InstitutionalConsequenceLoopTests.cs using Guid(353fbbf41dbfc3e438100b1caba69276) Importer(-1,00000000000000000000000000000000) [PhysX] Initialized MultithreadedTaskDispatcher with 16 workers.
 -> (artifact id: '16095eb5a8ca1cfbe92044fff790e9c6') in 0.007356 seconds
Refreshing native plugins compatible for Editor in 11.04 ms, found 0 plugins.
Native extension for WindowsStandalone target not found
Native extension for Android target not found
<color=#ffaa00>warn:</color> [16:44:55:4327] <color=#B4FF32>[AI]</color> <color=#48C9B0><b>McpManagerClientHub</b></color> ConnectionManager[d564dc08-293b-446c-91ea-7789c3c3d851] EnsureConnection Connection not available and auto-reconnect disabled for endpoint: /hub/mcp-server
UnityEngine.StackTraceUtility:ExtractStackTrace ()
UnityEngine.DebugLogHandler:LogFormat (UnityEngine.LogType,UnityEngine.Object,string,object[])
UnityEngine.Logger:Log (UnityEngine.LogType,object)
UnityEngine.Debug:LogWarning (object)
com.IvanMurzak.Unity.MCP.Utils.UnityLogger:Log<Microsoft.Extensions.Logging.FormattedLogValues> (Microsoft.Extensions.Logging.LogLevel,Microsoft.Extensions.Logging.EventId,Microsoft.Extensions.Logging.FormattedLogValues,System.Exception,System.Func`3<Microsoft.Extensions.Logging.FormattedLogValues, System.Exception, string>) (at ./Library/PackageCache/com.ivanmurzak.unity.mcp@0.86.0/Runtime/Logger/UnityLogger.cs:125)
Microsoft.Extensions.Logging.Logger:<Log>g__LoggerLog|14_0<Microsoft.Extensions.Logging.FormattedLogValues> (Microsoft.Extensions.Logging.LogLevel,Microsoft.Extensions.Logging.EventId,Microsoft.Extensions.Logging.ILogger,System.Exception,System.Func`3<Microsoft.Extensions.Logging.FormattedLogValues, System.Exception, string>,System.Collections.Generic.List`1<System.Exception>&,Microsoft.Extensions.Logging.FormattedLogValues&)
Microsoft.Extensions.Logging.Logger:Log<Microsoft.Extensions.Logging.FormattedLogValues> (Microsoft.Extensions.Logging.LogLevel,Microsoft.Extensions.Logging.EventId,Microsoft.Extensions.Logging.FormattedLogValues,System.Exception,System.Func`3<Microsoft.Extensions.Logging.FormattedLogValues, System.Exception, string>)
Microsoft.Extensions.Logging.Logger`1<com.IvanMurzak.McpPlugin.McpManagerClientHub>:Microsoft.Extensions.Logging.ILogger.Log<Microsoft.Extensions.Logging.FormattedLogValues> (Microsoft.Extensions.Logging.LogLevel,Microsoft.Extensions.Logging.EventId,Microsoft.Extensions.Logging.FormattedLogValues,System.Exception,System.Func`3<Microsoft.Extensions.Logging.FormattedLogValues, System.Exception, string>)
Microsoft.Extensions.Logging.LoggerExtensions:Log (Microsoft.Extensions.Logging.ILogger,Microsoft.Extensions.Logging.LogLevel,Microsoft.Extensions.Logging.EventId,System.Exception,string,object[])
Microsoft.Extensions.Logging.LoggerExtensions:Log (Microsoft.Extensions.Logging.ILogger,Microsoft.Extensions.Logging.LogLevel,string,object[])
Microsoft.Extensions.Logging.LoggerExtensions:LogWarning (Microsoft.Extensions.Logging.ILogger,string,object[])
com.IvanMurzak.McpPlugin.ConnectionManager/<EnsureConnection>d__3:MoveNext ()
System.Runtime.CompilerServices.AsyncTaskMethodBuilder`1<bool>:Start<com.IvanMurzak.McpPlugin.ConnectionManager/<EnsureConnection>d__3> (com.IvanMurzak.McpPlugin.ConnectionManager/<EnsureConnection>d__3&)
com.IvanMurzak.McpPlugin.ConnectionManager:EnsureConnection (System.Threading.CancellationToken)
com.IvanMurzak.McpPlugin.ConnectionManager/<InvokeAsync>d__58`2<com.IvanMurzak.McpPlugin.Common.Model.RequestToolsUpdated, com.IvanMurzak.McpPlugin.Common.Model.ResponseData>:MoveNext ()
System.Runtime.CompilerServices.AsyncTaskMethodBuilder`1<com.IvanMurzak.McpPlugin.Common.Model.ResponseData>:Start<com.IvanMurzak.McpPlugin.ConnectionManager/<InvokeAsync>d__58`2<com.IvanMurzak.McpPlugin.Common.Model.RequestToolsUpdated, com.IvanMurzak.McpPlugin.Common.Model.ResponseData>> (com.IvanMurzak.McpPlugin.ConnectionManager/<InvokeAsync>d__58`2<com.IvanMurzak.McpPlugin.Common.Model.RequestToolsUpdated, com.IvanMurzak.McpPlugin.Common.Model.ResponseData>&)
com.IvanMurzak.McpPlugin.ConnectionManager:InvokeAsync<com.IvanMurzak.McpPlugin.Common.Model.RequestToolsUpdated, com.IvanMurzak.McpPlugin.Common.Model.ResponseData> (string,com.IvanMurzak.McpPlugin.Common.Model.RequestToolsUpdated,System.Threading.CancellationToken)
com.IvanMurzak.McpPlugin.McpManagerClientHub:NotifyAboutUpdatedTools (com.IvanMurzak.McpPlugin.Common.Model.RequestToolsUpdated,System.Threading.CancellationToken)
com.IvanMurzak.McpPlugin.McpManagerClientHub:NotifyAboutUpdatedTools (com.IvanMurzak.McpPlugin.Common.Model.RequestToolsUpdated)
com.IvanMurzak.McpPlugin.McpPlugin/<<-ctor>b__29_4>d:MoveNext ()
System.Runtime.CompilerServices.AsyncVoidMethodBuilder:Start<com.IvanMurzak.McpPlugin.McpPlugin/<<-ctor>b__29_4>d> (com.IvanMurzak.McpPlugin.McpPlugin/<<-ctor>b__29_4>d&)
com.IvanMurzak.McpPlugin.McpPlugin:<.ctor>b__29_4 (R3.Unit)
R3.AnonymousObserver`1<R3.Unit>:OnNextCore (R3.Unit)
R3.Observer`1<R3.Unit>:OnNext (R3.Unit)
R3.ThrottleFirst`1/_ThrottleFirst<R3.Unit>:OnNextCore (R3.Unit)
R3.Observer`1<R3.Unit>:OnNext (R3.Unit)
R3.Subject`1<R3.Unit>:OnNext (R3.Unit)
com.IvanMurzak.McpPlugin.McpToolManager:SetToolEnabled (string,bool)
com.IvanMurzak.Unity.MCP.UnityMcpPlugin:ApplyConfigToMcpPlugin (com.IvanMurzak.McpPlugin.IMcpPlugin) (at ./Library/PackageCache/com.ivanmurzak.unity.mcp@0.86.0/Runtime/UnityMcpPlugin.Build.cs:211)
com.IvanMurzak.Unity.MCP.UnityMcpPluginEditor:BuildMcpPluginIfNeeded () (at ./Library/PackageCache/com.ivanmurzak.unity.mcp@0.86.0/Editor/Scripts/UnityMcpPluginEditor.Build.cs:74)
com.IvanMurzak.Unity.MCP.Editor.Startup:.cctor () (at ./Library/PackageCache/com.ivanmurzak.unity.mcp@0.86.0/Editor/Scripts/Startup.cs:29)
System.Runtime.CompilerServices.RuntimeHelpers:RunClassConstructor (System.RuntimeTypeHandle)
UnityEditor.EditorAssemblies:ProcessInitializeOnLoadAttributes (System.Type[])

(Filename: ./Library/PackageCache/com.ivanmurzak.unity.mcp@0.86.0/Runtime/UnityMcpPlugin.Build.cs Line: 211)

<color=#ffaa00>warn:</color> [16:44:55:4417] <color=#B4FF32>[AI]</color> <color=#48C9B0><b>McpManagerClientHub</b></color> ConnectionManager[d564dc08-293b-446c-91ea-7789c3c3d851] EnsureConnection Connection not available and auto-reconnect disabled for endpoint: /hub/mcp-server
UnityEngine.StackTraceUtility:ExtractStackTrace ()
UnityEngine.DebugLogHandler:LogFormat (UnityEngine.LogType,UnityEngine.Object,string,object[])
UnityEngine.Logger:Log (UnityEngine.LogType,object)
UnityEngine.Debug:LogWarning (object)
com.IvanMurzak.Unity.MCP.Utils.UnityLogger:Log<Microsoft.Extensions.Logging.FormattedLogValues> (Microsoft.Extensions.Logging.LogLevel,Microsoft.Extensions.Logging.EventId,Microsoft.Extensions.Logging.FormattedLogValues,System.Exception,System.Func`3<Microsoft.Extensions.Logging.FormattedLogValues, System.Exception, string>) (at ./Library/PackageCache/com.ivanmurzak.unity.mcp@0.86.0/Runtime/Logger/UnityLogger.cs:125)
Microsoft.Extensions.Logging.Logger:<Log>g__LoggerLog|14_0<Microsoft.Extensions.Logging.FormattedLogValues> (Microsoft.Extensions.Logging.LogLevel,Microsoft.Extensions.Logging.EventId,Microsoft.Extensions.Logging.ILogger,System.Exception,System.Func`3<Microsoft.Extensions.Logging.FormattedLogValues, System.Exception, string>,System.Collections.Generic.List`1<System.Exception>&,Microsoft.Extensions.Logging.FormattedLogValues&)
Microsoft.Extensions.Logging.Logger:Log<Microsoft.Extensions.Logging.FormattedLogValues> (Microsoft.Extensions.Logging.LogLevel,Microsoft.Extensions.Logging.EventId,Microsoft.Extensions.Logging.FormattedLogValues,System.Exception,System.Func`3<Microsoft.Extensions.Logging.FormattedLogValues, System.Exception, string>)
Microsoft.Extensions.Logging.Logger`1<com.IvanMurzak.McpPlugin.McpManagerClientHub>:Microsoft.Extensions.Logging.ILogger.Log<Microsoft.Extensions.Logging.FormattedLogValues> (Microsoft.Extensions.Logging.LogLevel,Microsoft.Extensions.Logging.EventId,Microsoft.Extensions.Logging.FormattedLogValues,System.Exception,System.Func`3<Microsoft.Extensions.Logging.FormattedLogValues, System.Exception, string>)
Microsoft.Extensions.Logging.LoggerExtensions:Log (Microsoft.Extensions.Logging.ILogger,Microsoft.Extensions.Logging.LogLevel,Microsoft.Extensions.Logging.EventId,System.Exception,string,object[])
Microsoft.Extensions.Logging.LoggerExtensions:Log (Microsoft.Extensions.Logging.ILogger,Microsoft.Extensions.Logging.LogLevel,string,object[])
Microsoft.Extensions.Logging.LoggerExtensions:LogWarning (Microsoft.Extensions.Logging.ILogger,string,object[])
com.IvanMurzak.McpPlugin.ConnectionManager/<EnsureConnection>d__3:MoveNext ()
System.Runtime.CompilerServices.AsyncTaskMethodBuilder`1<bool>:Start<com.IvanMurzak.McpPlugin.ConnectionManager/<EnsureConnection>d__3> (com.IvanMurzak.McpPlugin.ConnectionManager/<EnsureConnection>d__3&)
com.IvanMurzak.McpPlugin.ConnectionManager:EnsureConnection (System.Threading.CancellationToken)
com.IvanMurzak.McpPlugin.ConnectionManager/<InvokeAsync>d__58`2<com.IvanMurzak.McpPlugin.Common.Model.RequestPromptsUpdated, com.IvanMurzak.McpPlugin.Common.Model.ResponseData>:MoveNext ()
System.Runtime.CompilerServices.AsyncTaskMethodBuilder`1<com.IvanMurzak.McpPlugin.Common.Model.ResponseData>:Start<com.IvanMurzak.McpPlugin.ConnectionManager/<InvokeAsync>d__58`2<com.IvanMurzak.McpPlugin.Common.Model.RequestPromptsUpdated, com.IvanMurzak.McpPlugin.Common.Model.ResponseData>> (com.IvanMurzak.McpPlugin.ConnectionManager/<InvokeAsync>d__58`2<com.IvanMurzak.McpPlugin.Common.Model.RequestPromptsUpdated, com.IvanMurzak.McpPlugin.Common.Model.ResponseData>&)
com.IvanMurzak.McpPlugin.ConnectionManager:InvokeAsync<com.IvanMurzak.McpPlugin.Common.Model.RequestPromptsUpdated, com.IvanMurzak.McpPlugin.Common.Model.ResponseData> (string,com.IvanMurzak.McpPlugin.Common.Model.RequestPromptsUpdated,System.Threading.CancellationToken)
com.IvanMurzak.McpPlugin.McpManagerClientHub:NotifyAboutUpdatedPrompts (com.IvanMurzak.McpPlugin.Common.Model.RequestPromptsUpdated,System.Threading.CancellationToken)
com.IvanMurzak.McpPlugin.McpManagerClientHub:NotifyAboutUpdatedPrompts (com.IvanMurzak.McpPlugin.Common.Model.RequestPromptsUpdated)
com.IvanMurzak.McpPlugin.McpPlugin/<<-ctor>b__29_5>d:MoveNext ()
System.Runtime.CompilerServices.AsyncVoidMethodBuilder:Start<com.IvanMurzak.McpPlugin.McpPlugin/<<-ctor>b__29_5>d> (com.IvanMurzak.McpPlugin.McpPlugin/<<-ctor>b__29_5>d&)
com.IvanMurzak.McpPlugin.McpPlugin:<.ctor>b__29_5 (R3.Unit)
R3.AnonymousObserver`1<R3.Unit>:OnNextCore (R3.Unit)
R3.Observer`1<R3.Unit>:OnNext (R3.Unit)
R3.ThrottleFirst`1/_ThrottleFirst<R3.Unit>:OnNextCore (R3.Unit)
R3.Observer`1<R3.Unit>:OnNext (R3.Unit)
R3.Subject`1<R3.Unit>:OnNext (R3.Unit)
com.IvanMurzak.McpPlugin.McpPromptManager:SetPromptEnabled (string,bool)
com.IvanMurzak.Unity.MCP.UnityMcpPlugin:ApplyConfigToMcpPlugin (com.IvanMurzak.McpPlugin.IMcpPlugin) (at ./Library/PackageCache/com.ivanmurzak.unity.mcp@0.86.0/Runtime/UnityMcpPlugin.Build.cs:226)
com.IvanMurzak.Unity.MCP.UnityMcpPluginEditor:BuildMcpPluginIfNeeded () (at ./Library/PackageCache/com.ivanmurzak.unity.mcp@0.86.0/Editor/Scripts/UnityMcpPluginEditor.Build.cs:74)
com.IvanMurzak.Unity.MCP.Editor.Startup:.cctor () (at ./Library/PackageCache/com.ivanmurzak.unity.mcp@0.86.0/Editor/Scripts/Startup.cs:29)
System.Runtime.CompilerServices.RuntimeHelpers:RunClassConstructor (System.RuntimeTypeHandle)
UnityEditor.EditorAssemblies:ProcessInitializeOnLoadAttributes (System.Type[])

(Filename: ./Library/PackageCache/com.ivanmurzak.unity.mcp@0.86.0/Runtime/UnityMcpPlugin.Build.cs Line: 226)

<color=#ffaa00>warn:</color> [16:44:55:4427] <color=#B4FF32>[AI]</color> <color=#48C9B0><b>McpManagerClientHub</b></color> ConnectionManager[d564dc08-293b-446c-91ea-7789c3c3d851] EnsureConnection Connection not available and auto-reconnect disabled for endpoint: /hub/mcp-server
UnityEngine.StackTraceUtility:ExtractStackTrace ()
UnityEngine.DebugLogHandler:LogFormat (UnityEngine.LogType,UnityEngine.Object,string,object[])
UnityEngine.Logger:Log (UnityEngine.LogType,object)
UnityEngine.Debug:LogWarning (object)
com.IvanMurzak.Unity.MCP.Utils.UnityLogger:Log<Microsoft.Extensions.Logging.FormattedLogValues> (Microsoft.Extensions.Logging.LogLevel,Microsoft.Extensions.Logging.EventId,Microsoft.Extensions.Logging.FormattedLogValues,System.Exception,System.Func`3<Microsoft.Extensions.Logging.FormattedLogValues, System.Exception, string>) (at ./Library/PackageCache/com.ivanmurzak.unity.mcp@0.86.0/Runtime/Logger/UnityLogger.cs:125)
Microsoft.Extensions.Logging.Logger:<Log>g__LoggerLog|14_0<Microsoft.Extensions.Logging.FormattedLogValues> (Microsoft.Extensions.Logging.LogLevel,Microsoft.Extensions.Logging.EventId,Microsoft.Extensions.Logging.ILogger,System.Exception,System.Func`3<Microsoft.Extensions.Logging.FormattedLogValues, System.Exception, string>,System.Collections.Generic.List`1<System.Exception>&,Microsoft.Extensions.Logging.FormattedLogValues&)
Microsoft.Extensions.Logging.Logger:Log<Microsoft.Extensions.Logging.FormattedLogValues> (Microsoft.Extensions.Logging.LogLevel,Microsoft.Extensions.Logging.EventId,Microsoft.Extensions.Logging.FormattedLogValues,System.Exception,System.Func`3<Microsoft.Extensions.Logging.FormattedLogValues, System.Exception, string>)
Microsoft.Extensions.Logging.Logger`1<com.IvanMurzak.McpPlugin.McpManagerClientHub>:Microsoft.Extensions.Logging.ILogger.Log<Microsoft.Extensions.Logging.FormattedLogValues> (Microsoft.Extensions.Logging.LogLevel,Microsoft.Extensions.Logging.EventId,Microsoft.Extensions.Logging.FormattedLogValues,System.Exception,System.Func`3<Microsoft.Extensions.Logging.FormattedLogValues, System.Exception, string>)
Microsoft.Extensions.Logging.LoggerExtensions:Log (Microsoft.Extensions.Logging.ILogger,Microsoft.Extensions.Logging.LogLevel,Microsoft.Extensions.Logging.EventId,System.Exception,string,object[])
Microsoft.Extensions.Logging.LoggerExtensions:Log (Microsoft.Extensions.Logging.ILogger,Microsoft.Extensions.Logging.LogLevel,string,object[])
Microsoft.Extensions.Logging.LoggerExtensions:LogWarning (Microsoft.Extensions.Logging.ILogger,string,object[])
com.IvanMurzak.McpPlugin.ConnectionManager/<EnsureConnection>d__3:MoveNext ()
System.Runtime.CompilerServices.AsyncTaskMethodBuilder`1<bool>:Start<com.IvanMurzak.McpPlugin.ConnectionManager/<EnsureConnection>d__3> (com.IvanMurzak.McpPlugin.ConnectionManager/<EnsureConnection>d__3&)
com.IvanMurzak.McpPlugin.ConnectionManager:EnsureConnection (System.Threading.CancellationToken)
com.IvanMurzak.McpPlugin.ConnectionManager/<InvokeAsync>d__58`2<com.IvanMurzak.McpPlugin.Common.Model.RequestResourcesUpdated, com.IvanMurzak.McpPlugin.Common.Model.ResponseData>:MoveNext ()
System.Runtime.CompilerServices.AsyncTaskMethodBuilder`1<com.IvanMurzak.McpPlugin.Common.Model.ResponseData>:Start<com.IvanMurzak.McpPlugin.ConnectionManager/<InvokeAsync>d__58`2<com.IvanMurzak.McpPlugin.Common.Model.RequestResourcesUpdated, com.IvanMurzak.McpPlugin.Common.Model.ResponseData>> (com.IvanMurzak.McpPlugin.ConnectionManager/<InvokeAsync>d__58`2<com.IvanMurzak.McpPlugin.Common.Model.RequestResourcesUpdated, com.IvanMurzak.McpPlugin.Common.Model.ResponseData>&)
com.IvanMurzak.McpPlugin.ConnectionManager:InvokeAsync<com.IvanMurzak.McpPlugin.Common.Model.RequestResourcesUpdated, com.IvanMurzak.McpPlugin.Common.Model.ResponseData> (string,com.IvanMurzak.McpPlugin.Common.Model.RequestResourcesUpdated,System.Threading.CancellationToken)
com.IvanMurzak.McpPlugin.McpManagerClientHub:NotifyAboutUpdatedResources (com.IvanMurzak.McpPlugin.Common.Model.RequestResourcesUpdated,System.Threading.CancellationToken)
com.IvanMurzak.McpPlugin.McpManagerClientHub:NotifyAboutUpdatedResources (com.IvanMurzak.McpPlugin.Common.Model.RequestResourcesUpdated)
com.IvanMurzak.McpPlugin.McpPlugin/<<-ctor>b__29_6>d:MoveNext ()
System.Runtime.CompilerServices.AsyncVoidMethodBuilder:Start<com.IvanMurzak.McpPlugin.McpPlugin/<<-ctor>b__29_6>d> (com.IvanMurzak.McpPlugin.McpPlugin/<<-ctor>b__29_6>d&)
com.IvanMurzak.McpPlugin.McpPlugin:<.ctor>b__29_6 (R3.Unit)
R3.AnonymousObserver`1<R3.Unit>:OnNextCore (R3.Unit)
R3.Observer`1<R3.Unit>:OnNext (R3.Unit)
R3.ThrottleFirst`1/_ThrottleFirst<R3.Unit>:OnNextCore (R3.Unit)
R3.Observer`1<R3.Unit>:OnNext (R3.Unit)
R3.Subject`1<R3.Unit>:OnNext (R3.Unit)
com.IvanMurzak.McpPlugin.McpResourceManager:SetResourceEnabled (string,bool)
com.IvanMurzak.Unity.MCP.UnityMcpPlugin:ApplyConfigToMcpPlugin (com.IvanMurzak.McpPlugin.IMcpPlugin) (at ./Library/PackageCache/com.ivanmurzak.unity.mcp@0.86.0/Runtime/UnityMcpPlugin.Build.cs:240)
com.IvanMurzak.Unity.MCP.UnityMcpPluginEditor:BuildMcpPluginIfNeeded () (at ./Library/PackageCache/com.ivanmurzak.unity.mcp@0.86.0/Editor/Scripts/UnityMcpPluginEditor.Build.cs:74)
com.IvanMurzak.Unity.MCP.Editor.Startup:.cctor () (at ./Library/PackageCache/com.ivanmurzak.unity.mcp@0.86.0/Editor/Scripts/Startup.cs:29)
System.Runtime.CompilerServices.RuntimeHelpers:RunClassConstructor (System.RuntimeTypeHandle)
UnityEditor.EditorAssemblies:ProcessInitializeOnLoadAttributes (System.Type[])

(Filename: ./Library/PackageCache/com.ivanmurzak.unity.mcp@0.86.0/Runtime/UnityMcpPlugin.Build.cs Line: 240)

The project path contains spaces, which may cause issues during usage of AI Game Developer. Please consider the move the project to a folder without spaces.
UnityEngine.StackTraceUtility:ExtractStackTrace ()
UnityEngine.DebugLogHandler:LogFormat (UnityEngine.LogType,UnityEngine.Object,string,object[])
UnityEngine.Logger:Log (UnityEngine.LogType,object)
UnityEngine.Debug:LogError (object)
com.IvanMurzak.Unity.MCP.Editor.Startup:.cctor () (at ./Library/PackageCache/com.ivanmurzak.unity.mcp@0.86.0/Editor/Scripts/Startup.cs:33)
System.Runtime.CompilerServices.RuntimeHelpers:RunClassConstructor (System.RuntimeTypeHandle)
UnityEditor.EditorAssemblies:ProcessInitializeOnLoadAttributes (System.Type[])

(Filename: ./Library/PackageCache/com.ivanmurzak.unity.mcp@0.86.0/Editor/Scripts/Startup.cs Line: 33)

Mono: successfully reloaded assembly
- Finished resetting the current domain, in  4.240 seconds
Domain Reload Profiling: 5061ms
	BeginReloadAssembly (127ms)
		ExecutionOrderSort (0ms)
		DisableScriptedObjects (4ms)
		BackupInstance (0ms)
		ReleaseScriptingObjects (0ms)
		CreateAndSetChildDomain (23ms)
	RebuildCommonClasses (25ms)
	RebuildNativeTypeToScriptingClass (7ms)
	initialDomainReloadingComplete (35ms)
	LoadAllAssembliesAndSetupDomain (627ms)
		LoadAssemblies (459ms)
		RebuildTransferFunctionScriptingTraits (0ms)
		AnalyzeDomain (236ms)
			TypeCache.Refresh (208ms)
				TypeCache.ScanAssembly (192ms)
			ScanForSourceGeneratedMonoScriptInfo (19ms)
			ResolveRequiredComponents (7ms)
	FinalizeReload (4241ms)
		ReleaseScriptCaches (0ms)
		RebuildScriptCaches (0ms)
		SetupLoadedEditorAssemblies (4048ms)
			LogAssemblyErrors (0ms)
			InitializePlatformSupportModulesInManaged (18ms)
			SetLoadedEditorAssemblies (3ms)
			RefreshPlugins (0ms)
			BeforeProcessingInitializeOnLoad (75ms)
			ProcessInitializeOnLoadAttributes (3904ms)
			ProcessInitializeOnLoadMethodAttributes (41ms)
			AfterProcessingInitializeOnLoad (8ms)
			EditorAssembliesLoaded (0ms)
		ExecutionOrderSort2 (0ms)
		AwakeInstancesAfterBackupRestoration (4ms)
Refreshing native plugins compatible for Editor in 15.79 ms, found 0 plugins.
Preloading 0 native plugins for Editor in 0.00 ms.
Asset Pipeline Refresh (id=273725dce4187f349934c9917aac0e31): Total: 8.602 seconds - Initiated by InitialRefreshV2(ForceSynchronousImport)
	Summary:
		Imports: total=5 (actual=1, local cache=4, cache server=0)
		Asset DB Process Time: managed=2 ms, native=1342 ms
		Asset DB Callback time: managed=173 ms, native=22 ms
		Scripting: domain reloads=1, domain reload time=5154 ms, compile time=1859 ms, other=47 ms
		Project Asset Count: scripts=6224, non-scripts=1667
		Asset File Changes: new=0, changed=1, moved=0, deleted=0
		Scan Filter Count: 0
	InvokeBeforeRefreshCallbacks: 0.818ms
	ApplyChangesToAssetFolders: 0.043ms
	Scan: 75.881ms
	OnSourceAssetsModified: 2.118ms
	GetAllGuidsForCategorization: 1.301ms
	CategorizeAssets: 125.341ms
	ImportOutOfDateAssets: 4314.498ms (2411.947ms without children)
		ImportManagerImport: 10.665ms (2.913ms without children)
			ImportInProcess: 7.729ms
			UpdateCategorizedAssets: 0.023ms
		CompileScripts: 1858.570ms
		ReloadNativeAssets: 0.001ms
		UnloadImportedAssets: 29.658ms
		ReloadImportedAssets: 0.232ms
		EnsureUptoDateAssetsAreRegisteredWithGuidPM: 2.069ms
		InitializingProgressBar: 0.007ms
		PostProcessAllAssetNotificationsAddChangedAssets: 0.001ms
		OnDemandSchedulerStart: 1.349ms
	PostProcessAllAssets: 177.266ms
	Hotreload: 16.175ms
	GatherAllCurrentPrimaryArtifactRevisions: 0.001ms
	UnloadStreamsBegin: 1.294ms
	PersistCurrentRevisions: 0.360ms
	UnloadStreamsEnd: 0.036ms
	GenerateScriptTypeHashes: 1.971ms
	Untracked: 3886.972ms
Application.AssetDatabase Initial Refresh End
Shader Hidden/ProbeVolume/VoxelizeScene is not supported: GPU does not support conservative rasterization
Scanning for USB devices : 42.791ms
Initializing Unity extensions:
[MODES] ModeService[none].Initialize
[MODES] ModeService[none].LoadModes
[MODES] Loading mode Default (0) for mode-current-id-Desk 42
[PhysX] Initialized MultithreadedTaskDispatcher with 16 workers.
ProgressiveSceneManager::Cancel()
Unloading 9 Unused Serialized files (Serialized files now loaded: 0)
Unloading 153 unused Assets / (0.8 MB). Loaded Objects now: 5727.
Memory consumption went from 154.6 MB to 153.7 MB.
Total: 67.691400 ms (FindLiveObjects: 0.486800 ms CreateObjectMapping: 0.160500 ms MarkObjects: 66.489500 ms  DeleteObjects: 0.553600 ms)

Microsoft Media Foundation video decoding to texture disabled: graphics device is Null, only Direct3D 11 and Direct3D 12 (only on desktop) are supported for hardware-accelerated video decoding.
[Project] Loading completed in 14.956 seconds
	Project init time: 				12.400 seconds
		Template init time: 		0.000 seconds
		Package Manager init time: 		0.310 seconds
		Asset Database init time: 		0.204 seconds
		Global illumination init time: 	0.003 seconds
		Assemblies load time: 			2.778 seconds
		Unity extensions init time: 	0.006 seconds
		Asset Database refresh time: 	0.000 seconds
	Scene opening time: 			1.021 seconds
##utp:{"type":"ProjectInfo","version":2,"phase":"Immediate","time":1785685498455,"processId":9956,"projectLoad":14.9563406,"projectInit":12.399547,"templateInit":0.0,"packageManagerInit":0.3101353,"assetDatabaseInit":0.2042034,"globalIlluminationInit":0.0028269,"assembliesLoad":2.7779074,"unityExtensionsInit":0.0056835,"assetDatabaseRefresh":0.0,"sceneOpening":1.020745}
##utp:{"type":"EditorInfo","version":2,"phase":"Immediate","time":1785685498455,"processId":9956,"editorVersion":"2022.3.62f3 (96770f904ca7)","branch":"2022.3/respin/2022.3.62f2-4af31df585-v2","buildType":"Release","platform":"Windows"}
Asset Pipeline Refresh (id=b505d89a5fd10ea449e42a8e4fa3bdc1): Total: 0.038 seconds - Initiated by StopAssetImportingV2(NoUpdateAssetOptions)
Running tests for ExecutionSettings with details:
targetPlatform = 
playerHeartbeatTimeout = 600
filters[0] = 
   Filter with settings:
   testMode = EditMode
   targetPlatform = 
   testNames = null
   groupNames = Desk42.Tests.EditMode.InstitutionalConsequenceLoopTests
   categoryNames = null
   assemblyNames = null
ignoreTests = {}
featureFlags = null

UnityEngine.StackTraceUtility:ExtractStackTrace ()
UnityEngine.DebugLogHandler:LogFormat (UnityEngine.LogType,UnityEngine.Object,string,object[])
UnityEngine.Logger:Log (UnityEngine.LogType,object)
UnityEngine.Debug:Log (object)
UnityEditor.TestTools.TestRunner.CommandLineTest.Executer:InitializeAndExecuteRun (string[]) (at ./Library/PackageCache/com.unity.test-framework@1.3.9/UnityEditor.TestRunner/CommandLineTest/Executer.cs:53)
UnityEditor.TestTools.TestRunner.CommandLineTest.TestStarter:InitializeAndExecuteRun () (at ./Library/PackageCache/com.unity.test-framework@1.3.9/UnityEditor.TestRunner/CommandLineTest/TestStarter.cs:64)
UnityEditor.EditorApplication:Internal_CallUpdateFunctions ()

(Filename: ./Library/PackageCache/com.unity.test-framework@1.3.9/UnityEditor.TestRunner/CommandLineTest/Executer.cs Line: 53)

[UnityConnectServicesConfig] config is NOT valid, switching to default
Created GICache directory at C:/Users/jacob/AppData/LocalLow/Unity/Caches/GiCache. Took: 0.021s, timestamps: [14.966 - 14.987]
gi::BakeBackendSwitch: switching bake backend from 3 to 1.
GfxDevice renderer is null. Unity cannot update the Ambient Probe and Reflection Probes that the SkyManager generates. Run the Editor without the -nographics argument or generate lighting for your scene.
[PhysX] Initialized MultithreadedTaskDispatcher with 16 workers.
Unloading 0 Unused Serialized files (Serialized files now loaded: 0)
Unloading 53 unused Assets / (28.7 KB). Loaded Objects now: 5744.
Memory consumption went from 152.1 MB to 152.1 MB.
Total: 64.627700 ms (FindLiveObjects: 0.226400 ms CreateObjectMapping: 0.126800 ms MarkObjects: 64.166300 ms  DeleteObjects: 0.107300 ms)

GfxDevice renderer is null. Unity cannot update the Ambient Probe and Reflection Probes that the SkyManager generates. Run the Editor without the -nographics argument or generate lighting for your scene.
<b><color=#2EA3FF>MCP-FOR-UNITY</color></b>: [TestRunnerNoThrottle] Applied No Throttling for test run.
UnityEngine.StackTraceUtility:ExtractStackTrace ()
UnityEngine.DebugLogHandler:LogFormat (UnityEngine.LogType,UnityEngine.Object,string,object[])
UnityEngine.Logger:Log (UnityEngine.LogType,object)
UnityEngine.Debug:Log (object)
MCPForUnity.Editor.Helpers.McpLog:Info (string,bool) (at ./Library/PackageCache/com.coplaydev.unity-mcp@11836003a5/Editor/Helpers/McpLog.cs:40)
MCPForUnity.Editor.Services.TestRunnerNoThrottle:ApplyNoThrottling () (at ./Library/PackageCache/com.coplaydev.unity-mcp@11836003a5/Editor/Services/TestRunnerNoThrottle.cs:101)
MCPForUnity.Editor.Services.TestRunnerNoThrottle/TestCallbacks:RunStarted (UnityEditor.TestTools.TestRunner.Api.ITestAdaptor) (at ./Library/PackageCache/com.coplaydev.unity-mcp@11836003a5/Editor/Services/TestRunnerNoThrottle.cs:138)
UnityEditor.TestTools.TestRunner.Api.CallbacksDelegator/<>c__DisplayClass6_0:<RunStarted>b__0 (UnityEditor.TestTools.TestRunner.Api.ICallbacks) (at ./Library/PackageCache/com.unity.test-framework@1.3.9/UnityEditor.TestRunner/Api/CallbacksDelegator.cs:38)
UnityEditor.TestTools.TestRunner.Api.CallbacksDelegator:TryInvokeAllCallbacks (System.Action`1<UnityEditor.TestTools.TestRunner.Api.ICallbacks>) (at ./Library/PackageCache/com.unity.test-framework@1.3.9/UnityEditor.TestRunner/Api/CallbacksDelegator.cs:121)
UnityEditor.TestTools.TestRunner.Api.CallbacksDelegator:RunStarted (NUnit.Framework.Interfaces.ITest) (at ./Library/PackageCache/com.unity.test-framework@1.3.9/UnityEditor.TestRunner/Api/CallbacksDelegator.cs:38)
UnityEngine.Events.InvokableCall`1<NUnit.Framework.Interfaces.ITest>:Invoke (NUnit.Framework.Interfaces.ITest)
UnityEngine.Events.UnityEvent`1<NUnit.Framework.Interfaces.ITest>:Invoke (NUnit.Framework.Interfaces.ITest)
UnityEditor.TestTools.TestRunner.TestRun.Tasks.Events.RunStartedInvocationEvent/<Execute>d__0:MoveNext () (at ./Library/PackageCache/com.unity.test-framework@1.3.9/UnityEditor.TestRunner/TestRun/Tasks/Events/RunStartedInvocationEvent.cs:15)
UnityEditor.TestTools.TestRunner.TestRun.TestJobRunner:ExecuteStep () (at ./Library/PackageCache/com.unity.test-framework@1.3.9/UnityEditor.TestRunner/TestRun/TestJobRunner.cs:172)
UnityEditor.TestTools.TestRunner.TestRun.TestJobRunner:ExecuteCallback () (at ./Library/PackageCache/com.unity.test-framework@1.3.9/UnityEditor.TestRunner/TestRun/TestJobRunner.cs:108)
UnityEditor.EditorApplication:Internal_CallUpdateFunctions ()

(Filename: ./Library/PackageCache/com.coplaydev.unity-mcp@11836003a5/Editor/Helpers/McpLog.cs Line: 40)

<b><color=#2EA3FF>MCP-FOR-UNITY</color></b>: [TestRunnerNoThrottle] Restored Interaction Mode after test run.
UnityEngine.StackTraceUtility:ExtractStackTrace ()
UnityEngine.DebugLogHandler:LogFormat (UnityEngine.LogType,UnityEngine.Object,string,object[])
UnityEngine.Logger:Log (UnityEngine.LogType,object)
UnityEngine.Debug:Log (object)
MCPForUnity.Editor.Helpers.McpLog:Info (string,bool) (at ./Library/PackageCache/com.coplaydev.unity-mcp@11836003a5/Editor/Helpers/McpLog.cs:40)
MCPForUnity.Editor.Services.TestRunnerNoThrottle:RestoreThrottling () (at ./Library/PackageCache/com.coplaydev.unity-mcp@11836003a5/Editor/Services/TestRunnerNoThrottle.cs:114)
MCPForUnity.Editor.Services.TestRunnerNoThrottle/TestCallbacks:RunFinished (UnityEditor.TestTools.TestRunner.Api.ITestResultAdaptor) (at ./Library/PackageCache/com.coplaydev.unity-mcp@11836003a5/Editor/Services/TestRunnerNoThrottle.cs:143)
UnityEditor.TestTools.TestRunner.Api.CallbacksDelegator/<>c__DisplayClass8_0:<RunFinished>b__0 (UnityEditor.TestTools.TestRunner.Api.ICallbacks) (at ./Library/PackageCache/com.unity.test-framework@1.3.9/UnityEditor.TestRunner/Api/CallbacksDelegator.cs:51)
UnityEditor.TestTools.TestRunner.Api.CallbacksDelegator:TryInvokeAllCallbacks (System.Action`1<UnityEditor.TestTools.TestRunner.Api.ICallbacks>) (at ./Library/PackageCache/com.unity.test-framework@1.3.9/UnityEditor.TestRunner/Api/CallbacksDelegator.cs:121)
UnityEditor.TestTools.TestRunner.Api.CallbacksDelegator:RunFinished (NUnit.Framework.Interfaces.ITestResult) (at ./Library/PackageCache/com.unity.test-framework@1.3.9/UnityEditor.TestRunner/Api/CallbacksDelegator.cs:51)
UnityEngine.Events.InvokableCall`1<NUnit.Framework.Interfaces.ITestResult>:Invoke (NUnit.Framework.Interfaces.ITestResult)
UnityEngine.Events.UnityEvent`1<NUnit.Framework.Interfaces.ITestResult>:Invoke (NUnit.Framework.Interfaces.ITestResult)
UnityEditor.TestTools.TestRunner.TestRun.Tasks.Events.RunFinishedInvocationEvent/<Execute>d__0:MoveNext () (at ./Library/PackageCache/com.unity.test-framework@1.3.9/UnityEditor.TestRunner/TestRun/Tasks/Events/RunFinishedInvocationEvent.cs:17)
UnityEditor.TestTools.TestRunner.TestRun.TestJobRunner:ExecuteStep () (at ./Library/PackageCache/com.unity.test-framework@1.3.9/UnityEditor.TestRunner/TestRun/TestJobRunner.cs:172)
UnityEditor.TestTools.TestRunner.TestRun.TestJobRunner:ExecuteCallback () (at ./Library/PackageCache/com.unity.test-framework@1.3.9/UnityEditor.TestRunner/TestRun/TestJobRunner.cs:108)
UnityEditor.EditorApplication:Internal_CallUpdateFunctions ()

(Filename: ./Library/PackageCache/com.coplaydev.unity-mcp@11836003a5/Editor/Helpers/McpLog.cs Line: 40)

Saving results to: C:\Users\jacob\Desk 42\tmp\consequence-loop-targeted-3.xml
[PhysX] Initialized MultithreadedTaskDispatcher with 16 workers.
Unloading 0 Unused Serialized files (Serialized files now loaded: 0)
Unloading 0 unused Assets / (0 B). Loaded Objects now: 5745.
Memory consumption went from 147.9 MB to 147.9 MB.
Total: 62.461500 ms (FindLiveObjects: 0.220500 ms CreateObjectMapping: 0.124300 ms MarkObjects: 62.104600 ms  DeleteObjects: 0.011200 ms)

GfxDevice renderer is null. Unity cannot update the Ambient Probe and Reflection Probes that the SkyManager generates. Run the Editor without the -nographics argument or generate lighting for your scene.
DisplayProgressbar: Undo
Test run completed. Exiting with code 0 (Ok). Run completed.
UnityEngine.StackTraceUtility:ExtractStackTrace ()
UnityEngine.DebugLogHandler:LogFormat (UnityEngine.LogType,UnityEngine.Object,string,object[])
UnityEngine.Logger:Log (UnityEngine.LogType,object)
UnityEngine.Debug:Log (object)
UnityEditor.TestTools.TestRunner.CommandLineTest.Executer:ExitApplication (UnityEditor.TestTools.TestRunner.CommandLineTest.Executer/ReturnCodes,string) (at ./Library/PackageCache/com.unity.test-framework@1.3.9/UnityEditor.TestRunner/CommandLineTest/Executer.cs:81)
UnityEditor.TestTools.TestRunner.CommandLineTest.Executer:ExitIfRunIsCompleted () (at ./Library/PackageCache/com.unity.test-framework@1.3.9/UnityEditor.TestRunner/CommandLineTest/Executer.cs:74)
UnityEditor.EditorApplication:Internal_CallUpdateFunctions ()

(Filename: ./Library/PackageCache/com.unity.test-framework@1.3.9/UnityEditor.TestRunner/CommandLineTest/Executer.cs Line: 81)

Killing ADB server in 0.0426781 seconds.
[PhysX] Initialized MultithreadedTaskDispatcher with 16 workers.
Input System module state changed to: ShutdownInProgress.
Input System polling thread exited.
Input System module state changed to: Shutdown.
[Licensing::IpcConnector] LicenseClient-jacob-notifications channel disconnected successfully.
[Licensing::IpcConnector] LicenseClient-jacob channel disconnected successfully.
Cleanup mono
<color=#ffaa00>warn:</color> [16:45:00:2658] <color=#B4FF32>[AI]</color> <color=#85C1E2><b>BufferedFileLogStorage</b></color> Flush called but already disposed, ignored.
<color=#ffaa00>warn:</color> [16:45:01:2866] <color=#B4FF32>[AI]</color> <color=#48C9B0><b>McpManagerClientHub</b></color> ConnectionManager[d564dc08-293b-446c-91ea-7789c3c3d851] DisconnectImmediate Could not acquire gate within timeout. Proceeding without gate protection.
<color=#ffaa00>warn:</color> [16:45:06:3033] <color=#B4FF32>[AI]</color> <color=#48C9B0><b>McpManagerClientHub</b></color> ConnectionManager[d564dc08-293b-446c-91ea-7789c3c3d851] Dispose Could not acquire gate within timeout during Dispose. Proceeding with cleanup anyway.
abort_threads: Failed aborting id: 0000000000005618, mono_thread_manage will ignore it

abort_threads: Failed aborting id: 0000000000006794, mono_thread_manage will ignore it

abort_threads: Failed aborting id: 0000000000005618, mono_thread_manage will ignore it

abort_threads: Failed aborting id: 0000000000006794, mono_thread_manage will ignore it

debugger-agent: Unable to listen on 5660
[Performance] WinEditorMain                                                                                                                        :        1 samples, Peak.  1.51 s (1.0x), Avg.  1.51 s, Total. 1.506 s (6.6%)
[Performance] WinEditorMain.ConfigureCrashHandler                                                                                                  :        1 samples, Peak.  20.9 us (1.0x), Avg.  20.9 us, Total. 20.90 us (0.0%)
[Performance] WinEditorMain.CurlRequestInitialize                                                                                                  :        1 samples, Peak.   267 us (1.0x), Avg.   267 us, Total. 267.0 us (0.0%)
[Performance] WinEditorMain.SetupLogFile                                                                                                           :        1 samples, Peak.   391 us (1.0x), Avg.   391 us, Total. 391.4 us (0.0%)
[Performance] WinEditorMain.RunNativeTestsIfRequiredAndExit                                                                                        :        1 samples, Peak.   100 ns (1.0x), Avg.   100 ns, Total. 100.0 ns (0.0%)
[Performance] WinEditorMain.Licensing                                                                                                              :        1 samples, Peak.  1.49 s (1.0x), Avg.  1.49 s, Total. 1.491 s (6.5%)
[Performance] WinEditorMain.InitializeCrashHandler                                                                                                 :        1 samples, Peak.  11.8 ms (1.0x), Avg.  11.8 ms, Total. 11.76 ms (0.1%)
[Performance] WinEditorMain.CreateApplication                                                                                                      :        1 samples, Peak.   258 us (1.0x), Avg.   258 us, Total. 257.8 us (0.0%)
[Performance] Application.InitializeProject                                                                                                        :        1 samples, Peak.  12.4 s (1.0x), Avg.  12.4 s, Total. 12.40 s (54.1%)
[Performance] Application.PackageManager.StartServer                                                                                               :        1 samples, Peak.  2.80 ms (1.0x), Avg.  2.80 ms, Total. 2.798 ms (0.0%)
[Performance] Application.AcquireProjectLock                                                                                                       :        1 samples, Peak.  10.1 ms (1.0x), Avg.  10.1 ms, Total. 10.09 ms (0.0%)
[Performance] Application.InitializeEngineNoGraphics                                                                                               :        1 samples, Peak.  49.8 ms (1.0x), Avg.  49.8 ms, Total. 49.75 ms (0.2%)
[Performance] Application.PackageManager.Initialize                                                                                                :        1 samples, Peak.   310 ms (1.0x), Avg.   310 ms, Total. 310.1 ms (1.4%)
[Performance] Connecting to Package Manager                                                                                                        :       32 samples, Peak.  62.2 us (20.6x), Avg.  3.02 us, Total. 96.60 us (0.0%)
[Performance] Application.EngineGraphics.Initialize                                                                                                :        1 samples, Peak.  79.6 ms (1.0x), Avg.  79.6 ms, Total. 79.63 ms (0.3%)
[Performance] Application.GI.Initialize                                                                                                            :        1 samples, Peak.  2.83 ms (1.0x), Avg.  2.83 ms, Total. 2.829 ms (0.0%)
[Performance] Application.LoadAllDefaultResourcesFromEditor                                                                                        :        1 samples, Peak.  2.29 ms (1.0x), Avg.  2.29 ms, Total. 2.289 ms (0.0%)
[Performance] Application.LoadMonoAssemblies                                                                                                       :        1 samples, Peak.  2.78 s (1.0x), Avg.  2.78 s, Total. 2.778 s (12.1%)
[Performance] RestoreManagedReferences                                                                                                             :        2 samples, Peak.  54.1 ms (2.0x), Avg.  27.0 ms, Total. 54.10 ms (0.2%)
[Performance] InitializeOnLoad DrivenRectTransformUndo                                                                                             :        2 samples, Peak.   403 us (1.1x), Avg.   372 us, Total. 744.0 us (0.0%)
[Performance] InitializeOnLoad SceneSearch                                                                                                         :        2 samples, Peak.   141 us (1.3x), Avg.   112 us, Total. 223.4 us (0.0%)
[Performance] InitializeOnLoad CloudBuild                                                                                                          :        2 samples, Peak.  6.70 us (1.4x), Avg.  4.90 us, Total. 9.800 us (0.0%)
[Performance] InitializeOnLoad NativeFormatImporterUtility                                                                                         :        2 samples, Peak.  1.95 ms (1.1x), Avg.  1.80 ms, Total. 3.598 ms (0.0%)
[Performance] InitializeOnLoad SearchService                                                                                                       :        2 samples, Peak.   111 us (1.1x), Avg.   103 us, Total. 206.5 us (0.0%)
[Performance] InitializeOnLoad SettingsService                                                                                                     :        2 samples, Peak.  11.4 us (1.4x), Avg.  8.35 us, Total. 16.70 us (0.0%)
[Performance] InitializeOnLoad WindowLayout                                                                                                        :        2 samples, Peak.   200 us (1.0x), Avg.   200 us, Total. 399.9 us (0.0%)
[Performance] InitializeOnLoad AssetStoreContext                                                                                                   :        2 samples, Peak.  18.9 ms (1.7x), Avg.  11.0 ms, Total. 22.02 ms (0.1%)
[Performance] InitializeOnLoad PoolManager                                                                                                         :        2 samples, Peak.   493 us (1.0x), Avg.   470 us, Total. 939.5 us (0.0%)
[Performance] InitializeOnLoad MixerEffectDefinitionReloader                                                                                       :        2 samples, Peak.  2.03 ms (1.2x), Avg.  1.70 ms, Total. 3.403 ms (0.0%)
[Performance] InitializeOnLoad ProjectSearch                                                                                                       :        2 samples, Peak.  63.9 us (1.2x), Avg.  51.3 us, Total. 102.5 us (0.0%)
[Performance] InitializeOnLoad UISystemProfilerRenderService                                                                                       :        2 samples, Peak.  8.10 us (1.2x), Avg.  7.00 us, Total. 14.00 us (0.0%)
[Performance] InitializeOnLoad EditMode                                                                                                            :        2 samples, Peak.   332 us (1.1x), Avg.   313 us, Total. 626.2 us (0.0%)
[Performance] InitializeOnLoad UnityConnect                                                                                                        :        2 samples, Peak.  47.4 us (1.0x), Avg.  46.0 us, Total. 92.00 us (0.0%)
[Performance] InitializeOnLoad ManagedDebugger                                                                                                     :        2 samples, Peak.   468 us (1.6x), Avg.   288 us, Total. 576.3 us (0.0%)
[Performance] InitializeOnLoad ShortcutIntegration                                                                                                 :        2 samples, Peak.  48.7 us (1.0x), Avg.  48.4 us, Total. 96.80 us (0.0%)
[Performance] InitializeOnLoad AddComponentWindow                                                                                                  :        2 samples, Peak.  95.9 us (1.0x), Avg.  93.2 us, Total. 186.4 us (0.0%)
[Performance] InitializeOnLoad ManagedDebuggerWindow                                                                                               :        2 samples, Peak.   115 us (1.0x), Avg.   111 us, Total. 221.6 us (0.0%)
[Performance] InitializeOnLoad CacheServerWindow                                                                                                   :        2 samples, Peak.  10.1 us (1.2x), Avg.  8.30 us, Total. 16.60 us (0.0%)
[Performance] InitializeOnLoad PlayModeDownload                                                                                                    :        2 samples, Peak.  2.57 ms (1.9x), Avg.  1.33 ms, Total. 2.664 ms (0.0%)
[Performance] InitializeOnLoad MenuItems                                                                                                           :        2 samples, Peak.   115 us (1.2x), Avg.  92.9 us, Total. 185.9 us (0.0%)
[Performance] InitializeOnLoad PrefabInstanceChangedListener                                                                                       :        2 samples, Peak.   180 us (1.2x), Avg.   148 us, Total. 295.6 us (0.0%)
[Performance] InitializeOnLoad ObjectSelectorSearch                                                                                                :        2 samples, Peak.  97.8 us (1.5x), Avg.  66.0 us, Total. 132.0 us (0.0%)
[Performance] InitializeOnLoad EditorMonitor                                                                                                       :        2 samples, Peak.   560 us (1.2x), Avg.   469 us, Total. 937.6 us (0.0%)
[Performance] InitializeOnLoad RetainedMode                                                                                                        :        2 samples, Peak.  2.50 ms (1.1x), Avg.  2.31 ms, Total. 4.623 ms (0.0%)
[Performance] InitializeOnLoad EditorShaderLoader                                                                                                  :        2 samples, Peak.   893 us (1.3x), Avg.   698 us, Total. 1.397 ms (0.0%)
[Performance] InitializeOnLoad EditorDelegateRegistration                                                                                          :        2 samples, Peak.   659 us (1.2x), Avg.   562 us, Total. 1.125 ms (0.0%)
[Performance] InitializeOnLoad UIDocumentHierarchyWatcher                                                                                          :        2 samples, Peak.  84.6 us (1.1x), Avg.  74.0 us, Total. 148.0 us (0.0%)
[Performance] InitializeOnLoad LiveReloadTrackerCreator                                                                                            :        2 samples, Peak.   178 us (1.1x), Avg.   169 us, Total. 337.2 us (0.0%)
[Performance] InitializeOnLoad UxmlObjectEditorFactories                                                                                           :        2 samples, Peak.   541 us (1.1x), Avg.   497 us, Total. 994.5 us (0.0%)
[Performance] InitializeOnLoad UXMLEditorFactories                                                                                                 :        2 samples, Peak.  59.5 ms (1.1x), Avg.  54.7 ms, Total. 109.4 ms (0.5%)
[Performance] InitializeOnLoad PurchasingService                                                                                                   :        2 samples, Peak.  7.99 ms (1.2x), Avg.  6.75 ms, Total. 13.51 ms (0.1%)
[Performance] InitializeOnLoad CloudBuildPoller                                                                                                    :        2 samples, Peak.   162 us (1.3x), Avg.   126 us, Total. 251.8 us (0.0%)
[Performance] InitializeOnLoad EditorGameServicesAnalytics                                                                                         :        2 samples, Peak.  1.33 ms (1.4x), Avg.   966 us, Total. 1.932 ms (0.0%)
[Performance] InitializeOnLoad AnalyticsService                                                                                                    :        2 samples, Peak.   253 us (1.2x), Avg.   208 us, Total. 416.0 us (0.0%)
[Performance] InitializeOnLoad BuildService                                                                                                        :        2 samples, Peak.   228 us (1.3x), Avg.   178 us, Total. 356.6 us (0.0%)
[Performance] InitializeOnLoad AdsService                                                                                                          :        2 samples, Peak.   593 us (1.2x), Avg.   481 us, Total. 962.4 us (0.0%)
[Performance] InitializeOnLoad UDPService                                                                                                          :        2 samples, Peak.   219 us (1.2x), Avg.   175 us, Total. 350.2 us (0.0%)
[Performance] InitializeOnLoad CrashService                                                                                                        :        2 samples, Peak.   223 us (1.3x), Avg.   170 us, Total. 340.8 us (0.0%)
[Performance] InitializeOnLoad ServicesRepository                                                                                                  :        2 samples, Peak.   600 ns (1.1x), Avg.   550 ns, Total. 1.100 us (0.0%)
[Performance] InitializeOnLoad SearchWindow                                                                                                        :        2 samples, Peak.   194 us (1.4x), Avg.   143 us, Total. 285.7 us (0.0%)
[Performance] InitializeOnLoad CustomIndexers                                                                                                      :        2 samples, Peak.  13.1 ms (1.0x), Avg.  13.1 ms, Total. 26.18 ms (0.1%)
[Performance] InitializeOnLoad SearchMonitor                                                                                                       :        2 samples, Peak.   989 us (1.2x), Avg.   839 us, Total. 1.678 ms (0.0%)
[Performance] InitializeOnLoad ParameterControllerEditor                                                                                           :        2 samples, Peak.  18.5 us (1.0x), Avg.  17.8 us, Total. 35.60 us (0.0%)
[Performance] InitializeOnLoad LayerSettingsWindow                                                                                                 :        2 samples, Peak.  16.4 us (1.7x), Avg.  9.90 us, Total. 19.80 us (0.0%)
[Performance] InitializeOnLoad PackageManagerHookGUIDConverter.RegisterPackagesEventHandler                                                        :        2 samples, Peak.   629 us (1.8x), Avg.   342 us, Total. 684.8 us (0.0%)
[Performance] InitializeOnLoad EditorDragAndDrop.RegisterEditorClient                                                                              :        2 samples, Peak.   305 us (1.3x), Avg.   233 us, Total. 465.5 us (0.0%)
[Performance] InitializeOnLoad EditorEventCallbacks.InitializeFontAssetResourceChangeCallBacks                                                     :        2 samples, Peak.  1.13 ms (1.1x), Avg.   990 us, Total. 1.981 ms (0.0%)
[Performance] InitializeOnLoad SceneTemplateService.Init                                                                                           :        2 samples, Peak.  1.13 ms (1.1x), Avg.  1.04 ms, Total. 2.085 ms (0.0%)
[Performance] InitializeOnLoad DiagnosticSwitchesConsoleMessage.Init                                                                               :        2 samples, Peak.  4.40 ms (1.9x), Avg.  2.38 ms, Total. 4.753 ms (0.0%)
[Performance] InitializeOnLoad PackageManagerWindow.EditorInitializedInSafeMode                                                                    :        2 samples, Peak.  20.5 ms (2.0x), Avg.  10.3 ms, Total. 20.58 ms (0.1%)
[Performance] InitializeOnLoad ToolShortcutContext.Init                                                                                            :        2 samples, Peak.   124 us (1.1x), Avg.   118 us, Total. 235.9 us (0.0%)
[Performance] InitializeOnLoad MemoryProfilerCompilationGuard.InjectCompileGuard                                                                   :        2 samples, Peak.   149 us (1.5x), Avg.  98.1 us, Total. 196.2 us (0.0%)
[Performance] InitializeOnLoad AssetPostprocessingInternal.RefreshCustomDependencies                                                               :        2 samples, Peak.  2.47 ms (1.3x), Avg.  1.84 ms, Total. 3.682 ms (0.0%)
[Performance] InitializeOnLoad SysrootManager.Initialize                                                                                           :        2 samples, Peak.   374 us (1.0x), Avg.   370 us, Total. 740.6 us (0.0%)
[Performance] InitializeOnLoad ScopedRegistryAddedPopup.SubscribeToRegistriesAdded                                                                 :        2 samples, Peak.  6.02 ms (2.0x), Avg.  3.06 ms, Total. 6.114 ms (0.0%)
[Performance] InitializeOnLoad SceneVisibilityManager.Initialize                                                                                   :        2 samples, Peak.  2.89 ms (1.6x), Avg.  1.81 ms, Total. 3.627 ms (0.0%)
[Performance] InitializeOnLoad EditorWindow.Initialize                                                                                             :        2 samples, Peak.   193 us (1.0x), Avg.   188 us, Total. 376.2 us (0.0%)
[Performance] AssemblyReloadEvents.afterAssemblyReload: UnityEditor.SceneTemplate.SceneTemplateService.AfterAssemblyReload                         :        2 samples, Peak.   537 us (1.4x), Avg.   393 us, Total. 785.6 us (0.0%)
[Performance] ProcessService.EditorAfterLoadAllAssemblies                                                                                          :        2 samples, Peak.   288 us (1.1x), Avg.   251 us, Total. 502.4 us (0.0%)
[Performance] Application.ReadLicenseInfo                                                                                                          :        1 samples, Peak.  13.4 ms (1.0x), Avg.  13.4 ms, Total. 13.37 ms (0.1%)
[Performance] Application.InitialRefresh                                                                                                           :        1 samples, Peak.  8.61 s (1.0x), Avg.  8.61 s, Total. 8.606 s (37.6%)
[Performance] ShaderImporter.SourceAssetModified                                                                                                   :        2 samples, Peak.  1.00 us (1.3x), Avg.   750 ns, Total. 1.500 us (0.0%)
[Performance] ShaderIncludeImporter.SourceAssetModified                                                                                            :        2 samples, Peak.   800 ns (1.0x), Avg.   800 ns, Total. 1.600 us (0.0%)
[Performance] Compiling Scripts                                                                                                                    :        1 samples, Peak.  1.86 s (1.0x), Avg.  1.86 s, Total. 1.857 s (8.1%)
[Performance] AssemblyReloadEvents.beforeAssemblyReload: UnityEditor.SceneTemplate.SceneTemplateService.BeforeAssemblyReload                       :        1 samples, Peak.   384 us (1.0x), Avg.   384 us, Total. 383.7 us (0.0%)
[Performance] PresetManagerPostProcessor.OnPreprocessAsset                                                                                         :        1 samples, Peak.   949 us (1.0x), Avg.   949 us, Total. 948.9 us (0.0%)
[Performance] CancelSplashScreenOnAssetChange.OnPreprocessAsset                                                                                    :        1 samples, Peak.   121 us (1.0x), Avg.   121 us, Total. 121.1 us (0.0%)
[Performance] ShaderGraphAssetPostProcessor.OnPreprocessAsset                                                                                      :        1 samples, Peak.   165 us (1.0x), Avg.   165 us, Total. 164.7 us (0.0%)
[Performance] InitializeOnLoad InputSystemUIInputModuleEditor                                                                                      :        1 samples, Peak.   192 us (1.0x), Avg.   192 us, Total. 192.3 us (0.0%)
[Performance] InitializeOnLoad TouchSimulation                                                                                                     :        1 samples, Peak.   146 us (1.0x), Avg.   146 us, Total. 145.5 us (0.0%)
[Performance] InitializeOnLoad InputSystem                                                                                                         :        1 samples, Peak.  44.7 ms (1.0x), Avg.  44.7 ms, Total. 44.70 ms (0.2%)
[Performance] InitializeOnLoad EnableUITKEditor                                                                                                    :        1 samples, Peak.  26.2 us (1.0x), Avg.  26.2 us, Total. 26.20 us (0.0%)
[Performance] InitializeOnLoad BurstLoader                                                                                                         :        1 samples, Peak.  1.54 s (1.0x), Avg.  1.54 s, Total. 1.537 s (6.7%)
[Performance] InitializeOnLoad ShadowCasterGroup2DManager                                                                                          :        1 samples, Peak.   162 us (1.0x), Avg.   162 us, Total. 161.7 us (0.0%)
[Performance] InitializeOnLoad OnDomainReload                                                                                                      :        1 samples, Peak.   317 us (1.0x), Avg.   317 us, Total. 317.3 us (0.0%)
[Performance] InitializeOnLoad EditorInitialize                                                                                                    :        4 samples, Peak.  10.9 ms (3.4x), Avg.  3.26 ms, Total. 13.05 ms (0.1%)
[Performance] InitializeOnLoad CanvasesAndTheirOwners                                                                                              :        1 samples, Peak.   207 us (1.0x), Avg.   207 us, Total. 206.6 us (0.0%)
[Performance] InitializeOnLoad ProbeGIBaking                                                                                                       :        1 samples, Peak.  2.90 ms (1.0x), Avg.  2.90 ms, Total. 2.902 ms (0.0%)
[Performance] InitializeOnLoad FilterWindow                                                                                                        :        1 samples, Peak.  41.3 us (1.0x), Avg.  41.3 us, Total. 41.30 us (0.0%)
[Performance] InitializeOnLoad RealtimeProbeSubdivisionDebug                                                                                       :        1 samples, Peak.   195 us (1.0x), Avg.   195 us, Total. 194.6 us (0.0%)
[Performance] InitializeOnLoad CinemachineStoryboardMute                                                                                           :        1 samples, Peak.   224 us (1.0x), Avg.   224 us, Total. 223.7 us (0.0%)
[Performance] InitializeOnLoad SaveDuringPlay                                                                                                      :        1 samples, Peak.  95.6 us (1.0x), Avg.  95.6 us, Total. 95.60 us (0.0%)
[Performance] InitializeOnLoad CollectGizmoDrawers                                                                                                 :        1 samples, Peak.  6.49 ms (1.0x), Avg.  6.49 ms, Total. 6.492 ms (0.0%)
[Performance] InitializeOnLoad CinemachineScreenComposerGuidesGlobalDraggable                                                                      :        1 samples, Peak.   135 us (1.0x), Avg.   135 us, Total. 134.9 us (0.0%)
[Performance] InitializeOnLoad CinemachineEditorAnalytics                                                                                          :        1 samples, Peak.  45.1 us (1.0x), Avg.  45.1 us, Total. 45.10 us (0.0%)
[Performance] InitializeOnLoad CreateRigWithUndo                                                                                                   :        1 samples, Peak.   107 us (1.0x), Avg.   107 us, Total. 106.8 us (0.0%)
[Performance] InitializeOnLoad CreatePipelineWithUndo                                                                                              :        1 samples, Peak.   128 us (1.0x), Avg.   128 us, Total. 128.4 us (0.0%)
[Performance] InitializeOnLoad SyncCacheEnabledSetting                                                                                             :        1 samples, Peak.   521 us (1.0x), Avg.   521 us, Total. 520.5 us (0.0%)
[Performance] InitializeOnLoad CinemachineColliderPrefs                                                                                            :        1 samples, Peak.   164 us (1.0x), Avg.   164 us, Total. 163.9 us (0.0%)
[Performance] InitializeOnLoad NodeClassCache                                                                                                      :        1 samples, Peak.  6.40 us (1.0x), Avg.  6.40 us, Total. 6.400 us (0.0%)
[Performance] InitializeOnLoad ShaderGraphMaterialsUpdater                                                                                         :        2 samples, Peak.   296 us (1.4x), Avg.   215 us, Total. 430.6 us (0.0%)
[Performance] InitializeOnLoad UnityTestProtocolStarter                                                                                            :        1 samples, Peak.   246 us (1.0x), Avg.   246 us, Total. 246.4 us (0.0%)
[Performance] InitializeOnLoad BackgroundWatcher                                                                                                   :        1 samples, Peak.  63.3 us (1.0x), Avg.  63.3 us, Total. 63.30 us (0.0%)
[Performance] InitializeOnLoad VisualStudioEditor                                                                                                  :        1 samples, Peak.  13.4 ms (1.0x), Avg.  13.4 ms, Total. 13.43 ms (0.1%)
[Performance] InitializeOnLoad TestRunnerApiListener                                                                                               :        1 samples, Peak.  2.62 ms (1.0x), Avg.  2.62 ms, Total. 2.625 ms (0.0%)
[Performance] InitializeOnLoad VisualStudioIntegration                                                                                             :        1 samples, Peak.  1.57 ms (1.0x), Avg.  1.57 ms, Total. 1.574 ms (0.0%)
[Performance] InitializeOnLoad RegisterCheckResourcesDupeDependencies                                                                              :        1 samples, Peak.  1.12 ms (1.0x), Avg.  1.12 ms, Total. 1.122 ms (0.0%)
[Performance] InitializeOnLoad RegisterCheckBundleDupeDependencies                                                                                 :        1 samples, Peak.   178 us (1.0x), Avg.   178 us, Total. 178.2 us (0.0%)
[Performance] InitializeOnLoad AddressableEditorInitialization                                                                                     :        1 samples, Peak.  3.88 ms (1.0x), Avg.  3.88 ms, Total. 3.881 ms (0.0%)
[Performance] InitializeOnLoad GroupsPopupWindow                                                                                                   :        1 samples, Peak.  7.70 us (1.0x), Avg.  7.70 us, Total. 7.700 us (0.0%)
[Performance] InitializeOnLoad GlobalInitialization                                                                                                :        1 samples, Peak.   414 us (1.0x), Avg.   414 us, Total. 413.9 us (0.0%)
[Performance] InitializeOnLoad RegisterCheckSceneDupeDependencies                                                                                  :        1 samples, Peak.  90.1 us (1.0x), Avg.  90.1 us, Total. 90.10 us (0.0%)
[Performance] InitializeOnLoad RegisterBuildBundleLayout                                                                                           :        1 samples, Peak.  71.5 us (1.0x), Avg.  71.5 us, Total. 71.50 us (0.0%)
[Performance] InitializeOnLoad AddressableAssetInspectorGUI                                                                                        :        1 samples, Peak.  31.3 ms (1.0x), Avg.  31.3 ms, Total. 31.28 ms (0.1%)
[Performance] EditorResources.Load                                                                                                                 :        6 samples, Peak.  28.3 ms (5.9x), Avg.  4.76 ms, Total. 28.53 ms (0.1%)
[Performance] InitializeOnLoad PrefabLayoutRebuilder                                                                                               :        1 samples, Peak.   606 us (1.0x), Avg.   606 us, Total. 606.0 us (0.0%)
[Performance] InitializeOnLoad RiderScriptEditor                                                                                                   :        1 samples, Peak.  11.5 ms (1.0x), Avg.  11.5 ms, Total. 11.49 ms (0.1%)
[Performance] InitializeOnLoad CallbackInitializer                                                                                                 :        1 samples, Peak.  2.67 ms (1.0x), Avg.  2.67 ms, Total. 2.667 ms (0.0%)
[Performance] InitializeOnLoad NuGetDependencyResolver                                                                                             :        1 samples, Peak.  1.69 ms (1.0x), Avg.  1.69 ms, Total. 1.689 ms (0.0%)
[Performance] InitializeOnLoad MainThreadDispatcher                                                                                                :        1 samples, Peak.   638 us (1.0x), Avg.   638 us, Total. 637.8 us (0.0%)
[Performance] InitializeOnLoad MainWindowInitializer                                                                                               :        1 samples, Peak.   774 us (1.0x), Avg.   774 us, Total. 773.9 us (0.0%)
[Performance] InitializeOnLoad Tool_Tests                                                                                                          :        1 samples, Peak.   146 ms (1.0x), Avg.   146 ms, Total. 146.2 ms (0.6%)
[Performance] InitializeOnLoad Tool_Script                                                                                                         :        1 samples, Peak.  11.0 us (1.0x), Avg.  11.0 us, Total. 11.00 us (0.0%)
[Performance] InitializeOnLoad ScriptUtils                                                                                                         :        1 samples, Peak.   444 us (1.0x), Avg.   444 us, Total. 443.8 us (0.0%)
[Performance] InitializeOnLoad ServerBinaryUpdateWatcher                                                                                           :        1 samples, Peak.   289 us (1.0x), Avg.   289 us, Total. 289.1 us (0.0%)
[Performance] InitializeOnLoad Startup                                                                                                             :        1 samples, Peak.   660 ms (1.0x), Avg.   660 ms, Total. 660.2 ms (2.9%)
[Performance] InitializeOnLoad McpServerManager                                                                                                    :        1 samples, Peak.  2.57 ms (1.0x), Avg.  2.57 ms, Total. 2.565 ms (0.0%)
[Performance] InitializeOnLoad PlayModeOptionsGuard                                                                                                :        1 samples, Peak.   303 us (1.0x), Avg.   303 us, Total. 302.5 us (0.0%)
[Performance] InitializeOnLoad EditorStateCache                                                                                                    :        1 samples, Peak.  92.2 ms (1.0x), Avg.  92.2 ms, Total. 92.24 ms (0.4%)
[Performance] InitializeOnLoad McpEditorShutdownCleanup                                                                                            :        1 samples, Peak.   388 us (1.0x), Avg.   388 us, Total. 388.5 us (0.0%)
[Performance] InitializeOnLoad TestRunnerNoThrottle                                                                                                :        1 samples, Peak.   568 us (1.0x), Avg.   568 us, Total. 568.0 us (0.0%)
[Performance] InitializeOnLoad StartupConfigRewrite                                                                                                :        1 samples, Peak.   134 us (1.0x), Avg.   134 us, Total. 134.4 us (0.0%)
[Performance] InitializeOnLoad ProjectIdentityUtility                                                                                              :        1 samples, Peak.   110 us (1.0x), Avg.   110 us, Total. 110.3 us (0.0%)
[Performance] InitializeOnLoad TransportCommandDispatcher                                                                                          :        1 samples, Peak.  1.20 s (1.0x), Avg.  1.20 s, Total. 1.197 s (5.2%)
[Performance] InitializeOnLoad SetupWindowService                                                                                                  :        1 samples, Peak.  80.9 us (1.0x), Avg.  80.9 us, Total. 80.90 us (0.0%)
[Performance] InitializeOnLoad LegacyServerSrcMigration                                                                                            :        1 samples, Peak.  51.3 us (1.0x), Avg.  51.3 us, Total. 51.30 us (0.0%)
[Performance] InitializeOnLoad StdioBridgeHost                                                                                                     :        1 samples, Peak.   508 us (1.0x), Avg.   508 us, Total. 507.8 us (0.0%)
[Performance] InitializeOnLoad HttpAutoStartHandler                                                                                                :        1 samples, Peak.  95.9 us (1.0x), Avg.  95.9 us, Total. 95.90 us (0.0%)
[Performance] InitializeOnLoad AssetGenJobManager                                                                                                  :        1 samples, Peak.   371 us (1.0x), Avg.   371 us, Total. 370.5 us (0.0%)
[Performance] InitializeOnLoad HttpBridgeReloadHandler                                                                                             :        1 samples, Peak.   180 us (1.0x), Avg.   180 us, Total. 179.8 us (0.0%)
[Performance] InitializeOnLoad StdIoVersionMigration                                                                                               :        1 samples, Peak.  83.4 us (1.0x), Avg.  83.4 us, Total. 83.40 us (0.0%)
[Performance] InitializeOnLoad StdioBridgeReloadHandler                                                                                            :        1 samples, Peak.   144 us (1.0x), Avg.   144 us, Total. 144.0 us (0.0%)
[Performance] InitializeOnLoad Renderer2DAnalytics                                                                                                 :        1 samples, Peak.   101 us (1.0x), Avg.   101 us, Total. 101.3 us (0.0%)
[Performance] InitializeOnLoad EditorToolManager                                                                                                   :        1 samples, Peak.  1.87 ms (1.0x), Avg.  1.87 ms, Total. 1.869 ms (0.0%)
[Performance] InitializeOnLoad Addressables.RegisterPlayModeStateChange                                                                            :        1 samples, Peak.  64.5 us (1.0x), Avg.  64.5 us, Total. 64.50 us (0.0%)
[Performance] InitializeOnLoad AssetReference.RegisterForPlaymodeChange                                                                            :        1 samples, Peak.   216 us (1.0x), Avg.   216 us, Total. 215.9 us (0.0%)
[Performance] InitializeOnLoad MaterialReimporter.RegisterUpgraderReimport                                                                         :        2 samples, Peak.   248 us (1.8x), Avg.   139 us, Total. 277.3 us (0.0%)
[Performance] InitializeOnLoad GetMenuItems.BuildCache                                                                                             :        1 samples, Peak.  5.02 ms (1.0x), Avg.  5.02 ms, Total. 5.021 ms (0.0%)
[Performance] InitializeOnLoad McpLogRecord.RefreshFromPrefs                                                                                       :        1 samples, Peak.   161 us (1.0x), Avg.   161 us, Total. 160.8 us (0.0%)
[Performance] InitializeOnLoad ExecuteCode.OnDomainReload                                                                                          :        1 samples, Peak.   344 us (1.0x), Avg.   344 us, Total. 343.7 us (0.0%)
[Performance] InitializeOnLoad UnityReflect.OnLoad                                                                                                 :        1 samples, Peak.   382 us (1.0x), Avg.   382 us, Total. 382.5 us (0.0%)
[Performance] InitializeOnLoad MainThreadDispatcher.EditorInitialize                                                                               :        1 samples, Peak.   126 us (1.0x), Avg.   126 us, Total. 126.0 us (0.0%)
[Performance] InitializeOnLoad MainThreadInstaller.Init                                                                                            :        1 samples, Peak.  93.5 us (1.0x), Avg.  93.5 us, Total. 93.50 us (0.0%)
[Performance] InitializeOnLoad AddressableAssetSettings.RegisterWithAssetPostProcessor                                                             :        1 samples, Peak.   296 us (1.0x), Avg.   296 us, Total. 295.8 us (0.0%)
[Performance] InitializeOnLoad AddressableAssetSettings.CheckCCDStatus                                                                             :        1 samples, Peak.  59.5 us (1.0x), Avg.  59.5 us, Total. 59.50 us (0.0%)
[Performance] InitializeOnLoad ProfileDataSourceSettings.InitializeCloudEnvironment                                                                :        1 samples, Peak.   187 us (1.0x), Avg.   187 us, Total. 186.6 us (0.0%)
[Performance] InitializeOnLoad AddressablesBuildScriptHooks.Init                                                                                   :        1 samples, Peak.  49.0 us (1.0x), Avg.  49.0 us, Total. 49.00 us (0.0%)
[Performance] InitializeOnLoad AddressablesPlayerBuildProcessor.CleanTemporaryPlayerBuildData                                                      :        1 samples, Peak.   685 us (1.0x), Avg.   685 us, Total. 685.5 us (0.0%)
[Performance] InitializeOnLoad InputSystemPackageControl.SubscribePackageManagerEvent                                                              :        1 samples, Peak.  58.4 us (1.0x), Avg.  58.4 us, Total. 58.40 us (0.0%)
[Performance] InitializeOnLoad InputSystemPluginControl.CheckForExtension                                                                          :        1 samples, Peak.  1.27 ms (1.0x), Avg.  1.27 ms, Total. 1.275 ms (0.0%)
[Performance] InitializeOnLoad AnalyticsReporter.RegisterCallbacks                                                                                 :        1 samples, Peak.   442 us (1.0x), Avg.   442 us, Total. 441.8 us (0.0%)
[Performance] InitializeOnLoad TestJobDataHolder.ResumeRunningJobs                                                                                 :        1 samples, Peak.   843 us (1.0x), Avg.   843 us, Total. 842.7 us (0.0%)
[Performance] InitializeOnLoad TestStarter.Initialize                                                                                              :        1 samples, Peak.  5.36 ms (1.0x), Avg.  5.36 ms, Total. 5.362 ms (0.0%)
[Performance] InitializeOnLoad DebugManagerWindowLifetimeAnalytic.SubscribeToDebugManagerOpenCloseWindows                                          :        1 samples, Peak.   403 us (1.0x), Avg.   403 us, Total. 402.5 us (0.0%)
[Performance] InitializeOnLoad CoreRenderPipelinePreferences.InitPreferenceProviders                                                               :        1 samples, Peak.  11.5 ms (1.0x), Avg.  11.5 ms, Total. 11.54 ms (0.1%)
[Performance] InitializeOnLoad VolumeGizmoDrawer.InitVolumeGizmoCallbacks                                                                          :        1 samples, Peak.   318 us (1.0x), Avg.   318 us, Total. 317.8 us (0.0%)
[Performance] InitializeOnLoad VisualStudioEditor.LegacyVisualStudioCodePackageDisabler                                                            :        1 samples, Peak.   510 us (1.0x), Avg.   510 us, Total. 510.4 us (0.0%)
[Performance] DidReloadScriptsCinemachineExtension.OnScriptReload                                                                                  :        1 samples, Peak.   321 us (1.0x), Avg.   321 us, Total. 320.5 us (0.0%)
[Performance] DidReloadScriptsCinemachineVirtualCameraBase.OnScriptReload                                                                          :        1 samples, Peak.  99.2 us (1.0x), Avg.  99.2 us, Total. 99.20 us (0.0%)
[Performance] DidReloadScriptsAdvancedDropdownWindow.OnScriptReload                                                                                :        2 samples, Peak.   260 us (1.1x), Avg.   229 us, Total. 457.1 us (0.0%)
[Performance] DidReloadScriptsTestListCache.ScriptReloaded                                                                                         :        1 samples, Peak.  1.36 ms (1.0x), Avg.  1.36 ms, Total. 1.360 ms (0.0%)
[Performance] DidReloadScriptsTestRunnerWindow.CompilationCallback                                                                                 :        1 samples, Peak.   426 us (1.0x), Avg.   426 us, Total. 425.8 us (0.0%)
[Performance] DidReloadScriptsLookDev.OnEditorReload                                                                                               :        1 samples, Peak.   193 us (1.0x), Avg.   193 us, Total. 192.9 us (0.0%)
[Performance] DidReloadScriptsDebugWindow.OnEditorReload                                                                                           :        1 samples, Peak.  4.26 ms (1.0x), Avg.  4.26 ms, Total. 4.257 ms (0.0%)
[Performance] DidReloadScriptsVolumeComponentEditor.OnEditorReload                                                                                 :        1 samples, Peak.  9.83 ms (1.0x), Avg.  9.83 ms, Total. 9.825 ms (0.0%)
[Performance] AssemblyReloadEvents.afterAssemblyReload: com.IvanMurzak.Unity.MCP.Editor.Startup.OnAfterAssemblyReload                              :        1 samples, Peak.  39.9 ms (1.0x), Avg.  39.9 ms, Total. 39.94 ms (0.2%)
[Performance] AssemblyReloadEvents.afterAssemblyReload: callback in MCPForUnity.Editor.Services.EditorStateCache                                   :        1 samples, Peak.   347 us (1.0x), Avg.   347 us, Total. 347.2 us (0.0%)
[Performance] AssemblyReloadEvents.afterAssemblyReload: MCPForUnity.Editor.Services.HttpBridgeReloadHandler.OnAfterAssemblyReload                  :        1 samples, Peak.   753 us (1.0x), Avg.   753 us, Total. 752.7 us (0.0%)
[Performance] AssemblyReloadEvents.afterAssemblyReload: MCPForUnity.Editor.Services.StdioBridgeReloadHandler.OnAfterAssemblyReload                 :        1 samples, Peak.   366 us (1.0x), Avg.   366 us, Total. 365.7 us (0.0%)
[Performance] AssemblyReloadEvents.afterAssemblyReload: MCPForUnity.Editor.Tools.UnityReflect.InvalidateCache                                      :        1 samples, Peak.   312 us (1.0x), Avg.   312 us, Total. 311.8 us (0.0%)
[Performance] AssetDatabase.ImportAssets                                                                                                           :        3 samples, Peak.  4.00 us (2.2x), Avg.  1.83 us, Total. 5.500 us (0.0%)
[Performance] VersionControl.Task.Wait                                                                                                             :        1 samples, Peak.  12.4 us (1.0x), Avg.  12.4 us, Total. 12.40 us (0.0%)
[Performance] CinemachineSettings.OnPostprocessAllAssets                                                                                           :        2 samples, Peak.   409 us (1.3x), Avg.   316 us, Total. 632.1 us (0.0%)
[Performance] TMPro_TexturePostProcessor.OnPostprocessAllAssets                                                                                    :        2 samples, Peak.   529 us (1.0x), Avg.   524 us, Total. 1.048 ms (0.0%)
[Performance] BuilderAssetPostprocessor.OnPostprocessAllAssets                                                                                     :        2 samples, Peak.  4.89 ms (1.0x), Avg.  4.88 ms, Total. 9.767 ms (0.0%)
[Performance] AddressablesAssetPostProcessor.OnPostprocessAllAssets                                                                                :        2 samples, Peak.  2.56 ms (1.0x), Avg.  2.50 ms, Total. 5.009 ms (0.0%)
[Performance] ArtifactBrowserPostProcessor.OnPostprocessAllAssets                                                                                  :        2 samples, Peak.  1.13 ms (1.0x), Avg.  1.11 ms, Total. 2.220 ms (0.0%)
[Performance] AssetEvents.OnPostprocessAllAssets                                                                                                   :        4 samples, Peak.   450 us (1.5x), Avg.   293 us, Total. 1.172 ms (0.0%)
[Performance] AudioMixerPostprocessor.OnPostprocessAllAssets                                                                                       :        2 samples, Peak.   791 us (1.0x), Avg.   773 us, Total. 1.546 ms (0.0%)
[Performance] StyleCatalogPostProcessor.OnPostprocessAllAssets                                                                                     :        2 samples, Peak.  94.4 ms (1.0x), Avg.  94.4 ms, Total. 188.8 ms (0.8%)
[Performance] BuildCatalog                                                                                                                         :        1 samples, Peak.  91.1 ms (1.0x), Avg.  91.1 ms, Total. 91.12 ms (0.4%)
[Performance] ModelImporterPostProcessor.OnPostprocessAllAssets                                                                                    :        2 samples, Peak.  1.83 ms (1.0x), Avg.  1.83 ms, Total. 3.651 ms (0.0%)
[Performance] MaterialPostprocessor.OnPostprocessAllAssets                                                                                         :        4 samples, Peak.  1.78 ms (1.4x), Avg.  1.26 ms, Total. 5.027 ms (0.0%)
[Performance] UniversalRenderPipelineGlobalSettingsPostprocessor.OnPostprocessAllAssets                                                            :        2 samples, Peak.  2.81 ms (1.0x), Avg.  2.76 ms, Total. 5.527 ms (0.0%)
[Performance] RetainedModeAssetPostprocessor.OnPostprocessAllAssets                                                                                :        2 samples, Peak.  5.64 ms (1.0x), Avg.  5.64 ms, Total. 11.27 ms (0.0%)
[Performance] AssetChangedListener.OnPostprocessAllAssets                                                                                          :        2 samples, Peak.  1.82 ms (1.0x), Avg.  1.82 ms, Total. 3.634 ms (0.0%)
[Performance] PostProcessor.OnPostprocessAllAssets                                                                                                 :        2 samples, Peak.   664 us (1.2x), Avg.   533 us, Total. 1.065 ms (0.0%)
[Performance] ShaderGraphAssetPostProcessor.OnPostprocessAllAssets                                                                                 :        2 samples, Peak.  17.5 ms (1.0x), Avg.  17.5 ms, Total. 35.01 ms (0.2%)
[Performance] SpeedTreePostProcessor.OnPostprocessAllAssets                                                                                        :        2 samples, Peak.   327 us (1.0x), Avg.   323 us, Total. 646.3 us (0.0%)
[Performance] TextAssetPostProcessor.OnPostprocessAllAssets                                                                                        :        2 samples, Peak.   636 us (1.0x), Avg.   633 us, Total. 1.266 ms (0.0%)
[Performance] AssetPathToTypes.OnPostprocessAllAssets                                                                                              :        2 samples, Peak.   553 us (1.0x), Avg.   550 us, Total. 1.100 ms (0.0%)
[Performance] InputActionAssetPostprocessor.OnPostprocessAllAssets                                                                                 :        2 samples, Peak.   612 us (1.0x), Avg.   608 us, Total. 1.216 ms (0.0%)
[Performance] InputActionJsonNameModifierAssetProcessor.OnPostprocessAllAssets                                                                     :        2 samples, Peak.   111 us (1.0x), Avg.   108 us, Total. 215.3 us (0.0%)
[Performance] ProjectSettingsPostprocessor.OnPostprocessAllAssets                                                                                  :        2 samples, Peak.   342 us (1.0x), Avg.   338 us, Total. 676.7 us (0.0%)
[Performance] SyncVS.PostprocessSyncProject                                                                                                        :        1 samples, Peak.  4.23 ms (1.0x), Avg.  4.23 ms, Total. 4.232 ms (0.0%)
[Performance] Application.ImportPackagesAndSetTemplateWhenCreatingProject                                                                          :        1 samples, Peak.  17.2 ms (1.0x), Avg.  17.2 ms, Total. 17.15 ms (0.1%)
[Performance] Application.SyncCurrentColorSpace                                                                                                    :        1 samples, Peak.  31.7 ms (1.0x), Avg.  31.7 ms, Total. 31.67 ms (0.1%)
[Performance] Application.OnUsbDevicesChanged                                                                                                      :        1 samples, Peak.  42.8 ms (1.0x), Avg.  42.8 ms, Total. 42.84 ms (0.2%)
[Performance] Application.AssetInstanceCacheUpdate                                                                                                 :        1 samples, Peak.   400 ns (1.0x), Avg.   400 ns, Total. 400.0 ns (0.0%)
[Performance] Application.UnityExtensions.Initialize                                                                                               :        1 samples, Peak.  5.68 ms (1.0x), Avg.  5.68 ms, Total. 5.685 ms (0.0%)
[Performance] CodeEditorProjectSync.SyncEditorProject                                                                                              :        1 samples, Peak.  99.1 ms (1.0x), Avg.  99.1 ms, Total. 99.06 ms (0.4%)
[Performance] Application.ExecuteStartups                                                                                                          :        1 samples, Peak.  23.5 ms (1.0x), Avg.  23.5 ms, Total. 23.47 ms (0.1%)
[Performance] Menu.RegisterMenuInterface                                                                                                           :       26 samples, Peak.  1.90 us (7.7x), Avg.   246 ns, Total. 6.400 us (0.0%)
[Performance] Gizmo.RebuildRenderers                                                                                                               :        1 samples, Peak.  21.7 ms (1.0x), Avg.  21.7 ms, Total. 21.73 ms (0.1%)
[Performance] Gizmo.AddGizmoRenderers                                                                                                              :      121 samples, Peak.  1.29 ms (57.4x), Avg.  22.5 us, Total. 2.717 ms (0.0%)
[Performance] Application.editorInitializingProject                                                                                                :        1 samples, Peak.  22.9 us (1.0x), Avg.  22.9 us, Total. 22.90 us (0.0%)
[Performance] Application.FinishLoadingProject                                                                                                     :        1 samples, Peak.  1.02 s (1.0x), Avg.  1.02 s, Total. 1.021 s (4.5%)
[Performance] Application.InitializeMenu                                                                                                           :        1 samples, Peak.   799 ms (1.0x), Avg.   799 ms, Total. 798.6 ms (3.5%)
[Performance] Menu.RebuildAll                                                                                                                      :        1 samples, Peak.   799 ms (1.0x), Avg.   799 ms, Total. 798.5 ms (3.5%)
[Performance] Menu.BuildRegisteredMenuInterfaces                                                                                                   :        1 samples, Peak.   795 ms (1.0x), Avg.   795 ms, Total. 794.8 ms (3.5%)
[Performance] Menu.FilterMenuItem                                                                                                                  :      819 samples, Peak.  47.8 ms (814.6x), Avg.  58.7 us, Total. 48.08 ms (0.2%)
[Performance] UpdateAllMenus                                                                                                                       :        1 samples, Peak.   444 us (1.0x), Avg.   444 us, Total. 443.9 us (0.0%)
[Performance] Menu.RebuildOSMainMenu                                                                                                               :        2 samples, Peak.  3.17 ms (1.1x), Avg.  2.82 ms, Total. 5.647 ms (0.0%)
[Performance] EditorSceneManager.sceneClosing: UnityEditor.SceneVisibilityManager.EditorSceneManagerOnSceneClosing                                 :        3 samples, Peak.   231 us (2.8x), Avg.  82.5 us, Total. 247.4 us (0.0%)
[Performance] GUIView.RepaintAll.PlayerLoopController                                                                                              :        9 samples, Peak.  2.70 us (3.6x), Avg.   744 ns, Total. 6.700 us (0.0%)
[Performance] EditorSceneManager.newSceneCreated: UnityEditor.SceneTemplate.SceneTemplateService.OnNewSceneCreated                                 :        3 samples, Peak.   220 us (3.0x), Avg.  74.4 us, Total. 223.1 us (0.0%)
[Performance] EditorSceneManager.newSceneCreated: UnityEditor.SceneVisibilityManager.EditorSceneManagerOnNewSceneCreated                           :        3 samples, Peak.   281 us (2.7x), Avg.   104 us, Total. 310.9 us (0.0%)
[Performance] EditorSceneManager.newSceneCreated: UnityEditor.SceneManagement.StageNavigationManager.OnNewSceneCreated                             :        3 samples, Peak.  52.8 us (2.9x), Avg.  18.2 us, Total. 54.70 us (0.0%)
[Performance] Application.InvokeFinishedLoadingProject                                                                                             :        1 samples, Peak.  70.6 ms (1.0x), Avg.  70.6 ms, Total. 70.58 ms (0.3%)
[Performance] ProcessService.OnProjectLoaded                                                                                                       :        1 samples, Peak.  56.4 us (1.0x), Avg.  56.4 us, Total. 56.40 us (0.0%)
[Performance] Application.InvokeProjectWasLoaded                                                                                                   :        1 samples, Peak.  57.6 us (1.0x), Avg.  57.6 us, Total. 57.60 us (0.0%)
[Performance] Application.Message                                                                                                                  :       57 samples, Peak.  23.9 us (33.3x), Avg.   718 ns, Total. 40.90 us (0.0%)
[Performance] Application.Message.WM_0031F                                                                                                         :        1 samples, Peak.  3.30 us (1.0x), Avg.  3.30 us, Total. 3.300 us (0.0%)
[Performance] Application.Tick                                                                                                                     :       56 samples, Peak.   316 ms (18.0x), Avg.  17.6 ms, Total. 985.6 ms (4.3%)
[Performance] CheckLicensingClient                                                                                                                 :        1 samples, Peak.  9.00 us (1.0x), Avg.  9.00 us, Total. 9.000 us (0.0%)
[Performance] CheckLicensingClientNotification                                                                                                     :        1 samples, Peak.  13.9 us (1.0x), Avg.  13.9 us, Total. 13.90 us (0.0%)
[Performance] LicenseActivated.Tick                                                                                                                :        1 samples, Peak.  9.60 us (1.0x), Avg.  9.60 us, Total. 9.600 us (0.0%)
[Performance] Application.TickVersionControl                                                                                                       :       57 samples, Peak.  2.00 us (3.1x), Avg.   653 ns, Total. 37.20 us (0.0%)
[Performance] MonoCompiler.Tick                                                                                                                    :        4 samples, Peak.  6.30 us (1.7x), Avg.  3.78 us, Total. 15.10 us (0.0%)
[Performance] UnityConnect.Tick                                                                                                                    :        8 samples, Peak.  5.66 ms (7.8x), Avg.   726 us, Total. 5.805 ms (0.0%)
[Performance] UnityVersionControl.Tick                                                                                                             :        8 samples, Peak.  1.20 us (2.7x), Avg.   438 ns, Total. 3.500 us (0.0%)
[Performance] CurlRequest.Tick                                                                                                                     :        6 samples, Peak.   199 us (4.4x), Avg.  44.7 us, Total. 268.5 us (0.0%)
[Performance] HubClient.Tick                                                                                                                       :        6 samples, Peak.  2.60 us (4.3x), Avg.   600 ns, Total. 3.600 us (0.0%)
[Performance] AssetDatabase.Tick                                                                                                                   :        6 samples, Peak.  79.1 us (5.9x), Avg.  13.4 us, Total. 80.70 us (0.0%)
[Performance] SceneBackgroundTask.Tick                                                                                                             :        4 samples, Peak.   400 ns (1.5x), Avg.   275 ns, Total. 1.100 us (0.0%)
[Performance] Scheduler.Tick                                                                                                                       :       19 samples, Peak.  2.60 ms (18.4x), Avg.   141 us, Total. 2.677 ms (0.0%)
[Performance] RepaintAllProfilerWindows                                                                                                            :        2 samples, Peak.   268 us (2.0x), Avg.   135 us, Total. 269.3 us (0.0%)
[Performance] PlayerUpdates.Tick                                                                                                                   :        8 samples, Peak.  28.5 us (1.8x), Avg.  15.5 us, Total. 124.3 us (0.0%)
[Performance] Application.TickGlobalCallbacks                                                                                                      :       57 samples, Peak.  26.6 ms (54.9x), Avg.   485 us, Total. 27.64 ms (0.1%)
[Performance] CoreBusinessMetrics.Tick                                                                                                             :        1 samples, Peak.  54.2 us (1.0x), Avg.  54.2 us, Total. 54.20 us (0.0%)
[Performance] EditorAnalytics.Tick                                                                                                                 :        4 samples, Peak.  11.1 us (3.7x), Avg.  2.97 us, Total. 11.90 us (0.0%)
[Performance] GI.Tick                                                                                                                              :        8 samples, Peak.   468 us (4.4x), Avg.   105 us, Total. 841.6 us (0.0%)
[Performance] Video.Update                                                                                                                         :       57 samples, Peak.  3.50 us (9.5x), Avg.   370 ns, Total. 21.10 us (0.0%)
[Performance] UnitySynchronization.ExecuteTasks                                                                                                    :        8 samples, Peak.  4.90 us (2.3x), Avg.  2.12 us, Total. 17.00 us (0.0%)
[Performance] Application.TickPreloadManager                                                                                                       :       57 samples, Peak.  7.60 us (3.7x), Avg.  2.08 us, Total. 118.6 us (0.0%)
[Performance] Application.TickProgress                                                                                                             :       57 samples, Peak.  2.11 ms (56.3x), Avg.  37.4 us, Total. 2.133 ms (0.0%)
[Performance] Application.TickSceneTracker                                                                                                         :       56 samples, Peak.   270 ms (16.9x), Avg.  16.0 ms, Total. 894.2 ms (3.9%)
[Performance] EditorApplication.update                                                                                                             :       56 samples, Peak.   270 ms (16.9x), Avg.  15.9 ms, Total. 892.1 ms (3.9%)
[Performance] EditorApplication.update: UnityEngine.Rendering.ProbeSubdivisionContext+RealtimeProbeSubdivisionDebug.UpdateRealtimeSubdivisionDebug :       57 samples, Peak.  2.44 ms (56.4x), Avg.  43.3 us, Total. 2.466 ms (0.0%)
[Performance] EditorApplication.update: callback in Microsoft.Unity.VisualStudio.Editor.VisualStudioIntegration                                    :        1 samples, Peak.  1.99 ms (1.0x), Avg.  1.99 ms, Total. 1.986 ms (0.0%)
[Performance] EditorApplication.update: Microsoft.Unity.VisualStudio.Editor.VisualStudioIntegration.OnUpdate                                       :       57 samples, Peak.   269 us (47.5x), Avg.  5.67 us, Total. 323.0 us (0.0%)
[Performance] EditorApplication.update: com.IvanMurzak.Unity.MCP.Editor.DependencyResolver.NuGetDependencyResolver.ResolveOnce                     :        1 samples, Peak.   191 ms (1.0x), Avg.   191 ms, Total. 191.4 ms (0.8%)
[Performance] EditorApplication.update: com.IvanMurzak.Unity.MCP.Editor.Utils.ScriptUtils.ProcessPendingNotificationsOnce                          :        1 samples, Peak.   833 us (1.0x), Avg.   833 us, Total. 833.1 us (0.0%)
[Performance] EditorApplication.update: com.IvanMurzak.Unity.MCP.Editor.Utils.PackageUtils.ProcessPendingNotificationsOnce                         :        1 samples, Peak.   625 us (1.0x), Avg.   625 us, Total. 624.9 us (0.0%)
[Performance] EditorApplication.update: com.IvanMurzak.Unity.MCP.Editor.McpServerManager.CheckExistingProcess                                      :        1 samples, Peak.  1.18 ms (1.0x), Avg.  1.18 ms, Total. 1.182 ms (0.0%)
[Performance] EditorApplication.update: com.IvanMurzak.Unity.MCP.Editor.McpServerManager.StartServerIfNeeded                                       :        1 samples, Peak.   227 us (1.0x), Avg.   227 us, Total. 226.5 us (0.0%)
[Performance] EditorApplication.update: MCPForUnity.Editor.Services.EditorStateCache.OnUpdate                                                      :       57 samples, Peak.   387 us (52.2x), Avg.  7.43 us, Total. 423.3 us (0.0%)
[Performance] EditorApplication.update: MCPForUnity.Editor.Services.Transport.TransportCommandDispatcher.ProcessQueue                              :       57 samples, Peak.   517 us (54.7x), Avg.  9.44 us, Total. 538.3 us (0.0%)
[Performance] EditorApplication.update: callback in UnityEditor.Rendering.Universal.MaterialReimporter                                             :       57 samples, Peak.   140 us (45.9x), Avg.  3.05 us, Total. 173.8 us (0.0%)
[Performance] EditorApplication.update: UnityEditor.AddressableAssets.Settings.AddressableAssetSettings.TryAddAssetPostprocessorOnNextUpdate       :        1 samples, Peak.  92.2 us (1.0x), Avg.  92.2 us, Total. 92.20 us (0.0%)
[Performance] EditorApplication.update: UnityEditor.TestTools.TestRunner.CommandLineTest.TestStarter.InitializeAndExecuteRun                       :        1 samples, Peak.  26.6 ms (1.0x), Avg.  26.6 ms, Total. 26.63 ms (0.1%)
[Performance] EditorApplication.update: UnityEditor.PackageManager.UI.Internal.ApplicationProxy.OnUpdate                                           :       57 samples, Peak.   465 us (49.8x), Avg.  9.35 us, Total. 532.9 us (0.0%)
[Performance] EditorApplication.update: UnityEditor.SceneManagement.StageNavigationManager.Update                                                  :       57 samples, Peak.   411 us (54.8x), Avg.  7.50 us, Total. 427.3 us (0.0%)
[Performance] ConsoleLog.Tick                                                                                                                      :        3 samples, Peak.   263 us (2.7x), Avg.  96.6 us, Total. 289.8 us (0.0%)
[Performance] HierarchyWindow.Tick                                                                                                                 :        4 samples, Peak.   640 us (3.1x), Avg.   209 us, Total. 834.8 us (0.0%)
[Performance] EditorApplication.hierarchyChanged: Unity.UIElements.Editor.UIDocumentHierarchyWatcher.OnHierarchyChanged                            :        2 samples, Peak.   222 us (1.9x), Avg.   118 us, Total. 236.4 us (0.0%)
[Performance] Inspector.Tick                                                                                                                       :        4 samples, Peak.  47.2 ms (4.0x), Avg.  11.8 ms, Total. 47.22 ms (0.2%)
[Performance] EditorApplication.delayCall: UnityEditor.ShortcutManagement.ShortcutIntegration.EnsureShortcutsAreInitialized                        :        1 samples, Peak.  23.3 ms (1.0x), Avg.  23.3 ms, Total. 23.26 ms (0.1%)
[Performance] EditorApplication.delayCall: callback in UnityEngine.InputSystem.EnhancedTouch.TouchSimulation                                       :        1 samples, Peak.   351 us (1.0x), Avg.   351 us, Total. 351.3 us (0.0%)
[Performance] EditorApplication.delayCall: UnityEngine.InputSystem.InputSystem.SetUpRemotingInternal                                               :        1 samples, Peak.  4.88 ms (1.0x), Avg.  4.88 ms, Total. 4.878 ms (0.0%)
[Performance] EditorApplication.delayCall: UnityEngine.InputSystem.InputSystem.ShowRestartWarning                                                  :        1 samples, Peak.  6.47 ms (1.0x), Avg.  6.47 ms, Total. 6.470 ms (0.0%)
[Performance] EditorApplication.delayCall: com.IvanMurzak.Unity.MCP.Editor.Utils.UpdateChecker.CheckForUpdatesOnStartup                            :        1 samples, Peak.  9.45 ms (1.0x), Avg.  9.45 ms, Total. 9.450 ms (0.0%)
[Performance] EditorApplication.delayCall: MCPForUnity.Editor.Helpers.ProjectIdentityUtility.CacheIdentityOnMainThread                             :        1 samples, Peak.  1.38 ms (1.0x), Avg.  1.38 ms, Total. 1.380 ms (0.0%)
[Performance] EditorApplication.delayCall: callback in UnityEditor.EditorTools.ToolShortcutContext                                                 :        1 samples, Peak.  1.02 ms (1.0x), Avg.  1.02 ms, Total. 1.017 ms (0.0%)
[Performance] EditorApplication.delayCall: callback in UnityEditor.SceneVisibilityManager                                                          :        1 samples, Peak.  77.2 us (1.0x), Avg.  77.2 us, Total. 77.20 us (0.0%)
[Performance] EditorApplication.delayCall: callback in UnityEditor.EditorWindow                                                                    :        1 samples, Peak.  43.9 us (1.0x), Avg.  43.9 us, Total. 43.90 us (0.0%)
[Performance] Tooltip.Tick                                                                                                                         :        7 samples, Peak.  49.4 us (2.3x), Avg.  21.4 us, Total. 150.1 us (0.0%)
[Performance] Application.RequestRepaintForPanels                                                                                                  :       56 samples, Peak.   314 us (42.3x), Avg.  7.43 us, Total. 415.9 us (0.0%)
[Performance] Application.UpdateScene                                                                                                              :       56 samples, Peak.   210 us (8.3x), Avg.  25.4 us, Total. 1.423 ms (0.0%)
[Performance] Application.UpdateTextureStreaming                                                                                                   :       56 samples, Peak.   600 ns (3.8x), Avg.   159 ns, Total. 8.900 us (0.0%)
[Performance] Application.UpdateVideoTextures                                                                                                      :       56 samples, Peak.   500 ns (4.2x), Avg.   118 ns, Total. 6.600 us (0.0%)
[Performance] PackageImporter.Tick                                                                                                                 :        3 samples, Peak.   300 ns (1.3x), Avg.   233 ns, Total. 700.0 ns (0.0%)
[Performance] InspectorBackground.Tick                                                                                                             :        3 samples, Peak.  1000 ns (1.9x), Avg.   533 ns, Total. 1.600 us (0.0%)
[Performance] BurstDebug.Tick                                                                                                                      :        2 samples, Peak.   900 ns (1.1x), Avg.   850 ns, Total. 1.700 us (0.0%)
[Performance] Application.ChangeLayoutIfNeeded                                                                                                     :       56 samples, Peak.   300 ns (7.3x), Avg.  41.1 ns, Total. 2.300 us (0.0%)
[Performance] AsyncReadManager.ForceCloseFiles                                                                                                     :        1 samples, Peak.  1000 ns (1.0x), Avg.  1000 ns, Total. 1000.0 ns (0.0%)
[Performance] EditorApplication.update: UnityEditor.TestTools.TestRunner.TestRun.TestJobRunner.ExecuteCallback                                     :       56 samples, Peak.   269 ms (22.8x), Avg.  11.8 ms, Total. 662.4 ms (2.9%)
[Performance] EditorApplication.update: UnityEditor.TestTools.TestRunner.CommandLineTest.Executer.ExitIfRunIsCompleted                             :       55 samples, Peak.   437 us (42.3x), Avg.  10.3 us, Total. 567.6 us (0.0%)
[Performance] GUIView.RepaintAll.RepaintScene                                                                                                      :       50 samples, Peak.  1.30 us (4.5x), Avg.   288 ns, Total. 14.40 us (0.0%)
[Performance] Application.Shutdown.SaveDefaultWindowPreferences                                                                                    :        1 samples, Peak.  79.3 us (1.0x), Avg.  79.3 us, Total. 79.30 us (0.0%)
[Performance] Application.Shutdown.SaveSceneManagerSetup                                                                                           :        1 samples, Peak.   430 us (1.0x), Avg.   430 us, Total. 430.2 us (0.0%)
[Performance] Application.Shutdown.CleanupAllContainerWindows                                                                                      :        1 samples, Peak.  1.10 us (1.0x), Avg.  1.10 us, Total. 1.100 us (0.0%)
[Performance] EditorApplication.quitting: Unity.Burst.Editor.BurstLoader.OnEditorApplicationQuitting                                               :        1 samples, Peak.  30.1 us (1.0x), Avg.  30.1 us, Total. 30.10 us (0.0%)
[Performance] EditorApplication.quitting: com.IvanMurzak.Unity.MCP.Editor.McpServerManager.OnEditorQuitting                                        :        1 samples, Peak.   345 us (1.0x), Avg.   345 us, Total. 345.0 us (0.0%)
[Performance] EditorApplication.quitting: MCPForUnity.Editor.Services.McpEditorShutdownCleanup.OnEditorQuitting                                    :        1 samples, Peak.  2.68 ms (1.0x), Avg.  2.68 ms, Total. 2.683 ms (0.0%)
[Performance] EditorApplication.quitting: MCPForUnity.Editor.Services.StdioBridgeReloadHandler.CancelRetries                                       :        1 samples, Peak.  62.1 us (1.0x), Avg.  62.1 us, Total. 62.10 us (0.0%)
[Performance] EditorApplication.quitting: callback in UnityEditor.TextCore.Text.EditorEventCallbacks                                               :        1 samples, Peak.  10.5 ms (1.0x), Avg.  10.5 ms, Total. 10.50 ms (0.0%)
[Performance] Killing ADB server                                                                                                                   :        1 samples, Peak.  43.0 ms (1.0x), Avg.  43.0 ms, Total. 43.02 ms (0.2%)
[Performance] Application.Shutdown.PauseProfilerSession                                                                                            :        1 samples, Peak.  27.4 us (1.0x), Avg.  27.4 us, Total. 27.40 us (0.0%)
[Performance] Application.Shutdown.PauseAssetImportWorkers                                                                                         :        1 samples, Peak.   225 us (1.0x), Avg.   225 us, Total. 225.1 us (0.0%)
[Performance] Application.Shutdown.SaveAssets                                                                                                      :        1 samples, Peak.  28.7 ms (1.0x), Avg.  28.7 ms, Total. 28.67 ms (0.1%)
[Performance] BuilderAssetModificationProcessor.OnWillSaveAssets                                                                                   :        1 samples, Peak.   435 us (1.0x), Avg.   435 us, Total. 435.0 us (0.0%)
[Performance] TerrainModificationProcessor.OnWillSaveAssets                                                                                        :        1 samples, Peak.   734 us (1.0x), Avg.   734 us, Total. 733.8 us (0.0%)
[Performance] Application.Shutdown.CleanupRenderPipeline                                                                                           :        1 samples, Peak.  6.50 us (1.0x), Avg.  6.50 us, Total. 6.500 us (0.0%)
[Performance] Application.Shutdown.StopPreloadManager                                                                                              :        1 samples, Peak.  10.1 ms (1.0x), Avg.  10.1 ms, Total. 10.07 ms (0.0%)
[Performance] Application.Shutdown.DestroyWorld                                                                                                    :        1 samples, Peak.   775 us (1.0x), Avg.   775 us, Total. 774.9 us (0.0%)
[Performance] Application.Shutdown.CleanupAfterLoad                                                                                                :        1 samples, Peak.   303 ms (1.0x), Avg.   303 ms, Total. 302.7 ms (1.3%)
[Performance] Application.Shutdown.Progress                                                                                                        :        1 samples, Peak.  14.4 us (1.0x), Avg.  14.4 us, Total. 14.40 us (0.0%)
[Performance] Application.Shutdown.GICleanupManagers                                                                                               :        1 samples, Peak.   623 us (1.0x), Avg.   623 us, Total. 622.9 us (0.0%)
[Performance] Application.Shutdown.MenuCleanupClass                                                                                                :        1 samples, Peak.   435 us (1.0x), Avg.   435 us, Total. 434.5 us (0.0%)
[Performance] Application.Shutdown.ADBSaveStateBeforeShutdown                                                                                      :        1 samples, Peak.  11.7 us (1.0x), Avg.  11.7 us, Total. 11.70 us (0.0%)
[Performance] Application.Shutdown.RemoteShutdown                                                                                                  :        1 samples, Peak.  1.30 us (1.0x), Avg.  1.30 us, Total. 1.300 us (0.0%)
[Performance] Application.Shutdown.CleanupVCProvider                                                                                               :        1 samples, Peak.  16.0 us (1.0x), Avg.  16.0 us, Total. 16.00 us (0.0%)
[Performance] Application.Shutdown.InputShutdown                                                                                                   :        1 samples, Peak.  3.20 us (1.0x), Avg.  3.20 us, Total. 3.200 us (0.0%)
[Performance] Application.Shutdown.GizmoManagerDestroy                                                                                             :        1 samples, Peak.  1.26 ms (1.0x), Avg.  1.26 ms, Total. 1.257 ms (0.0%)
[Performance] Application.Shutdown.ProfilerSession                                                                                                 :        1 samples, Peak.   177 us (1.0x), Avg.   177 us, Total. 177.4 us (0.0%)
[Performance] Application.Shutdown.ReleaseGfxWindowOnAllGUIViews                                                                                   :        1 samples, Peak.   400 ns (1.0x), Avg.   400 ns, Total. 400.0 ns (0.0%)
[Performance] Application.Shutdown.CleanupEngine                                                                                                   :        1 samples, Peak.   126 ms (1.0x), Avg.   126 ms, Total. 125.9 ms (0.5%)
[Performance] Application.Shutdown.CleanupAssetDatabase                                                                                            :        1 samples, Peak.  10.3 ms (1.0x), Avg.  10.3 ms, Total. 10.30 ms (0.0%)
[Performance] Application.Shutdown.ScriptCompilationCleanUp                                                                                        :        1 samples, Peak.  23.3 ms (1.0x), Avg.  23.3 ms, Total. 23.33 ms (0.1%)
[Performance] Application.Shutdown.DestroyJobSystem                                                                                                :        1 samples, Peak.   123 us (1.0x), Avg.   123 us, Total. 122.9 us (0.0%)
[Performance] Application.Shutdown.CleanupPersistentManager                                                                                        :        1 samples, Peak.  3.97 ms (1.0x), Avg.  3.97 ms, Total. 3.965 ms (0.0%)
[Performance] Application.Shutdown.CleanupAsyncReadManager                                                                                         :        1 samples, Peak.   337 us (1.0x), Avg.   337 us, Total. 336.7 us (0.0%)
[Performance] Application.Shutdown.CleanupProgressBar                                                                                              :        1 samples, Peak.   400 ns (1.0x), Avg.   400 ns, Total. 400.0 ns (0.0%)
[Performance] Application.Shutdown.CleanupMono                                                                                                     :        1 samples, Peak.  6.31 s (1.0x), Avg.  6.31 s, Total. 6.310 s (27.6%)
[Performance] Application.Shutdown.CleanupStdConverters                                                                                            :        1 samples, Peak.  9.70 us (1.0x), Avg.  9.70 us, Total. 9.700 us (0.0%)
[Performance] Application.Shutdown.UnloadAllPlatformSupportModuleNativeDlls                                                                        :        1 samples, Peak.   700 ns (1.0x), Avg.   700 ns, Total. 700.0 ns (0.0%)
[Performance] Application.Shutdown.UnloadAllPlatformSupportNativeLibraries                                                                         :        1 samples, Peak.   100 ns (1.0x), Avg.   100 ns, Total. 100.0 ns (0.0%)
[Performance] Application.Shutdown.CleanupAutoDocumentation                                                                                        :        1 samples, Peak.   386 us (1.0x), Avg.   386 us, Total. 385.5 us (0.0%)
[Performance] Application.Shutdown.ShaderNameManagerDestroy                                                                                        :        1 samples, Peak.  57.5 us (1.0x), Avg.  57.5 us, Total. 57.50 us (0.0%)
[Performance] Application.Shutdown.CleanupCacheServer                                                                                              :        1 samples, Peak. 0.0 (-nan(ind)x), Avg. 0.0, Total. 0.0 (0.0%)
[Performance] Application.Shutdown.Virtualization_Shutdown                                                                                         :        1 samples, Peak.   300 ns (1.0x), Avg.   300 ns, Total. 300.0 ns (0.0%)
[Performance] Application.Shutdown.DevConnections                                                                                                  :        1 samples, Peak.  93.9 us (1.0x), Avg.  93.9 us, Total. 93.90 us (0.0%)
Checking for leaked weakptr:
  Found no leaked weakptrs.
[Package Manager] Server::Kill -- Server was shutdown
Memory Statistics:
[ALLOC_TEMP_TLS] TLS Allocator
  StackAllocators : 
    [ALLOC_TEMP_CurlRequest]
      Initial Block Size 64.0 KB
      Current Block Size 64.0 KB
      Peak Allocated Bytes 0 B
      Overflow Count 0
    [ALLOC_TEMP_MAIN]
      Peak usage frame count: [4.0 KB-8.0 KB]: 1 frames, [256.0 KB-0.5 MB]: 2 frames, [0.5 MB-1.0 MB]: 2 frames, [8.0 MB-16.0 MB]: 1 frames
      Initial Block Size 16.0 MB
      Current Block Size 22.7 MB
      Peak Allocated Bytes 13.6 MB
      Overflow Count 0
    [ALLOC_TEMP_Background Job.Worker 8]
      Initial Block Size 32.0 KB
      Current Block Size 32.0 KB
      Peak Allocated Bytes 54 B
      Overflow Count 0
    [ALLOC_TEMP_Job.Worker 4]
      Initial Block Size 256.0 KB
      Current Block Size 256.0 KB
      Peak Allocated Bytes 1.4 KB
      Overflow Count 1
    [ALLOC_TEMP_AUDIO_FMOD mixer thread]
      Initial Block Size 64.0 KB
      Current Block Size 64.0 KB
      Peak Allocated Bytes 54 B
      Overflow Count 0
    [ALLOC_TEMP_BakingJobs.Worker 5]
      Initial Block Size 256.0 KB
      Current Block Size 256.0 KB
      Peak Allocated Bytes 54 B
      Overflow Count 0
    [ALLOC_TEMP_Background Job.Worker 11]
      Initial Block Size 32.0 KB
      Current Block Size 32.0 KB
      Peak Allocated Bytes 54 B
      Overflow Count 0
    [ALLOC_TEMP_Background Job.Worker 3]
      Initial Block Size 32.0 KB
      Current Block Size 32.0 KB
      Peak Allocated Bytes 54 B
      Overflow Count 0
    [ALLOC_TEMP_BatchDeleteObjects]
      Initial Block Size 64.0 KB
      Current Block Size 64.0 KB
      Peak Allocated Bytes 54 B
      Overflow Count 0
    [ALLOC_TEMP_CoreBusinessMetricsCache]
      Initial Block Size 64.0 KB
      Current Block Size 64.0 KB
      Peak Allocated Bytes 8.0 KB
      Overflow Count 0
    [ALLOC_TEMP_REST Message Handler]
      Initial Block Size 64.0 KB
      Current Block Size 64.0 KB
      Peak Allocated Bytes 54 B
      Overflow Count 0
    [ALLOC_TEMP_Job.Worker 13]
      Initial Block Size 256.0 KB
      Current Block Size 256.0 KB
      Peak Allocated Bytes 1.4 KB
      Overflow Count 0
    [ALLOC_TEMP_Background Job.Worker 2]
      Initial Block Size 32.0 KB
      Current Block Size 32.0 KB
      Peak Allocated Bytes 1.5 KB
      Overflow Count 0
    [ALLOC_TEMP_AssetDatabase.IOService]
      Initial Block Size 64.0 KB
      Current Block Size 64.0 KB
      Peak Allocated Bytes 54 B
      Overflow Count 0
    [ALLOC_TEMP_Job.Worker 10]
      Initial Block Size 256.0 KB
      Current Block Size 256.0 KB
      Peak Allocated Bytes 1.3 KB
      Overflow Count 1
    [ALLOC_TEMP_Job.Worker 12]
      Initial Block Size 256.0 KB
      Current Block Size 256.0 KB
      Peak Allocated Bytes 1.5 KB
      Overflow Count 1
    [ALLOC_TEMP_Loading.PreloadManager]
      Initial Block Size 32.0 MB
      Current Block Size 32.0 MB
      Peak Allocated Bytes 54 B
      Overflow Count 0
    [ALLOC_TEMP_Profiler.Dispatcher]
      Initial Block Size 64.0 KB
      Current Block Size 64.0 KB
      Peak Allocated Bytes 0 B
      Overflow Count 0
    [ALLOC_TEMP_Job.Worker 14]
      Initial Block Size 256.0 KB
      Current Block Size 256.0 KB
      Peak Allocated Bytes 1.4 KB
      Overflow Count 1
    [ALLOC_TEMP_Job.Worker 3]
      Initial Block Size 256.0 KB
      Current Block Size 256.0 KB
      Peak Allocated Bytes 1.3 KB
      Overflow Count 1
    [ALLOC_TEMP_BakingJobs.Worker 7]
      Initial Block Size 256.0 KB
      Current Block Size 256.0 KB
      Peak Allocated Bytes 54 B
      Overflow Count 0
    [ALLOC_TEMP_Background Job.Worker 5]
      Initial Block Size 32.0 KB
      Current Block Size 32.0 KB
      Peak Allocated Bytes 54 B
      Overflow Count 0
    [ALLOC_TEMP_CurlRequest]
      Initial Block Size 64.0 KB
      Current Block Size 64.0 KB
      Peak Allocated Bytes 1.4 KB
      Overflow Count 0
    [ALLOC_TEMP_Background Job.Worker 13]
      Initial Block Size 32.0 KB
      Current Block Size 32.0 KB
      Peak Allocated Bytes 54 B
      Overflow Count 0
    [ALLOC_TEMP_Job.Worker 2]
      Initial Block Size 256.0 KB
      Current Block Size 256.0 KB
      Peak Allocated Bytes 1.3 KB
      Overflow Count 1
    [ALLOC_TEMP_BakingJobs.Worker 6]
      Initial Block Size 256.0 KB
      Current Block Size 256.0 KB
      Peak Allocated Bytes 54 B
      Overflow Count 0
    [ALLOC_TEMP_Job.Worker 11]
      Initial Block Size 256.0 KB
      Current Block Size 256.0 KB
      Peak Allocated Bytes 1.4 KB
      Overflow Count 1
    [ALLOC_TEMP_Job.Worker 0]
      Initial Block Size 256.0 KB
      Current Block Size 256.0 KB
      Peak Allocated Bytes 1.2 KB
      Overflow Count 0
    [ALLOC_TEMP_Job.Worker 6]
      Initial Block Size 256.0 KB
      Current Block Size 256.0 KB
      Peak Allocated Bytes 1.3 KB
      Overflow Count 1
    [ALLOC_TEMP_Job.Worker 5]
      Initial Block Size 256.0 KB
      Current Block Size 256.0 KB
      Peak Allocated Bytes 1.3 KB
      Overflow Count 1
    [ALLOC_TEMP_Background Job.Worker 9]
      Initial Block Size 32.0 KB
      Current Block Size 32.0 KB
      Peak Allocated Bytes 54 B
      Overflow Count 0
    [ALLOC_TEMP_DirMonitor]
      Initial Block Size 64.0 KB
      Current Block Size 64.0 KB
      Peak Allocated Bytes 0.6 KB
      Overflow Count 0
    [ALLOC_TEMP_Job.Worker 9]
      Initial Block Size 256.0 KB
      Current Block Size 256.0 KB
      Peak Allocated Bytes 1.3 KB
      Overflow Count 1
    [ALLOC_TEMP_BakingJobs.Worker 1]
      Initial Block Size 256.0 KB
      Current Block Size 256.0 KB
      Peak Allocated Bytes 0.6 KB
      Overflow Count 0
    [ALLOC_TEMP_Loading.AsyncRead]
      Initial Block Size 64.0 KB
      Current Block Size 64.0 KB
      Peak Allocated Bytes 128 B
      Overflow Count 0
    [ALLOC_TEMP_Background Job.Worker 10]
      Initial Block Size 32.0 KB
      Current Block Size 32.0 KB
      Peak Allocated Bytes 54 B
      Overflow Count 0
    [ALLOC_TEMP_Background Job.Worker 6]
      Initial Block Size 32.0 KB
      Current Block Size 32.0 KB
      Peak Allocated Bytes 54 B
      Overflow Count 0
    [ALLOC_TEMP_AUDIO_FMOD (WASAPI) feeder thread]
      Initial Block Size 64.0 KB
      Current Block Size 64.0 KB
      Peak Allocated Bytes 168 B
      Overflow Count 0
    [ALLOC_TEMP_Background Job.Worker 1]
      Initial Block Size 32.0 KB
      Current Block Size 256.0 KB
      Peak Allocated Bytes 128.5 KB
      Overflow Count 63
    [ALLOC_TEMP_AUDIO_FMOD stream thread]
      Initial Block Size 64.0 KB
      Current Block Size 64.0 KB
      Peak Allocated Bytes 54 B
      Overflow Count 0
    [ALLOC_TEMP_BakingJobs.Worker 2]
      Initial Block Size 256.0 KB
      Current Block Size 256.0 KB
      Peak Allocated Bytes 54 B
      Overflow Count 0
    [ALLOC_TEMP_Background Job.Worker 7]
      Initial Block Size 32.0 KB
      Current Block Size 32.0 KB
      Peak Allocated Bytes 54 B
      Overflow Count 0
    [ALLOC_TEMP_Background Job.Worker 15]
      Initial Block Size 32.0 KB
      Current Block Size 32.0 KB
      Peak Allocated Bytes 54 B
      Overflow Count 0
    [ALLOC_TEMP_Job.Worker 8]
      Initial Block Size 256.0 KB
      Current Block Size 256.0 KB
      Peak Allocated Bytes 1.4 KB
      Overflow Count 1
    [ALLOC_TEMP_Job.Worker 1]
      Initial Block Size 256.0 KB
      Current Block Size 256.0 KB
      Peak Allocated Bytes 1.3 KB
      Overflow Count 1
    [ALLOC_TEMP_BakingJobs.Worker 0]
      Initial Block Size 256.0 KB
      Current Block Size 256.0 KB
      Peak Allocated Bytes 54 B
      Overflow Count 0
    [ALLOC_TEMP_BakingJobs.Worker 3]
      Initial Block Size 256.0 KB
      Current Block Size 256.0 KB
      Peak Allocated Bytes 54 B
      Overflow Count 0
    [ALLOC_TEMP_EditorTaskManager]
      Initial Block Size 64.0 KB
      Current Block Size 68.0 KB
      Peak Allocated Bytes 64.0 KB
      Overflow Count 0
    [ALLOC_TEMP_BakingJobs.Worker 4]
      Initial Block Size 256.0 KB
      Current Block Size 256.0 KB
      Peak Allocated Bytes 54 B
      Overflow Count 0
    [ALLOC_TEMP_Background Job.Worker 12]
      Initial Block Size 32.0 KB
      Current Block Size 32.0 KB
      Peak Allocated Bytes 54 B
      Overflow Count 0
    [ALLOC_TEMP_HTTP REST Server]
      Initial Block Size 64.0 KB
      Current Block Size 64.0 KB
      Peak Allocated Bytes 76 B
      Overflow Count 0
    [ALLOC_TEMP_AssetGarbageCollectorHelper] x 15
      Initial Block Size 64.0 KB
      Current Block Size 64.0 KB
      Peak Allocated Bytes 0 B
      Overflow Count 0
    [ALLOC_TEMP_Background Job.Worker 0]
      Initial Block Size 32.0 KB
      Current Block Size 32.0 KB
      Peak Allocated Bytes 54 B
      Overflow Count 0
    [ALLOC_TEMP_Background Job.Worker 4]
      Initial Block Size 32.0 KB
      Current Block Size 32.0 KB
      Peak Allocated Bytes 54 B
      Overflow Count 0
    [ALLOC_TEMP_Background Job.Worker 14]
      Initial Block Size 32.0 KB
      Current Block Size 32.0 KB
      Peak Allocated Bytes 54 B
      Overflow Count 0
    [ALLOC_TEMP_Job.Worker 7]
      Initial Block Size 256.0 KB
      Current Block Size 256.0 KB
      Peak Allocated Bytes 1.5 KB
      Overflow Count 1
[ALLOC_MEMORYPROFILER]
  Peak usage frame count: [256.0 KB-0.5 MB]: 5 frames, [0.5 MB-1.0 MB]: 1 frames
  Requested Block Size 1.0 MB
  Peak Block count 2
  Peak Allocated memory 0.9 MB
  Peak Large allocation bytes 0 B
[ALLOC_DEFAULT] Dual Thread Allocator
  Peak main deferred allocation count 1297
    [ALLOC_BUCKET]
      Large Block size 32.0 MB
      Used Block count 1
      Peak Allocated bytes 12.0 MB
    [ALLOC_DEFAULT_MAIN]
      Peak usage frame count: [64.0 MB-128.0 MB]: 6 frames
      Requested Block Size 16.0 MB
      Peak Block count 7
      Peak Allocated memory 96.3 MB
      Peak Large allocation bytes 0 B
    [ALLOC_DEFAULT_THREAD]
      Peak usage frame count: [4.0 MB-8.0 MB]: 5 frames, [32.0 MB-64.0 MB]: 1 frames
      Requested Block Size 16.0 MB
      Peak Block count 1
      Peak Allocated memory 55.0 MB
      Peak Large allocation bytes 45.7 MB
[ALLOC_TEMP_JOB_1_FRAME]
  Initial Block Size 2.0 MB
  Used Block Count 0
  Overflow Count (too large) 0
  Overflow Count (full) 0
[ALLOC_TEMP_JOB_2_FRAMES]
  Initial Block Size 2.0 MB
  Used Block Count 0
  Overflow Count (too large) 0
  Overflow Count (full) 0
[ALLOC_TEMP_JOB_4_FRAMES (JobTemp)]
  Initial Block Size 2.0 MB
  Used Block Count 1
  Overflow Count (too large) 0
  Overflow Count (full) 0
[ALLOC_TEMP_JOB_ASYNC (Background)]
  Initial Block Size 1.0 MB
  Used Block Count 1
  Overflow Count (too large) 6
  Overflow Count (full) 0
[ALLOC_GFX] Dual Thread Allocator
  Peak main deferred allocation count 0
    [ALLOC_BUCKET]
      Large Block size 32.0 MB
      Used Block count 1
      Peak Allocated bytes 12.0 MB
    [ALLOC_GFX_MAIN]
      Peak usage frame count: [4.0 MB-8.0 MB]: 6 frames
      Requested Block Size 16.0 MB
      Peak Block count 1
      Peak Allocated memory 5.9 MB
      Peak Large allocation bytes 0 B
    [ALLOC_GFX_THREAD]
      Peak usage frame count: [0-1.0 KB]: 6 frames
      Requested Block Size 16.0 MB
      Peak Block count 0
      Peak Allocated memory 0 B
      Peak Large allocation bytes 0 B
[ALLOC_CACHEOBJECTS] Dual Thread Allocator
  Peak main deferred allocation count 379
    [ALLOC_BUCKET]
      Large Block size 32.0 MB
      Used Block count 1
      Peak Allocated bytes 12.0 MB
    [ALLOC_CACHEOBJECTS_MAIN]
      Peak usage frame count: [16.0 MB-32.0 MB]: 5 frames, [64.0 MB-128.0 MB]: 1 frames
      Requested Block Size 4.0 MB
      Peak Block count 19
      Peak Allocated memory 64.7 MB
      Peak Large allocation bytes 21.5 MB
    [ALLOC_CACHEOBJECTS_THREAD]
      Peak usage frame count: [0-1.0 KB]: 6 frames
      Requested Block Size 4.0 MB
      Peak Block count 1
      Peak Allocated memory 304 B
      Peak Large allocation bytes 0 B
[ALLOC_TYPETREE] Dual Thread Allocator
  Peak main deferred allocation count 542
    [ALLOC_BUCKET]
      Large Block size 32.0 MB
      Used Block count 1
      Peak Allocated bytes 12.0 MB
    [ALLOC_TYPETREE_MAIN]
      Peak usage frame count: [1.0 MB-2.0 MB]: 5 frames, [16.0 MB-32.0 MB]: 1 frames
      Requested Block Size 2.0 MB
      Peak Block count 14
      Peak Allocated memory 24.5 MB
      Peak Large allocation bytes 0 B
    [ALLOC_TYPETREE_THREAD]
      Peak usage frame count: [1.0 KB-2.0 KB]: 6 frames
      Requested Block Size 2.0 MB
      Peak Block count 1
      Peak Allocated memory 2.0 KB
      Peak Large allocation bytes 0 B
[ALLOC_PROFILER]
  Peak usage frame count: [256.0 KB-0.5 MB]: 6 frames
  Requested Block Size 16.0 MB
  Peak Block count 1
  Peak Allocated memory 418.8 KB
  Peak Large allocation bytes 0 B
    [ALLOC_PROFILER_BUCKET]
      Large Block size 32.0 MB
      Used Block count 1
      Peak Allocated bytes 4.0 KB
[ALLOC_PROFILER_EDITOR]
  Peak usage frame count: [0-1.0 KB]: 6 frames
  Requested Block Size 1.0 MB
  Peak Block count 0
  Peak Allocated memory 0 B
  Peak Large allocation bytes 0 B
    [ALLOC_PROFILER_BUCKET]
      Large Block size 32.0 MB
      Used Block count 1
      Peak Allocated bytes 4.0 KB
##utp:{"type":"MemoryLeaks","version":2,"phase":"Immediate","time":1785685506433,"processId":9956,"allocatedMemory":20817181,"memoryLabels":[{"Default":20335},{"Permanent":15615},{"NewDelete":81104},{"Thread":4229300},{"Manager":32509},{"VertexData":12},{"Geometry":560},{"Texture":176},{"Shader":68850},{"Material":24},{"GfxDevice":57048},{"Animation":296},{"Audio":3928},{"FontEngine":272},{"Physics":513},{"Serialization":948},{"Input":14744},{"JobScheduler":33288},{"Mono":40},{"ScriptingNativeRuntime":191848},{"BaseObject":1627276},{"Resource":1360},{"Renderer":2304},{"Transform":16},{"File":888},{"WebCam":96},{"Culling":40},{"Terrain":1137},{"Wind":24},{"STL":48},{"String":17478},{"DynamicArray":104403},{"HashMap":116106},{"Utility":2663810},{"Curl":1424},{"PoolAlloc":1728},{"AI":104},{"TypeTree":5077},{"ScriptManager":640},{"RuntimeInitializeOnLoadManager":80},{"SpriteAtlas":128},{"GI":4072},{"Director":7960},{"WebRequest":688},{"VR":46081},{"SceneManager":568},{"Video":72},{"LazyScriptCache":40},{"NativeArray":12},{"Camera":25},{"Secure":145},{"SerializationCache":1584},{"APIUpdating":11872},{"Subsystems":392},{"VirtualTexturing":57896},{"StaticSafetyDebugInfo":327680},{"EditorGui":56},{"EditorUtility":27218},{"VersionControl":4},{"Undo":704},{"AssetDatabase":10975655},{"RestService":1414},{"EditorGi":376},{"License":3584},{"UnityConnect":25344},{"Collab":593},{"Upm":2032},{"DrivenProperties":96},{"LocalIPC":276},{"ProfilerEditor":10943},{"CoreBusinessMetrics":3850},{"TLS":10292},{"AssetReference":40},{"IPCStream":40}]}
