[Licensing::Module] Trying to connect to existing licensing client channel...
[Licensing::IpcConnector] Successfully connected to: "LicenseClient-jacob" at "2026-08-02T17:07:25.2975932Z"
[Licensing::Client] Code 10 while verifying Licensing Client signature (process Id: 9460, path: "C:/Program Files/Unity Hub/UnityLicensingClient_V1/Unity.Licensing.Client.exe")
[Licensing::Module] LicensingClient has failed validation; ignoring
[Licensing::Client] Handshaking with LicensingClient:
  Version:                 1.17.4+4293ba1
  Session Id:              eebf857c427743298e5e78b51e567347
  Correlation Id:          68c8e81cd517bd715750b0b9334616bf
  External correlation Id: 5812629647238712615
  Machine Id:              h9ebF2FxksT7sJ1OEG/MDpJZqFk=
[Licensing::Module] Successfully connected to LicensingClient on channel: "LicenseClient-jacob" (connect: 0.00s, validation: 0.01s, handshake: 0.02s)
[Licensing::IpcConnector] Successfully connected to: "LicenseClient-jacob-notifications" at "2026-08-02T17:07:25.3275917Z"
[Licensing::Module] Error: Access token is unavailable; failed to update
[Licensing::Client] Successfully updated license
Built from '2022.3/respin/2022.3.62f2-4af31df585-v2' branch; Version is '2022.3.62f3 (96770f904ca7) revision 9860879'; Using compiler version '192829333'; Build Type 'Release'
OS: 'Windows 10  (10.0.19045) 64bit Professional' Language: 'en' Physical Memory: 32694 MB
[Licensing::Client] Successfully resolved entitlement details
[Licensing::Module] Serial number assigned to: "F4-29KJ-NQV8-GSFM-EZ6E-XXXX"
[Licensing::Module] Serial number assigned to: "13469143093579-UnityPersXXXX"
BatchMode: 1, IsHumanControllingUs: 0, StartBugReporterOnCrash: 0, Is64bit: 1, IsPro: 0
[Licensing::Client] Successfully resolved entitlement details
[Licensing::Module] Serial number assigned to: "F4-29KJ-NQV8-GSFM-EZ6E-XXXX"
[Licensing::Module] Serial number assigned to: "13469143093579-UnityPersXXXX"

COMMAND LINE ARGUMENTS:
C:\Program Files\Unity\Hub\Editor\2022.3.62f3\Editor\Unity.exe
-batchmode
-nographics
-projectPath
C:\Users\jacob\Desk 42
-runTests
-testPlatform
EditMode
-testFilter
Desk42.Tests.EditMode.InstitutionalConsequenceLoopTests
-testResults
C:\Users\jacob\Desk 42\tmp\consequence-loop-v2-targeted-10.xml
-logFile
C:\Users\jacob\Desk 42\tmp\consequence-loop-v2-targeted-10.log
Successfully changed project path to: C:\Users\jacob\Desk 42
C:/Users/jacob/Desk 42
[UnityMemory] Configuration Parameters - Can be set up in boot.config
    "memorysetup-bucket-allocator-granularity=16"
    "memorysetup-bucket-allocator-bucket-count=8"
    "memorysetup-bucket-allocator-block-size=33554432"
    "memorysetup-bucket-allocator-block-count=8"
    "memorysetup-main-allocator-block-size=16777216"
    "memorysetup-thread-allocator-block-size=16777216"
    "memorysetup-gfx-main-allocator-block-size=16777216"
    "memorysetup-gfx-thread-allocator-block-size=16777216"
    "memorysetup-cache-allocator-block-size=4194304"
    "memorysetup-typetree-allocator-block-size=2097152"
    "memorysetup-profiler-bucket-allocator-granularity=16"
    "memorysetup-profiler-bucket-allocator-bucket-count=8"
    "memorysetup-profiler-bucket-allocator-block-size=33554432"
    "memorysetup-profiler-bucket-allocator-block-count=8"
    "memorysetup-profiler-allocator-block-size=16777216"
    "memorysetup-profiler-editor-allocator-block-size=1048576"
    "memorysetup-temp-allocator-size-main=16777216"
    "memorysetup-job-temp-allocator-block-size=2097152"
    "memorysetup-job-temp-allocator-block-size-background=1048576"
    "memorysetup-job-temp-allocator-reduction-small-platforms=262144"
    "memorysetup-allocator-temp-initial-block-size-main=262144"
    "memorysetup-allocator-temp-initial-block-size-worker=262144"
    "memorysetup-temp-allocator-size-background-worker=32768"
    "memorysetup-temp-allocator-size-job-worker=262144"
    "memorysetup-temp-allocator-size-preload-manager=33554432"
    "memorysetup-temp-allocator-size-nav-mesh-worker=65536"
    "memorysetup-temp-allocator-size-audio-worker=65536"
    "memorysetup-temp-allocator-size-cloud-worker=32768"
    "memorysetup-temp-allocator-size-gi-baking-worker=262144"
    "memorysetup-temp-allocator-size-gfx=262144"
Player connection [21256]  Target information:

Player connection [21256]  * "[IP] 172.31.128.1 [Port] 55504 [Flags] 2 [Guid] 2351519846 [EditorId] 2351519846 [Version] 1048832 [Id] WindowsEditor(7,DESKTOP-9RLH37G) [Debug] 1 [PackageName] WindowsEditor [ProjectName] Editor" 

Player connection [21256]  * "[IP] 172.28.96.1 [Port] 55504 [Flags] 2 [Guid] 2351519846 [EditorId] 2351519846 [Version] 1048832 [Id] WindowsEditor(7,DESKTOP-9RLH37G) [Debug] 1 [PackageName] WindowsEditor [ProjectName] Editor" 

Player connection [21256]  * "[IP] 192.168.1.103 [Port] 55504 [Flags] 2 [Guid] 2351519846 [EditorId] 2351519846 [Version] 1048832 [Id] WindowsEditor(7,DESKTOP-9RLH37G) [Debug] 1 [PackageName] WindowsEditor [ProjectName] Editor" 

Player connection [21256] Host joined multi-casting on [225.0.0.222:54997]...
Player connection [21256] Host joined alternative multi-casting on [225.0.0.222:34997]...
Input System module state changed to: Initialized.
[PhysX] Initialized MultithreadedTaskDispatcher with 16 workers.
[Package Manager] UpmClient::Connect -- Connected to IPC stream "Upm-13188" after 0.3 seconds.
[Package Manager] Restoring resolved packages state from cache
[Licensing::Client] Successfully resolved entitlement details
[Package Manager] Registered 38 packages:
  Packages from [https://package.openupm.com]:
    com.ivanmurzak.unity.mcp@0.86.0 (location: C:\Users\jacob\Desk 42\Library\PackageCache\com.ivanmurzak.unity.mcp@0.86.0)
    extensions.unity.playerprefsex@2.1.5 (location: C:\Users\jacob\Desk 42\Library\PackageCache\extensions.unity.playerprefsex@2.1.5)
  Packages from [https://packages.unity.com]:
    com.unity.addressables@1.22.3 (location: C:\Users\jacob\Desk 42\Library\PackageCache\com.unity.addressables@1.22.3)
    com.unity.cinemachine@2.10.3 (location: C:\Users\jacob\Desk 42\Library\PackageCache\com.unity.cinemachine@2.10.3)
    com.unity.ide.rider@3.0.36 (location: C:\Users\jacob\Desk 42\Library\PackageCache\com.unity.ide.rider@3.0.36)
    com.unity.ide.visualstudio@2.0.22 (location: C:\Users\jacob\Desk 42\Library\PackageCache\com.unity.ide.visualstudio@2.0.22)
    com.unity.inputsystem@1.14.2 (location: C:\Users\jacob\Desk 42\Library\PackageCache\com.unity.inputsystem@1.14.2)
    com.unity.nuget.newtonsoft-json@3.2.1 (location: C:\Users\jacob\Desk 42\Library\PackageCache\com.unity.nuget.newtonsoft-json@3.2.1)
    com.unity.test-framework@1.3.9 (location: C:\Users\jacob\Desk 42\Library\PackageCache\com.unity.test-framework@1.3.9)
    com.unity.textmeshpro@3.0.9 (location: C:\Users\jacob\Desk 42\Library\PackageCache\com.unity.textmeshpro@3.0.9)
    com.unity.timeline@1.7.7 (location: C:\Users\jacob\Desk 42\Library\PackageCache\com.unity.timeline@1.7.7)
    com.unity.ext.nunit@2.0.3 (location: C:\Users\jacob\Desk 42\Library\PackageCache\com.unity.ext.nunit@2.0.3)
    com.unity.mathematics@1.2.6 (location: C:\Users\jacob\Desk 42\Library\PackageCache\com.unity.mathematics@1.2.6)
    com.unity.burst@1.8.21 (location: C:\Users\jacob\Desk 42\Library\PackageCache\com.unity.burst@1.8.21)
    com.unity.scriptablebuildpipeline@1.21.25 (location: C:\Users\jacob\Desk 42\Library\PackageCache\com.unity.scriptablebuildpipeline@1.21.25)
    com.unity.searcher@4.9.2 (location: C:\Users\jacob\Desk 42\Library\PackageCache\com.unity.searcher@4.9.2)
  Built-in packages:
    com.unity.render-pipelines.universal@14.0.12 (location: C:\Users\jacob\Desk 42\Library\PackageCache\com.unity.render-pipelines.universal@14.0.12)
    com.unity.ugui@1.0.0 (location: C:\Users\jacob\Desk 42\Library\PackageCache\com.unity.ugui@1.0.0)
    com.unity.modules.animation@1.0.0 (location: C:\Users\jacob\Desk 42\Library\PackageCache\com.unity.modules.animation@1.0.0)
    com.unity.modules.audio@1.0.0 (location: C:\Users\jacob\Desk 42\Library\PackageCache\com.unity.modules.audio@1.0.0)
    com.unity.modules.director@1.0.0 (location: C:\Users\jacob\Desk 42\Library\PackageCache\com.unity.modules.director@1.0.0)
    com.unity.modules.imageconversion@1.0.0 (location: C:\Users\jacob\Desk 42\Library\PackageCache\com.unity.modules.imageconversion@1.0.0)
    com.unity.modules.imgui@1.0.0 (location: C:\Users\jacob\Desk 42\Library\PackageCache\com.unity.modules.imgui@1.0.0)
    com.unity.modules.jsonserialize@1.0.0 (location: C:\Users\jacob\Desk 42\Library\PackageCache\com.unity.modules.jsonserialize@1.0.0)
    com.unity.modules.physics@1.0.0 (location: C:\Users\jacob\Desk 42\Library\PackageCache\com.unity.modules.physics@1.0.0)
    com.unity.modules.screencapture@1.0.0 (location: C:\Users\jacob\Desk 42\Library\PackageCache\com.unity.modules.screencapture@1.0.0)
    com.unity.modules.ui@1.0.0 (location: C:\Users\jacob\Desk 42\Library\PackageCache\com.unity.modules.ui@1.0.0)
    com.unity.modules.uielements@1.0.0 (location: C:\Users\jacob\Desk 42\Library\PackageCache\com.unity.modules.uielements@1.0.0)
    com.unity.modules.unitywebrequest@1.0.0 (location: C:\Users\jacob\Desk 42\Library\PackageCache\com.unity.modules.unitywebrequest@1.0.0)
    com.unity.modules.particlesystem@1.0.0 (location: C:\Users\jacob\Desk 42\Library\PackageCache\com.unity.modules.particlesystem@1.0.0)
    com.unity.render-pipelines.core@14.0.12 (location: C:\Users\jacob\Desk 42\Library\PackageCache\com.unity.render-pipelines.core@14.0.12)
    com.unity.shadergraph@14.0.12 (location: C:\Users\jacob\Desk 42\Library\PackageCache\com.unity.shadergraph@14.0.12)
    com.unity.render-pipelines.universal-config@14.0.10 (location: C:\Users\jacob\Desk 42\Library\PackageCache\com.unity.render-pipelines.universal-config@14.0.10)
    com.unity.modules.assetbundle@1.0.0 (location: C:\Users\jacob\Desk 42\Library\PackageCache\com.unity.modules.assetbundle@1.0.0)
    com.unity.modules.unitywebrequestassetbundle@1.0.0 (location: C:\Users\jacob\Desk 42\Library\PackageCache\com.unity.modules.unitywebrequestassetbundle@1.0.0)
    com.unity.modules.physics2d@1.0.0 (location: C:\Users\jacob\Desk 42\Library\PackageCache\com.unity.modules.physics2d@1.0.0)
    com.unity.modules.terrain@1.0.0 (location: C:\Users\jacob\Desk 42\Library\PackageCache\com.unity.modules.terrain@1.0.0)
  Git packages:
    com.coplaydev.unity-mcp@https://github.com/CoplayDev/unity-mcp.git?path=/MCPForUnity#main (location: C:\Users\jacob\Desk 42\Library\PackageCache\com.coplaydev.unity-mcp@11836003a5)
[Subsystems] No new subsystems found in resolved package list.
Package Manager log level set to [2]
[Package Manager] Done registering packages in 0.07 seconds
Refreshing native plugins compatible for Editor in 30.98 ms, found 0 plugins.
Preloading 0 native plugins for Editor in 0.00 ms.
Initialize engine version: 2022.3.62f3 (96770f904ca7)
[Subsystems] Discovering subsystems at path C:/Program Files/Unity/Hub/Editor/2022.3.62f3/Editor/Data/Resources/UnitySubsystems
[Subsystems] Discovering subsystems at path C:/Users/jacob/Desk 42/Assets
Forcing GfxDevice: Null
GfxDevice: creating device client; threaded=0; jobified=0
NullGfxDevice:
    Version:  NULL 1.0 [1.0]
    Renderer: Null Device
    Vendor:   Unity Technologies
Shader Hidden/ProbeVolume/VoxelizeScene is not supported: GPU does not support conservative rasterization
[Licensing::Client] Successfully resolved entitlement details
[Licensing::Module] Serial number assigned to: "F4-29KJ-NQV8-GSFM-EZ6E-XXXX"
[Licensing::Module] Serial number assigned to: "13469143093579-UnityPersXXXX"
Initialize mono
Mono path[0] = 'C:/Program Files/Unity/Hub/Editor/2022.3.62f3/Editor/Data/Managed'
Mono path[1] = 'C:/Program Files/Unity/Hub/Editor/2022.3.62f3/Editor/Data/MonoBleedingEdge/lib/mono/unityjit-win32'
Mono config path = 'C:/Program Files/Unity/Hub/Editor/2022.3.62f3/Editor/Data/MonoBleedingEdge/etc'
Using monoOptions --debugger-agent=transport=dt_socket,embedding=1,server=y,suspend=n,address=127.0.0.1:56188
Using cacheserver namespaces - metadata:defaultmetadata, artifacts:defaultartifacts
Using cacheserver namespaces - metadata:defaultmetadata, artifacts:defaultartifacts
ImportWorker Server TCP listen port: 0
Begin MonoManager ReloadAssembly
Registering precompiled unity dll's ...
[Licensing::Client] Successfully resolved entitlement details
[Licensing::Module] Serial number assigned to: "F4-29KJ-NQV8-GSFM-EZ6E-XXXX"
[Licensing::Module] Serial number assigned to: "13469143093579-UnityPersXXXX"
Register platform support module: C:/Program Files/Unity/Hub/Editor/2022.3.62f3/Editor/Data/PlaybackEngines/AndroidPlayer/UnityEditor.Android.Extensions.dll
Register platform support module: C:/Program Files/Unity/Hub/Editor/2022.3.62f3/Editor/Data/PlaybackEngines/WindowsStandaloneSupport/UnityEditor.WindowsStandalone.Extensions.dll
Registered in 0.021787 seconds.
- Loaded All Assemblies, in  0.295 seconds
Native extension for WindowsStandalone target not found
Native extension for Android target not found
Android Extension - Scanning For ADB Devices 2208 ms
Mono: successfully reloaded assembly
- Finished resetting the current domain, in  2.450 seconds
Domain Reload Profiling: 2743ms
	BeginReloadAssembly (88ms)
		ExecutionOrderSort (0ms)
		DisableScriptedObjects (0ms)
		BackupInstance (0ms)
		ReleaseScriptingObjects (0ms)
		CreateAndSetChildDomain (1ms)
	RebuildCommonClasses (26ms)
	RebuildNativeTypeToScriptingClass (7ms)
	initialDomainReloadingComplete (65ms)
	LoadAllAssembliesAndSetupDomain (107ms)
		LoadAssemblies (86ms)
		RebuildTransferFunctionScriptingTraits (0ms)
		AnalyzeDomain (105ms)
			TypeCache.Refresh (103ms)
				TypeCache.ScanAssembly (93ms)
			ScanForSourceGeneratedMonoScriptInfo (0ms)
			ResolveRequiredComponents (0ms)
	FinalizeReload (2450ms)
		ReleaseScriptCaches (0ms)
		RebuildScriptCaches (0ms)
		SetupLoadedEditorAssemblies (2416ms)
			LogAssemblyErrors (0ms)
			InitializePlatformSupportModulesInManaged (2286ms)
			SetLoadedEditorAssemblies (3ms)
			RefreshPlugins (0ms)
			BeforeProcessingInitializeOnLoad (2ms)
			ProcessInitializeOnLoadAttributes (91ms)
			ProcessInitializeOnLoadMethodAttributes (34ms)
			AfterProcessingInitializeOnLoad (0ms)
			EditorAssembliesLoaded (0ms)
		ExecutionOrderSort2 (0ms)
		AwakeInstancesAfterBackupRestoration (0ms)
[Licensing::Client] Successfully resolved entitlement details
[Licensing::Module] Serial number assigned to: "F4-29KJ-NQV8-GSFM-EZ6E-XXXX"
[Licensing::Module] Serial number assigned to: "13469143093579-UnityPersXXXX"
Application.AssetDatabase Initial Refresh Start
[ScriptCompilation] Requested script compilation because: Assetdatabase observed changes in script compilation related files
Assembly for Assembly Definition File 'Assets/_Project/Tests/PlayMode/Desk42.Tests.PlayMode.asmdef' will not be compiled, because it has no scripts associated with it.
UnityEngine.StackTraceUtility:ExtractStackTrace ()
UnityEngine.DebugLogHandler:LogFormat (UnityEngine.LogType,UnityEngine.Object,string,object[])
UnityEngine.Logger:LogFormat (UnityEngine.LogType,string,object[])
UnityEngine.Debug:LogWarningFormat (string,object[])
UnityEditor.Scripting.ScriptCompilation.EditorCompilation:WarnIfThereAreAssembliesWithoutAnyScripts (UnityEditor.Scripting.ScriptCompilation.ScriptAssemblySettings,UnityEditor.Scripting.ScriptCompilation.ScriptAssembly[])
UnityEditor.Scripting.ScriptCompilation.EditorCompilation:CompileScriptsWithSettings (UnityEditor.Scripting.ScriptCompilation.ScriptAssemblySettings)
UnityEditor.Scripting.ScriptCompilation.EditorCompilation:CompileScripts (UnityEditor.Scripting.ScriptCompilation.EditorScriptCompilationOptions,UnityEditor.BuildTargetGroup,UnityEditor.BuildTarget,int,string[])
UnityEditor.Scripting.ScriptCompilation.EditorCompilationInterface/<>c__DisplayClass21_0:<CompileScripts>b__0 ()
UnityEditor.Scripting.ScriptCompilation.EditorCompilationInterface:EmitExceptionAsError<UnityEditor.Scripting.ScriptCompilation.EditorCompilation/CompileStatus> (System.Func`1<UnityEditor.Scripting.ScriptCompilation.EditorCompilation/CompileStatus>,UnityEditor.Scripting.ScriptCompilation.EditorCompilation/CompileStatus)
UnityEditor.Scripting.ScriptCompilation.EditorCompilationInterface:CompileScripts (UnityEditor.Scripting.ScriptCompilation.EditorScriptCompilationOptions,UnityEditor.BuildTargetGroup,UnityEditor.BuildTarget,int,string[])

Starting: C:\Program Files\Unity\Hub\Editor\2022.3.62f3\Editor\Data\bee_backend.exe --ipc --defer-dag-verification --dagfile="Library/Bee/1900b0aE.dag" --continue-on-failure --profile="Library/Bee/backend1.traceevents" ScriptAssemblies
WorkingDir: C:/Users/jacob/Desk 42
DisplayProgressbar: Compiling Scripts
ExitCode: 0 Duration: 1s938ms
[513/663    0s] ILPP-Configuration Library/ilpp-configuration.nevergeneratedoutput
[655/663    1s] Csc Library/Bee/artifacts/1900b0aE.dag/Desk42.Institutional.Authority.dll (+2 others)
[656/663    0s] Csc Library/Bee/artifacts/1900b0aE.dag/Desk42.Tests.EditMode.dll (+2 others)
[657/663    0s] ILPostProcess Library/Bee/artifacts/1900b0aE.dag/post-processed/Desk42.Institutional.Authority.dll (+pdb)
Processing assembly Library/Bee/artifacts/1900b0aE.dag/Desk42.Institutional.Authority.dll, with 121 defines and 166 references

processors: zzzUnity.Burst.CodeGen.BurstILPostProcessor

running zzzUnity.Burst.CodeGen.BurstILPostProcessor
[658/663    0s] CopyFiles Library/ScriptAssemblies/Desk42.Institutional.Authority.pdb
[659/663    0s] CopyFiles Library/ScriptAssemblies/Desk42.Institutional.Authority.dll
[660/663    0s] ILPostProcess Library/Bee/artifacts/1900b0aE.dag/post-processed/Desk42.Tests.EditMode.dll (+pdb)
Processing assembly Library/Bee/artifacts/1900b0aE.dag/Desk42.Tests.EditMode.dll, with 119 defines and 225 references

processors: zzzUnity.Burst.CodeGen.BurstILPostProcessor

running zzzUnity.Burst.CodeGen.BurstILPostProcessor
[661/663    0s] CopyFiles Library/ScriptAssemblies/Desk42.Tests.EditMode.pdb
[662/663    0s] CopyFiles Library/ScriptAssemblies/Desk42.Tests.EditMode.dll
*** Tundra build success (1.91 seconds), 9 items updated, 663 evaluated
AssetDatabase: script compilation time: 2.307204s
Begin MonoManager ReloadAssembly
- Loaded All Assemblies, in  1.080 seconds
Refreshing native plugins compatible for Editor in 10.14 ms, found 0 plugins.
Preloading 0 native plugins for Editor in 0.00 ms.
Start importing Assets/_Project/Tests/EditMode/InstitutionalConsequenceLoopTests.cs using Guid(353fbbf41dbfc3e438100b1caba69276) Importer(-1,00000000000000000000000000000000) [PhysX] Initialized MultithreadedTaskDispatcher with 16 workers.
 -> (artifact id: '7fc34f639cc059461f0c2fd96dfbe655') in 0.008027 seconds
Start importing Assets/_Project/Scripts/Institutional/Authority/InstitutionalConsequenceValidator.cs using Guid(4b8b4d66cf7169548a2b34425cb7da62) Importer(-1,00000000000000000000000000000000) [PhysX] Initialized MultithreadedTaskDispatcher with 16 workers.
 -> (artifact id: 'da0414062e66180c683ea12a684e2813') in 0.001813 seconds
Refreshing native plugins compatible for Editor in 10.85 ms, found 0 plugins.
Native extension for WindowsStandalone target not found
Native extension for Android target not found
<color=#00ff00>info:</color> [18:07:37:6540] <color=#B4FF32>[AI]</color> <color=#6BCF7F><b>EnvironmentUtils</b></color> [MCP] Override: UNITY_MCP_KEEP_CONNECTED=False
UnityEngine.StackTraceUtility:ExtractStackTrace ()
UnityEngine.DebugLogHandler:LogFormat (UnityEngine.LogType,UnityEngine.Object,string,object[])
UnityEngine.Logger:Log (UnityEngine.LogType,object)
UnityEngine.Debug:Log (object)
com.IvanMurzak.Unity.MCP.Utils.UnityLogger:Log<Microsoft.Extensions.Logging.FormattedLogValues> (Microsoft.Extensions.Logging.LogLevel,Microsoft.Extensions.Logging.EventId,Microsoft.Extensions.Logging.FormattedLogValues,System.Exception,System.Func`3<Microsoft.Extensions.Logging.FormattedLogValues, System.Exception, string>) (at ./Library/PackageCache/com.ivanmurzak.unity.mcp@0.86.0/Runtime/Logger/UnityLogger.cs:131)
Microsoft.Extensions.Logging.Logger:<Log>g__LoggerLog|14_0<Microsoft.Extensions.Logging.FormattedLogValues> (Microsoft.Extensions.Logging.LogLevel,Microsoft.Extensions.Logging.EventId,Microsoft.Extensions.Logging.ILogger,System.Exception,System.Func`3<Microsoft.Extensions.Logging.FormattedLogValues, System.Exception, string>,System.Collections.Generic.List`1<System.Exception>&,Microsoft.Extensions.Logging.FormattedLogValues&)
Microsoft.Extensions.Logging.Logger:Log<Microsoft.Extensions.Logging.FormattedLogValues> (Microsoft.Extensions.Logging.LogLevel,Microsoft.Extensions.Logging.EventId,Microsoft.Extensions.Logging.FormattedLogValues,System.Exception,System.Func`3<Microsoft.Extensions.Logging.FormattedLogValues, System.Exception, string>)
Microsoft.Extensions.Logging.LoggerExtensions:Log (Microsoft.Extensions.Logging.ILogger,Microsoft.Extensions.Logging.LogLevel,Microsoft.Extensions.Logging.EventId,System.Exception,string,object[])
Microsoft.Extensions.Logging.LoggerExtensions:Log (Microsoft.Extensions.Logging.ILogger,Microsoft.Extensions.Logging.LogLevel,string,object[])
Microsoft.Extensions.Logging.LoggerExtensions:LogInformation (Microsoft.Extensions.Logging.ILogger,string,object[])
com.IvanMurzak.Unity.MCP.Runtime.Utils.EnvironmentUtils:ApplyEnvironmentOverrides (com.IvanMurzak.Unity.MCP.UnityMcpPlugin/UnityConnectionConfig,System.Collections.Generic.IReadOnlyDictionary`2<string, string>,System.Func`2<string, string>) (at ./Library/PackageCache/com.ivanmurzak.unity.mcp@0.86.0/Runtime/Utils/EnvironmentUtils.cs:205)
com.IvanMurzak.Unity.MCP.Runtime.Utils.EnvironmentUtils:ApplyEnvironmentOverrides (com.IvanMurzak.Unity.MCP.UnityMcpPlugin/UnityConnectionConfig) (at ./Library/PackageCache/com.ivanmurzak.unity.mcp@0.86.0/Runtime/Utils/EnvironmentUtils.cs:121)
com.IvanMurzak.Unity.MCP.UnityMcpPluginEditor:.ctor () (at ./Library/PackageCache/com.ivanmurzak.unity.mcp@0.86.0/Editor/Scripts/UnityMcpPluginEditor.cs:40)
com.IvanMurzak.Unity.MCP.UnityMcpPluginEditor:InitSingletonIfNeeded () (at ./Library/PackageCache/com.ivanmurzak.unity.mcp@0.86.0/Editor/Scripts/UnityMcpPluginEditor.Static.cs:68)
com.IvanMurzak.Unity.MCP.UnityMcpPluginEditor:get_Instance () (at ./Library/PackageCache/com.ivanmurzak.unity.mcp@0.86.0/Editor/Scripts/UnityMcpPluginEditor.Static.cs:54)
com.IvanMurzak.Unity.MCP.Editor.API.TestRunner.TestResultCollector:.ctor () (at ./Library/PackageCache/com.ivanmurzak.unity.mcp@0.86.0/Editor/Scripts/API/Tool/Tests/TestResultCollector.cs:68)
com.IvanMurzak.Unity.MCP.Editor.API.Tool_Tests:CreateInstance () (at ./Library/PackageCache/com.ivanmurzak.unity.mcp@0.86.0/Editor/Scripts/API/Tool/Tests.cs:75)
com.IvanMurzak.Unity.MCP.Editor.API.Tool_Tests:.cctor () (at ./Library/PackageCache/com.ivanmurzak.unity.mcp@0.86.0/Editor/Scripts/API/Tool/Tests.cs:51)
System.Runtime.CompilerServices.RuntimeHelpers:RunClassConstructor (System.RuntimeTypeHandle)
UnityEditor.EditorAssemblies:ProcessInitializeOnLoadAttributes (System.Type[])

(Filename: ./Library/PackageCache/com.ivanmurzak.unity.mcp@0.86.0/Runtime/Utils/EnvironmentUtils.cs Line: 205)

<color=#ffaa00>warn:</color> [18:07:38:2662] <color=#B4FF32>[AI]</color> <color=#48C9B0><b>McpManagerClientHub</b></color> ConnectionManager[3904e274-ce32-42af-be61-7f2f4bac333e] EnsureConnection Connection not available and auto-reconnect disabled for endpoint: /hub/mcp-server
UnityEngine.StackTraceUtility:ExtractStackTrace ()
UnityEngine.DebugLogHandler:LogFormat (UnityEngine.LogType,UnityEngine.Object,string,object[])
UnityEngine.Logger:Log (UnityEngine.LogType,object)
UnityEngine.Debug:LogWarning (object)
com.IvanMurzak.Unity.MCP.Utils.UnityLogger:Log<Microsoft.Extensions.Logging.FormattedLogValues> (Microsoft.Extensions.Logging.LogLevel,Microsoft.Extensions.Logging.EventId,Microsoft.Extensions.Logging.FormattedLogValues,System.Exception,System.Func`3<Microsoft.Extensions.Logging.FormattedLogValues, System.Exception, string>) (at ./Library/PackageCache/com.ivanmurzak.unity.mcp@0.86.0/Runtime/Logger/UnityLogger.cs:125)
Microsoft.Extensions.Logging.Logger:<Log>g__LoggerLog|14_0<Microsoft.Extensions.Logging.FormattedLogValues> (Microsoft.Extensions.Logging.LogLevel,Microsoft.Extensions.Logging.EventId,Microsoft.Extensions.Logging.ILogger,System.Exception,System.Func`3<Microsoft.Extensions.Logging.FormattedLogValues, System.Exception, string>,System.Collections.Generic.List`1<System.Exception>&,Microsoft.Extensions.Logging.FormattedLogValues&)
Microsoft.Extensions.Logging.Logger:Log<Microsoft.Extensions.Logging.FormattedLogValues> (Microsoft.Extensions.Logging.LogLevel,Microsoft.Extensions.Logging.EventId,Microsoft.Extensions.Logging.FormattedLogValues,System.Exception,System.Func`3<Microsoft.Extensions.Logging.FormattedLogValues, System.Exception, string>)
Microsoft.Extensions.Logging.Logger`1<com.IvanMurzak.McpPlugin.McpManagerClientHub>:Microsoft.Extensions.Logging.ILogger.Log<Microsoft.Extensions.Logging.FormattedLogValues> (Microsoft.Extensions.Logging.LogLevel,Microsoft.Extensions.Logging.EventId,Microsoft.Extensions.Logging.FormattedLogValues,System.Exception,System.Func`3<Microsoft.Extensions.Logging.FormattedLogValues, System.Exception, string>)
Microsoft.Extensions.Logging.LoggerExtensions:Log (Microsoft.Extensions.Logging.ILogger,Microsoft.Extensions.Logging.LogLevel,Microsoft.Extensions.Logging.EventId,System.Exception,string,object[])
Microsoft.Extensions.Logging.LoggerExtensions:Log (Microsoft.Extensions.Logging.ILogger,Microsoft.Extensions.Logging.LogLevel,string,object[])
Microsoft.Extensions.Logging.LoggerExtensions:LogWarning (Microsoft.Extensions.Logging.ILogger,string,object[])
com.IvanMurzak.McpPlugin.ConnectionManager/<EnsureConnection>d__3:MoveNext ()
System.Runtime.CompilerServices.AsyncTaskMethodBuilder`1<bool>:Start<com.IvanMurzak.McpPlugin.ConnectionManager/<EnsureConnection>d__3> (com.IvanMurzak.McpPlugin.ConnectionManager/<EnsureConnection>d__3&)
com.IvanMurzak.McpPlugin.ConnectionManager:EnsureConnection (System.Threading.CancellationToken)
com.IvanMurzak.McpPlugin.ConnectionManager/<InvokeAsync>d__58`2<com.IvanMurzak.McpPlugin.Common.Model.RequestToolsUpdated, com.IvanMurzak.McpPlugin.Common.Model.ResponseData>:MoveNext ()
System.Runtime.CompilerServices.AsyncTaskMethodBuilder`1<com.IvanMurzak.McpPlugin.Common.Model.ResponseData>:Start<com.IvanMurzak.McpPlugin.ConnectionManager/<InvokeAsync>d__58`2<com.IvanMurzak.McpPlugin.Common.Model.RequestToolsUpdated, com.IvanMurzak.McpPlugin.Common.Model.ResponseData>> (com.IvanMurzak.McpPlugin.ConnectionManager/<InvokeAsync>d__58`2<com.IvanMurzak.McpPlugin.Common.Model.RequestToolsUpdated, com.IvanMurzak.McpPlugin.Common.Model.ResponseData>&)
com.IvanMurzak.McpPlugin.ConnectionManager:InvokeAsync<com.IvanMurzak.McpPlugin.Common.Model.RequestToolsUpdated, com.IvanMurzak.McpPlugin.Common.Model.ResponseData> (string,com.IvanMurzak.McpPlugin.Common.Model.RequestToolsUpdated,System.Threading.CancellationToken)
com.IvanMurzak.McpPlugin.McpManagerClientHub:NotifyAboutUpdatedTools (com.IvanMurzak.McpPlugin.Common.Model.RequestToolsUpdated,System.Threading.CancellationToken)
com.IvanMurzak.McpPlugin.McpManagerClientHub:NotifyAboutUpdatedTools (com.IvanMurzak.McpPlugin.Common.Model.RequestToolsUpdated)
com.IvanMurzak.McpPlugin.McpPlugin/<<-ctor>b__29_4>d:MoveNext ()
System.Runtime.CompilerServices.AsyncVoidMethodBuilder:Start<com.IvanMurzak.McpPlugin.McpPlugin/<<-ctor>b__29_4>d> (com.IvanMurzak.McpPlugin.McpPlugin/<<-ctor>b__29_4>d&)
com.IvanMurzak.McpPlugin.McpPlugin:<.ctor>b__29_4 (R3.Unit)
R3.AnonymousObserver`1<R3.Unit>:OnNextCore (R3.Unit)
R3.Observer`1<R3.Unit>:OnNext (R3.Unit)
R3.ThrottleFirst`1/_ThrottleFirst<R3.Unit>:OnNextCore (R3.Unit)
R3.Observer`1<R3.Unit>:OnNext (R3.Unit)
R3.Subject`1<R3.Unit>:OnNext (R3.Unit)
com.IvanMurzak.McpPlugin.McpToolManager:SetToolEnabled (string,bool)
com.IvanMurzak.Unity.MCP.UnityMcpPlugin:ApplyConfigToMcpPlugin (com.IvanMurzak.McpPlugin.IMcpPlugin) (at ./Library/PackageCache/com.ivanmurzak.unity.mcp@0.86.0/Runtime/UnityMcpPlugin.Build.cs:211)
com.IvanMurzak.Unity.MCP.UnityMcpPluginEditor:BuildMcpPluginIfNeeded () (at ./Library/PackageCache/com.ivanmurzak.unity.mcp@0.86.0/Editor/Scripts/UnityMcpPluginEditor.Build.cs:74)
com.IvanMurzak.Unity.MCP.Editor.Startup:.cctor () (at ./Library/PackageCache/com.ivanmurzak.unity.mcp@0.86.0/Editor/Scripts/Startup.cs:29)
System.Runtime.CompilerServices.RuntimeHelpers:RunClassConstructor (System.RuntimeTypeHandle)
UnityEditor.EditorAssemblies:ProcessInitializeOnLoadAttributes (System.Type[])

(Filename: ./Library/PackageCache/com.ivanmurzak.unity.mcp@0.86.0/Runtime/UnityMcpPlugin.Build.cs Line: 211)

<color=#ffaa00>warn:</color> [18:07:38:2692] <color=#B4FF32>[AI]</color> <color=#48C9B0><b>McpManagerClientHub</b></color> ConnectionManager[3904e274-ce32-42af-be61-7f2f4bac333e] EnsureConnection Connection not available and auto-reconnect disabled for endpoint: /hub/mcp-server
UnityEngine.StackTraceUtility:ExtractStackTrace ()
UnityEngine.DebugLogHandler:LogFormat (UnityEngine.LogType,UnityEngine.Object,string,object[])
UnityEngine.Logger:Log (UnityEngine.LogType,object)
UnityEngine.Debug:LogWarning (object)
com.IvanMurzak.Unity.MCP.Utils.UnityLogger:Log<Microsoft.Extensions.Logging.FormattedLogValues> (Microsoft.Extensions.Logging.LogLevel,Microsoft.Extensions.Logging.EventId,Microsoft.Extensions.Logging.FormattedLogValues,System.Exception,System.Func`3<Microsoft.Extensions.Logging.FormattedLogValues, System.Exception, string>) (at ./Library/PackageCache/com.ivanmurzak.unity.mcp@0.86.0/Runtime/Logger/UnityLogger.cs:125)
Microsoft.Extensions.Logging.Logger:<Log>g__LoggerLog|14_0<Microsoft.Extensions.Logging.FormattedLogValues> (Microsoft.Extensions.Logging.LogLevel,Microsoft.Extensions.Logging.EventId,Microsoft.Extensions.Logging.ILogger,System.Exception,System.Func`3<Microsoft.Extensions.Logging.FormattedLogValues, System.Exception, string>,System.Collections.Generic.List`1<System.Exception>&,Microsoft.Extensions.Logging.FormattedLogValues&)
Microsoft.Extensions.Logging.Logger:Log<Microsoft.Extensions.Logging.FormattedLogValues> (Microsoft.Extensions.Logging.LogLevel,Microsoft.Extensions.Logging.EventId,Microsoft.Extensions.Logging.FormattedLogValues,System.Exception,System.Func`3<Microsoft.Extensions.Logging.FormattedLogValues, System.Exception, string>)
Microsoft.Extensions.Logging.Logger`1<com.IvanMurzak.McpPlugin.McpManagerClientHub>:Microsoft.Extensions.Logging.ILogger.Log<Microsoft.Extensions.Logging.FormattedLogValues> (Microsoft.Extensions.Logging.LogLevel,Microsoft.Extensions.Logging.EventId,Microsoft.Extensions.Logging.FormattedLogValues,System.Exception,System.Func`3<Microsoft.Extensions.Logging.FormattedLogValues, System.Exception, string>)
Microsoft.Extensions.Logging.LoggerExtensions:Log (Microsoft.Extensions.Logging.ILogger,Microsoft.Extensions.Logging.LogLevel,Microsoft.Extensions.Logging.EventId,System.Exception,string,object[])
Microsoft.Extensions.Logging.LoggerExtensions:Log (Microsoft.Extensions.Logging.ILogger,Microsoft.Extensions.Logging.LogLevel,string,object[])
Microsoft.Extensions.Logging.LoggerExtensions:LogWarning (Microsoft.Extensions.Logging.ILogger,string,object[])
com.IvanMurzak.McpPlugin.ConnectionManager/<EnsureConnection>d__3:MoveNext ()
System.Runtime.CompilerServices.AsyncTaskMethodBuilder`1<bool>:Start<com.IvanMurzak.McpPlugin.ConnectionManager/<EnsureConnection>d__3> (com.IvanMurzak.McpPlugin.ConnectionManager/<EnsureConnection>d__3&)
com.IvanMurzak.McpPlugin.ConnectionManager:EnsureConnection (System.Threading.CancellationToken)
com.IvanMurzak.McpPlugin.ConnectionManager/<InvokeAsync>d__58`2<com.IvanMurzak.McpPlugin.Common.Model.RequestPromptsUpdated, com.IvanMurzak.McpPlugin.Common.Model.ResponseData>:MoveNext ()
System.Runtime.CompilerServices.AsyncTaskMethodBuilder`1<com.IvanMurzak.McpPlugin.Common.Model.ResponseData>:Start<com.IvanMurzak.McpPlugin.ConnectionManager/<InvokeAsync>d__58`2<com.IvanMurzak.McpPlugin.Common.Model.RequestPromptsUpdated, com.IvanMurzak.McpPlugin.Common.Model.ResponseData>> (com.IvanMurzak.McpPlugin.ConnectionManager/<InvokeAsync>d__58`2<com.IvanMurzak.McpPlugin.Common.Model.RequestPromptsUpdated, com.IvanMurzak.McpPlugin.Common.Model.ResponseData>&)
com.IvanMurzak.McpPlugin.ConnectionManager:InvokeAsync<com.IvanMurzak.McpPlugin.Common.Model.RequestPromptsUpdated, com.IvanMurzak.McpPlugin.Common.Model.ResponseData> (string,com.IvanMurzak.McpPlugin.Common.Model.RequestPromptsUpdated,System.Threading.CancellationToken)
com.IvanMurzak.McpPlugin.McpManagerClientHub:NotifyAboutUpdatedPrompts (com.IvanMurzak.McpPlugin.Common.Model.RequestPromptsUpdated,System.Threading.CancellationToken)
com.IvanMurzak.McpPlugin.McpManagerClientHub:NotifyAboutUpdatedPrompts (com.IvanMurzak.McpPlugin.Common.Model.RequestPromptsUpdated)
com.IvanMurzak.McpPlugin.McpPlugin/<<-ctor>b__29_5>d:MoveNext ()
System.Runtime.CompilerServices.AsyncVoidMethodBuilder:Start<com.IvanMurzak.McpPlugin.McpPlugin/<<-ctor>b__29_5>d> (com.IvanMurzak.McpPlugin.McpPlugin/<<-ctor>b__29_5>d&)
com.IvanMurzak.McpPlugin.McpPlugin:<.ctor>b__29_5 (R3.Unit)
R3.AnonymousObserver`1<R3.Unit>:OnNextCore (R3.Unit)
R3.Observer`1<R3.Unit>:OnNext (R3.Unit)
R3.ThrottleFirst`1/_ThrottleFirst<R3.Unit>:OnNextCore (R3.Unit)
R3.Observer`1<R3.Unit>:OnNext (R3.Unit)
R3.Subject`1<R3.Unit>:OnNext (R3.Unit)
com.IvanMurzak.McpPlugin.McpPromptManager:SetPromptEnabled (string,bool)
com.IvanMurzak.Unity.MCP.UnityMcpPlugin:ApplyConfigToMcpPlugin (com.IvanMurzak.McpPlugin.IMcpPlugin) (at ./Library/PackageCache/com.ivanmurzak.unity.mcp@0.86.0/Runtime/UnityMcpPlugin.Build.cs:226)
com.IvanMurzak.Unity.MCP.UnityMcpPluginEditor:BuildMcpPluginIfNeeded () (at ./Library/PackageCache/com.ivanmurzak.unity.mcp@0.86.0/Editor/Scripts/UnityMcpPluginEditor.Build.cs:74)
com.IvanMurzak.Unity.MCP.Editor.Startup:.cctor () (at ./Library/PackageCache/com.ivanmurzak.unity.mcp@0.86.0/Editor/Scripts/Startup.cs:29)
System.Runtime.CompilerServices.RuntimeHelpers:RunClassConstructor (System.RuntimeTypeHandle)
UnityEditor.EditorAssemblies:ProcessInitializeOnLoadAttributes (System.Type[])

(Filename: ./Library/PackageCache/com.ivanmurzak.unity.mcp@0.86.0/Runtime/UnityMcpPlugin.Build.cs Line: 226)

<color=#ffaa00>warn:</color> [18:07:38:2702] <color=#B4FF32>[AI]</color> <color=#48C9B0><b>McpManagerClientHub</b></color> ConnectionManager[3904e274-ce32-42af-be61-7f2f4bac333e] EnsureConnection Connection not available and auto-reconnect disabled for endpoint: /hub/mcp-server
UnityEngine.StackTraceUtility:ExtractStackTrace ()
UnityEngine.DebugLogHandler:LogFormat (UnityEngine.LogType,UnityEngine.Object,string,object[])
UnityEngine.Logger:Log (UnityEngine.LogType,object)
UnityEngine.Debug:LogWarning (object)
com.IvanMurzak.Unity.MCP.Utils.UnityLogger:Log<Microsoft.Extensions.Logging.FormattedLogValues> (Microsoft.Extensions.Logging.LogLevel,Microsoft.Extensions.Logging.EventId,Microsoft.Extensions.Logging.FormattedLogValues,System.Exception,System.Func`3<Microsoft.Extensions.Logging.FormattedLogValues, System.Exception, string>) (at ./Library/PackageCache/com.ivanmurzak.unity.mcp@0.86.0/Runtime/Logger/UnityLogger.cs:125)
Microsoft.Extensions.Logging.Logger:<Log>g__LoggerLog|14_0<Microsoft.Extensions.Logging.FormattedLogValues> (Microsoft.Extensions.Logging.LogLevel,Microsoft.Extensions.Logging.EventId,Microsoft.Extensions.Logging.ILogger,System.Exception,System.Func`3<Microsoft.Extensions.Logging.FormattedLogValues, System.Exception, string>,System.Collections.Generic.List`1<System.Exception>&,Microsoft.Extensions.Logging.FormattedLogValues&)
Microsoft.Extensions.Logging.Logger:Log<Microsoft.Extensions.Logging.FormattedLogValues> (Microsoft.Extensions.Logging.LogLevel,Microsoft.Extensions.Logging.EventId,Microsoft.Extensions.Logging.FormattedLogValues,System.Exception,System.Func`3<Microsoft.Extensions.Logging.FormattedLogValues, System.Exception, string>)
Microsoft.Extensions.Logging.Logger`1<com.IvanMurzak.McpPlugin.McpManagerClientHub>:Microsoft.Extensions.Logging.ILogger.Log<Microsoft.Extensions.Logging.FormattedLogValues> (Microsoft.Extensions.Logging.LogLevel,Microsoft.Extensions.Logging.EventId,Microsoft.Extensions.Logging.FormattedLogValues,System.Exception,System.Func`3<Microsoft.Extensions.Logging.FormattedLogValues, System.Exception, string>)
Microsoft.Extensions.Logging.LoggerExtensions:Log (Microsoft.Extensions.Logging.ILogger,Microsoft.Extensions.Logging.LogLevel,Microsoft.Extensions.Logging.EventId,System.Exception,string,object[])
Microsoft.Extensions.Logging.LoggerExtensions:Log (Microsoft.Extensions.Logging.ILogger,Microsoft.Extensions.Logging.LogLevel,string,object[])
Microsoft.Extensions.Logging.LoggerExtensions:LogWarning (Microsoft.Extensions.Logging.ILogger,string,object[])
com.IvanMurzak.McpPlugin.ConnectionManager/<EnsureConnection>d__3:MoveNext ()
System.Runtime.CompilerServices.AsyncTaskMethodBuilder`1<bool>:Start<com.IvanMurzak.McpPlugin.ConnectionManager/<EnsureConnection>d__3> (com.IvanMurzak.McpPlugin.ConnectionManager/<EnsureConnection>d__3&)
com.IvanMurzak.McpPlugin.ConnectionManager:EnsureConnection (System.Threading.CancellationToken)
com.IvanMurzak.McpPlugin.ConnectionManager/<InvokeAsync>d__58`2<com.IvanMurzak.McpPlugin.Common.Model.RequestResourcesUpdated, com.IvanMurzak.McpPlugin.Common.Model.ResponseData>:MoveNext ()
System.Runtime.CompilerServices.AsyncTaskMethodBuilder`1<com.IvanMurzak.McpPlugin.Common.Model.ResponseData>:Start<com.IvanMurzak.McpPlugin.ConnectionManager/<InvokeAsync>d__58`2<com.IvanMurzak.McpPlugin.Common.Model.RequestResourcesUpdated, com.IvanMurzak.McpPlugin.Common.Model.ResponseData>> (com.IvanMurzak.McpPlugin.ConnectionManager/<InvokeAsync>d__58`2<com.IvanMurzak.McpPlugin.Common.Model.RequestResourcesUpdated, com.IvanMurzak.McpPlugin.Common.Model.ResponseData>&)
com.IvanMurzak.McpPlugin.ConnectionManager:InvokeAsync<com.IvanMurzak.McpPlugin.Common.Model.RequestResourcesUpdated, com.IvanMurzak.McpPlugin.Common.Model.ResponseData> (string,com.IvanMurzak.McpPlugin.Common.Model.RequestResourcesUpdated,System.Threading.CancellationToken)
com.IvanMurzak.McpPlugin.McpManagerClientHub:NotifyAboutUpdatedResources (com.IvanMurzak.McpPlugin.Common.Model.RequestResourcesUpdated,System.Threading.CancellationToken)
com.IvanMurzak.McpPlugin.McpManagerClientHub:NotifyAboutUpdatedResources (com.IvanMurzak.McpPlugin.Common.Model.RequestResourcesUpdated)
com.IvanMurzak.McpPlugin.McpPlugin/<<-ctor>b__29_6>d:MoveNext ()
System.Runtime.CompilerServices.AsyncVoidMethodBuilder:Start<com.IvanMurzak.McpPlugin.McpPlugin/<<-ctor>b__29_6>d> (com.IvanMurzak.McpPlugin.McpPlugin/<<-ctor>b__29_6>d&)
com.IvanMurzak.McpPlugin.McpPlugin:<.ctor>b__29_6 (R3.Unit)
R3.AnonymousObserver`1<R3.Unit>:OnNextCore (R3.Unit)
R3.Observer`1<R3.Unit>:OnNext (R3.Unit)
R3.ThrottleFirst`1/_ThrottleFirst<R3.Unit>:OnNextCore (R3.Unit)
R3.Observer`1<R3.Unit>:OnNext (R3.Unit)
R3.Subject`1<R3.Unit>:OnNext (R3.Unit)
com.IvanMurzak.McpPlugin.McpResourceManager:SetResourceEnabled (string,bool)
com.IvanMurzak.Unity.MCP.UnityMcpPlugin:ApplyConfigToMcpPlugin (com.IvanMurzak.McpPlugin.IMcpPlugin) (at ./Library/PackageCache/com.ivanmurzak.unity.mcp@0.86.0/Runtime/UnityMcpPlugin.Build.cs:240)
com.IvanMurzak.Unity.MCP.UnityMcpPluginEditor:BuildMcpPluginIfNeeded () (at ./Library/PackageCache/com.ivanmurzak.unity.mcp@0.86.0/Editor/Scripts/UnityMcpPluginEditor.Build.cs:74)
com.IvanMurzak.Unity.MCP.Editor.Startup:.cctor () (at ./Library/PackageCache/com.ivanmurzak.unity.mcp@0.86.0/Editor/Scripts/Startup.cs:29)
System.Runtime.CompilerServices.RuntimeHelpers:RunClassConstructor (System.RuntimeTypeHandle)
UnityEditor.EditorAssemblies:ProcessInitializeOnLoadAttributes (System.Type[])

(Filename: ./Library/PackageCache/com.ivanmurzak.unity.mcp@0.86.0/Runtime/UnityMcpPlugin.Build.cs Line: 240)

The project path contains spaces, which may cause issues during usage of AI Game Developer. Please consider the move the project to a folder without spaces.
UnityEngine.StackTraceUtility:ExtractStackTrace ()
UnityEngine.DebugLogHandler:LogFormat (UnityEngine.LogType,UnityEngine.Object,string,object[])
UnityEngine.Logger:Log (UnityEngine.LogType,object)
UnityEngine.Debug:LogError (object)
com.IvanMurzak.Unity.MCP.Editor.Startup:.cctor () (at ./Library/PackageCache/com.ivanmurzak.unity.mcp@0.86.0/Editor/Scripts/Startup.cs:33)
System.Runtime.CompilerServices.RuntimeHelpers:RunClassConstructor (System.RuntimeTypeHandle)
UnityEditor.EditorAssemblies:ProcessInitializeOnLoadAttributes (System.Type[])

(Filename: ./Library/PackageCache/com.ivanmurzak.unity.mcp@0.86.0/Editor/Scripts/Startup.cs Line: 33)

Ignore MCP server downloading in CI environment
UnityEngine.StackTraceUtility:ExtractStackTrace ()
UnityEngine.DebugLogHandler:LogFormat (UnityEngine.LogType,UnityEngine.Object,string,object[])
UnityEngine.Logger:Log (UnityEngine.LogType,object)
UnityEngine.Debug:Log (object)
com.IvanMurzak.Unity.MCP.Editor.McpServerManager:DownloadServerBinaryIfNeeded (bool) (at ./Library/PackageCache/com.ivanmurzak.unity.mcp@0.86.0/Editor/Scripts/McpServerManager.cs:391)
com.IvanMurzak.Unity.MCP.Editor.McpServerManager:.cctor () (at ./Library/PackageCache/com.ivanmurzak.unity.mcp@0.86.0/Editor/Scripts/McpServerManager.cs:120)
System.Runtime.CompilerServices.RuntimeHelpers:RunClassConstructor (System.RuntimeTypeHandle)
UnityEditor.EditorAssemblies:ProcessInitializeOnLoadAttributes (System.Type[])

(Filename: ./Library/PackageCache/com.ivanmurzak.unity.mcp@0.86.0/Editor/Scripts/McpServerManager.cs Line: 391)

Mono: successfully reloaded assembly
- Finished resetting the current domain, in  4.234 seconds
Domain Reload Profiling: 5309ms
	BeginReloadAssembly (136ms)
		ExecutionOrderSort (0ms)
		DisableScriptedObjects (5ms)
		BackupInstance (0ms)
		ReleaseScriptingObjects (0ms)
		CreateAndSetChildDomain (24ms)
	RebuildCommonClasses (30ms)
	RebuildNativeTypeToScriptingClass (8ms)
	initialDomainReloadingComplete (41ms)
	LoadAllAssembliesAndSetupDomain (860ms)
		LoadAssemblies (700ms)
		RebuildTransferFunctionScriptingTraits (0ms)
		AnalyzeDomain (235ms)
			TypeCache.Refresh (207ms)
				TypeCache.ScanAssembly (192ms)
			ScanForSourceGeneratedMonoScriptInfo (19ms)
			ResolveRequiredComponents (7ms)
	FinalizeReload (4235ms)
		ReleaseScriptCaches (0ms)
		RebuildScriptCaches (0ms)
		SetupLoadedEditorAssemblies (4088ms)
			LogAssemblyErrors (0ms)
			InitializePlatformSupportModulesInManaged (15ms)
			SetLoadedEditorAssemblies (2ms)
			RefreshPlugins (0ms)
			BeforeProcessingInitializeOnLoad (73ms)
			ProcessInitializeOnLoadAttributes (3948ms)
			ProcessInitializeOnLoadMethodAttributes (41ms)
			AfterProcessingInitializeOnLoad (8ms)
			EditorAssembliesLoaded (0ms)
		ExecutionOrderSort2 (0ms)
		AwakeInstancesAfterBackupRestoration (4ms)
Refreshing native plugins compatible for Editor in 10.10 ms, found 0 plugins.
Preloading 0 native plugins for Editor in 0.00 ms.
Asset Pipeline Refresh (id=f72623f63cfd7e64f9457a1a3c194f02): Total: 9.251 seconds - Initiated by InitialRefreshV2(ForceSynchronousImport)
	Summary:
		Imports: total=6 (actual=2, local cache=4, cache server=0)
		Asset DB Process Time: managed=3 ms, native=1392 ms
		Asset DB Callback time: managed=64 ms, native=15 ms
		Scripting: domain reloads=1, domain reload time=5417 ms, compile time=2309 ms, other=49 ms
		Project Asset Count: scripts=6228, non-scripts=1667
		Asset File Changes: new=0, changed=2, moved=0, deleted=0
		Scan Filter Count: 0
	InvokeBeforeRefreshCallbacks: 0.711ms
	ApplyChangesToAssetFolders: 0.038ms
	Scan: 71.722ms
	OnSourceAssetsModified: 1.879ms
	GetAllGuidsForCategorization: 1.456ms
	CategorizeAssets: 122.842ms
	ImportOutOfDateAssets: 4314.961ms (1955.762ms without children)
		ImportManagerImport: 15.024ms (3.864ms without children)
			ImportInProcess: 11.128ms
			UpdateCategorizedAssets: 0.032ms
		CompileScripts: 2309.069ms
		ReloadNativeAssets: 0.001ms
		UnloadImportedAssets: 31.113ms
		ReloadImportedAssets: 0.489ms
		EnsureUptoDateAssetsAreRegisteredWithGuidPM: 2.316ms
		InitializingProgressBar: 0.004ms
		PostProcessAllAssetNotificationsAddChangedAssets: 0.001ms
		OnDemandSchedulerStart: 1.182ms
	PostProcessAllAssets: 66.592ms
	Hotreload: 10.465ms
	GatherAllCurrentPrimaryArtifactRevisions: 0.000ms
	UnloadStreamsBegin: 1.179ms
	PersistCurrentRevisions: 0.266ms
	UnloadStreamsEnd: 0.038ms
	GenerateScriptTypeHashes: 3.642ms
	Untracked: 4659.266ms
Application.AssetDatabase Initial Refresh End
Shader Hidden/ProbeVolume/VoxelizeScene is not supported: GPU does not support conservative rasterization
Scanning for USB devices : 42.614ms
Initializing Unity extensions:
[MODES] ModeService[none].Initialize
[MODES] ModeService[none].LoadModes
[MODES] Loading mode Default (0) for mode-current-id-Desk 42
[PhysX] Initialized MultithreadedTaskDispatcher with 16 workers.
ProgressiveSceneManager::Cancel()
Unloading 9 Unused Serialized files (Serialized files now loaded: 0)
Unloading 153 unused Assets / (0.8 MB). Loaded Objects now: 5729.
Memory consumption went from 154.9 MB to 154.1 MB.
Total: 69.751200 ms (FindLiveObjects: 0.408300 ms CreateObjectMapping: 0.150900 ms MarkObjects: 68.636200 ms  DeleteObjects: 0.554600 ms)

Microsoft Media Foundation video decoding to texture disabled: graphics device is Null, only Direct3D 11 and Direct3D 12 (only on desktop) are supported for hardware-accelerated video decoding.
[Project] Loading completed in 16.202 seconds
	Project init time: 				13.117 seconds
		Template init time: 		0.000 seconds
		Package Manager init time: 		0.310 seconds
		Asset Database init time: 		0.248 seconds
		Global illumination init time: 	0.003 seconds
		Assemblies load time: 			2.760 seconds
		Unity extensions init time: 	0.008 seconds
		Asset Database refresh time: 	0.000 seconds
	Scene opening time: 			1.410 seconds
##utp:{"type":"ProjectInfo","version":2,"phase":"Immediate","time":1785690461488,"processId":13188,"projectLoad":16.2015392,"projectInit":13.1166689,"templateInit":0.0,"packageManagerInit":0.310132,"assetDatabaseInit":0.247523,"globalIlluminationInit":0.00305,"assembliesLoad":2.7598873,"unityExtensionsInit":0.0078799,"assetDatabaseRefresh":0.0,"sceneOpening":1.4103472}
##utp:{"type":"EditorInfo","version":2,"phase":"Immediate","time":1785690461488,"processId":13188,"editorVersion":"2022.3.62f3 (96770f904ca7)","branch":"2022.3/respin/2022.3.62f2-4af31df585-v2","buildType":"Release","platform":"Windows"}
Running tests for ExecutionSettings with details:
targetPlatform = 
playerHeartbeatTimeout = 600
filters[0] = 
   Filter with settings:
   testMode = EditMode
   targetPlatform = 
   testNames = null
   groupNames = Desk42.Tests.EditMode.InstitutionalConsequenceLoopTests
   categoryNames = null
   assemblyNames = null
ignoreTests = {}
featureFlags = null

UnityEngine.StackTraceUtility:ExtractStackTrace ()
UnityEngine.DebugLogHandler:LogFormat (UnityEngine.LogType,UnityEngine.Object,string,object[])
UnityEngine.Logger:Log (UnityEngine.LogType,object)
UnityEngine.Debug:Log (object)
UnityEditor.TestTools.TestRunner.CommandLineTest.Executer:InitializeAndExecuteRun (string[]) (at ./Library/PackageCache/com.unity.test-framework@1.3.9/UnityEditor.TestRunner/CommandLineTest/Executer.cs:53)
UnityEditor.TestTools.TestRunner.CommandLineTest.TestStarter:InitializeAndExecuteRun () (at ./Library/PackageCache/com.unity.test-framework@1.3.9/UnityEditor.TestRunner/CommandLineTest/TestStarter.cs:64)
UnityEditor.EditorApplication:Internal_CallUpdateFunctions ()

(Filename: ./Library/PackageCache/com.unity.test-framework@1.3.9/UnityEditor.TestRunner/CommandLineTest/Executer.cs Line: 53)

[UnityConnectServicesConfig] config is NOT valid, switching to default
Created GICache directory at C:/Users/jacob/AppData/LocalLow/Unity/Caches/GiCache. Took: 0.027s, timestamps: [16.210 - 16.237]
gi::BakeBackendSwitch: switching bake backend from 3 to 1.
GfxDevice renderer is null. Unity cannot update the Ambient Probe and Reflection Probes that the SkyManager generates. Run the Editor without the -nographics argument or generate lighting for your scene.
[PhysX] Initialized MultithreadedTaskDispatcher with 16 workers.
Unloading 2 Unused Serialized files (Serialized files now loaded: 0)
Unloading 1 unused Assets / (0.5 KB). Loaded Objects now: 5746.
Memory consumption went from 152.3 MB to 152.3 MB.
Total: 61.471100 ms (FindLiveObjects: 0.266700 ms CreateObjectMapping: 0.124400 ms MarkObjects: 61.057000 ms  DeleteObjects: 0.022300 ms)

GfxDevice renderer is null. Unity cannot update the Ambient Probe and Reflection Probes that the SkyManager generates. Run the Editor without the -nographics argument or generate lighting for your scene.
<b><color=#2EA3FF>MCP-FOR-UNITY</color></b>: [TestRunnerNoThrottle] Applied No Throttling for test run.
UnityEngine.StackTraceUtility:ExtractStackTrace ()
UnityEngine.DebugLogHandler:LogFormat (UnityEngine.LogType,UnityEngine.Object,string,object[])
UnityEngine.Logger:Log (UnityEngine.LogType,object)
UnityEngine.Debug:Log (object)
MCPForUnity.Editor.Helpers.McpLog:Info (string,bool) (at ./Library/PackageCache/com.coplaydev.unity-mcp@11836003a5/Editor/Helpers/McpLog.cs:40)
MCPForUnity.Editor.Services.TestRunnerNoThrottle:ApplyNoThrottling () (at ./Library/PackageCache/com.coplaydev.unity-mcp@11836003a5/Editor/Services/TestRunnerNoThrottle.cs:101)
MCPForUnity.Editor.Services.TestRunnerNoThrottle/TestCallbacks:RunStarted (UnityEditor.TestTools.TestRunner.Api.ITestAdaptor) (at ./Library/PackageCache/com.coplaydev.unity-mcp@11836003a5/Editor/Services/TestRunnerNoThrottle.cs:138)
UnityEditor.TestTools.TestRunner.Api.CallbacksDelegator/<>c__DisplayClass6_0:<RunStarted>b__0 (UnityEditor.TestTools.TestRunner.Api.ICallbacks) (at ./Library/PackageCache/com.unity.test-framework@1.3.9/UnityEditor.TestRunner/Api/CallbacksDelegator.cs:38)
UnityEditor.TestTools.TestRunner.Api.CallbacksDelegator:TryInvokeAllCallbacks (System.Action`1<UnityEditor.TestTools.TestRunner.Api.ICallbacks>) (at ./Library/PackageCache/com.unity.test-framework@1.3.9/UnityEditor.TestRunner/Api/CallbacksDelegator.cs:121)
UnityEditor.TestTools.TestRunner.Api.CallbacksDelegator:RunStarted (NUnit.Framework.Interfaces.ITest) (at ./Library/PackageCache/com.unity.test-framework@1.3.9/UnityEditor.TestRunner/Api/CallbacksDelegator.cs:38)
UnityEngine.Events.InvokableCall`1<NUnit.Framework.Interfaces.ITest>:Invoke (NUnit.Framework.Interfaces.ITest)
UnityEngine.Events.UnityEvent`1<NUnit.Framework.Interfaces.ITest>:Invoke (NUnit.Framework.Interfaces.ITest)
UnityEditor.TestTools.TestRunner.TestRun.Tasks.Events.RunStartedInvocationEvent/<Execute>d__0:MoveNext () (at ./Library/PackageCache/com.unity.test-framework@1.3.9/UnityEditor.TestRunner/TestRun/Tasks/Events/RunStartedInvocationEvent.cs:15)
UnityEditor.TestTools.TestRunner.TestRun.TestJobRunner:ExecuteStep () (at ./Library/PackageCache/com.unity.test-framework@1.3.9/UnityEditor.TestRunner/TestRun/TestJobRunner.cs:172)
UnityEditor.TestTools.TestRunner.TestRun.TestJobRunner:ExecuteCallback () (at ./Library/PackageCache/com.unity.test-framework@1.3.9/UnityEditor.TestRunner/TestRun/TestJobRunner.cs:108)
UnityEditor.EditorApplication:Internal_CallUpdateFunctions ()

(Filename: ./Library/PackageCache/com.coplaydev.unity-mcp@11836003a5/Editor/Helpers/McpLog.cs Line: 40)

<b><color=#2EA3FF>MCP-FOR-UNITY</color></b>: [TestRunnerNoThrottle] Restored Interaction Mode after test run.
UnityEngine.StackTraceUtility:ExtractStackTrace ()
UnityEngine.DebugLogHandler:LogFormat (UnityEngine.LogType,UnityEngine.Object,string,object[])
UnityEngine.Logger:Log (UnityEngine.LogType,object)
UnityEngine.Debug:Log (object)
MCPForUnity.Editor.Helpers.McpLog:Info (string,bool) (at ./Library/PackageCache/com.coplaydev.unity-mcp@11836003a5/Editor/Helpers/McpLog.cs:40)
MCPForUnity.Editor.Services.TestRunnerNoThrottle:RestoreThrottling () (at ./Library/PackageCache/com.coplaydev.unity-mcp@11836003a5/Editor/Services/TestRunnerNoThrottle.cs:114)
MCPForUnity.Editor.Services.TestRunnerNoThrottle/TestCallbacks:RunFinished (UnityEditor.TestTools.TestRunner.Api.ITestResultAdaptor) (at ./Library/PackageCache/com.coplaydev.unity-mcp@11836003a5/Editor/Services/TestRunnerNoThrottle.cs:143)
UnityEditor.TestTools.TestRunner.Api.CallbacksDelegator/<>c__DisplayClass8_0:<RunFinished>b__0 (UnityEditor.TestTools.TestRunner.Api.ICallbacks) (at ./Library/PackageCache/com.unity.test-framework@1.3.9/UnityEditor.TestRunner/Api/CallbacksDelegator.cs:51)
UnityEditor.TestTools.TestRunner.Api.CallbacksDelegator:TryInvokeAllCallbacks (System.Action`1<UnityEditor.TestTools.TestRunner.Api.ICallbacks>) (at ./Library/PackageCache/com.unity.test-framework@1.3.9/UnityEditor.TestRunner/Api/CallbacksDelegator.cs:121)
UnityEditor.TestTools.TestRunner.Api.CallbacksDelegator:RunFinished (NUnit.Framework.Interfaces.ITestResult) (at ./Library/PackageCache/com.unity.test-framework@1.3.9/UnityEditor.TestRunner/Api/CallbacksDelegator.cs:51)
UnityEngine.Events.InvokableCall`1<NUnit.Framework.Interfaces.ITestResult>:Invoke (NUnit.Framework.Interfaces.ITestResult)
UnityEngine.Events.UnityEvent`1<NUnit.Framework.Interfaces.ITestResult>:Invoke (NUnit.Framework.Interfaces.ITestResult)
UnityEditor.TestTools.TestRunner.TestRun.Tasks.Events.RunFinishedInvocationEvent/<Execute>d__0:MoveNext () (at ./Library/PackageCache/com.unity.test-framework@1.3.9/UnityEditor.TestRunner/TestRun/Tasks/Events/RunFinishedInvocationEvent.cs:17)
UnityEditor.TestTools.TestRunner.TestRun.TestJobRunner:ExecuteStep () (at ./Library/PackageCache/com.unity.test-framework@1.3.9/UnityEditor.TestRunner/TestRun/TestJobRunner.cs:172)
UnityEditor.TestTools.TestRunner.TestRun.TestJobRunner:ExecuteCallback () (at ./Library/PackageCache/com.unity.test-framework@1.3.9/UnityEditor.TestRunner/TestRun/TestJobRunner.cs:108)
UnityEditor.EditorApplication:Internal_CallUpdateFunctions ()

(Filename: ./Library/PackageCache/com.coplaydev.unity-mcp@11836003a5/Editor/Helpers/McpLog.cs Line: 40)

Saving results to: C:\Users\jacob\Desk 42\tmp\consequence-loop-v2-targeted-10.xml
[PhysX] Initialized MultithreadedTaskDispatcher with 16 workers.
Unloading 0 Unused Serialized files (Serialized files now loaded: 0)
Unloading 0 unused Assets / (0 B). Loaded Objects now: 5747.
Memory consumption went from 148.2 MB to 148.2 MB.
Total: 67.007300 ms (FindLiveObjects: 0.209500 ms CreateObjectMapping: 0.149000 ms MarkObjects: 66.633500 ms  DeleteObjects: 0.014200 ms)

GfxDevice renderer is null. Unity cannot update the Ambient Probe and Reflection Probes that the SkyManager generates. Run the Editor without the -nographics argument or generate lighting for your scene.
DisplayProgressbar: Undo
Test run completed. Exiting with code 0 (Ok). Run completed.
UnityEngine.StackTraceUtility:ExtractStackTrace ()
UnityEngine.DebugLogHandler:LogFormat (UnityEngine.LogType,UnityEngine.Object,string,object[])
UnityEngine.Logger:Log (UnityEngine.LogType,object)
UnityEngine.Debug:Log (object)
UnityEditor.TestTools.TestRunner.CommandLineTest.Executer:ExitApplication (UnityEditor.TestTools.TestRunner.CommandLineTest.Executer/ReturnCodes,string) (at ./Library/PackageCache/com.unity.test-framework@1.3.9/UnityEditor.TestRunner/CommandLineTest/Executer.cs:81)
UnityEditor.TestTools.TestRunner.CommandLineTest.Executer:ExitIfRunIsCompleted () (at ./Library/PackageCache/com.unity.test-framework@1.3.9/UnityEditor.TestRunner/CommandLineTest/Executer.cs:74)
UnityEditor.EditorApplication:Internal_CallUpdateFunctions ()

(Filename: ./Library/PackageCache/com.unity.test-framework@1.3.9/UnityEditor.TestRunner/CommandLineTest/Executer.cs Line: 81)

Killing ADB server in 0.044997 seconds.
[PhysX] Initialized MultithreadedTaskDispatcher with 16 workers.
Input System module state changed to: ShutdownInProgress.
Input System polling thread exited.
Input System module state changed to: Shutdown.
[Licensing::IpcConnector] LicenseClient-jacob-notifications channel disconnected successfully.
[Licensing::IpcConnector] LicenseClient-jacob channel disconnected successfully.
Cleanup mono
<color=#ffaa00>warn:</color> [18:07:43:3555] <color=#B4FF32>[AI]</color> <color=#85C1E2><b>BufferedFileLogStorage</b></color> Flush called but already disposed, ignored.
[Performance] WinEditorMain                                                                                                                        :        1 samples, Peak.  1.65 s (1.0x), Avg.  1.65 s, Total. 1.652 s (9.1%)
[Performance] WinEditorMain.ConfigureCrashHandler                                                                                                  :        1 samples, Peak.  18.0 us (1.0x), Avg.  18.0 us, Total. 18.00 us (0.0%)
[Performance] WinEditorMain.CurlRequestInitialize                                                                                                  :        1 samples, Peak.   275 us (1.0x), Avg.   275 us, Total. 275.0 us (0.0%)
[Performance] WinEditorMain.SetupLogFile                                                                                                           :        1 samples, Peak.   429 us (1.0x), Avg.   429 us, Total. 428.8 us (0.0%)
[Performance] WinEditorMain.RunNativeTestsIfRequiredAndExit                                                                                        :        1 samples, Peak. 100.0 ns (1.0x), Avg. 100.0 ns, Total. 100.00 ns (0.0%)
[Performance] WinEditorMain.Licensing                                                                                                              :        1 samples, Peak.  1.64 s (1.0x), Avg.  1.64 s, Total. 1.637 s (9.0%)
[Performance] WinEditorMain.InitializeCrashHandler                                                                                                 :        1 samples, Peak.  12.0 ms (1.0x), Avg.  12.0 ms, Total. 12.01 ms (0.1%)
[Performance] WinEditorMain.CreateApplication                                                                                                      :        1 samples, Peak.   180 us (1.0x), Avg.   180 us, Total. 180.0 us (0.0%)
[Performance] Application.InitializeProject                                                                                                        :        1 samples, Peak.  13.1 s (1.0x), Avg.  13.1 s, Total. 13.12 s (72.3%)
[Performance] Application.PackageManager.StartServer                                                                                               :        1 samples, Peak.  3.02 ms (1.0x), Avg.  3.02 ms, Total. 3.020 ms (0.0%)
[Performance] Application.AcquireProjectLock                                                                                                       :        1 samples, Peak.  5.83 ms (1.0x), Avg.  5.83 ms, Total. 5.834 ms (0.0%)
[Performance] Application.InitializeEngineNoGraphics                                                                                               :        1 samples, Peak.  46.6 ms (1.0x), Avg.  46.6 ms, Total. 46.55 ms (0.3%)
[Performance] Application.PackageManager.Initialize                                                                                                :        1 samples, Peak.   310 ms (1.0x), Avg.   310 ms, Total. 310.1 ms (1.7%)
[Performance] Connecting to Package Manager                                                                                                        :       32 samples, Peak.  64.3 us (23.1x), Avg.  2.78 us, Total. 88.90 us (0.0%)
[Performance] Application.EngineGraphics.Initialize                                                                                                :        1 samples, Peak.  79.3 ms (1.0x), Avg.  79.3 ms, Total. 79.34 ms (0.4%)
[Performance] Application.GI.Initialize                                                                                                            :        1 samples, Peak.  3.05 ms (1.0x), Avg.  3.05 ms, Total. 3.052 ms (0.0%)
[Performance] Application.LoadAllDefaultResourcesFromEditor                                                                                        :        1 samples, Peak.  1.68 ms (1.0x), Avg.  1.68 ms, Total. 1.676 ms (0.0%)
[Performance] Application.LoadMonoAssemblies                                                                                                       :        1 samples, Peak.  2.76 s (1.0x), Avg.  2.76 s, Total. 2.760 s (15.2%)
[Performance] RestoreManagedReferences                                                                                                             :        2 samples, Peak.  49.2 ms (2.0x), Avg.  24.6 ms, Total. 49.20 ms (0.3%)
[Performance] InitializeOnLoad DrivenRectTransformUndo                                                                                             :        2 samples, Peak.   346 us (1.0x), Avg.   333 us, Total. 665.4 us (0.0%)
[Performance] InitializeOnLoad SceneSearch                                                                                                         :        2 samples, Peak.   117 us (1.2x), Avg.   100 us, Total. 200.5 us (0.0%)
[Performance] InitializeOnLoad CloudBuild                                                                                                          :        2 samples, Peak.  5.10 us (1.2x), Avg.  4.10 us, Total. 8.200 us (0.0%)
[Performance] InitializeOnLoad NativeFormatImporterUtility                                                                                         :        2 samples, Peak.  2.07 ms (1.2x), Avg.  1.79 ms, Total. 3.572 ms (0.0%)
[Performance] InitializeOnLoad SearchService                                                                                                       :        2 samples, Peak.   114 us (1.0x), Avg.   110 us, Total. 220.8 us (0.0%)
[Performance] InitializeOnLoad SettingsService                                                                                                     :        2 samples, Peak.  11.1 us (1.3x), Avg.  8.70 us, Total. 17.40 us (0.0%)
[Performance] InitializeOnLoad WindowLayout                                                                                                        :        2 samples, Peak.   244 us (1.1x), Avg.   226 us, Total. 452.3 us (0.0%)
[Performance] InitializeOnLoad AssetStoreContext                                                                                                   :        2 samples, Peak.  22.4 ms (1.7x), Avg.  12.8 ms, Total. 25.64 ms (0.1%)
[Performance] InitializeOnLoad PoolManager                                                                                                         :        2 samples, Peak.   638 us (1.2x), Avg.   543 us, Total. 1.087 ms (0.0%)
[Performance] InitializeOnLoad MixerEffectDefinitionReloader                                                                                       :        2 samples, Peak.  2.03 ms (1.0x), Avg.  1.95 ms, Total. 3.907 ms (0.0%)
[Performance] InitializeOnLoad ProjectSearch                                                                                                       :        2 samples, Peak.   121 us (1.5x), Avg.  82.0 us, Total. 163.9 us (0.0%)
[Performance] InitializeOnLoad UISystemProfilerRenderService                                                                                       :        2 samples, Peak.  13.9 us (1.4x), Avg.  9.85 us, Total. 19.70 us (0.0%)
[Performance] InitializeOnLoad EditMode                                                                                                            :        2 samples, Peak.   413 us (1.1x), Avg.   379 us, Total. 758.3 us (0.0%)
[Performance] InitializeOnLoad UnityConnect                                                                                                        :        2 samples, Peak.  56.8 us (1.1x), Avg.  50.9 us, Total. 101.8 us (0.0%)
[Performance] InitializeOnLoad ManagedDebugger                                                                                                     :        2 samples, Peak.   462 us (1.6x), Avg.   291 us, Total. 582.9 us (0.0%)
[Performance] InitializeOnLoad ShortcutIntegration                                                                                                 :        2 samples, Peak.  55.1 us (1.1x), Avg.  52.2 us, Total. 104.4 us (0.0%)
[Performance] InitializeOnLoad AddComponentWindow                                                                                                  :        2 samples, Peak.   114 us (1.1x), Avg.   101 us, Total. 203.0 us (0.0%)
[Performance] InitializeOnLoad ManagedDebuggerWindow                                                                                               :        2 samples, Peak.   123 us (1.1x), Avg.   115 us, Total. 230.8 us (0.0%)
[Performance] InitializeOnLoad CacheServerWindow                                                                                                   :        2 samples, Peak.  10.3 us (1.2x), Avg.  8.45 us, Total. 16.90 us (0.0%)
[Performance] InitializeOnLoad PlayModeDownload                                                                                                    :        2 samples, Peak.  2.74 ms (1.9x), Avg.  1.43 ms, Total. 2.852 ms (0.0%)
[Performance] InitializeOnLoad MenuItems                                                                                                           :        2 samples, Peak.   135 us (1.3x), Avg.   107 us, Total. 214.5 us (0.0%)
[Performance] InitializeOnLoad PrefabInstanceChangedListener                                                                                       :        2 samples, Peak.   188 us (1.1x), Avg.   166 us, Total. 331.9 us (0.0%)
[Performance] InitializeOnLoad ObjectSelectorSearch                                                                                                :        2 samples, Peak.   103 us (1.5x), Avg.  70.7 us, Total. 141.3 us (0.0%)
[Performance] InitializeOnLoad EditorMonitor                                                                                                       :        2 samples, Peak.   630 us (1.1x), Avg.   554 us, Total. 1.109 ms (0.0%)
[Performance] InitializeOnLoad RetainedMode                                                                                                        :        2 samples, Peak.  2.10 ms (1.0x), Avg.  2.05 ms, Total. 4.104 ms (0.0%)
[Performance] InitializeOnLoad EditorShaderLoader                                                                                                  :        2 samples, Peak.   584 us (1.1x), Avg.   554 us, Total. 1.108 ms (0.0%)
[Performance] InitializeOnLoad EditorDelegateRegistration                                                                                          :        2 samples, Peak.   482 us (1.2x), Avg.   418 us, Total. 835.0 us (0.0%)
[Performance] InitializeOnLoad UIDocumentHierarchyWatcher                                                                                          :        2 samples, Peak.  68.7 us (1.0x), Avg.  67.4 us, Total. 134.7 us (0.0%)
[Performance] InitializeOnLoad LiveReloadTrackerCreator                                                                                            :        2 samples, Peak.   160 us (1.1x), Avg.   142 us, Total. 283.4 us (0.0%)
[Performance] InitializeOnLoad UxmlObjectEditorFactories                                                                                           :        2 samples, Peak.   491 us (1.2x), Avg.   411 us, Total. 822.8 us (0.0%)
[Performance] InitializeOnLoad UXMLEditorFactories                                                                                                 :        2 samples, Peak.  68.9 ms (1.2x), Avg.  57.7 ms, Total. 115.3 ms (0.6%)
[Performance] InitializeOnLoad PurchasingService                                                                                                   :        2 samples, Peak.  6.02 ms (1.0x), Avg.  5.75 ms, Total. 11.51 ms (0.1%)
[Performance] InitializeOnLoad CloudBuildPoller                                                                                                    :        2 samples, Peak.   104 us (1.1x), Avg.  96.9 us, Total. 193.8 us (0.0%)
[Performance] InitializeOnLoad EditorGameServicesAnalytics                                                                                         :        2 samples, Peak.  1.35 ms (1.6x), Avg.   862 us, Total. 1.723 ms (0.0%)
[Performance] InitializeOnLoad AnalyticsService                                                                                                    :        2 samples, Peak.   193 us (1.1x), Avg.   176 us, Total. 351.1 us (0.0%)
[Performance] InitializeOnLoad BuildService                                                                                                        :        2 samples, Peak.   138 us (1.0x), Avg.   134 us, Total. 267.0 us (0.0%)
[Performance] InitializeOnLoad AdsService                                                                                                          :        2 samples, Peak.   342 us (1.0x), Avg.   338 us, Total. 676.3 us (0.0%)
[Performance] InitializeOnLoad UDPService                                                                                                          :        2 samples, Peak.   138 us (1.1x), Avg.   130 us, Total. 259.2 us (0.0%)
[Performance] InitializeOnLoad CrashService                                                                                                        :        2 samples, Peak.   129 us (1.1x), Avg.   123 us, Total. 245.0 us (0.0%)
[Performance] InitializeOnLoad ServicesRepository                                                                                                  :        2 samples, Peak.   700 ns (1.3x), Avg.   550 ns, Total. 1.100 us (0.0%)
[Performance] InitializeOnLoad SearchWindow                                                                                                        :        2 samples, Peak.   138 us (1.1x), Avg.   130 us, Total. 259.1 us (0.0%)
[Performance] InitializeOnLoad CustomIndexers                                                                                                      :        2 samples, Peak.  15.6 ms (1.1x), Avg.  14.6 ms, Total. 29.11 ms (0.2%)
[Performance] InitializeOnLoad SearchMonitor                                                                                                       :        2 samples, Peak.  1.23 ms (1.3x), Avg.   943 us, Total. 1.887 ms (0.0%)
[Performance] InitializeOnLoad ParameterControllerEditor                                                                                           :        2 samples, Peak.  17.0 us (1.0x), Avg.  16.5 us, Total. 33.00 us (0.0%)
[Performance] InitializeOnLoad LayerSettingsWindow                                                                                                 :        2 samples, Peak.  16.5 us (1.6x), Avg.  10.1 us, Total. 20.20 us (0.0%)
[Performance] InitializeOnLoad PackageManagerHookGUIDConverter.RegisterPackagesEventHandler                                                        :        2 samples, Peak.   627 us (1.8x), Avg.   344 us, Total. 687.3 us (0.0%)
[Performance] InitializeOnLoad EditorDragAndDrop.RegisterEditorClient                                                                              :        2 samples, Peak.   341 us (1.3x), Avg.   255 us, Total. 510.9 us (0.0%)
[Performance] InitializeOnLoad EditorEventCallbacks.InitializeFontAssetResourceChangeCallBacks                                                     :        2 samples, Peak.   973 us (1.0x), Avg.   939 us, Total. 1.879 ms (0.0%)
[Performance] InitializeOnLoad SceneTemplateService.Init                                                                                           :        2 samples, Peak.   967 us (1.0x), Avg.   966 us, Total. 1.931 ms (0.0%)
[Performance] InitializeOnLoad DiagnosticSwitchesConsoleMessage.Init                                                                               :        2 samples, Peak.  4.96 ms (1.9x), Avg.  2.67 ms, Total. 5.332 ms (0.0%)
[Performance] InitializeOnLoad PackageManagerWindow.EditorInitializedInSafeMode                                                                    :        2 samples, Peak.  19.6 ms (2.0x), Avg.  9.87 ms, Total. 19.74 ms (0.1%)
[Performance] InitializeOnLoad ToolShortcutContext.Init                                                                                            :        2 samples, Peak.   125 us (1.1x), Avg.   114 us, Total. 228.9 us (0.0%)
[Performance] InitializeOnLoad MemoryProfilerCompilationGuard.InjectCompileGuard                                                                   :        2 samples, Peak.   143 us (1.5x), Avg.  95.1 us, Total. 190.2 us (0.0%)
[Performance] InitializeOnLoad AssetPostprocessingInternal.RefreshCustomDependencies                                                               :        2 samples, Peak.  2.29 ms (1.3x), Avg.  1.76 ms, Total. 3.521 ms (0.0%)
[Performance] InitializeOnLoad SysrootManager.Initialize                                                                                           :        2 samples, Peak.   402 us (1.1x), Avg.   367 us, Total. 735.0 us (0.0%)
[Performance] InitializeOnLoad ScopedRegistryAddedPopup.SubscribeToRegistriesAdded                                                                 :        2 samples, Peak.  6.03 ms (2.0x), Avg.  3.05 ms, Total. 6.108 ms (0.0%)
[Performance] InitializeOnLoad SceneVisibilityManager.Initialize                                                                                   :        2 samples, Peak.  2.43 ms (1.5x), Avg.  1.57 ms, Total. 3.140 ms (0.0%)
[Performance] InitializeOnLoad EditorWindow.Initialize                                                                                             :        2 samples, Peak.   214 us (1.1x), Avg.   193 us, Total. 385.2 us (0.0%)
[Performance] AssemblyReloadEvents.afterAssemblyReload: UnityEditor.SceneTemplate.SceneTemplateService.AfterAssemblyReload                         :        2 samples, Peak.   602 us (1.4x), Avg.   417 us, Total. 833.6 us (0.0%)
[Performance] ProcessService.EditorAfterLoadAllAssemblies                                                                                          :        2 samples, Peak.   321 us (1.2x), Avg.   263 us, Total. 526.4 us (0.0%)
[Performance] Application.ReadLicenseInfo                                                                                                          :        1 samples, Peak.  13.2 ms (1.0x), Avg.  13.2 ms, Total. 13.17 ms (0.1%)
[Performance] Application.InitialRefresh                                                                                                           :        1 samples, Peak.  9.25 s (1.0x), Avg.  9.25 s, Total. 9.254 s (51.0%)
[Performance] ShaderImporter.SourceAssetModified                                                                                                   :        2 samples, Peak.   800 ns (1.3x), Avg.   600 ns, Total. 1.200 us (0.0%)
[Performance] ShaderIncludeImporter.SourceAssetModified                                                                                            :        2 samples, Peak.   800 ns (1.1x), Avg.   700 ns, Total. 1.400 us (0.0%)
[Performance] Compiling Scripts                                                                                                                    :        1 samples, Peak.  2.31 s (1.0x), Avg.  2.31 s, Total. 2.307 s (12.7%)
[Performance] AssemblyReloadEvents.beforeAssemblyReload: UnityEditor.SceneTemplate.SceneTemplateService.BeforeAssemblyReload                       :        1 samples, Peak.   389 us (1.0x), Avg.   389 us, Total. 389.3 us (0.0%)
[Performance] PresetManagerPostProcessor.OnPreprocessAsset                                                                                         :        2 samples, Peak.  1.48 ms (2.0x), Avg.   744 us, Total. 1.489 ms (0.0%)
[Performance] CancelSplashScreenOnAssetChange.OnPreprocessAsset                                                                                    :        2 samples, Peak.   129 us (2.0x), Avg.  65.6 us, Total. 131.1 us (0.0%)
[Performance] ShaderGraphAssetPostProcessor.OnPreprocessAsset                                                                                      :        2 samples, Peak.   164 us (2.0x), Avg.  83.0 us, Total. 166.0 us (0.0%)
[Performance] InitializeOnLoad InputSystemUIInputModuleEditor                                                                                      :        1 samples, Peak.   261 us (1.0x), Avg.   261 us, Total. 261.4 us (0.0%)
[Performance] InitializeOnLoad TouchSimulation                                                                                                     :        1 samples, Peak.   200 us (1.0x), Avg.   200 us, Total. 199.5 us (0.0%)
[Performance] InitializeOnLoad InputSystem                                                                                                         :        1 samples, Peak.  43.1 ms (1.0x), Avg.  43.1 ms, Total. 43.09 ms (0.2%)
[Performance] InitializeOnLoad EnableUITKEditor                                                                                                    :        1 samples, Peak.  28.4 us (1.0x), Avg.  28.4 us, Total. 28.40 us (0.0%)
[Performance] InitializeOnLoad BurstLoader                                                                                                         :        1 samples, Peak.  1.66 s (1.0x), Avg.  1.66 s, Total. 1.659 s (9.1%)
[Performance] InitializeOnLoad ShadowCasterGroup2DManager                                                                                          :        1 samples, Peak.   443 us (1.0x), Avg.   443 us, Total. 443.5 us (0.0%)
[Performance] InitializeOnLoad OnDomainReload                                                                                                      :        1 samples, Peak.   343 us (1.0x), Avg.   343 us, Total. 343.2 us (0.0%)
[Performance] InitializeOnLoad EditorInitialize                                                                                                    :        4 samples, Peak.  18.1 ms (3.6x), Avg.  4.98 ms, Total. 19.94 ms (0.1%)
[Performance] InitializeOnLoad CanvasesAndTheirOwners                                                                                              :        1 samples, Peak.   173 us (1.0x), Avg.   173 us, Total. 173.4 us (0.0%)
[Performance] InitializeOnLoad ProbeGIBaking                                                                                                       :        1 samples, Peak.  2.76 ms (1.0x), Avg.  2.76 ms, Total. 2.763 ms (0.0%)
[Performance] InitializeOnLoad FilterWindow                                                                                                        :        1 samples, Peak.  65.8 us (1.0x), Avg.  65.8 us, Total. 65.80 us (0.0%)
[Performance] InitializeOnLoad RealtimeProbeSubdivisionDebug                                                                                       :        1 samples, Peak.  86.8 us (1.0x), Avg.  86.8 us, Total. 86.80 us (0.0%)
[Performance] InitializeOnLoad CinemachineStoryboardMute                                                                                           :        1 samples, Peak.   269 us (1.0x), Avg.   269 us, Total. 268.8 us (0.0%)
[Performance] InitializeOnLoad SaveDuringPlay                                                                                                      :        1 samples, Peak.   109 us (1.0x), Avg.   109 us, Total. 109.5 us (0.0%)
[Performance] InitializeOnLoad CollectGizmoDrawers                                                                                                 :        1 samples, Peak.  5.83 ms (1.0x), Avg.  5.83 ms, Total. 5.827 ms (0.0%)
[Performance] InitializeOnLoad CinemachineScreenComposerGuidesGlobalDraggable                                                                      :        1 samples, Peak.   124 us (1.0x), Avg.   124 us, Total. 123.8 us (0.0%)
[Performance] InitializeOnLoad CinemachineEditorAnalytics                                                                                          :        1 samples, Peak.  44.5 us (1.0x), Avg.  44.5 us, Total. 44.50 us (0.0%)
[Performance] InitializeOnLoad CreateRigWithUndo                                                                                                   :        1 samples, Peak.  94.5 us (1.0x), Avg.  94.5 us, Total. 94.50 us (0.0%)
[Performance] InitializeOnLoad CreatePipelineWithUndo                                                                                              :        1 samples, Peak.   113 us (1.0x), Avg.   113 us, Total. 112.8 us (0.0%)
[Performance] InitializeOnLoad SyncCacheEnabledSetting                                                                                             :        1 samples, Peak.  3.89 ms (1.0x), Avg.  3.89 ms, Total. 3.887 ms (0.0%)
[Performance] InitializeOnLoad CinemachineColliderPrefs                                                                                            :        1 samples, Peak.   449 us (1.0x), Avg.   449 us, Total. 448.9 us (0.0%)
[Performance] InitializeOnLoad NodeClassCache                                                                                                      :        1 samples, Peak.  9.50 us (1.0x), Avg.  9.50 us, Total. 9.500 us (0.0%)
[Performance] InitializeOnLoad ShaderGraphMaterialsUpdater                                                                                         :        2 samples, Peak.   570 us (1.7x), Avg.   337 us, Total. 674.7 us (0.0%)
[Performance] InitializeOnLoad UnityTestProtocolStarter                                                                                            :        1 samples, Peak.   328 us (1.0x), Avg.   328 us, Total. 327.6 us (0.0%)
[Performance] InitializeOnLoad BackgroundWatcher                                                                                                   :        1 samples, Peak.   126 us (1.0x), Avg.   126 us, Total. 125.9 us (0.0%)
[Performance] InitializeOnLoad VisualStudioEditor                                                                                                  :        1 samples, Peak.  27.7 ms (1.0x), Avg.  27.7 ms, Total. 27.68 ms (0.2%)
[Performance] InitializeOnLoad TestRunnerApiListener                                                                                               :        1 samples, Peak.  2.57 ms (1.0x), Avg.  2.57 ms, Total. 2.573 ms (0.0%)
[Performance] InitializeOnLoad VisualStudioIntegration                                                                                             :        1 samples, Peak.  1.66 ms (1.0x), Avg.  1.66 ms, Total. 1.663 ms (0.0%)
[Performance] InitializeOnLoad RegisterCheckResourcesDupeDependencies                                                                              :        1 samples, Peak.  1.11 ms (1.0x), Avg.  1.11 ms, Total. 1.111 ms (0.0%)
[Performance] InitializeOnLoad RegisterCheckBundleDupeDependencies                                                                                 :        1 samples, Peak.   140 us (1.0x), Avg.   140 us, Total. 139.8 us (0.0%)
[Performance] InitializeOnLoad AddressableEditorInitialization                                                                                     :        1 samples, Peak.  3.09 ms (1.0x), Avg.  3.09 ms, Total. 3.086 ms (0.0%)
[Performance] InitializeOnLoad GroupsPopupWindow                                                                                                   :        1 samples, Peak.  7.10 us (1.0x), Avg.  7.10 us, Total. 7.100 us (0.0%)
[Performance] InitializeOnLoad GlobalInitialization                                                                                                :        1 samples, Peak.   341 us (1.0x), Avg.   341 us, Total. 341.2 us (0.0%)
[Performance] InitializeOnLoad RegisterCheckSceneDupeDependencies                                                                                  :        1 samples, Peak.  68.2 us (1.0x), Avg.  68.2 us, Total. 68.20 us (0.0%)
[Performance] InitializeOnLoad RegisterBuildBundleLayout                                                                                           :        1 samples, Peak.  58.2 us (1.0x), Avg.  58.2 us, Total. 58.20 us (0.0%)
[Performance] InitializeOnLoad AddressableAssetInspectorGUI                                                                                        :        1 samples, Peak.  22.0 ms (1.0x), Avg.  22.0 ms, Total. 21.98 ms (0.1%)
[Performance] EditorResources.Load                                                                                                                 :        6 samples, Peak.  19.8 ms (6.0x), Avg.  3.32 ms, Total. 19.94 ms (0.1%)
[Performance] InitializeOnLoad PrefabLayoutRebuilder                                                                                               :        1 samples, Peak.   219 us (1.0x), Avg.   219 us, Total. 218.6 us (0.0%)
[Performance] InitializeOnLoad RiderScriptEditor                                                                                                   :        1 samples, Peak.  5.73 ms (1.0x), Avg.  5.73 ms, Total. 5.729 ms (0.0%)
[Performance] InitializeOnLoad CallbackInitializer                                                                                                 :        1 samples, Peak.  1.17 ms (1.0x), Avg.  1.17 ms, Total. 1.170 ms (0.0%)
[Performance] InitializeOnLoad NuGetDependencyResolver                                                                                             :        1 samples, Peak.  2.24 ms (1.0x), Avg.  2.24 ms, Total. 2.244 ms (0.0%)
[Performance] InitializeOnLoad MainThreadDispatcher                                                                                                :        1 samples, Peak.   433 us (1.0x), Avg.   433 us, Total. 433.5 us (0.0%)
[Performance] InitializeOnLoad MainWindowInitializer                                                                                               :        1 samples, Peak.   487 us (1.0x), Avg.   487 us, Total. 487.3 us (0.0%)
[Performance] InitializeOnLoad Tool_Tests                                                                                                          :        1 samples, Peak.   167 ms (1.0x), Avg.   167 ms, Total. 167.2 ms (0.9%)
[Performance] InitializeOnLoad Tool_Script                                                                                                         :        1 samples, Peak.  5.50 us (1.0x), Avg.  5.50 us, Total. 5.500 us (0.0%)
[Performance] InitializeOnLoad ScriptUtils                                                                                                         :        1 samples, Peak.   321 us (1.0x), Avg.   321 us, Total. 321.4 us (0.0%)
[Performance] InitializeOnLoad ServerBinaryUpdateWatcher                                                                                           :        1 samples, Peak.   152 us (1.0x), Avg.   152 us, Total. 152.3 us (0.0%)
[Performance] InitializeOnLoad Startup                                                                                                             :        1 samples, Peak.   627 ms (1.0x), Avg.   627 ms, Total. 627.1 ms (3.5%)
[Performance] InitializeOnLoad McpServerManager                                                                                                    :        1 samples, Peak.  3.81 ms (1.0x), Avg.  3.81 ms, Total. 3.811 ms (0.0%)
[Performance] InitializeOnLoad PlayModeOptionsGuard                                                                                                :        1 samples, Peak.   451 us (1.0x), Avg.   451 us, Total. 451.3 us (0.0%)
[Performance] InitializeOnLoad EditorStateCache                                                                                                    :        1 samples, Peak.   116 ms (1.0x), Avg.   116 ms, Total. 116.2 ms (0.6%)
[Performance] InitializeOnLoad McpEditorShutdownCleanup                                                                                            :        1 samples, Peak.   348 us (1.0x), Avg.   348 us, Total. 348.0 us (0.0%)
[Performance] InitializeOnLoad TestRunnerNoThrottle                                                                                                :        1 samples, Peak.   544 us (1.0x), Avg.   544 us, Total. 544.4 us (0.0%)
[Performance] InitializeOnLoad StartupConfigRewrite                                                                                                :        1 samples, Peak.   129 us (1.0x), Avg.   129 us, Total. 128.6 us (0.0%)
[Performance] InitializeOnLoad ProjectIdentityUtility                                                                                              :        1 samples, Peak.   104 us (1.0x), Avg.   104 us, Total. 103.6 us (0.0%)
[Performance] InitializeOnLoad TransportCommandDispatcher                                                                                          :        1 samples, Peak.  1.09 s (1.0x), Avg.  1.09 s, Total. 1.087 s (6.0%)
[Performance] InitializeOnLoad SetupWindowService                                                                                                  :        1 samples, Peak.  96.5 us (1.0x), Avg.  96.5 us, Total. 96.50 us (0.0%)
[Performance] InitializeOnLoad LegacyServerSrcMigration                                                                                            :        1 samples, Peak.  67.5 us (1.0x), Avg.  67.5 us, Total. 67.50 us (0.0%)
[Performance] InitializeOnLoad StdioBridgeHost                                                                                                     :        1 samples, Peak.   605 us (1.0x), Avg.   605 us, Total. 604.9 us (0.0%)
[Performance] InitializeOnLoad HttpAutoStartHandler                                                                                                :        1 samples, Peak.   126 us (1.0x), Avg.   126 us, Total. 125.6 us (0.0%)
[Performance] InitializeOnLoad AssetGenJobManager                                                                                                  :        1 samples, Peak.   474 us (1.0x), Avg.   474 us, Total. 473.8 us (0.0%)
[Performance] InitializeOnLoad HttpBridgeReloadHandler                                                                                             :        1 samples, Peak.   209 us (1.0x), Avg.   209 us, Total. 209.1 us (0.0%)
[Performance] InitializeOnLoad StdIoVersionMigration                                                                                               :        1 samples, Peak.  67.1 us (1.0x), Avg.  67.1 us, Total. 67.10 us (0.0%)
[Performance] InitializeOnLoad StdioBridgeReloadHandler                                                                                            :        1 samples, Peak.   141 us (1.0x), Avg.   141 us, Total. 141.5 us (0.0%)
[Performance] InitializeOnLoad Renderer2DAnalytics                                                                                                 :        1 samples, Peak.  94.9 us (1.0x), Avg.  94.9 us, Total. 94.90 us (0.0%)
[Performance] InitializeOnLoad EditorToolManager                                                                                                   :        1 samples, Peak.  1.80 ms (1.0x), Avg.  1.80 ms, Total. 1.803 ms (0.0%)
[Performance] InitializeOnLoad Addressables.RegisterPlayModeStateChange                                                                            :        1 samples, Peak.  64.6 us (1.0x), Avg.  64.6 us, Total. 64.60 us (0.0%)
[Performance] InitializeOnLoad AssetReference.RegisterForPlaymodeChange                                                                            :        1 samples, Peak.   225 us (1.0x), Avg.   225 us, Total. 225.4 us (0.0%)
[Performance] InitializeOnLoad MaterialReimporter.RegisterUpgraderReimport                                                                         :        2 samples, Peak.   193 us (1.7x), Avg.   111 us, Total. 221.6 us (0.0%)
[Performance] InitializeOnLoad GetMenuItems.BuildCache                                                                                             :        1 samples, Peak.  4.89 ms (1.0x), Avg.  4.89 ms, Total. 4.892 ms (0.0%)
[Performance] InitializeOnLoad McpLogRecord.RefreshFromPrefs                                                                                       :        1 samples, Peak.   153 us (1.0x), Avg.   153 us, Total. 153.1 us (0.0%)
[Performance] InitializeOnLoad ExecuteCode.OnDomainReload                                                                                          :        1 samples, Peak.   372 us (1.0x), Avg.   372 us, Total. 372.0 us (0.0%)
[Performance] InitializeOnLoad UnityReflect.OnLoad                                                                                                 :        1 samples, Peak.   432 us (1.0x), Avg.   432 us, Total. 431.8 us (0.0%)
[Performance] InitializeOnLoad MainThreadDispatcher.EditorInitialize                                                                               :        1 samples, Peak.   137 us (1.0x), Avg.   137 us, Total. 136.8 us (0.0%)
[Performance] InitializeOnLoad MainThreadInstaller.Init                                                                                            :        1 samples, Peak.   103 us (1.0x), Avg.   103 us, Total. 103.0 us (0.0%)
[Performance] InitializeOnLoad AddressableAssetSettings.RegisterWithAssetPostProcessor                                                             :        1 samples, Peak.   305 us (1.0x), Avg.   305 us, Total. 304.9 us (0.0%)
[Performance] InitializeOnLoad AddressableAssetSettings.CheckCCDStatus                                                                             :        1 samples, Peak.  60.5 us (1.0x), Avg.  60.5 us, Total. 60.50 us (0.0%)
[Performance] InitializeOnLoad ProfileDataSourceSettings.InitializeCloudEnvironment                                                                :        1 samples, Peak.   193 us (1.0x), Avg.   193 us, Total. 192.6 us (0.0%)
[Performance] InitializeOnLoad AddressablesBuildScriptHooks.Init                                                                                   :        1 samples, Peak.  46.5 us (1.0x), Avg.  46.5 us, Total. 46.50 us (0.0%)
[Performance] InitializeOnLoad AddressablesPlayerBuildProcessor.CleanTemporaryPlayerBuildData                                                      :        1 samples, Peak.   663 us (1.0x), Avg.   663 us, Total. 662.8 us (0.0%)
[Performance] InitializeOnLoad InputSystemPackageControl.SubscribePackageManagerEvent                                                              :        1 samples, Peak.  66.6 us (1.0x), Avg.  66.6 us, Total. 66.60 us (0.0%)
[Performance] InitializeOnLoad InputSystemPluginControl.CheckForExtension                                                                          :        1 samples, Peak.  1.56 ms (1.0x), Avg.  1.56 ms, Total. 1.565 ms (0.0%)
[Performance] InitializeOnLoad AnalyticsReporter.RegisterCallbacks                                                                                 :        1 samples, Peak.   477 us (1.0x), Avg.   477 us, Total. 476.9 us (0.0%)
[Performance] InitializeOnLoad TestJobDataHolder.ResumeRunningJobs                                                                                 :        1 samples, Peak.   860 us (1.0x), Avg.   860 us, Total. 860.1 us (0.0%)
[Performance] InitializeOnLoad TestStarter.Initialize                                                                                              :        1 samples, Peak.  5.21 ms (1.0x), Avg.  5.21 ms, Total. 5.209 ms (0.0%)
[Performance] InitializeOnLoad DebugManagerWindowLifetimeAnalytic.SubscribeToDebugManagerOpenCloseWindows                                          :        1 samples, Peak.   426 us (1.0x), Avg.   426 us, Total. 426.4 us (0.0%)
[Performance] InitializeOnLoad CoreRenderPipelinePreferences.InitPreferenceProviders                                                               :        1 samples, Peak.  11.5 ms (1.0x), Avg.  11.5 ms, Total. 11.46 ms (0.1%)
[Performance] InitializeOnLoad VolumeGizmoDrawer.InitVolumeGizmoCallbacks                                                                          :        1 samples, Peak.   316 us (1.0x), Avg.   316 us, Total. 316.0 us (0.0%)
[Performance] InitializeOnLoad VisualStudioEditor.LegacyVisualStudioCodePackageDisabler                                                            :        1 samples, Peak.   499 us (1.0x), Avg.   499 us, Total. 499.2 us (0.0%)
[Performance] DidReloadScriptsCinemachineExtension.OnScriptReload                                                                                  :        1 samples, Peak.   336 us (1.0x), Avg.   336 us, Total. 336.2 us (0.0%)
[Performance] DidReloadScriptsCinemachineVirtualCameraBase.OnScriptReload                                                                          :        1 samples, Peak.   164 us (1.0x), Avg.   164 us, Total. 163.7 us (0.0%)
[Performance] DidReloadScriptsAdvancedDropdownWindow.OnScriptReload                                                                                :        2 samples, Peak.   296 us (1.0x), Avg.   284 us, Total. 568.5 us (0.0%)
[Performance] DidReloadScriptsTestListCache.ScriptReloaded                                                                                         :        1 samples, Peak.  1.42 ms (1.0x), Avg.  1.42 ms, Total. 1.418 ms (0.0%)
[Performance] DidReloadScriptsTestRunnerWindow.CompilationCallback                                                                                 :        1 samples, Peak.   561 us (1.0x), Avg.   561 us, Total. 560.7 us (0.0%)
[Performance] DidReloadScriptsLookDev.OnEditorReload                                                                                               :        1 samples, Peak.   325 us (1.0x), Avg.   325 us, Total. 325.0 us (0.0%)
[Performance] DidReloadScriptsDebugWindow.OnEditorReload                                                                                           :        1 samples, Peak.  4.66 ms (1.0x), Avg.  4.66 ms, Total. 4.656 ms (0.0%)
[Performance] DidReloadScriptsVolumeComponentEditor.OnEditorReload                                                                                 :        1 samples, Peak.  10.6 ms (1.0x), Avg.  10.6 ms, Total. 10.58 ms (0.1%)
[Performance] AssemblyReloadEvents.afterAssemblyReload: com.IvanMurzak.Unity.MCP.Editor.Startup.OnAfterAssemblyReload                              :        1 samples, Peak.   427 us (1.0x), Avg.   427 us, Total. 426.7 us (0.0%)
[Performance] AssemblyReloadEvents.afterAssemblyReload: callback in MCPForUnity.Editor.Services.EditorStateCache                                   :        1 samples, Peak.  3.62 ms (1.0x), Avg.  3.62 ms, Total. 3.615 ms (0.0%)
[Performance] AssemblyReloadEvents.afterAssemblyReload: MCPForUnity.Editor.Services.HttpBridgeReloadHandler.OnAfterAssemblyReload                  :        1 samples, Peak.   940 us (1.0x), Avg.   940 us, Total. 939.6 us (0.0%)
[Performance] AssemblyReloadEvents.afterAssemblyReload: MCPForUnity.Editor.Services.StdioBridgeReloadHandler.OnAfterAssemblyReload                 :        1 samples, Peak.   380 us (1.0x), Avg.   380 us, Total. 379.5 us (0.0%)
[Performance] AssemblyReloadEvents.afterAssemblyReload: MCPForUnity.Editor.Tools.UnityReflect.InvalidateCache                                      :        1 samples, Peak.   362 us (1.0x), Avg.   362 us, Total. 362.4 us (0.0%)
[Performance] AssetDatabase.ImportAssets                                                                                                           :        3 samples, Peak.  1.90 us (2.0x), Avg.   933 ns, Total. 2.800 us (0.0%)
[Performance] VersionControl.Task.Wait                                                                                                             :        1 samples, Peak.  13.0 us (1.0x), Avg.  13.0 us, Total. 13.00 us (0.0%)
[Performance] CinemachineSettings.OnPostprocessAllAssets                                                                                           :        2 samples, Peak.   324 us (1.3x), Avg.   251 us, Total. 502.9 us (0.0%)
[Performance] TMPro_TexturePostProcessor.OnPostprocessAllAssets                                                                                    :        2 samples, Peak.   385 us (1.0x), Avg.   382 us, Total. 764.7 us (0.0%)
[Performance] BuilderAssetPostprocessor.OnPostprocessAllAssets                                                                                     :        2 samples, Peak.  2.56 ms (1.0x), Avg.  2.56 ms, Total. 5.120 ms (0.0%)
[Performance] AddressablesAssetPostProcessor.OnPostprocessAllAssets                                                                                :        2 samples, Peak.   927 us (1.0x), Avg.   926 us, Total. 1.851 ms (0.0%)
[Performance] ArtifactBrowserPostProcessor.OnPostprocessAllAssets                                                                                  :        2 samples, Peak.   414 us (1.0x), Avg.   413 us, Total. 825.4 us (0.0%)
[Performance] AssetEvents.OnPostprocessAllAssets                                                                                                   :        4 samples, Peak.   165 us (1.5x), Avg.   108 us, Total. 430.9 us (0.0%)
[Performance] AudioMixerPostprocessor.OnPostprocessAllAssets                                                                                       :        2 samples, Peak.   305 us (1.0x), Avg.   302 us, Total. 603.6 us (0.0%)
[Performance] StyleCatalogPostProcessor.OnPostprocessAllAssets                                                                                     :        2 samples, Peak.  15.0 ms (1.0x), Avg.  15.0 ms, Total. 30.06 ms (0.2%)
[Performance] BuildCatalog                                                                                                                         :        1 samples, Peak.  14.2 ms (1.0x), Avg.  14.2 ms, Total. 14.18 ms (0.1%)
[Performance] ModelImporterPostProcessor.OnPostprocessAllAssets                                                                                    :        2 samples, Peak.   928 us (1.0x), Avg.   926 us, Total. 1.851 ms (0.0%)
[Performance] MaterialPostprocessor.OnPostprocessAllAssets                                                                                         :        4 samples, Peak.   630 us (1.1x), Avg.   556 us, Total. 2.223 ms (0.0%)
[Performance] UniversalRenderPipelineGlobalSettingsPostprocessor.OnPostprocessAllAssets                                                            :        2 samples, Peak.  1.15 ms (1.0x), Avg.  1.15 ms, Total. 2.293 ms (0.0%)
[Performance] RetainedModeAssetPostprocessor.OnPostprocessAllAssets                                                                                :        2 samples, Peak.  2.05 ms (1.0x), Avg.  2.05 ms, Total. 4.103 ms (0.0%)
[Performance] AssetChangedListener.OnPostprocessAllAssets                                                                                          :        2 samples, Peak.  1.04 ms (1.0x), Avg.  1.04 ms, Total. 2.071 ms (0.0%)
[Performance] PostProcessor.OnPostprocessAllAssets                                                                                                 :        2 samples, Peak.   214 us (1.0x), Avg.   213 us, Total. 426.1 us (0.0%)
[Performance] ShaderGraphAssetPostProcessor.OnPostprocessAllAssets                                                                                 :        2 samples, Peak.  1.38 ms (1.0x), Avg.  1.38 ms, Total. 2.766 ms (0.0%)
[Performance] SpeedTreePostProcessor.OnPostprocessAllAssets                                                                                        :        2 samples, Peak.   160 us (1.0x), Avg.   159 us, Total. 317.2 us (0.0%)
[Performance] TextAssetPostProcessor.OnPostprocessAllAssets                                                                                        :        2 samples, Peak.   323 us (1.0x), Avg.   322 us, Total. 643.5 us (0.0%)
[Performance] AssetPathToTypes.OnPostprocessAllAssets                                                                                              :        2 samples, Peak.   285 us (1.0x), Avg.   282 us, Total. 565.0 us (0.0%)
[Performance] InputActionAssetPostprocessor.OnPostprocessAllAssets                                                                                 :        2 samples, Peak.   294 us (1.0x), Avg.   293 us, Total. 586.3 us (0.0%)
[Performance] InputActionJsonNameModifierAssetProcessor.OnPostprocessAllAssets                                                                     :        2 samples, Peak.  60.7 us (1.0x), Avg.  59.5 us, Total. 119.1 us (0.0%)
[Performance] ProjectSettingsPostprocessor.OnPostprocessAllAssets                                                                                  :        2 samples, Peak.   178 us (1.0x), Avg.   177 us, Total. 354.2 us (0.0%)
[Performance] SyncVS.PostprocessSyncProject                                                                                                        :        1 samples, Peak.  3.00 ms (1.0x), Avg.  3.00 ms, Total. 3.002 ms (0.0%)
[Performance] Application.ImportPackagesAndSetTemplateWhenCreatingProject                                                                          :        1 samples, Peak.  9.71 ms (1.0x), Avg.  9.71 ms, Total. 9.706 ms (0.1%)
[Performance] Application.SyncCurrentColorSpace                                                                                                    :        1 samples, Peak.  27.7 ms (1.0x), Avg.  27.7 ms, Total. 27.65 ms (0.2%)
[Performance] Application.OnUsbDevicesChanged                                                                                                      :        1 samples, Peak.  42.7 ms (1.0x), Avg.  42.7 ms, Total. 42.68 ms (0.2%)
[Performance] Application.AssetInstanceCacheUpdate                                                                                                 :        1 samples, Peak.   600 ns (1.0x), Avg.   600 ns, Total. 600.0 ns (0.0%)
[Performance] Application.UnityExtensions.Initialize                                                                                               :        1 samples, Peak.  7.88 ms (1.0x), Avg.  7.88 ms, Total. 7.881 ms (0.0%)
[Performance] CodeEditorProjectSync.SyncEditorProject                                                                                              :        1 samples, Peak.   162 ms (1.0x), Avg.   162 ms, Total. 162.0 ms (0.9%)
[Performance] Application.ExecuteStartups                                                                                                          :        1 samples, Peak.  24.2 ms (1.0x), Avg.  24.2 ms, Total. 24.20 ms (0.1%)
[Performance] Menu.RegisterMenuInterface                                                                                                           :       26 samples, Peak.  1.80 us (7.8x), Avg.   231 ns, Total. 6.000 us (0.0%)
[Performance] Gizmo.RebuildRenderers                                                                                                               :        1 samples, Peak.  22.5 ms (1.0x), Avg.  22.5 ms, Total. 22.48 ms (0.1%)
[Performance] Gizmo.AddGizmoRenderers                                                                                                              :      122 samples, Peak.  1.25 ms (54.9x), Avg.  22.7 us, Total. 2.770 ms (0.0%)
[Performance] Application.editorInitializingProject                                                                                                :        1 samples, Peak.  23.7 us (1.0x), Avg.  23.7 us, Total. 23.70 us (0.0%)
[Performance] Application.FinishLoadingProject                                                                                                     :        1 samples, Peak.  1.41 s (1.0x), Avg.  1.41 s, Total. 1.410 s (7.8%)
[Performance] Application.InitializeMenu                                                                                                           :        1 samples, Peak.  1.25 s (1.0x), Avg.  1.25 s, Total. 1.249 s (6.9%)
[Performance] Menu.RebuildAll                                                                                                                      :        1 samples, Peak.  1.25 s (1.0x), Avg.  1.25 s, Total. 1.249 s (6.9%)
[Performance] Menu.BuildRegisteredMenuInterfaces                                                                                                   :        1 samples, Peak.  1.25 s (1.0x), Avg.  1.25 s, Total. 1.247 s (6.9%)
[Performance] Menu.FilterMenuItem                                                                                                                  :      819 samples, Peak.  53.7 ms (815.6x), Avg.  65.9 us, Total. 53.97 ms (0.3%)
[Performance] UpdateAllMenus                                                                                                                       :        1 samples, Peak.   480 us (1.0x), Avg.   480 us, Total. 479.8 us (0.0%)
[Performance] Menu.RebuildOSMainMenu                                                                                                               :        2 samples, Peak.  2.50 ms (1.0x), Avg.  2.41 ms, Total. 4.812 ms (0.0%)
[Performance] EditorSceneManager.sceneClosing: UnityEditor.SceneVisibilityManager.EditorSceneManagerOnSceneClosing                                 :        3 samples, Peak.   229 us (2.8x), Avg.  82.1 us, Total. 246.3 us (0.0%)
[Performance] GUIView.RepaintAll.PlayerLoopController                                                                                              :        9 samples, Peak.  2.40 us (3.2x), Avg.   744 ns, Total. 6.700 us (0.0%)
[Performance] EditorSceneManager.newSceneCreated: UnityEditor.SceneTemplate.SceneTemplateService.OnNewSceneCreated                                 :        3 samples, Peak.   268 us (3.0x), Avg.  90.7 us, Total. 272.0 us (0.0%)
[Performance] EditorSceneManager.newSceneCreated: UnityEditor.SceneVisibilityManager.EditorSceneManagerOnNewSceneCreated                           :        3 samples, Peak.   223 us (2.7x), Avg.  81.8 us, Total. 245.3 us (0.0%)
[Performance] EditorSceneManager.newSceneCreated: UnityEditor.SceneManagement.StageNavigationManager.OnNewSceneCreated                             :        3 samples, Peak.  64.0 us (2.9x), Avg.  22.2 us, Total. 66.60 us (0.0%)
[Performance] Application.InvokeFinishedLoadingProject                                                                                             :        1 samples, Peak.  65.1 ms (1.0x), Avg.  65.1 ms, Total. 65.13 ms (0.4%)
[Performance] ProcessService.OnProjectLoaded                                                                                                       :        1 samples, Peak.  57.0 us (1.0x), Avg.  57.0 us, Total. 57.00 us (0.0%)
[Performance] Application.InvokeProjectWasLoaded                                                                                                   :        1 samples, Peak.  56.7 us (1.0x), Avg.  56.7 us, Total. 56.70 us (0.0%)
[Performance] Application.Message                                                                                                                  :       57 samples, Peak.  21.0 us (24.8x), Avg.   847 ns, Total. 48.30 us (0.0%)
[Performance] Application.Message.WM_0031F                                                                                                         :        1 samples, Peak.  3.40 us (1.0x), Avg.  3.40 us, Total. 3.400 us (0.0%)
[Performance] Application.Tick                                                                                                                     :       56 samples, Peak.   342 ms (16.9x), Avg.  20.3 ms, Total. 1.136 s (6.3%)
[Performance] CheckLicensingClient                                                                                                                 :        1 samples, Peak.  10.4 us (1.0x), Avg.  10.4 us, Total. 10.40 us (0.0%)
[Performance] CheckLicensingClientNotification                                                                                                     :        1 samples, Peak.  14.3 us (1.0x), Avg.  14.3 us, Total. 14.30 us (0.0%)
[Performance] LicenseActivated.Tick                                                                                                                :        1 samples, Peak.  9.20 us (1.0x), Avg.  9.20 us, Total. 9.200 us (0.0%)
[Performance] Application.TickVersionControl                                                                                                       :       57 samples, Peak.  2.40 us (2.9x), Avg.   832 ns, Total. 47.40 us (0.0%)
[Performance] MonoCompiler.Tick                                                                                                                    :        4 samples, Peak.  6.10 us (1.4x), Avg.  4.35 us, Total. 17.40 us (0.0%)
[Performance] UnityConnect.Tick                                                                                                                    :       11 samples, Peak.  5.56 ms (10.7x), Avg.   519 us, Total. 5.711 ms (0.0%)
[Performance] UnityVersionControl.Tick                                                                                                             :       11 samples, Peak.   600 ns (1.7x), Avg.   355 ns, Total. 3.900 us (0.0%)
[Performance] CurlRequest.Tick                                                                                                                     :        8 samples, Peak.   184 us (6.1x), Avg.  30.2 us, Total. 241.8 us (0.0%)
[Performance] HubClient.Tick                                                                                                                       :        8 samples, Peak.  1.70 us (4.0x), Avg.   425 ns, Total. 3.400 us (0.0%)
[Performance] AssetDatabase.Tick                                                                                                                   :        8 samples, Peak.  68.9 us (7.7x), Avg.  8.90 us, Total. 71.20 us (0.0%)
[Performance] SceneBackgroundTask.Tick                                                                                                             :        5 samples, Peak.   300 ns (1.3x), Avg.   240 ns, Total. 1.200 us (0.0%)
[Performance] Scheduler.Tick                                                                                                                       :       21 samples, Peak.  1.88 ms (20.0x), Avg.  93.8 us, Total. 1.969 ms (0.0%)
[Performance] RepaintAllProfilerWindows                                                                                                            :        3 samples, Peak.   259 us (3.0x), Avg.  87.4 us, Total. 262.2 us (0.0%)
[Performance] PlayerUpdates.Tick                                                                                                                   :       11 samples, Peak.  25.8 us (1.5x), Avg.  17.8 us, Total. 195.3 us (0.0%)
[Performance] Application.TickGlobalCallbacks                                                                                                      :       57 samples, Peak.  28.8 ms (54.9x), Avg.   525 us, Total. 29.91 ms (0.2%)
[Performance] CoreBusinessMetrics.Tick                                                                                                             :        1 samples, Peak.  45.1 us (1.0x), Avg.  45.1 us, Total. 45.10 us (0.0%)
[Performance] EditorAnalytics.Tick                                                                                                                 :        4 samples, Peak.  10.7 us (3.7x), Avg.  2.87 us, Total. 11.50 us (0.0%)
[Performance] GI.Tick                                                                                                                              :       11 samples, Peak.   476 us (5.7x), Avg.  83.6 us, Total. 920.0 us (0.0%)
[Performance] Video.Update                                                                                                                         :       57 samples, Peak.  3.30 us (7.8x), Avg.   425 ns, Total. 24.20 us (0.0%)
[Performance] UnitySynchronization.ExecuteTasks                                                                                                    :       11 samples, Peak.  5.10 us (2.1x), Avg.  2.43 us, Total. 26.70 us (0.0%)
[Performance] Application.TickPreloadManager                                                                                                       :       57 samples, Peak.  8.10 us (3.1x), Avg.  2.61 us, Total. 148.8 us (0.0%)
[Performance] Application.TickProgress                                                                                                             :       57 samples, Peak.  2.18 ms (56.3x), Avg.  38.7 us, Total. 2.205 ms (0.0%)
[Performance] Application.TickSceneTracker                                                                                                         :       56 samples, Peak.   342 ms (18.6x), Avg.  18.4 ms, Total. 1.030 s (5.7%)
[Performance] EditorApplication.update                                                                                                             :       56 samples, Peak.   342 ms (18.6x), Avg.  18.3 ms, Total. 1.027 s (5.7%)
[Performance] EditorApplication.update: UnityEngine.Rendering.ProbeSubdivisionContext+RealtimeProbeSubdivisionDebug.UpdateRealtimeSubdivisionDebug :       57 samples, Peak.  2.52 ms (56.2x), Avg.  44.9 us, Total. 2.557 ms (0.0%)
[Performance] EditorApplication.update: callback in Microsoft.Unity.VisualStudio.Editor.VisualStudioIntegration                                    :        1 samples, Peak.  5.76 ms (1.0x), Avg.  5.76 ms, Total. 5.757 ms (0.0%)
[Performance] EditorApplication.update: Microsoft.Unity.VisualStudio.Editor.VisualStudioIntegration.OnUpdate                                       :       57 samples, Peak.   301 us (47.2x), Avg.  6.37 us, Total. 363.3 us (0.0%)
[Performance] EditorApplication.update: com.IvanMurzak.Unity.MCP.Editor.Utils.ScriptUtils.ProcessPendingNotificationsOnce                          :        1 samples, Peak.   808 us (1.0x), Avg.   808 us, Total. 808.4 us (0.0%)
[Performance] EditorApplication.update: com.IvanMurzak.Unity.MCP.Editor.Utils.PackageUtils.ProcessPendingNotificationsOnce                         :        1 samples, Peak.   630 us (1.0x), Avg.   630 us, Total. 630.5 us (0.0%)
[Performance] EditorApplication.update: com.IvanMurzak.Unity.MCP.Editor.McpServerManager.CheckExistingProcess                                      :        1 samples, Peak.  1.18 ms (1.0x), Avg.  1.18 ms, Total. 1.180 ms (0.0%)
[Performance] EditorApplication.update: MCPForUnity.Editor.Services.EditorStateCache.OnUpdate                                                      :       57 samples, Peak.   521 us (46.2x), Avg.  11.3 us, Total. 641.9 us (0.0%)
[Performance] EditorApplication.update: MCPForUnity.Editor.Services.Transport.TransportCommandDispatcher.ProcessQueue                              :       57 samples, Peak.   675 us (55.2x), Avg.  12.2 us, Total. 696.1 us (0.0%)
[Performance] EditorApplication.update: callback in UnityEditor.Rendering.Universal.MaterialReimporter                                             :       57 samples, Peak.   216 us (48.7x), Avg.  4.45 us, Total. 253.4 us (0.0%)
[Performance] EditorApplication.update: UnityEditor.AddressableAssets.Settings.AddressableAssetSettings.TryAddAssetPostprocessorOnNextUpdate       :        1 samples, Peak.   147 us (1.0x), Avg.   147 us, Total. 146.6 us (0.0%)
[Performance] EditorApplication.update: UnityEditor.TestTools.TestRunner.CommandLineTest.TestStarter.InitializeAndExecuteRun                       :        1 samples, Peak.  30.3 ms (1.0x), Avg.  30.3 ms, Total. 30.34 ms (0.2%)
[Performance] EditorApplication.update: UnityEditor.PackageManager.UI.Internal.ApplicationProxy.OnUpdate                                           :       57 samples, Peak.   519 us (51.3x), Avg.  10.1 us, Total. 576.4 us (0.0%)
[Performance] EditorApplication.update: UnityEditor.SceneManagement.StageNavigationManager.Update                                                  :       57 samples, Peak.   380 us (54.4x), Avg.  6.99 us, Total. 398.4 us (0.0%)
[Performance] ConsoleLog.Tick                                                                                                                      :        4 samples, Peak.   228 us (3.5x), Avg.  65.8 us, Total. 263.0 us (0.0%)
[Performance] HierarchyWindow.Tick                                                                                                                 :        5 samples, Peak.   656 us (3.8x), Avg.   171 us, Total. 856.1 us (0.0%)
[Performance] EditorApplication.hierarchyChanged: Unity.UIElements.Editor.UIDocumentHierarchyWatcher.OnHierarchyChanged                            :        2 samples, Peak.   216 us (1.9x), Avg.   115 us, Total. 230.5 us (0.0%)
[Performance] Inspector.Tick                                                                                                                       :        5 samples, Peak.  50.5 ms (5.0x), Avg.  10.1 ms, Total. 50.53 ms (0.3%)
[Performance] EditorApplication.delayCall: UnityEditor.ShortcutManagement.ShortcutIntegration.EnsureShortcutsAreInitialized                        :        1 samples, Peak.  24.4 ms (1.0x), Avg.  24.4 ms, Total. 24.45 ms (0.1%)
[Performance] EditorApplication.delayCall: callback in UnityEngine.InputSystem.EnhancedTouch.TouchSimulation                                       :        1 samples, Peak.   408 us (1.0x), Avg.   408 us, Total. 407.8 us (0.0%)
[Performance] EditorApplication.delayCall: UnityEngine.InputSystem.InputSystem.SetUpRemotingInternal                                               :        1 samples, Peak.  7.05 ms (1.0x), Avg.  7.05 ms, Total. 7.052 ms (0.0%)
[Performance] EditorApplication.delayCall: UnityEngine.InputSystem.InputSystem.ShowRestartWarning                                                  :        1 samples, Peak.  6.47 ms (1.0x), Avg.  6.47 ms, Total. 6.470 ms (0.0%)
[Performance] EditorApplication.delayCall: com.IvanMurzak.Unity.MCP.Editor.Utils.UpdateChecker.CheckForUpdatesOnStartup                            :        1 samples, Peak.  9.15 ms (1.0x), Avg.  9.15 ms, Total. 9.149 ms (0.1%)
[Performance] EditorApplication.delayCall: MCPForUnity.Editor.Helpers.ProjectIdentityUtility.CacheIdentityOnMainThread                             :        1 samples, Peak.  1.54 ms (1.0x), Avg.  1.54 ms, Total. 1.540 ms (0.0%)
[Performance] EditorApplication.delayCall: callback in UnityEditor.EditorTools.ToolShortcutContext                                                 :        1 samples, Peak.  1.07 ms (1.0x), Avg.  1.07 ms, Total. 1.069 ms (0.0%)
[Performance] EditorApplication.delayCall: callback in UnityEditor.SceneVisibilityManager                                                          :        1 samples, Peak.  79.5 us (1.0x), Avg.  79.5 us, Total. 79.50 us (0.0%)
[Performance] EditorApplication.delayCall: callback in UnityEditor.EditorWindow                                                                    :        1 samples, Peak.  41.4 us (1.0x), Avg.  41.4 us, Total. 41.40 us (0.0%)
[Performance] Tooltip.Tick                                                                                                                         :       10 samples, Peak.  46.6 us (2.3x), Avg.  20.4 us, Total. 203.5 us (0.0%)
[Performance] Application.RequestRepaintForPanels                                                                                                  :       56 samples, Peak.   332 us (39.9x), Avg.  8.32 us, Total. 465.9 us (0.0%)
[Performance] Application.UpdateScene                                                                                                              :       56 samples, Peak.  3.19 ms (16.7x), Avg.   191 us, Total. 10.68 ms (0.1%)
[Performance] Application.UpdateTextureStreaming                                                                                                   :       56 samples, Peak.   500 ns (2.5x), Avg.   196 ns, Total. 11.00 us (0.0%)
[Performance] Application.UpdateVideoTextures                                                                                                      :       56 samples, Peak.   500 ns (3.1x), Avg.   161 ns, Total. 9.000 us (0.0%)
[Performance] PackageImporter.Tick                                                                                                                 :        4 samples, Peak.   600 ns (1.7x), Avg.   350 ns, Total. 1.400 us (0.0%)
[Performance] InspectorBackground.Tick                                                                                                             :        5 samples, Peak.   400 ns (1.5x), Avg.   260 ns, Total. 1.300 us (0.0%)
[Performance] BurstDebug.Tick                                                                                                                      :        2 samples, Peak.   800 ns (1.0x), Avg.   800 ns, Total. 1.600 us (0.0%)
[Performance] Application.ChangeLayoutIfNeeded                                                                                                     :       56 samples, Peak.   100 ns (2.2x), Avg.  46.4 ns, Total. 2.600 us (0.0%)
[Performance] AsyncReadManager.ForceCloseFiles                                                                                                     :        1 samples, Peak.  37.2 us (1.0x), Avg.  37.2 us, Total. 37.20 us (0.0%)
[Performance] EditorApplication.update: UnityEditor.TestTools.TestRunner.TestRun.TestJobRunner.ExecuteCallback                                     :       56 samples, Peak.   342 ms (19.5x), Avg.  17.5 ms, Total. 981.0 ms (5.4%)
[Performance] EditorApplication.update: UnityEditor.TestTools.TestRunner.CommandLineTest.Executer.ExitIfRunIsCompleted                             :       55 samples, Peak.   468 us (40.4x), Avg.  11.6 us, Total. 637.1 us (0.0%)
[Performance] GUIView.RepaintAll.RepaintScene                                                                                                      :       50 samples, Peak.  1.00 us (2.8x), Avg.   360 ns, Total. 18.00 us (0.0%)
[Performance] Application.Shutdown.SaveDefaultWindowPreferences                                                                                    :        1 samples, Peak.   153 us (1.0x), Avg.   153 us, Total. 153.1 us (0.0%)
[Performance] Application.Shutdown.SaveSceneManagerSetup                                                                                           :        1 samples, Peak.   476 us (1.0x), Avg.   476 us, Total. 475.6 us (0.0%)
[Performance] Application.Shutdown.CleanupAllContainerWindows                                                                                      :        1 samples, Peak.  1.60 us (1.0x), Avg.  1.60 us, Total. 1.600 us (0.0%)
[Performance] EditorApplication.quitting: Unity.Burst.Editor.BurstLoader.OnEditorApplicationQuitting                                               :        1 samples, Peak.  44.1 us (1.0x), Avg.  44.1 us, Total. 44.10 us (0.0%)
[Performance] EditorApplication.quitting: com.IvanMurzak.Unity.MCP.Editor.McpServerManager.OnEditorQuitting                                        :        1 samples, Peak.   541 us (1.0x), Avg.   541 us, Total. 540.8 us (0.0%)
[Performance] EditorApplication.quitting: MCPForUnity.Editor.Services.McpEditorShutdownCleanup.OnEditorQuitting                                    :        1 samples, Peak.  2.83 ms (1.0x), Avg.  2.83 ms, Total. 2.826 ms (0.0%)
[Performance] EditorApplication.quitting: MCPForUnity.Editor.Services.StdioBridgeReloadHandler.CancelRetries                                       :        1 samples, Peak.  75.4 us (1.0x), Avg.  75.4 us, Total. 75.40 us (0.0%)
[Performance] EditorApplication.quitting: callback in UnityEditor.TextCore.Text.EditorEventCallbacks                                               :        1 samples, Peak.  11.5 ms (1.0x), Avg.  11.5 ms, Total. 11.45 ms (0.1%)
[Performance] Killing ADB server                                                                                                                   :        1 samples, Peak.  44.9 ms (1.0x), Avg.  44.9 ms, Total. 44.87 ms (0.2%)
[Performance] Application.Shutdown.PauseProfilerSession                                                                                            :        1 samples, Peak.  25.6 us (1.0x), Avg.  25.6 us, Total. 25.60 us (0.0%)
[Performance] Application.Shutdown.PauseAssetImportWorkers                                                                                         :        1 samples, Peak.   250 us (1.0x), Avg.   250 us, Total. 250.0 us (0.0%)
[Performance] Application.Shutdown.SaveAssets                                                                                                      :        1 samples, Peak.  8.42 ms (1.0x), Avg.  8.42 ms, Total. 8.424 ms (0.0%)
[Performance] BuilderAssetModificationProcessor.OnWillSaveAssets                                                                                   :        1 samples, Peak.   339 us (1.0x), Avg.   339 us, Total. 338.8 us (0.0%)
[Performance] TerrainModificationProcessor.OnWillSaveAssets                                                                                        :        1 samples, Peak.   523 us (1.0x), Avg.   523 us, Total. 523.5 us (0.0%)
[Performance] Application.Shutdown.CleanupRenderPipeline                                                                                           :        1 samples, Peak.  5.80 us (1.0x), Avg.  5.80 us, Total. 5.800 us (0.0%)
[Performance] Application.Shutdown.StopPreloadManager                                                                                              :        1 samples, Peak.  9.96 ms (1.0x), Avg.  9.96 ms, Total. 9.956 ms (0.1%)
[Performance] Application.Shutdown.DestroyWorld                                                                                                    :        1 samples, Peak.   725 us (1.0x), Avg.   725 us, Total. 725.4 us (0.0%)
[Performance] Application.Shutdown.CleanupAfterLoad                                                                                                :        1 samples, Peak.   280 ms (1.0x), Avg.   280 ms, Total. 279.6 ms (1.5%)
[Performance] Application.Shutdown.Progress                                                                                                        :        1 samples, Peak.  13.0 us (1.0x), Avg.  13.0 us, Total. 13.00 us (0.0%)
[Performance] Application.Shutdown.GICleanupManagers                                                                                               :        1 samples, Peak.   553 us (1.0x), Avg.   553 us, Total. 553.1 us (0.0%)
[Performance] Application.Shutdown.MenuCleanupClass                                                                                                :        1 samples, Peak.   456 us (1.0x), Avg.   456 us, Total. 456.4 us (0.0%)
[Performance] Application.Shutdown.ADBSaveStateBeforeShutdown                                                                                      :        1 samples, Peak.  12.6 us (1.0x), Avg.  12.6 us, Total. 12.60 us (0.0%)
[Performance] Application.Shutdown.RemoteShutdown                                                                                                  :        1 samples, Peak.  1.40 us (1.0x), Avg.  1.40 us, Total. 1.400 us (0.0%)
[Performance] Application.Shutdown.CleanupVCProvider                                                                                               :        1 samples, Peak.  15.3 us (1.0x), Avg.  15.3 us, Total. 15.30 us (0.0%)
[Performance] Application.Shutdown.InputShutdown                                                                                                   :        1 samples, Peak.  1.80 us (1.0x), Avg.  1.80 us, Total. 1.800 us (0.0%)
[Performance] Application.Shutdown.GizmoManagerDestroy                                                                                             :        1 samples, Peak.   763 us (1.0x), Avg.   763 us, Total. 762.8 us (0.0%)
[Performance] Application.Shutdown.ProfilerSession                                                                                                 :        1 samples, Peak.   177 us (1.0x), Avg.   177 us, Total. 177.4 us (0.0%)
[Performance] Application.Shutdown.ReleaseGfxWindowOnAllGUIViews                                                                                   :        1 samples, Peak.   700 ns (1.0x), Avg.   700 ns, Total. 700.0 ns (0.0%)
[Performance] Application.Shutdown.CleanupEngine                                                                                                   :        1 samples, Peak.   119 ms (1.0x), Avg.   119 ms, Total. 118.5 ms (0.7%)
[Performance] Application.Shutdown.CleanupAssetDatabase                                                                                            :        1 samples, Peak.  7.00 ms (1.0x), Avg.  7.00 ms, Total. 7.004 ms (0.0%)
[Performance] Application.Shutdown.ScriptCompilationCleanUp                                                                                        :        1 samples, Peak.  16.7 ms (1.0x), Avg.  16.7 ms, Total. 16.65 ms (0.1%)
[Performance] Application.Shutdown.DestroyJobSystem                                                                                                :        1 samples, Peak.   113 us (1.0x), Avg.   113 us, Total. 113.4 us (0.0%)
[Performance] Application.Shutdown.CleanupPersistentManager                                                                                        :        1 samples, Peak.  2.82 ms (1.0x), Avg.  2.82 ms, Total. 2.818 ms (0.0%)
[Performance] Application.Shutdown.CleanupAsyncReadManager                                                                                         :        1 samples, Peak.   253 us (1.0x), Avg.   253 us, Total. 253.1 us (0.0%)
[Performance] Application.Shutdown.CleanupProgressBar                                                                                              :        1 samples, Peak.   400 ns (1.0x), Avg.   400 ns, Total. 400.0 ns (0.0%)
[Performance] Application.Shutdown.CleanupMono                                                                                                     :        1 samples, Peak.   242 ms (1.0x), Avg.   242 ms, Total. 242.4 ms (1.3%)
[Performance] Application.Shutdown.CleanupStdConverters                                                                                            :        1 samples, Peak.  8.30 us (1.0x), Avg.  8.30 us, Total. 8.300 us (0.0%)
[Performance] Application.Shutdown.UnloadAllPlatformSupportModuleNativeDlls                                                                        :        1 samples, Peak.   600 ns (1.0x), Avg.   600 ns, Total. 600.0 ns (0.0%)
[Performance] Application.Shutdown.UnloadAllPlatformSupportNativeLibraries                                                                         :        1 samples, Peak.   200 ns (1.0x), Avg.   200 ns, Total. 200.0 ns (0.0%)
[Performance] Application.Shutdown.CleanupAutoDocumentation                                                                                        :        1 samples, Peak.   338 us (1.0x), Avg.   338 us, Total. 338.1 us (0.0%)
[Performance] Application.Shutdown.ShaderNameManagerDestroy                                                                                        :        1 samples, Peak.  57.0 us (1.0x), Avg.  57.0 us, Total. 57.00 us (0.0%)
[Performance] Application.Shutdown.CleanupCacheServer                                                                                              :        1 samples, Peak.   100 ns (1.0x), Avg.   100 ns, Total. 100.0 ns (0.0%)
[Performance] Application.Shutdown.Virtualization_Shutdown                                                                                         :        1 samples, Peak.   400 ns (1.0x), Avg.   400 ns, Total. 400.0 ns (0.0%)
[Performance] Application.Shutdown.DevConnections                                                                                                  :        1 samples, Peak.   140 us (1.0x), Avg.   140 us, Total. 140.0 us (0.0%)
Checking for leaked weakptr:
  Found no leaked weakptrs.
[Package Manager] Server::Kill -- Server was shutdown
Memory Statistics:
[ALLOC_TEMP_TLS] TLS Allocator
  StackAllocators : 
    [ALLOC_TEMP_CurlRequest]
      Initial Block Size 64.0 KB
      Current Block Size 64.0 KB
      Peak Allocated Bytes 0 B
      Overflow Count 0
    [ALLOC_TEMP_MAIN]
      Peak usage frame count: [4.0 KB-8.0 KB]: 1 frames, [256.0 KB-0.5 MB]: 2 frames, [0.5 MB-1.0 MB]: 2 frames, [8.0 MB-16.0 MB]: 1 frames
      Initial Block Size 16.0 MB
      Current Block Size 22.7 MB
      Peak Allocated Bytes 13.6 MB
      Overflow Count 0
    [ALLOC_TEMP_Background Job.Worker 8]
      Initial Block Size 32.0 KB
      Current Block Size 32.0 KB
      Peak Allocated Bytes 54 B
      Overflow Count 0
    [ALLOC_TEMP_Job.Worker 4]
      Initial Block Size 256.0 KB
      Current Block Size 256.0 KB
      Peak Allocated Bytes 1.4 KB
      Overflow Count 1
    [ALLOC_TEMP_AUDIO_FMOD mixer thread]
      Initial Block Size 64.0 KB
      Current Block Size 64.0 KB
      Peak Allocated Bytes 54 B
      Overflow Count 0
    [ALLOC_TEMP_BakingJobs.Worker 5]
      Initial Block Size 256.0 KB
      Current Block Size 256.0 KB
      Peak Allocated Bytes 54 B
      Overflow Count 0
    [ALLOC_TEMP_Background Job.Worker 11]
      Initial Block Size 32.0 KB
      Current Block Size 32.0 KB
      Peak Allocated Bytes 54 B
      Overflow Count 0
    [ALLOC_TEMP_Background Job.Worker 3]
      Initial Block Size 32.0 KB
      Current Block Size 32.0 KB
      Peak Allocated Bytes 54 B
      Overflow Count 0
    [ALLOC_TEMP_BatchDeleteObjects]
      Initial Block Size 64.0 KB
      Current Block Size 64.0 KB
      Peak Allocated Bytes 54 B
      Overflow Count 0
    [ALLOC_TEMP_CoreBusinessMetricsCache]
      Initial Block Size 64.0 KB
      Current Block Size 64.0 KB
      Peak Allocated Bytes 8.0 KB
      Overflow Count 0
    [ALLOC_TEMP_REST Message Handler]
      Initial Block Size 64.0 KB
      Current Block Size 64.0 KB
      Peak Allocated Bytes 54 B
      Overflow Count 0
    [ALLOC_TEMP_Job.Worker 13]
      Initial Block Size 256.0 KB
      Current Block Size 256.0 KB
      Peak Allocated Bytes 1.3 KB
      Overflow Count 0
    [ALLOC_TEMP_Background Job.Worker 2]
      Initial Block Size 32.0 KB
      Current Block Size 32.0 KB
      Peak Allocated Bytes 1.5 KB
      Overflow Count 0
    [ALLOC_TEMP_AssetDatabase.IOService]
      Initial Block Size 64.0 KB
      Current Block Size 64.0 KB
      Peak Allocated Bytes 54 B
      Overflow Count 0
    [ALLOC_TEMP_Job.Worker 10]
      Initial Block Size 256.0 KB
      Current Block Size 256.0 KB
      Peak Allocated Bytes 1.3 KB
      Overflow Count 1
    [ALLOC_TEMP_Job.Worker 12]
      Initial Block Size 256.0 KB
      Current Block Size 256.0 KB
      Peak Allocated Bytes 1.4 KB
      Overflow Count 1
    [ALLOC_TEMP_Loading.PreloadManager]
      Initial Block Size 32.0 MB
      Current Block Size 32.0 MB
      Peak Allocated Bytes 54 B
      Overflow Count 0
    [ALLOC_TEMP_Profiler.Dispatcher]
      Initial Block Size 64.0 KB
      Current Block Size 64.0 KB
      Peak Allocated Bytes 0 B
      Overflow Count 0
    [ALLOC_TEMP_Job.Worker 14]
      Initial Block Size 256.0 KB
      Current Block Size 256.0 KB
      Peak Allocated Bytes 1.5 KB
      Overflow Count 1
    [ALLOC_TEMP_Job.Worker 3]
      Initial Block Size 256.0 KB
      Current Block Size 256.0 KB
      Peak Allocated Bytes 1.5 KB
      Overflow Count 1
    [ALLOC_TEMP_BakingJobs.Worker 7]
      Initial Block Size 256.0 KB
      Current Block Size 256.0 KB
      Peak Allocated Bytes 54 B
      Overflow Count 0
    [ALLOC_TEMP_Background Job.Worker 5]
      Initial Block Size 32.0 KB
      Current Block Size 32.0 KB
      Peak Allocated Bytes 54 B
      Overflow Count 0
    [ALLOC_TEMP_CurlRequest]
      Initial Block Size 64.0 KB
      Current Block Size 64.0 KB
      Peak Allocated Bytes 1.4 KB
      Overflow Count 0
    [ALLOC_TEMP_Background Job.Worker 13]
      Initial Block Size 32.0 KB
      Current Block Size 32.0 KB
      Peak Allocated Bytes 54 B
      Overflow Count 0
    [ALLOC_TEMP_Job.Worker 2]
      Initial Block Size 256.0 KB
      Current Block Size 256.0 KB
      Peak Allocated Bytes 1.3 KB
      Overflow Count 1
    [ALLOC_TEMP_BakingJobs.Worker 6]
      Initial Block Size 256.0 KB
      Current Block Size 256.0 KB
      Peak Allocated Bytes 54 B
      Overflow Count 0
    [ALLOC_TEMP_Job.Worker 11]
      Initial Block Size 256.0 KB
      Current Block Size 256.0 KB
      Peak Allocated Bytes 1.3 KB
      Overflow Count 1
    [ALLOC_TEMP_Job.Worker 0]
      Initial Block Size 256.0 KB
      Current Block Size 256.0 KB
      Peak Allocated Bytes 1.2 KB
      Overflow Count 1
    [ALLOC_TEMP_Job.Worker 5]
      Initial Block Size 256.0 KB
      Current Block Size 256.0 KB
      Peak Allocated Bytes 1.3 KB
      Overflow Count 1
    [ALLOC_TEMP_Job.Worker 6]
      Initial Block Size 256.0 KB
      Current Block Size 256.0 KB
      Peak Allocated Bytes 1.4 KB
      Overflow Count 1
    [ALLOC_TEMP_Background Job.Worker 9]
      Initial Block Size 32.0 KB
      Current Block Size 32.0 KB
      Peak Allocated Bytes 54 B
      Overflow Count 0
    [ALLOC_TEMP_DirMonitor]
      Initial Block Size 64.0 KB
      Current Block Size 64.0 KB
      Peak Allocated Bytes 0.6 KB
      Overflow Count 0
    [ALLOC_TEMP_Job.Worker 9]
      Initial Block Size 256.0 KB
      Current Block Size 256.0 KB
      Peak Allocated Bytes 1.4 KB
      Overflow Count 1
    [ALLOC_TEMP_BakingJobs.Worker 1]
      Initial Block Size 256.0 KB
      Current Block Size 256.0 KB
      Peak Allocated Bytes 0.6 KB
      Overflow Count 0
    [ALLOC_TEMP_Loading.AsyncRead]
      Initial Block Size 64.0 KB
      Current Block Size 64.0 KB
      Peak Allocated Bytes 128 B
      Overflow Count 0
    [ALLOC_TEMP_Background Job.Worker 10]
      Initial Block Size 32.0 KB
      Current Block Size 32.0 KB
      Peak Allocated Bytes 54 B
      Overflow Count 0
    [ALLOC_TEMP_Background Job.Worker 6]
      Initial Block Size 32.0 KB
      Current Block Size 32.0 KB
      Peak Allocated Bytes 54 B
      Overflow Count 0
    [ALLOC_TEMP_AUDIO_FMOD (WASAPI) feeder thread]
      Initial Block Size 64.0 KB
      Current Block Size 64.0 KB
      Peak Allocated Bytes 168 B
      Overflow Count 0
    [ALLOC_TEMP_Background Job.Worker 1]
      Initial Block Size 32.0 KB
      Current Block Size 256.0 KB
      Peak Allocated Bytes 128.5 KB
      Overflow Count 63
    [ALLOC_TEMP_AUDIO_FMOD stream thread]
      Initial Block Size 64.0 KB
      Current Block Size 64.0 KB
      Peak Allocated Bytes 54 B
      Overflow Count 0
    [ALLOC_TEMP_BakingJobs.Worker 2]
      Initial Block Size 256.0 KB
      Current Block Size 256.0 KB
      Peak Allocated Bytes 54 B
      Overflow Count 0
    [ALLOC_TEMP_Background Job.Worker 7]
      Initial Block Size 32.0 KB
      Current Block Size 32.0 KB
      Peak Allocated Bytes 54 B
      Overflow Count 0
    [ALLOC_TEMP_Job.Worker 8]
      Initial Block Size 256.0 KB
      Current Block Size 256.0 KB
      Peak Allocated Bytes 1.3 KB
      Overflow Count 1
    [ALLOC_TEMP_Job.Worker 1]
      Initial Block Size 256.0 KB
      Current Block Size 1.0 MB
      Peak Allocated Bytes 1.0 MB
      Overflow Count 1
    [ALLOC_TEMP_BakingJobs.Worker 0]
      Initial Block Size 256.0 KB
      Current Block Size 256.0 KB
      Peak Allocated Bytes 54 B
      Overflow Count 0
    [ALLOC_TEMP_BakingJobs.Worker 3]
      Initial Block Size 256.0 KB
      Current Block Size 256.0 KB
      Peak Allocated Bytes 54 B
      Overflow Count 0
    [ALLOC_TEMP_EditorTaskManager]
      Initial Block Size 64.0 KB
      Current Block Size 68.0 KB
      Peak Allocated Bytes 64.0 KB
      Overflow Count 0
    [ALLOC_TEMP_Background Job.Worker 15]
      Initial Block Size 32.0 KB
      Current Block Size 32.0 KB
      Peak Allocated Bytes 54 B
      Overflow Count 0
    [ALLOC_TEMP_BakingJobs.Worker 4]
      Initial Block Size 256.0 KB
      Current Block Size 256.0 KB
      Peak Allocated Bytes 54 B
      Overflow Count 0
    [ALLOC_TEMP_Background Job.Worker 12]
      Initial Block Size 32.0 KB
      Current Block Size 32.0 KB
      Peak Allocated Bytes 54 B
      Overflow Count 0
    [ALLOC_TEMP_HTTP REST Server]
      Initial Block Size 64.0 KB
      Current Block Size 64.0 KB
      Peak Allocated Bytes 76 B
      Overflow Count 0
    [ALLOC_TEMP_AssetGarbageCollectorHelper] x 15
      Initial Block Size 64.0 KB
      Current Block Size 64.0 KB
      Peak Allocated Bytes 0 B
      Overflow Count 0
    [ALLOC_TEMP_Background Job.Worker 0]
      Initial Block Size 32.0 KB
      Current Block Size 32.0 KB
      Peak Allocated Bytes 54 B
      Overflow Count 0
    [ALLOC_TEMP_Background Job.Worker 4]
      Initial Block Size 32.0 KB
      Current Block Size 32.0 KB
      Peak Allocated Bytes 54 B
      Overflow Count 0
    [ALLOC_TEMP_Background Job.Worker 14]
      Initial Block Size 32.0 KB
      Current Block Size 32.0 KB
      Peak Allocated Bytes 54 B
      Overflow Count 0
    [ALLOC_TEMP_Job.Worker 7]
      Initial Block Size 256.0 KB
      Current Block Size 256.0 KB
      Peak Allocated Bytes 1.2 KB
      Overflow Count 1
[ALLOC_MEMORYPROFILER]
  Peak usage frame count: [256.0 KB-0.5 MB]: 5 frames, [0.5 MB-1.0 MB]: 1 frames
  Requested Block Size 1.0 MB
  Peak Block count 2
  Peak Allocated memory 0.9 MB
  Peak Large allocation bytes 0 B
[ALLOC_DEFAULT] Dual Thread Allocator
  Peak main deferred allocation count 1297
    [ALLOC_BUCKET]
      Large Block size 32.0 MB
      Used Block count 1
      Peak Allocated bytes 12.0 MB
    [ALLOC_DEFAULT_MAIN]
      Peak usage frame count: [64.0 MB-128.0 MB]: 6 frames
      Requested Block Size 16.0 MB
      Peak Block count 7
      Peak Allocated memory 96.5 MB
      Peak Large allocation bytes 0 B
    [ALLOC_DEFAULT_THREAD]
      Peak usage frame count: [4.0 MB-8.0 MB]: 5 frames, [64.0 MB-128.0 MB]: 1 frames
      Requested Block Size 16.0 MB
      Peak Block count 1
      Peak Allocated memory 64.2 MB
      Peak Large allocation bytes 54.9 MB
[ALLOC_TEMP_JOB_1_FRAME]
  Initial Block Size 2.0 MB
  Used Block Count 0
  Overflow Count (too large) 0
  Overflow Count (full) 0
[ALLOC_TEMP_JOB_2_FRAMES]
  Initial Block Size 2.0 MB
  Used Block Count 0
  Overflow Count (too large) 0
  Overflow Count (full) 0
[ALLOC_TEMP_JOB_4_FRAMES (JobTemp)]
  Initial Block Size 2.0 MB
  Used Block Count 1
  Overflow Count (too large) 0
  Overflow Count (full) 0
[ALLOC_TEMP_JOB_ASYNC (Background)]
  Initial Block Size 1.0 MB
  Used Block Count 1
  Overflow Count (too large) 7
  Overflow Count (full) 0
[ALLOC_GFX] Dual Thread Allocator
  Peak main deferred allocation count 0
    [ALLOC_BUCKET]
      Large Block size 32.0 MB
      Used Block count 1
      Peak Allocated bytes 12.0 MB
    [ALLOC_GFX_MAIN]
      Peak usage frame count: [4.0 MB-8.0 MB]: 6 frames
      Requested Block Size 16.0 MB
      Peak Block count 1
      Peak Allocated memory 5.9 MB
      Peak Large allocation bytes 0 B
    [ALLOC_GFX_THREAD]
      Peak usage frame count: [0-1.0 KB]: 6 frames
      Requested Block Size 16.0 MB
      Peak Block count 0
      Peak Allocated memory 0 B
      Peak Large allocation bytes 0 B
[ALLOC_CACHEOBJECTS] Dual Thread Allocator
  Peak main deferred allocation count 379
    [ALLOC_BUCKET]
      Large Block size 32.0 MB
      Used Block count 1
      Peak Allocated bytes 12.0 MB
    [ALLOC_CACHEOBJECTS_MAIN]
      Peak usage frame count: [16.0 MB-32.0 MB]: 5 frames, [64.0 MB-128.0 MB]: 1 frames
      Requested Block Size 4.0 MB
      Peak Block count 19
      Peak Allocated memory 64.7 MB
      Peak Large allocation bytes 21.5 MB
    [ALLOC_CACHEOBJECTS_THREAD]
      Peak usage frame count: [0-1.0 KB]: 6 frames
      Requested Block Size 4.0 MB
      Peak Block count 1
      Peak Allocated memory 304 B
      Peak Large allocation bytes 0 B
[ALLOC_TYPETREE] Dual Thread Allocator
  Peak main deferred allocation count 542
    [ALLOC_BUCKET]
      Large Block size 32.0 MB
      Used Block count 1
      Peak Allocated bytes 12.0 MB
    [ALLOC_TYPETREE_MAIN]
      Peak usage frame count: [1.0 MB-2.0 MB]: 5 frames, [16.0 MB-32.0 MB]: 1 frames
      Requested Block Size 2.0 MB
      Peak Block count 14
      Peak Allocated memory 24.5 MB
      Peak Large allocation bytes 0 B
    [ALLOC_TYPETREE_THREAD]
      Peak usage frame count: [1.0 KB-2.0 KB]: 6 frames
      Requested Block Size 2.0 MB
      Peak Block count 1
      Peak Allocated memory 2.0 KB
      Peak Large allocation bytes 0 B
[ALLOC_PROFILER]
  Peak usage frame count: [256.0 KB-0.5 MB]: 6 frames
  Requested Block Size 16.0 MB
  Peak Block count 1
  Peak Allocated memory 418.1 KB
  Peak Large allocation bytes 0 B
    [ALLOC_PROFILER_BUCKET]
      Large Block size 32.0 MB
      Used Block count 1
      Peak Allocated bytes 4.0 KB
[ALLOC_PROFILER_EDITOR]
  Peak usage frame count: [0-1.0 KB]: 6 frames
  Requested Block Size 1.0 MB
  Peak Block count 0
  Peak Allocated memory 0 B
  Peak Large allocation bytes 0 B
    [ALLOC_PROFILER_BUCKET]
      Large Block size 32.0 MB
      Used Block count 1
      Peak Allocated bytes 4.0 KB
##utp:{"type":"MemoryLeaks","version":2,"phase":"Immediate","time":1785690463462,"processId":13188,"allocatedMemory":20807004,"memoryLabels":[{"Default":20335},{"Permanent":15615},{"NewDelete":81104},{"Thread":4229300},{"Manager":32509},{"VertexData":12},{"Geometry":560},{"Texture":176},{"Shader":68850},{"Material":24},{"GfxDevice":57048},{"Animation":296},{"Audio":3928},{"FontEngine":272},{"Physics":513},{"Serialization":948},{"Input":14744},{"JobScheduler":33296},{"Mono":40},{"ScriptingNativeRuntime":191848},{"BaseObject":1627276},{"Resource":1360},{"Renderer":2304},{"Transform":16},{"File":888},{"WebCam":96},{"Culling":40},{"Terrain":1137},{"Wind":24},{"STL":48},{"String":17495},{"DynamicArray":104403},{"HashMap":116106},{"Utility":2663810},{"Curl":1424},{"PoolAlloc":1728},{"AI":104},{"TypeTree":5077},{"ScriptManager":640},{"RuntimeInitializeOnLoadManager":80},{"SpriteAtlas":128},{"GI":4072},{"Director":7960},{"WebRequest":688},{"VR":46081},{"SceneManager":568},{"Video":72},{"LazyScriptCache":40},{"NativeArray":12},{"Camera":25},{"Secure":1},{"SerializationCache":1584},{"APIUpdating":11872},{"Subsystems":392},{"VirtualTexturing":57896},{"StaticSafetyDebugInfo":327680},{"EditorGui":56},{"EditorUtility":27218},{"VersionControl":4},{"Undo":704},{"AssetDatabase":10975889},{"RestService":1414},{"EditorGi":376},{"License":3584},{"UnityConnect":25344},{"Collab":593},{"Upm":2032},{"DrivenProperties":96},{"LocalIPC":276},{"ProfilerEditor":10943},{"CoreBusinessMetrics":3850},{"AssetReference":40},{"IPCStream":40}]}
