[Licensing::Module] Trying to connect to existing licensing client channel...
[Licensing::IpcConnector] Successfully connected to: "LicenseClient-jacob" at "2026-08-02T17:04:10.3587003Z"
[Licensing::Client] Code 10 while verifying Licensing Client signature (process Id: 9460, path: "C:/Program Files/Unity Hub/UnityLicensingClient_V1/Unity.Licensing.Client.exe")
[Licensing::Module] LicensingClient has failed validation; ignoring
[Licensing::Client] Handshaking with LicensingClient:
  Version:                 1.17.4+4293ba1
  Session Id:              4ed4913cfd3a4e8aa1c8695298f8ffda
  Correlation Id:          68c8e81cd517bd715750b0b9334616bf
  External correlation Id: 349736723940924703
  Machine Id:              h9ebF2FxksT7sJ1OEG/MDpJZqFk=
[Licensing::Module] Successfully connected to LicensingClient on channel: "LicenseClient-jacob" (connect: 0.00s, validation: 0.01s, handshake: 0.02s)
[Licensing::IpcConnector] Successfully connected to: "LicenseClient-jacob-notifications" at "2026-08-02T17:04:10.3897026Z"
[Licensing::Module] Error: Access token is unavailable; failed to update
[Licensing::Client] Successfully updated license
Built from '2022.3/respin/2022.3.62f2-4af31df585-v2' branch; Version is '2022.3.62f3 (96770f904ca7) revision 9860879'; Using compiler version '192829333'; Build Type 'Release'
OS: 'Windows 10  (10.0.19045) 64bit Professional' Language: 'en' Physical Memory: 32694 MB
[Licensing::Client] Successfully resolved entitlement details
[Licensing::Module] Serial number assigned to: "F4-29KJ-NQV8-GSFM-EZ6E-XXXX"
[Licensing::Module] Serial number assigned to: "13469143093579-UnityPersXXXX"
BatchMode: 1, IsHumanControllingUs: 0, StartBugReporterOnCrash: 0, Is64bit: 1, IsPro: 0
[Licensing::Client] Successfully resolved entitlement details
[Licensing::Module] Serial number assigned to: "F4-29KJ-NQV8-GSFM-EZ6E-XXXX"
[Licensing::Module] Serial number assigned to: "13469143093579-UnityPersXXXX"

COMMAND LINE ARGUMENTS:
C:\Program Files\Unity\Hub\Editor\2022.3.62f3\Editor\Unity.exe
-batchmode
-nographics
-projectPath
C:\Users\jacob\Desk 42
-runTests
-testPlatform
EditMode
-testResults
C:\Users\jacob\Desk 42\tmp\institutional-consequence-v2-full-editmode-5.xml
-logFile
C:\Users\jacob\Desk 42\tmp\institutional-consequence-v2-full-editmode-5.log
Successfully changed project path to: C:\Users\jacob\Desk 42
C:/Users/jacob/Desk 42
[UnityMemory] Configuration Parameters - Can be set up in boot.config
    "memorysetup-bucket-allocator-granularity=16"
    "memorysetup-bucket-allocator-bucket-count=8"
    "memorysetup-bucket-allocator-block-size=33554432"
    "memorysetup-bucket-allocator-block-count=8"
    "memorysetup-main-allocator-block-size=16777216"
    "memorysetup-thread-allocator-block-size=16777216"
    "memorysetup-gfx-main-allocator-block-size=16777216"
    "memorysetup-gfx-thread-allocator-block-size=16777216"
    "memorysetup-cache-allocator-block-size=4194304"
    "memorysetup-typetree-allocator-block-size=2097152"
    "memorysetup-profiler-bucket-allocator-granularity=16"
    "memorysetup-profiler-bucket-allocator-bucket-count=8"
    "memorysetup-profiler-bucket-allocator-block-size=33554432"
    "memorysetup-profiler-bucket-allocator-block-count=8"
    "memorysetup-profiler-allocator-block-size=16777216"
    "memorysetup-profiler-editor-allocator-block-size=1048576"
    "memorysetup-temp-allocator-size-main=16777216"
    "memorysetup-job-temp-allocator-block-size=2097152"
    "memorysetup-job-temp-allocator-block-size-background=1048576"
    "memorysetup-job-temp-allocator-reduction-small-platforms=262144"
    "memorysetup-allocator-temp-initial-block-size-main=262144"
    "memorysetup-allocator-temp-initial-block-size-worker=262144"
    "memorysetup-temp-allocator-size-background-worker=32768"
    "memorysetup-temp-allocator-size-job-worker=262144"
    "memorysetup-temp-allocator-size-preload-manager=33554432"
    "memorysetup-temp-allocator-size-nav-mesh-worker=65536"
    "memorysetup-temp-allocator-size-audio-worker=65536"
    "memorysetup-temp-allocator-size-cloud-worker=32768"
    "memorysetup-temp-allocator-size-gi-baking-worker=262144"
    "memorysetup-temp-allocator-size-gfx=262144"
Player connection [27700]  Target information:

Player connection [27700]  * "[IP] 172.31.128.1 [Port] 55504 [Flags] 2 [Guid] 3395192653 [EditorId] 3395192653 [Version] 1048832 [Id] WindowsEditor(7,DESKTOP-9RLH37G) [Debug] 1 [PackageName] WindowsEditor [ProjectName] Editor" 

Player connection [27700]  * "[IP] 172.28.96.1 [Port] 55504 [Flags] 2 [Guid] 3395192653 [EditorId] 3395192653 [Version] 1048832 [Id] WindowsEditor(7,DESKTOP-9RLH37G) [Debug] 1 [PackageName] WindowsEditor [ProjectName] Editor" 

Player connection [27700]  * "[IP] 192.168.1.103 [Port] 55504 [Flags] 2 [Guid] 3395192653 [EditorId] 3395192653 [Version] 1048832 [Id] WindowsEditor(7,DESKTOP-9RLH37G) [Debug] 1 [PackageName] WindowsEditor [ProjectName] Editor" 

Player connection [27700] Host joined multi-casting on [225.0.0.222:54997]...
Player connection [27700] Host joined alternative multi-casting on [225.0.0.222:34997]...
Input System module state changed to: Initialized.
[PhysX] Initialized MultithreadedTaskDispatcher with 16 workers.
[Package Manager] UpmClient::Connect -- Connected to IPC stream "Upm-30124" after 0.3 seconds.
[Package Manager] Restoring resolved packages state from cache
[Licensing::Client] Successfully resolved entitlement details
[Package Manager] Registered 38 packages:
  Packages from [https://package.openupm.com]:
    com.ivanmurzak.unity.mcp@0.86.0 (location: C:\Users\jacob\Desk 42\Library\PackageCache\com.ivanmurzak.unity.mcp@0.86.0)
    extensions.unity.playerprefsex@2.1.5 (location: C:\Users\jacob\Desk 42\Library\PackageCache\extensions.unity.playerprefsex@2.1.5)
  Packages from [https://packages.unity.com]:
    com.unity.addressables@1.22.3 (location: C:\Users\jacob\Desk 42\Library\PackageCache\com.unity.addressables@1.22.3)
    com.unity.cinemachine@2.10.3 (location: C:\Users\jacob\Desk 42\Library\PackageCache\com.unity.cinemachine@2.10.3)
    com.unity.ide.rider@3.0.36 (location: C:\Users\jacob\Desk 42\Library\PackageCache\com.unity.ide.rider@3.0.36)
    com.unity.ide.visualstudio@2.0.22 (location: C:\Users\jacob\Desk 42\Library\PackageCache\com.unity.ide.visualstudio@2.0.22)
    com.unity.inputsystem@1.14.2 (location: C:\Users\jacob\Desk 42\Library\PackageCache\com.unity.inputsystem@1.14.2)
    com.unity.nuget.newtonsoft-json@3.2.1 (location: C:\Users\jacob\Desk 42\Library\PackageCache\com.unity.nuget.newtonsoft-json@3.2.1)
    com.unity.test-framework@1.3.9 (location: C:\Users\jacob\Desk 42\Library\PackageCache\com.unity.test-framework@1.3.9)
    com.unity.textmeshpro@3.0.9 (location: C:\Users\jacob\Desk 42\Library\PackageCache\com.unity.textmeshpro@3.0.9)
    com.unity.timeline@1.7.7 (location: C:\Users\jacob\Desk 42\Library\PackageCache\com.unity.timeline@1.7.7)
    com.unity.ext.nunit@2.0.3 (location: C:\Users\jacob\Desk 42\Library\PackageCache\com.unity.ext.nunit@2.0.3)
    com.unity.mathematics@1.2.6 (location: C:\Users\jacob\Desk 42\Library\PackageCache\com.unity.mathematics@1.2.6)
    com.unity.burst@1.8.21 (location: C:\Users\jacob\Desk 42\Library\PackageCache\com.unity.burst@1.8.21)
    com.unity.scriptablebuildpipeline@1.21.25 (location: C:\Users\jacob\Desk 42\Library\PackageCache\com.unity.scriptablebuildpipeline@1.21.25)
    com.unity.searcher@4.9.2 (location: C:\Users\jacob\Desk 42\Library\PackageCache\com.unity.searcher@4.9.2)
  Built-in packages:
    com.unity.render-pipelines.universal@14.0.12 (location: C:\Users\jacob\Desk 42\Library\PackageCache\com.unity.render-pipelines.universal@14.0.12)
    com.unity.ugui@1.0.0 (location: C:\Users\jacob\Desk 42\Library\PackageCache\com.unity.ugui@1.0.0)
    com.unity.modules.animation@1.0.0 (location: C:\Users\jacob\Desk 42\Library\PackageCache\com.unity.modules.animation@1.0.0)
    com.unity.modules.audio@1.0.0 (location: C:\Users\jacob\Desk 42\Library\PackageCache\com.unity.modules.audio@1.0.0)
    com.unity.modules.director@1.0.0 (location: C:\Users\jacob\Desk 42\Library\PackageCache\com.unity.modules.director@1.0.0)
    com.unity.modules.imageconversion@1.0.0 (location: C:\Users\jacob\Desk 42\Library\PackageCache\com.unity.modules.imageconversion@1.0.0)
    com.unity.modules.imgui@1.0.0 (location: C:\Users\jacob\Desk 42\Library\PackageCache\com.unity.modules.imgui@1.0.0)
    com.unity.modules.jsonserialize@1.0.0 (location: C:\Users\jacob\Desk 42\Library\PackageCache\com.unity.modules.jsonserialize@1.0.0)
    com.unity.modules.physics@1.0.0 (location: C:\Users\jacob\Desk 42\Library\PackageCache\com.unity.modules.physics@1.0.0)
    com.unity.modules.screencapture@1.0.0 (location: C:\Users\jacob\Desk 42\Library\PackageCache\com.unity.modules.screencapture@1.0.0)
    com.unity.modules.ui@1.0.0 (location: C:\Users\jacob\Desk 42\Library\PackageCache\com.unity.modules.ui@1.0.0)
    com.unity.modules.uielements@1.0.0 (location: C:\Users\jacob\Desk 42\Library\PackageCache\com.unity.modules.uielements@1.0.0)
    com.unity.modules.unitywebrequest@1.0.0 (location: C:\Users\jacob\Desk 42\Library\PackageCache\com.unity.modules.unitywebrequest@1.0.0)
    com.unity.modules.particlesystem@1.0.0 (location: C:\Users\jacob\Desk 42\Library\PackageCache\com.unity.modules.particlesystem@1.0.0)
    com.unity.render-pipelines.core@14.0.12 (location: C:\Users\jacob\Desk 42\Library\PackageCache\com.unity.render-pipelines.core@14.0.12)
    com.unity.shadergraph@14.0.12 (location: C:\Users\jacob\Desk 42\Library\PackageCache\com.unity.shadergraph@14.0.12)
    com.unity.render-pipelines.universal-config@14.0.10 (location: C:\Users\jacob\Desk 42\Library\PackageCache\com.unity.render-pipelines.universal-config@14.0.10)
    com.unity.modules.assetbundle@1.0.0 (location: C:\Users\jacob\Desk 42\Library\PackageCache\com.unity.modules.assetbundle@1.0.0)
    com.unity.modules.unitywebrequestassetbundle@1.0.0 (location: C:\Users\jacob\Desk 42\Library\PackageCache\com.unity.modules.unitywebrequestassetbundle@1.0.0)
    com.unity.modules.physics2d@1.0.0 (location: C:\Users\jacob\Desk 42\Library\PackageCache\com.unity.modules.physics2d@1.0.0)
    com.unity.modules.terrain@1.0.0 (location: C:\Users\jacob\Desk 42\Library\PackageCache\com.unity.modules.terrain@1.0.0)
  Git packages:
    com.coplaydev.unity-mcp@https://github.com/CoplayDev/unity-mcp.git?path=/MCPForUnity#main (location: C:\Users\jacob\Desk 42\Library\PackageCache\com.coplaydev.unity-mcp@11836003a5)
[Subsystems] No new subsystems found in resolved package list.
Package Manager log level set to [2]
[Package Manager] Done registering packages in 0.07 seconds
Refreshing native plugins compatible for Editor in 29.35 ms, found 0 plugins.
Preloading 0 native plugins for Editor in 0.00 ms.
Initialize engine version: 2022.3.62f3 (96770f904ca7)
[Subsystems] Discovering subsystems at path C:/Program Files/Unity/Hub/Editor/2022.3.62f3/Editor/Data/Resources/UnitySubsystems
[Subsystems] Discovering subsystems at path C:/Users/jacob/Desk 42/Assets
Forcing GfxDevice: Null
GfxDevice: creating device client; threaded=0; jobified=0
NullGfxDevice:
    Version:  NULL 1.0 [1.0]
    Renderer: Null Device
    Vendor:   Unity Technologies
Shader Hidden/ProbeVolume/VoxelizeScene is not supported: GPU does not support conservative rasterization
[Licensing::Client] Successfully resolved entitlement details
[Licensing::Module] Serial number assigned to: "F4-29KJ-NQV8-GSFM-EZ6E-XXXX"
[Licensing::Module] Serial number assigned to: "13469143093579-UnityPersXXXX"
Initialize mono
Mono path[0] = 'C:/Program Files/Unity/Hub/Editor/2022.3.62f3/Editor/Data/Managed'
Mono path[1] = 'C:/Program Files/Unity/Hub/Editor/2022.3.62f3/Editor/Data/MonoBleedingEdge/lib/mono/unityjit-win32'
Mono config path = 'C:/Program Files/Unity/Hub/Editor/2022.3.62f3/Editor/Data/MonoBleedingEdge/etc'
Using monoOptions --debugger-agent=transport=dt_socket,embedding=1,server=y,suspend=n,address=127.0.0.1:56124
Using cacheserver namespaces - metadata:defaultmetadata, artifacts:defaultartifacts
Using cacheserver namespaces - metadata:defaultmetadata, artifacts:defaultartifacts
ImportWorker Server TCP listen port: 0
Begin MonoManager ReloadAssembly
Registering precompiled unity dll's ...
[Licensing::Client] Successfully resolved entitlement details
[Licensing::Module] Serial number assigned to: "F4-29KJ-NQV8-GSFM-EZ6E-XXXX"
[Licensing::Module] Serial number assigned to: "13469143093579-UnityPersXXXX"
Register platform support module: C:/Program Files/Unity/Hub/Editor/2022.3.62f3/Editor/Data/PlaybackEngines/AndroidPlayer/UnityEditor.Android.Extensions.dll
Register platform support module: C:/Program Files/Unity/Hub/Editor/2022.3.62f3/Editor/Data/PlaybackEngines/WindowsStandaloneSupport/UnityEditor.WindowsStandalone.Extensions.dll
Registered in 0.020863 seconds.
- Loaded All Assemblies, in  0.278 seconds
Native extension for WindowsStandalone target not found
Native extension for Android target not found
Android Extension - Scanning For ADB Devices 2227 ms
Mono: successfully reloaded assembly
- Finished resetting the current domain, in  2.472 seconds
Domain Reload Profiling: 2748ms
	BeginReloadAssembly (81ms)
		ExecutionOrderSort (0ms)
		DisableScriptedObjects (0ms)
		BackupInstance (0ms)
		ReleaseScriptingObjects (0ms)
		CreateAndSetChildDomain (1ms)
	RebuildCommonClasses (24ms)
	RebuildNativeTypeToScriptingClass (7ms)
	initialDomainReloadingComplete (61ms)
	LoadAllAssembliesAndSetupDomain (103ms)
		LoadAssemblies (79ms)
		RebuildTransferFunctionScriptingTraits (0ms)
		AnalyzeDomain (101ms)
			TypeCache.Refresh (100ms)
				TypeCache.ScanAssembly (90ms)
			ScanForSourceGeneratedMonoScriptInfo (0ms)
			ResolveRequiredComponents (0ms)
	FinalizeReload (2472ms)
		ReleaseScriptCaches (0ms)
		RebuildScriptCaches (0ms)
		SetupLoadedEditorAssemblies (2435ms)
			LogAssemblyErrors (0ms)
			InitializePlatformSupportModulesInManaged (2313ms)
			SetLoadedEditorAssemblies (3ms)
			RefreshPlugins (0ms)
			BeforeProcessingInitializeOnLoad (2ms)
			ProcessInitializeOnLoadAttributes (84ms)
			ProcessInitializeOnLoadMethodAttributes (33ms)
			AfterProcessingInitializeOnLoad (0ms)
			EditorAssembliesLoaded (0ms)
		ExecutionOrderSort2 (0ms)
		AwakeInstancesAfterBackupRestoration (0ms)
[Licensing::Client] Successfully resolved entitlement details
[Licensing::Module] Serial number assigned to: "F4-29KJ-NQV8-GSFM-EZ6E-XXXX"
[Licensing::Module] Serial number assigned to: "13469143093579-UnityPersXXXX"
Application.AssetDatabase Initial Refresh Start
Assembly for Assembly Definition File 'Assets/_Project/Tests/PlayMode/Desk42.Tests.PlayMode.asmdef' will not be compiled, because it has no scripts associated with it.
UnityEngine.StackTraceUtility:ExtractStackTrace ()
UnityEngine.DebugLogHandler:LogFormat (UnityEngine.LogType,UnityEngine.Object,string,object[])
UnityEngine.Logger:LogFormat (UnityEngine.LogType,string,object[])
UnityEngine.Debug:LogWarningFormat (string,object[])
UnityEditor.Scripting.ScriptCompilation.EditorCompilation:WarnIfThereAreAssembliesWithoutAnyScripts (UnityEditor.Scripting.ScriptCompilation.ScriptAssemblySettings,UnityEditor.Scripting.ScriptCompilation.ScriptAssembly[])
UnityEditor.Scripting.ScriptCompilation.EditorCompilation:CompileScriptsWithSettings (UnityEditor.Scripting.ScriptCompilation.ScriptAssemblySettings)
UnityEditor.Scripting.ScriptCompilation.EditorCompilation:CompileScripts (UnityEditor.Scripting.ScriptCompilation.EditorScriptCompilationOptions,UnityEditor.BuildTargetGroup,UnityEditor.BuildTarget,int,string[])
UnityEditor.Scripting.ScriptCompilation.EditorCompilationInterface/<>c__DisplayClass21_0:<CompileScripts>b__0 ()
UnityEditor.Scripting.ScriptCompilation.EditorCompilationInterface:EmitExceptionAsError<UnityEditor.Scripting.ScriptCompilation.EditorCompilation/CompileStatus> (System.Func`1<UnityEditor.Scripting.ScriptCompilation.EditorCompilation/CompileStatus>,UnityEditor.Scripting.ScriptCompilation.EditorCompilation/CompileStatus)
UnityEditor.Scripting.ScriptCompilation.EditorCompilationInterface:CompileScripts (UnityEditor.Scripting.ScriptCompilation.EditorScriptCompilationOptions,UnityEditor.BuildTargetGroup,UnityEditor.BuildTarget,int,string[])

Starting: C:\Program Files\Unity\Hub\Editor\2022.3.62f3\Editor\Data\bee_backend.exe --ipc --defer-dag-verification --dagfile="Library/Bee/1900b0aE.dag" --continue-on-failure --profile="Library/Bee/backend1.traceevents" ScriptAssemblies
WorkingDir: C:/Users/jacob/Desk 42
DisplayProgressbar: Compiling Scripts
ExitCode: 0 Duration: 0s215ms
[515/663    0s] ILPP-Configuration Library/ilpp-configuration.nevergeneratedoutput
*** Tundra build success (0.19 seconds), 1 items updated, 663 evaluated
AssetDatabase: script compilation time: 0.588906s
Begin MonoManager ReloadAssembly
- Loaded All Assemblies, in  0.689 seconds
Refreshing native plugins compatible for Editor in 8.99 ms, found 0 plugins.
Preloading 0 native plugins for Editor in 0.00 ms.
Refreshing native plugins compatible for Editor in 11.02 ms, found 0 plugins.
Native extension for WindowsStandalone target not found
Native extension for Android target not found
<color=#00ff00>info:</color> [18:04:20:3699] <color=#B4FF32>[AI]</color> <color=#6BCF7F><b>EnvironmentUtils</b></color> [MCP] Override: UNITY_MCP_KEEP_CONNECTED=False
UnityEngine.StackTraceUtility:ExtractStackTrace ()
UnityEngine.DebugLogHandler:LogFormat (UnityEngine.LogType,UnityEngine.Object,string,object[])
UnityEngine.Logger:Log (UnityEngine.LogType,object)
UnityEngine.Debug:Log (object)
com.IvanMurzak.Unity.MCP.Utils.UnityLogger:Log<Microsoft.Extensions.Logging.FormattedLogValues> (Microsoft.Extensions.Logging.LogLevel,Microsoft.Extensions.Logging.EventId,Microsoft.Extensions.Logging.FormattedLogValues,System.Exception,System.Func`3<Microsoft.Extensions.Logging.FormattedLogValues, System.Exception, string>) (at ./Library/PackageCache/com.ivanmurzak.unity.mcp@0.86.0/Runtime/Logger/UnityLogger.cs:131)
Microsoft.Extensions.Logging.Logger:<Log>g__LoggerLog|14_0<Microsoft.Extensions.Logging.FormattedLogValues> (Microsoft.Extensions.Logging.LogLevel,Microsoft.Extensions.Logging.EventId,Microsoft.Extensions.Logging.ILogger,System.Exception,System.Func`3<Microsoft.Extensions.Logging.FormattedLogValues, System.Exception, string>,System.Collections.Generic.List`1<System.Exception>&,Microsoft.Extensions.Logging.FormattedLogValues&)
Microsoft.Extensions.Logging.Logger:Log<Microsoft.Extensions.Logging.FormattedLogValues> (Microsoft.Extensions.Logging.LogLevel,Microsoft.Extensions.Logging.EventId,Microsoft.Extensions.Logging.FormattedLogValues,System.Exception,System.Func`3<Microsoft.Extensions.Logging.FormattedLogValues, System.Exception, string>)
Microsoft.Extensions.Logging.LoggerExtensions:Log (Microsoft.Extensions.Logging.ILogger,Microsoft.Extensions.Logging.LogLevel,Microsoft.Extensions.Logging.EventId,System.Exception,string,object[])
Microsoft.Extensions.Logging.LoggerExtensions:Log (Microsoft.Extensions.Logging.ILogger,Microsoft.Extensions.Logging.LogLevel,string,object[])
Microsoft.Extensions.Logging.LoggerExtensions:LogInformation (Microsoft.Extensions.Logging.ILogger,string,object[])
com.IvanMurzak.Unity.MCP.Runtime.Utils.EnvironmentUtils:ApplyEnvironmentOverrides (com.IvanMurzak.Unity.MCP.UnityMcpPlugin/UnityConnectionConfig,System.Collections.Generic.IReadOnlyDictionary`2<string, string>,System.Func`2<string, string>) (at ./Library/PackageCache/com.ivanmurzak.unity.mcp@0.86.0/Runtime/Utils/EnvironmentUtils.cs:205)
com.IvanMurzak.Unity.MCP.Runtime.Utils.EnvironmentUtils:ApplyEnvironmentOverrides (com.IvanMurzak.Unity.MCP.UnityMcpPlugin/UnityConnectionConfig) (at ./Library/PackageCache/com.ivanmurzak.unity.mcp@0.86.0/Runtime/Utils/EnvironmentUtils.cs:121)
com.IvanMurzak.Unity.MCP.UnityMcpPluginEditor:.ctor () (at ./Library/PackageCache/com.ivanmurzak.unity.mcp@0.86.0/Editor/Scripts/UnityMcpPluginEditor.cs:40)
com.IvanMurzak.Unity.MCP.UnityMcpPluginEditor:InitSingletonIfNeeded () (at ./Library/PackageCache/com.ivanmurzak.unity.mcp@0.86.0/Editor/Scripts/UnityMcpPluginEditor.Static.cs:68)
com.IvanMurzak.Unity.MCP.UnityMcpPluginEditor:get_Instance () (at ./Library/PackageCache/com.ivanmurzak.unity.mcp@0.86.0/Editor/Scripts/UnityMcpPluginEditor.Static.cs:54)
com.IvanMurzak.Unity.MCP.Editor.API.TestRunner.TestResultCollector:.ctor () (at ./Library/PackageCache/com.ivanmurzak.unity.mcp@0.86.0/Editor/Scripts/API/Tool/Tests/TestResultCollector.cs:68)
com.IvanMurzak.Unity.MCP.Editor.API.Tool_Tests:CreateInstance () (at ./Library/PackageCache/com.ivanmurzak.unity.mcp@0.86.0/Editor/Scripts/API/Tool/Tests.cs:75)
com.IvanMurzak.Unity.MCP.Editor.API.Tool_Tests:.cctor () (at ./Library/PackageCache/com.ivanmurzak.unity.mcp@0.86.0/Editor/Scripts/API/Tool/Tests.cs:51)
System.Runtime.CompilerServices.RuntimeHelpers:RunClassConstructor (System.RuntimeTypeHandle)
UnityEditor.EditorAssemblies:ProcessInitializeOnLoadAttributes (System.Type[])

(Filename: ./Library/PackageCache/com.ivanmurzak.unity.mcp@0.86.0/Runtime/Utils/EnvironmentUtils.cs Line: 205)

<color=#ffaa00>warn:</color> [18:04:20:9874] <color=#B4FF32>[AI]</color> <color=#48C9B0><b>McpManagerClientHub</b></color> ConnectionManager[05f2d016-0741-47d6-ba22-e80b5e76f6df] EnsureConnection Connection not available and auto-reconnect disabled for endpoint: /hub/mcp-server
UnityEngine.StackTraceUtility:ExtractStackTrace ()
UnityEngine.DebugLogHandler:LogFormat (UnityEngine.LogType,UnityEngine.Object,string,object[])
UnityEngine.Logger:Log (UnityEngine.LogType,object)
UnityEngine.Debug:LogWarning (object)
com.IvanMurzak.Unity.MCP.Utils.UnityLogger:Log<Microsoft.Extensions.Logging.FormattedLogValues> (Microsoft.Extensions.Logging.LogLevel,Microsoft.Extensions.Logging.EventId,Microsoft.Extensions.Logging.FormattedLogValues,System.Exception,System.Func`3<Microsoft.Extensions.Logging.FormattedLogValues, System.Exception, string>) (at ./Library/PackageCache/com.ivanmurzak.unity.mcp@0.86.0/Runtime/Logger/UnityLogger.cs:125)
Microsoft.Extensions.Logging.Logger:<Log>g__LoggerLog|14_0<Microsoft.Extensions.Logging.FormattedLogValues> (Microsoft.Extensions.Logging.LogLevel,Microsoft.Extensions.Logging.EventId,Microsoft.Extensions.Logging.ILogger,System.Exception,System.Func`3<Microsoft.Extensions.Logging.FormattedLogValues, System.Exception, string>,System.Collections.Generic.List`1<System.Exception>&,Microsoft.Extensions.Logging.FormattedLogValues&)
Microsoft.Extensions.Logging.Logger:Log<Microsoft.Extensions.Logging.FormattedLogValues> (Microsoft.Extensions.Logging.LogLevel,Microsoft.Extensions.Logging.EventId,Microsoft.Extensions.Logging.FormattedLogValues,System.Exception,System.Func`3<Microsoft.Extensions.Logging.FormattedLogValues, System.Exception, string>)
Microsoft.Extensions.Logging.Logger`1<com.IvanMurzak.McpPlugin.McpManagerClientHub>:Microsoft.Extensions.Logging.ILogger.Log<Microsoft.Extensions.Logging.FormattedLogValues> (Microsoft.Extensions.Logging.LogLevel,Microsoft.Extensions.Logging.EventId,Microsoft.Extensions.Logging.FormattedLogValues,System.Exception,System.Func`3<Microsoft.Extensions.Logging.FormattedLogValues, System.Exception, string>)
Microsoft.Extensions.Logging.LoggerExtensions:Log (Microsoft.Extensions.Logging.ILogger,Microsoft.Extensions.Logging.LogLevel,Microsoft.Extensions.Logging.EventId,System.Exception,string,object[])
Microsoft.Extensions.Logging.LoggerExtensions:Log (Microsoft.Extensions.Logging.ILogger,Microsoft.Extensions.Logging.LogLevel,string,object[])
Microsoft.Extensions.Logging.LoggerExtensions:LogWarning (Microsoft.Extensions.Logging.ILogger,string,object[])
com.IvanMurzak.McpPlugin.ConnectionManager/<EnsureConnection>d__3:MoveNext ()
System.Runtime.CompilerServices.AsyncTaskMethodBuilder`1<bool>:Start<com.IvanMurzak.McpPlugin.ConnectionManager/<EnsureConnection>d__3> (com.IvanMurzak.McpPlugin.ConnectionManager/<EnsureConnection>d__3&)
com.IvanMurzak.McpPlugin.ConnectionManager:EnsureConnection (System.Threading.CancellationToken)
com.IvanMurzak.McpPlugin.ConnectionManager/<InvokeAsync>d__58`2<com.IvanMurzak.McpPlugin.Common.Model.RequestToolsUpdated, com.IvanMurzak.McpPlugin.Common.Model.ResponseData>:MoveNext ()
System.Runtime.CompilerServices.AsyncTaskMethodBuilder`1<com.IvanMurzak.McpPlugin.Common.Model.ResponseData>:Start<com.IvanMurzak.McpPlugin.ConnectionManager/<InvokeAsync>d__58`2<com.IvanMurzak.McpPlugin.Common.Model.RequestToolsUpdated, com.IvanMurzak.McpPlugin.Common.Model.ResponseData>> (com.IvanMurzak.McpPlugin.ConnectionManager/<InvokeAsync>d__58`2<com.IvanMurzak.McpPlugin.Common.Model.RequestToolsUpdated, com.IvanMurzak.McpPlugin.Common.Model.ResponseData>&)
com.IvanMurzak.McpPlugin.ConnectionManager:InvokeAsync<com.IvanMurzak.McpPlugin.Common.Model.RequestToolsUpdated, com.IvanMurzak.McpPlugin.Common.Model.ResponseData> (string,com.IvanMurzak.McpPlugin.Common.Model.RequestToolsUpdated,System.Threading.CancellationToken)
com.IvanMurzak.McpPlugin.McpManagerClientHub:NotifyAboutUpdatedTools (com.IvanMurzak.McpPlugin.Common.Model.RequestToolsUpdated,System.Threading.CancellationToken)
com.IvanMurzak.McpPlugin.McpManagerClientHub:NotifyAboutUpdatedTools (com.IvanMurzak.McpPlugin.Common.Model.RequestToolsUpdated)
com.IvanMurzak.McpPlugin.McpPlugin/<<-ctor>b__29_4>d:MoveNext ()
System.Runtime.CompilerServices.AsyncVoidMethodBuilder:Start<com.IvanMurzak.McpPlugin.McpPlugin/<<-ctor>b__29_4>d> (com.IvanMurzak.McpPlugin.McpPlugin/<<-ctor>b__29_4>d&)
com.IvanMurzak.McpPlugin.McpPlugin:<.ctor>b__29_4 (R3.Unit)
R3.AnonymousObserver`1<R3.Unit>:OnNextCore (R3.Unit)
R3.Observer`1<R3.Unit>:OnNext (R3.Unit)
R3.ThrottleFirst`1/_ThrottleFirst<R3.Unit>:OnNextCore (R3.Unit)
R3.Observer`1<R3.Unit>:OnNext (R3.Unit)
R3.Subject`1<R3.Unit>:OnNext (R3.Unit)
com.IvanMurzak.McpPlugin.McpToolManager:SetToolEnabled (string,bool)
com.IvanMurzak.Unity.MCP.UnityMcpPlugin:ApplyConfigToMcpPlugin (com.IvanMurzak.McpPlugin.IMcpPlugin) (at ./Library/PackageCache/com.ivanmurzak.unity.mcp@0.86.0/Runtime/UnityMcpPlugin.Build.cs:211)
com.IvanMurzak.Unity.MCP.UnityMcpPluginEditor:BuildMcpPluginIfNeeded () (at ./Library/PackageCache/com.ivanmurzak.unity.mcp@0.86.0/Editor/Scripts/UnityMcpPluginEditor.Build.cs:74)
com.IvanMurzak.Unity.MCP.Editor.Startup:.cctor () (at ./Library/PackageCache/com.ivanmurzak.unity.mcp@0.86.0/Editor/Scripts/Startup.cs:29)
System.Runtime.CompilerServices.RuntimeHelpers:RunClassConstructor (System.RuntimeTypeHandle)
UnityEditor.EditorAssemblies:ProcessInitializeOnLoadAttributes (System.Type[])

(Filename: ./Library/PackageCache/com.ivanmurzak.unity.mcp@0.86.0/Runtime/UnityMcpPlugin.Build.cs Line: 211)

<color=#ffaa00>warn:</color> [18:04:20:9894] <color=#B4FF32>[AI]</color> <color=#48C9B0><b>McpManagerClientHub</b></color> ConnectionManager[05f2d016-0741-47d6-ba22-e80b5e76f6df] EnsureConnection Connection not available and auto-reconnect disabled for endpoint: /hub/mcp-server
UnityEngine.StackTraceUtility:ExtractStackTrace ()
UnityEngine.DebugLogHandler:LogFormat (UnityEngine.LogType,UnityEngine.Object,string,object[])
UnityEngine.Logger:Log (UnityEngine.LogType,object)
UnityEngine.Debug:LogWarning (object)
com.IvanMurzak.Unity.MCP.Utils.UnityLogger:Log<Microsoft.Extensions.Logging.FormattedLogValues> (Microsoft.Extensions.Logging.LogLevel,Microsoft.Extensions.Logging.EventId,Microsoft.Extensions.Logging.FormattedLogValues,System.Exception,System.Func`3<Microsoft.Extensions.Logging.FormattedLogValues, System.Exception, string>) (at ./Library/PackageCache/com.ivanmurzak.unity.mcp@0.86.0/Runtime/Logger/UnityLogger.cs:125)
Microsoft.Extensions.Logging.Logger:<Log>g__LoggerLog|14_0<Microsoft.Extensions.Logging.FormattedLogValues> (Microsoft.Extensions.Logging.LogLevel,Microsoft.Extensions.Logging.EventId,Microsoft.Extensions.Logging.ILogger,System.Exception,System.Func`3<Microsoft.Extensions.Logging.FormattedLogValues, System.Exception, string>,System.Collections.Generic.List`1<System.Exception>&,Microsoft.Extensions.Logging.FormattedLogValues&)
Microsoft.Extensions.Logging.Logger:Log<Microsoft.Extensions.Logging.FormattedLogValues> (Microsoft.Extensions.Logging.LogLevel,Microsoft.Extensions.Logging.EventId,Microsoft.Extensions.Logging.FormattedLogValues,System.Exception,System.Func`3<Microsoft.Extensions.Logging.FormattedLogValues, System.Exception, string>)
Microsoft.Extensions.Logging.Logger`1<com.IvanMurzak.McpPlugin.McpManagerClientHub>:Microsoft.Extensions.Logging.ILogger.Log<Microsoft.Extensions.Logging.FormattedLogValues> (Microsoft.Extensions.Logging.LogLevel,Microsoft.Extensions.Logging.EventId,Microsoft.Extensions.Logging.FormattedLogValues,System.Exception,System.Func`3<Microsoft.Extensions.Logging.FormattedLogValues, System.Exception, string>)
Microsoft.Extensions.Logging.LoggerExtensions:Log (Microsoft.Extensions.Logging.ILogger,Microsoft.Extensions.Logging.LogLevel,Microsoft.Extensions.Logging.EventId,System.Exception,string,object[])
Microsoft.Extensions.Logging.LoggerExtensions:Log (Microsoft.Extensions.Logging.ILogger,Microsoft.Extensions.Logging.LogLevel,string,object[])
Microsoft.Extensions.Logging.LoggerExtensions:LogWarning (Microsoft.Extensions.Logging.ILogger,string,object[])
com.IvanMurzak.McpPlugin.ConnectionManager/<EnsureConnection>d__3:MoveNext ()
System.Runtime.CompilerServices.AsyncTaskMethodBuilder`1<bool>:Start<com.IvanMurzak.McpPlugin.ConnectionManager/<EnsureConnection>d__3> (com.IvanMurzak.McpPlugin.ConnectionManager/<EnsureConnection>d__3&)
com.IvanMurzak.McpPlugin.ConnectionManager:EnsureConnection (System.Threading.CancellationToken)
com.IvanMurzak.McpPlugin.ConnectionManager/<InvokeAsync>d__58`2<com.IvanMurzak.McpPlugin.Common.Model.RequestPromptsUpdated, com.IvanMurzak.McpPlugin.Common.Model.ResponseData>:MoveNext ()
System.Runtime.CompilerServices.AsyncTaskMethodBuilder`1<com.IvanMurzak.McpPlugin.Common.Model.ResponseData>:Start<com.IvanMurzak.McpPlugin.ConnectionManager/<InvokeAsync>d__58`2<com.IvanMurzak.McpPlugin.Common.Model.RequestPromptsUpdated, com.IvanMurzak.McpPlugin.Common.Model.ResponseData>> (com.IvanMurzak.McpPlugin.ConnectionManager/<InvokeAsync>d__58`2<com.IvanMurzak.McpPlugin.Common.Model.RequestPromptsUpdated, com.IvanMurzak.McpPlugin.Common.Model.ResponseData>&)
com.IvanMurzak.McpPlugin.ConnectionManager:InvokeAsync<com.IvanMurzak.McpPlugin.Common.Model.RequestPromptsUpdated, com.IvanMurzak.McpPlugin.Common.Model.ResponseData> (string,com.IvanMurzak.McpPlugin.Common.Model.RequestPromptsUpdated,System.Threading.CancellationToken)
com.IvanMurzak.McpPlugin.McpManagerClientHub:NotifyAboutUpdatedPrompts (com.IvanMurzak.McpPlugin.Common.Model.RequestPromptsUpdated,System.Threading.CancellationToken)
com.IvanMurzak.McpPlugin.McpManagerClientHub:NotifyAboutUpdatedPrompts (com.IvanMurzak.McpPlugin.Common.Model.RequestPromptsUpdated)
com.IvanMurzak.McpPlugin.McpPlugin/<<-ctor>b__29_5>d:MoveNext ()
System.Runtime.CompilerServices.AsyncVoidMethodBuilder:Start<com.IvanMurzak.McpPlugin.McpPlugin/<<-ctor>b__29_5>d> (com.IvanMurzak.McpPlugin.McpPlugin/<<-ctor>b__29_5>d&)
com.IvanMurzak.McpPlugin.McpPlugin:<.ctor>b__29_5 (R3.Unit)
R3.AnonymousObserver`1<R3.Unit>:OnNextCore (R3.Unit)
R3.Observer`1<R3.Unit>:OnNext (R3.Unit)
R3.ThrottleFirst`1/_ThrottleFirst<R3.Unit>:OnNextCore (R3.Unit)
R3.Observer`1<R3.Unit>:OnNext (R3.Unit)
R3.Subject`1<R3.Unit>:OnNext (R3.Unit)
com.IvanMurzak.McpPlugin.McpPromptManager:SetPromptEnabled (string,bool)
com.IvanMurzak.Unity.MCP.UnityMcpPlugin:ApplyConfigToMcpPlugin (com.IvanMurzak.McpPlugin.IMcpPlugin) (at ./Library/PackageCache/com.ivanmurzak.unity.mcp@0.86.0/Runtime/UnityMcpPlugin.Build.cs:226)
com.IvanMurzak.Unity.MCP.UnityMcpPluginEditor:BuildMcpPluginIfNeeded () (at ./Library/PackageCache/com.ivanmurzak.unity.mcp@0.86.0/Editor/Scripts/UnityMcpPluginEditor.Build.cs:74)
com.IvanMurzak.Unity.MCP.Editor.Startup:.cctor () (at ./Library/PackageCache/com.ivanmurzak.unity.mcp@0.86.0/Editor/Scripts/Startup.cs:29)
System.Runtime.CompilerServices.RuntimeHelpers:RunClassConstructor (System.RuntimeTypeHandle)
UnityEditor.EditorAssemblies:ProcessInitializeOnLoadAttributes (System.Type[])

(Filename: ./Library/PackageCache/com.ivanmurzak.unity.mcp@0.86.0/Runtime/UnityMcpPlugin.Build.cs Line: 226)

<color=#ffaa00>warn:</color> [18:04:20:9904] <color=#B4FF32>[AI]</color> <color=#48C9B0><b>McpManagerClientHub</b></color> ConnectionManager[05f2d016-0741-47d6-ba22-e80b5e76f6df] EnsureConnection Connection not available and auto-reconnect disabled for endpoint: /hub/mcp-server
UnityEngine.StackTraceUtility:ExtractStackTrace ()
UnityEngine.DebugLogHandler:LogFormat (UnityEngine.LogType,UnityEngine.Object,string,object[])
UnityEngine.Logger:Log (UnityEngine.LogType,object)
UnityEngine.Debug:LogWarning (object)
com.IvanMurzak.Unity.MCP.Utils.UnityLogger:Log<Microsoft.Extensions.Logging.FormattedLogValues> (Microsoft.Extensions.Logging.LogLevel,Microsoft.Extensions.Logging.EventId,Microsoft.Extensions.Logging.FormattedLogValues,System.Exception,System.Func`3<Microsoft.Extensions.Logging.FormattedLogValues, System.Exception, string>) (at ./Library/PackageCache/com.ivanmurzak.unity.mcp@0.86.0/Runtime/Logger/UnityLogger.cs:125)
Microsoft.Extensions.Logging.Logger:<Log>g__LoggerLog|14_0<Microsoft.Extensions.Logging.FormattedLogValues> (Microsoft.Extensions.Logging.LogLevel,Microsoft.Extensions.Logging.EventId,Microsoft.Extensions.Logging.ILogger,System.Exception,System.Func`3<Microsoft.Extensions.Logging.FormattedLogValues, System.Exception, string>,System.Collections.Generic.List`1<System.Exception>&,Microsoft.Extensions.Logging.FormattedLogValues&)
Microsoft.Extensions.Logging.Logger:Log<Microsoft.Extensions.Logging.FormattedLogValues> (Microsoft.Extensions.Logging.LogLevel,Microsoft.Extensions.Logging.EventId,Microsoft.Extensions.Logging.FormattedLogValues,System.Exception,System.Func`3<Microsoft.Extensions.Logging.FormattedLogValues, System.Exception, string>)
Microsoft.Extensions.Logging.Logger`1<com.IvanMurzak.McpPlugin.McpManagerClientHub>:Microsoft.Extensions.Logging.ILogger.Log<Microsoft.Extensions.Logging.FormattedLogValues> (Microsoft.Extensions.Logging.LogLevel,Microsoft.Extensions.Logging.EventId,Microsoft.Extensions.Logging.FormattedLogValues,System.Exception,System.Func`3<Microsoft.Extensions.Logging.FormattedLogValues, System.Exception, string>)
Microsoft.Extensions.Logging.LoggerExtensions:Log (Microsoft.Extensions.Logging.ILogger,Microsoft.Extensions.Logging.LogLevel,Microsoft.Extensions.Logging.EventId,System.Exception,string,object[])
Microsoft.Extensions.Logging.LoggerExtensions:Log (Microsoft.Extensions.Logging.ILogger,Microsoft.Extensions.Logging.LogLevel,string,object[])
Microsoft.Extensions.Logging.LoggerExtensions:LogWarning (Microsoft.Extensions.Logging.ILogger,string,object[])
com.IvanMurzak.McpPlugin.ConnectionManager/<EnsureConnection>d__3:MoveNext ()
System.Runtime.CompilerServices.AsyncTaskMethodBuilder`1<bool>:Start<com.IvanMurzak.McpPlugin.ConnectionManager/<EnsureConnection>d__3> (com.IvanMurzak.McpPlugin.ConnectionManager/<EnsureConnection>d__3&)
com.IvanMurzak.McpPlugin.ConnectionManager:EnsureConnection (System.Threading.CancellationToken)
com.IvanMurzak.McpPlugin.ConnectionManager/<InvokeAsync>d__58`2<com.IvanMurzak.McpPlugin.Common.Model.RequestResourcesUpdated, com.IvanMurzak.McpPlugin.Common.Model.ResponseData>:MoveNext ()
System.Runtime.CompilerServices.AsyncTaskMethodBuilder`1<com.IvanMurzak.McpPlugin.Common.Model.ResponseData>:Start<com.IvanMurzak.McpPlugin.ConnectionManager/<InvokeAsync>d__58`2<com.IvanMurzak.McpPlugin.Common.Model.RequestResourcesUpdated, com.IvanMurzak.McpPlugin.Common.Model.ResponseData>> (com.IvanMurzak.McpPlugin.ConnectionManager/<InvokeAsync>d__58`2<com.IvanMurzak.McpPlugin.Common.Model.RequestResourcesUpdated, com.IvanMurzak.McpPlugin.Common.Model.ResponseData>&)
com.IvanMurzak.McpPlugin.ConnectionManager:InvokeAsync<com.IvanMurzak.McpPlugin.Common.Model.RequestResourcesUpdated, com.IvanMurzak.McpPlugin.Common.Model.ResponseData> (string,com.IvanMurzak.McpPlugin.Common.Model.RequestResourcesUpdated,System.Threading.CancellationToken)
com.IvanMurzak.McpPlugin.McpManagerClientHub:NotifyAboutUpdatedResources (com.IvanMurzak.McpPlugin.Common.Model.RequestResourcesUpdated,System.Threading.CancellationToken)
com.IvanMurzak.McpPlugin.McpManagerClientHub:NotifyAboutUpdatedResources (com.IvanMurzak.McpPlugin.Common.Model.RequestResourcesUpdated)
com.IvanMurzak.McpPlugin.McpPlugin/<<-ctor>b__29_6>d:MoveNext ()
System.Runtime.CompilerServices.AsyncVoidMethodBuilder:Start<com.IvanMurzak.McpPlugin.McpPlugin/<<-ctor>b__29_6>d> (com.IvanMurzak.McpPlugin.McpPlugin/<<-ctor>b__29_6>d&)
com.IvanMurzak.McpPlugin.McpPlugin:<.ctor>b__29_6 (R3.Unit)
R3.AnonymousObserver`1<R3.Unit>:OnNextCore (R3.Unit)
R3.Observer`1<R3.Unit>:OnNext (R3.Unit)
R3.ThrottleFirst`1/_ThrottleFirst<R3.Unit>:OnNextCore (R3.Unit)
R3.Observer`1<R3.Unit>:OnNext (R3.Unit)
R3.Subject`1<R3.Unit>:OnNext (R3.Unit)
com.IvanMurzak.McpPlugin.McpResourceManager:SetResourceEnabled (string,bool)
com.IvanMurzak.Unity.MCP.UnityMcpPlugin:ApplyConfigToMcpPlugin (com.IvanMurzak.McpPlugin.IMcpPlugin) (at ./Library/PackageCache/com.ivanmurzak.unity.mcp@0.86.0/Runtime/UnityMcpPlugin.Build.cs:240)
com.IvanMurzak.Unity.MCP.UnityMcpPluginEditor:BuildMcpPluginIfNeeded () (at ./Library/PackageCache/com.ivanmurzak.unity.mcp@0.86.0/Editor/Scripts/UnityMcpPluginEditor.Build.cs:74)
com.IvanMurzak.Unity.MCP.Editor.Startup:.cctor () (at ./Library/PackageCache/com.ivanmurzak.unity.mcp@0.86.0/Editor/Scripts/Startup.cs:29)
System.Runtime.CompilerServices.RuntimeHelpers:RunClassConstructor (System.RuntimeTypeHandle)
UnityEditor.EditorAssemblies:ProcessInitializeOnLoadAttributes (System.Type[])

(Filename: ./Library/PackageCache/com.ivanmurzak.unity.mcp@0.86.0/Runtime/UnityMcpPlugin.Build.cs Line: 240)

The project path contains spaces, which may cause issues during usage of AI Game Developer. Please consider the move the project to a folder without spaces.
UnityEngine.StackTraceUtility:ExtractStackTrace ()
UnityEngine.DebugLogHandler:LogFormat (UnityEngine.LogType,UnityEngine.Object,string,object[])
UnityEngine.Logger:Log (UnityEngine.LogType,object)
UnityEngine.Debug:LogError (object)
com.IvanMurzak.Unity.MCP.Editor.Startup:.cctor () (at ./Library/PackageCache/com.ivanmurzak.unity.mcp@0.86.0/Editor/Scripts/Startup.cs:33)
System.Runtime.CompilerServices.RuntimeHelpers:RunClassConstructor (System.RuntimeTypeHandle)
UnityEditor.EditorAssemblies:ProcessInitializeOnLoadAttributes (System.Type[])

(Filename: ./Library/PackageCache/com.ivanmurzak.unity.mcp@0.86.0/Editor/Scripts/Startup.cs Line: 33)

Ignore MCP server downloading in CI environment
UnityEngine.StackTraceUtility:ExtractStackTrace ()
UnityEngine.DebugLogHandler:LogFormat (UnityEngine.LogType,UnityEngine.Object,string,object[])
UnityEngine.Logger:Log (UnityEngine.LogType,object)
UnityEngine.Debug:Log (object)
com.IvanMurzak.Unity.MCP.Editor.McpServerManager:DownloadServerBinaryIfNeeded (bool) (at ./Library/PackageCache/com.ivanmurzak.unity.mcp@0.86.0/Editor/Scripts/McpServerManager.cs:391)
com.IvanMurzak.Unity.MCP.Editor.McpServerManager:.cctor () (at ./Library/PackageCache/com.ivanmurzak.unity.mcp@0.86.0/Editor/Scripts/McpServerManager.cs:120)
System.Runtime.CompilerServices.RuntimeHelpers:RunClassConstructor (System.RuntimeTypeHandle)
UnityEditor.EditorAssemblies:ProcessInitializeOnLoadAttributes (System.Type[])

(Filename: ./Library/PackageCache/com.ivanmurzak.unity.mcp@0.86.0/Editor/Scripts/McpServerManager.cs Line: 391)

Mono: successfully reloaded assembly
- Finished resetting the current domain, in  4.276 seconds
Domain Reload Profiling: 4961ms
	BeginReloadAssembly (118ms)
		ExecutionOrderSort (0ms)
		DisableScriptedObjects (4ms)
		BackupInstance (0ms)
		ReleaseScriptingObjects (0ms)
		CreateAndSetChildDomain (23ms)
	RebuildCommonClasses (24ms)
	RebuildNativeTypeToScriptingClass (7ms)
	initialDomainReloadingComplete (37ms)
	LoadAllAssembliesAndSetupDomain (498ms)
		LoadAssemblies (304ms)
		RebuildTransferFunctionScriptingTraits (0ms)
		AnalyzeDomain (260ms)
			TypeCache.Refresh (232ms)
				TypeCache.ScanAssembly (216ms)
			ScanForSourceGeneratedMonoScriptInfo (18ms)
			ResolveRequiredComponents (7ms)
	FinalizeReload (4276ms)
		ReleaseScriptCaches (0ms)
		RebuildScriptCaches (0ms)
		SetupLoadedEditorAssemblies (4141ms)
			LogAssemblyErrors (0ms)
			InitializePlatformSupportModulesInManaged (14ms)
			SetLoadedEditorAssemblies (2ms)
			RefreshPlugins (0ms)
			BeforeProcessingInitializeOnLoad (64ms)
			ProcessInitializeOnLoadAttributes (4005ms)
			ProcessInitializeOnLoadMethodAttributes (44ms)
			AfterProcessingInitializeOnLoad (11ms)
			EditorAssembliesLoaded (0ms)
		ExecutionOrderSort2 (0ms)
		AwakeInstancesAfterBackupRestoration (4ms)
Asset Pipeline Refresh (id=b7a92ebe1a398eb4a811ad1d288c204f): Total: 7.116 seconds - Initiated by InitialRefreshV2(ForceSynchronousImport)
	Summary:
		Imports: total=4 (actual=0, local cache=4, cache server=0)
		Asset DB Process Time: managed=0 ms, native=1407 ms
		Asset DB Callback time: managed=18 ms, native=0 ms
		Scripting: domain reloads=1, domain reload time=5051 ms, compile time=591 ms, other=46 ms
		Project Asset Count: scripts=6228, non-scripts=1667
		Asset File Changes: new=0, changed=0, moved=0, deleted=0
		Scan Filter Count: 0
	InvokeBeforeRefreshCallbacks: 0.694ms
	ApplyChangesToAssetFolders: 0.036ms
	Scan: 54.084ms
	OnSourceAssetsModified: 0.003ms
	GetAllGuidsForCategorization: 1.772ms
	CategorizeAssets: 144.536ms
	ImportOutOfDateAssets: 4343.187ms (3717.137ms without children)
		CompileScripts: 591.039ms
		ReloadNativeAssets: 0.001ms
		UnloadImportedAssets: 31.092ms
		EnsureUptoDateAssetsAreRegisteredWithGuidPM: 2.629ms
		InitializingProgressBar: 0.004ms
		PostProcessAllAssetNotificationsAddChangedAssets: 0.000ms
		OnDemandSchedulerStart: 1.285ms
	PostProcessAllAssets: 18.606ms
	GatherAllCurrentPrimaryArtifactRevisions: 0.000ms
	UnloadStreamsBegin: 1.183ms
	PersistCurrentRevisions: 0.207ms
	UnloadStreamsEnd: 0.033ms
	GenerateScriptTypeHashes: 2.720ms
	Untracked: 2551.554ms
Application.AssetDatabase Initial Refresh End
Shader Hidden/ProbeVolume/VoxelizeScene is not supported: GPU does not support conservative rasterization
Scanning for USB devices : 43.398ms
Initializing Unity extensions:
[MODES] ModeService[none].Initialize
[MODES] ModeService[none].LoadModes
[MODES] Loading mode Default (0) for mode-current-id-Desk 42
[PhysX] Initialized MultithreadedTaskDispatcher with 16 workers.
ProgressiveSceneManager::Cancel()
Unloading 9 Unused Serialized files (Serialized files now loaded: 0)
Unloading 153 unused Assets / (0.8 MB). Loaded Objects now: 5729.
Memory consumption went from 154.7 MB to 153.9 MB.
Total: 62.071100 ms (FindLiveObjects: 0.436600 ms CreateObjectMapping: 0.150700 ms MarkObjects: 60.885000 ms  DeleteObjects: 0.597800 ms)

Microsoft Media Foundation video decoding to texture disabled: graphics device is Null, only Direct3D 11 and Direct3D 12 (only on desktop) are supported for hardware-accelerated video decoding.
[Project] Loading completed in 13.919 seconds
	Project init time: 				10.944 seconds
		Template init time: 		0.000 seconds
		Package Manager init time: 		0.340 seconds
		Asset Database init time: 		0.191 seconds
		Global illumination init time: 	0.003 seconds
		Assemblies load time: 			2.764 seconds
		Unity extensions init time: 	0.006 seconds
		Asset Database refresh time: 	0.000 seconds
	Scene opening time: 			1.438 seconds
##utp:{"type":"ProjectInfo","version":2,"phase":"Immediate","time":1785690264258,"processId":30124,"projectLoad":13.919304299999999,"projectInit":10.9442037,"templateInit":0.0,"packageManagerInit":0.340167,"assetDatabaseInit":0.1909431,"globalIlluminationInit":0.0029094,"assembliesLoad":2.7641635,"unityExtensionsInit":0.0058715,"assetDatabaseRefresh":0.0,"sceneOpening":1.4375328}
##utp:{"type":"EditorInfo","version":2,"phase":"Immediate","time":1785690264258,"processId":30124,"editorVersion":"2022.3.62f3 (96770f904ca7)","branch":"2022.3/respin/2022.3.62f2-4af31df585-v2","buildType":"Release","platform":"Windows"}
Running tests for ExecutionSettings with details:
targetPlatform = 
playerHeartbeatTimeout = 600
filters[0] = 
   Filter with settings:
   testMode = EditMode
   targetPlatform = 
   testNames = null
   groupNames = null
   categoryNames = null
   assemblyNames = null
ignoreTests = {}
featureFlags = null

UnityEngine.StackTraceUtility:ExtractStackTrace ()
UnityEngine.DebugLogHandler:LogFormat (UnityEngine.LogType,UnityEngine.Object,string,object[])
UnityEngine.Logger:Log (UnityEngine.LogType,object)
UnityEngine.Debug:Log (object)
UnityEditor.TestTools.TestRunner.CommandLineTest.Executer:InitializeAndExecuteRun (string[]) (at ./Library/PackageCache/com.unity.test-framework@1.3.9/UnityEditor.TestRunner/CommandLineTest/Executer.cs:53)
UnityEditor.TestTools.TestRunner.CommandLineTest.TestStarter:InitializeAndExecuteRun () (at ./Library/PackageCache/com.unity.test-framework@1.3.9/UnityEditor.TestRunner/CommandLineTest/TestStarter.cs:64)
UnityEditor.EditorApplication:Internal_CallUpdateFunctions ()

(Filename: ./Library/PackageCache/com.unity.test-framework@1.3.9/UnityEditor.TestRunner/CommandLineTest/Executer.cs Line: 53)

[UnityConnectServicesConfig] config is NOT valid, switching to default
Created GICache directory at C:/Users/jacob/AppData/LocalLow/Unity/Caches/GiCache. Took: 0.027s, timestamps: [13.928 - 13.956]
gi::BakeBackendSwitch: switching bake backend from 3 to 1.
GfxDevice renderer is null. Unity cannot update the Ambient Probe and Reflection Probes that the SkyManager generates. Run the Editor without the -nographics argument or generate lighting for your scene.
[PhysX] Initialized MultithreadedTaskDispatcher with 16 workers.
Unloading 2 Unused Serialized files (Serialized files now loaded: 0)
Unloading 1 unused Assets / (0.5 KB). Loaded Objects now: 5746.
Memory consumption went from 148.5 MB to 148.5 MB.
Total: 65.149100 ms (FindLiveObjects: 0.223000 ms CreateObjectMapping: 0.124700 ms MarkObjects: 64.765000 ms  DeleteObjects: 0.035600 ms)

GfxDevice renderer is null. Unity cannot update the Ambient Probe and Reflection Probes that the SkyManager generates. Run the Editor without the -nographics argument or generate lighting for your scene.
<b><color=#2EA3FF>MCP-FOR-UNITY</color></b>: [TestRunnerNoThrottle] Applied No Throttling for test run.
UnityEngine.StackTraceUtility:ExtractStackTrace ()
UnityEngine.DebugLogHandler:LogFormat (UnityEngine.LogType,UnityEngine.Object,string,object[])
UnityEngine.Logger:Log (UnityEngine.LogType,object)
UnityEngine.Debug:Log (object)
MCPForUnity.Editor.Helpers.McpLog:Info (string,bool) (at ./Library/PackageCache/com.coplaydev.unity-mcp@11836003a5/Editor/Helpers/McpLog.cs:40)
MCPForUnity.Editor.Services.TestRunnerNoThrottle:ApplyNoThrottling () (at ./Library/PackageCache/com.coplaydev.unity-mcp@11836003a5/Editor/Services/TestRunnerNoThrottle.cs:101)
MCPForUnity.Editor.Services.TestRunnerNoThrottle/TestCallbacks:RunStarted (UnityEditor.TestTools.TestRunner.Api.ITestAdaptor) (at ./Library/PackageCache/com.coplaydev.unity-mcp@11836003a5/Editor/Services/TestRunnerNoThrottle.cs:138)
UnityEditor.TestTools.TestRunner.Api.CallbacksDelegator/<>c__DisplayClass6_0:<RunStarted>b__0 (UnityEditor.TestTools.TestRunner.Api.ICallbacks) (at ./Library/PackageCache/com.unity.test-framework@1.3.9/UnityEditor.TestRunner/Api/CallbacksDelegator.cs:38)
UnityEditor.TestTools.TestRunner.Api.CallbacksDelegator:TryInvokeAllCallbacks (System.Action`1<UnityEditor.TestTools.TestRunner.Api.ICallbacks>) (at ./Library/PackageCache/com.unity.test-framework@1.3.9/UnityEditor.TestRunner/Api/CallbacksDelegator.cs:121)
UnityEditor.TestTools.TestRunner.Api.CallbacksDelegator:RunStarted (NUnit.Framework.Interfaces.ITest) (at ./Library/PackageCache/com.unity.test-framework@1.3.9/UnityEditor.TestRunner/Api/CallbacksDelegator.cs:38)
UnityEngine.Events.InvokableCall`1<NUnit.Framework.Interfaces.ITest>:Invoke (NUnit.Framework.Interfaces.ITest)
UnityEngine.Events.UnityEvent`1<NUnit.Framework.Interfaces.ITest>:Invoke (NUnit.Framework.Interfaces.ITest)
UnityEditor.TestTools.TestRunner.TestRun.Tasks.Events.RunStartedInvocationEvent/<Execute>d__0:MoveNext () (at ./Library/PackageCache/com.unity.test-framework@1.3.9/UnityEditor.TestRunner/TestRun/Tasks/Events/RunStartedInvocationEvent.cs:15)
UnityEditor.TestTools.TestRunner.TestRun.TestJobRunner:ExecuteStep () (at ./Library/PackageCache/com.unity.test-framework@1.3.9/UnityEditor.TestRunner/TestRun/TestJobRunner.cs:172)
UnityEditor.TestTools.TestRunner.TestRun.TestJobRunner:ExecuteCallback () (at ./Library/PackageCache/com.unity.test-framework@1.3.9/UnityEditor.TestRunner/TestRun/TestJobRunner.cs:108)
UnityEditor.EditorApplication:Internal_CallUpdateFunctions ()

(Filename: ./Library/PackageCache/com.coplaydev.unity-mcp@11836003a5/Editor/Helpers/McpLog.cs Line: 40)

[BehaviourTree] Blocker inserted for ThreatAudit (retained_counsel).
UnityEngine.StackTraceUtility:ExtractStackTrace ()
UnityEngine.DebugLogHandler:LogFormat (UnityEngine.LogType,UnityEngine.Object,string,object[])
UnityEngine.Logger:Log (UnityEngine.LogType,object)
UnityEngine.Debug:Log (object)
Desk42.BehaviourTrees.BehaviourTree:InsertBlockerForCard (string,string) (at Assets/_Project/Scripts/BehaviourTrees/BehaviourTree.cs:119)
Desk42.Tests.EditMode.BehaviourTreeTests:BehaviourTree_InsertBlocker_PreventsCardFromWorking () (at Assets/_Project/Tests/EditMode/BehaviourTreeTests.cs:261)
System.Reflection.RuntimeMethodInfo:Invoke (object,System.Reflection.BindingFlags,System.Reflection.Binder,object[],System.Globalization.CultureInfo)
System.Reflection.MethodBase:Invoke (object,object[])
NUnit.Framework.Internal.Reflect:InvokeMethod (System.Reflection.MethodInfo,object,object[])
NUnit.Framework.Internal.MethodWrapper:Invoke (object,object[])
NUnit.Framework.Internal.Commands.TestMethodCommand:RunNonAsyncTestMethod (NUnit.Framework.Internal.ITestExecutionContext)
NUnit.Framework.Internal.Commands.TestMethodCommand:RunTestMethod (NUnit.Framework.Internal.ITestExecutionContext)
NUnit.Framework.Internal.Commands.TestMethodCommand:Execute (NUnit.Framework.Internal.ITestExecutionContext)
UnityEngine.TestTools.UnityTestMethodCommand:Execute (NUnit.Framework.Internal.ITestExecutionContext) (at ./Library/PackageCache/com.unity.test-framework@1.3.9/UnityEngine.TestRunner/NUnitExtensions/Commands/UnityTestMethodCommand.cs:16)
UnityEngine.TestRunner.NUnitExtensions.Runner.UnityLogCheckDelegatingCommand/<>c__DisplayClass2_0:<Execute>b__0 () (at ./Library/PackageCache/com.unity.test-framework@1.3.9/UnityEngine.TestRunner/NUnitExtensions/Runner/UnityLogCheckDelegatingCommand.cs:24)
UnityEngine.TestRunner.NUnitExtensions.Runner.UnityLogCheckDelegatingCommand:CaptureException (NUnit.Framework.Internal.TestResult,System.Action) (at ./Library/PackageCache/com.unity.test-framework@1.3.9/UnityEngine.TestRunner/NUnitExtensions/Runner/UnityLogCheckDelegatingCommand.cs:68)
UnityEngine.TestRunner.NUnitExtensions.Runner.UnityLogCheckDelegatingCommand:ExecuteAndCheckLog (UnityEngine.TestTools.Logging.LogScope,NUnit.Framework.Internal.TestResult,System.Action) (at ./Library/PackageCache/com.unity.test-framework@1.3.9/UnityEngine.TestRunner/NUnitExtensions/Runner/UnityLogCheckDelegatingCommand.cs:79)
UnityEngine.TestRunner.NUnitExtensions.Runner.UnityLogCheckDelegatingCommand:Execute (NUnit.Framework.Internal.ITestExecutionContext) (at ./Library/PackageCache/com.unity.test-framework@1.3.9/UnityEngine.TestRunner/NUnitExtensions/Runner/UnityLogCheckDelegatingCommand.cs:24)
UnityEngine.TestRunner.NUnitExtensions.Runner.UnityLogCheckDelegatingCommand/<ExecuteEnumerable>d__3:MoveNext () (at ./Library/PackageCache/com.unity.test-framework@1.3.9/UnityEngine.TestRunner/NUnitExtensions/Runner/UnityLogCheckDelegatingCommand.cs:35)
UnityEngine.TestTools.BeforeAfterTestCommandBase`1/<ExecuteEnumerable>d__14<NUnit.Framework.ITestAction>:MoveNext () (at ./Library/PackageCache/com.unity.test-framework@1.3.9/UnityEngine.TestRunner/NUnitExtensions/Commands/BeforeAfterTestCommandBase.cs:173)
UnityEngine.TestTools.ImmediateEnumerableCommand:Execute (NUnit.Framework.Internal.ITestExecutionContext) (at ./Library/PackageCache/com.unity.test-framework@1.3.9/UnityEngine.TestRunner/NUnitExtensions/Commands/ImmediateEnumerableCommand.cs:18)
UnityEngine.TestTools.BeforeAfterTestCommandBase`1/<ExecuteEnumerable>d__14<System.Reflection.MethodInfo>:MoveNext () (at ./Library/PackageCache/com.unity.test-framework@1.3.9/UnityEngine.TestRunner/NUnitExtensions/Commands/BeforeAfterTestCommandBase.cs:181)
UnityEngine.TestTools.BeforeAfterTestCommandBase`1/<ExecuteEnumerable>d__14<System.Reflection.MethodInfo>:MoveNext () (at ./Library/PackageCache/com.unity.test-framework@1.3.9/UnityEngine.TestRunner/NUnitExtensions/Commands/BeforeAfterTestCommandBase.cs:173)
UnityEngine.TestTools.BeforeAfterTestCommandBase`1/<ExecuteEnumerable>d__14<UnityEngine.TestTools.IOuterUnityTestAction>:MoveNext () (at ./Library/PackageCache/com.unity.test-framework@1.3.9/UnityEngine.TestRunner/NUnitExtensions/Commands/BeforeAfterTestCommandBase.cs:173)
UnityEngine.TestTools.RetryCommand/<ExecuteEnumerable>d__2:MoveNext () (at ./Library/PackageCache/com.unity.test-framework@1.3.9/UnityEngine.TestRunner/NUnitExtensions/Commands/RetryCommand.cs:37)
UnityEngine.TestTools.RepeatCommand/<ExecuteEnumerable>d__2:MoveNext () (at ./Library/PackageCache/com.unity.test-framework@1.3.9/UnityEngine.TestRunner/NUnitExtensions/Commands/RepeatCommand.cs:36)
UnityEngine.TestTools.TimeoutCommand/<ExecuteEnumerable>d__3:MoveNext () (at ./Library/PackageCache/com.unity.test-framework@1.3.9/UnityEngine.TestRunner/NUnitExtensions/Commands/TimeoutCommand.cs:33)
UnityEngine.TestTools.IgnoreTestCommand/<ExecuteEnumerable>d__3:MoveNext () (at ./Library/PackageCache/com.unity.test-framework@1.3.9/UnityEngine.TestRunner/NUnitExtensions/Commands/IgnoreTestCommand.cs:42)
UnityEngine.TestTools.StrictCheckCommand/<ExecuteEnumerable>d__2:MoveNext () (at ./Library/PackageCache/com.unity.test-framework@1.3.9/UnityEngine.TestRunner/NUnitExtensions/Commands/StrictCheckCommand.cs:29)
UnityEngine.TestRunner.NUnitExtensions.Runner.DefaultTestWorkItem/<PerformWork>d__2:MoveNext () (at ./Library/PackageCache/com.unity.test-framework@1.3.9/UnityEngine.TestRunner/NUnitExtensions/Runner/DefaultTestWorkItem.cs:50)
UnityEngine.TestRunner.NUnitExtensions.Runner.CompositeWorkItem/<RunChildren>d__16:MoveNext () (at ./Library/PackageCache/com.unity.test-framework@1.3.9/UnityEngine.TestRunner/NUnitExtensions/Runner/CompositeWorkItem.cs:197)
UnityEngine.TestRunner.NUnitExtensions.Runner.CompositeWorkItem/<PerformWork>d__12:MoveNext () (at ./Library/PackageCache/com.unity.test-framework@1.3.9/UnityEngine.TestRunner/NUnitExtensions/Runner/CompositeWorkItem.cs:76)
UnityEngine.TestRunner.NUnitExtensions.Runner.CompositeWorkItem/<RunChildren>d__16:MoveNext () (at ./Library/PackageCache/com.unity.test-framework@1.3.9/UnityEngine.TestRunner/NUnitExtensions/Runner/CompositeWorkItem.cs:197)
UnityEngine.TestRunner.NUnitExtensions.Runner.CompositeWorkItem/<PerformWork>d__12:MoveNext () (at ./Library/PackageCache/com.unity.test-framework@1.3.9/UnityEngine.TestRunner/NUnitExtensions/Runner/CompositeWorkItem.cs:76)
UnityEngine.TestRunner.NUnitExtensions.Runner.CompositeWorkItem/<RunChildren>d__16:MoveNext () (at ./Library/PackageCache/com.unity.test-framework@1.3.9/UnityEngine.TestRunner/NUnitExtensions/Runner/CompositeWorkItem.cs:197)
UnityEngine.TestRunner.NUnitExtensions.Runner.CompositeWorkItem/<PerformWork>d__12:MoveNext () (at ./Library/PackageCache/com.unity.test-framework@1.3.9/UnityEngine.TestRunner/NUnitExtensions/Runner/CompositeWorkItem.cs:76)
UnityEngine.TestRunner.NUnitExtensions.Runner.CompositeWorkItem/<RunChildren>d__16:MoveNext () (at ./Library/PackageCache/com.unity.test-framework@1.3.9/UnityEngine.TestRunner/NUnitExtensions/Runner/CompositeWorkItem.cs:197)
UnityEngine.TestRunner.NUnitExtensions.Runner.CompositeWorkItem/<PerformWork>d__12:MoveNext () (at ./Library/PackageCache/com.unity.test-framework@1.3.9/UnityEngine.TestRunner/NUnitExtensions/Runner/CompositeWorkItem.cs:76)
UnityEngine.TestRunner.NUnitExtensions.Runner.CompositeWorkItem/<RunChildren>d__16:MoveNext () (at ./Library/PackageCache/com.unity.test-framework@1.3.9/UnityEngine.TestRunner/NUnitExtensions/Runner/CompositeWorkItem.cs:197)
UnityEngine.TestRunner.NUnitExtensions.Runner.CompositeWorkItem/<PerformWork>d__12:MoveNext () (at ./Library/PackageCache/com.unity.test-framework@1.3.9/UnityEngine.TestRunner/NUnitExtensions/Runner/CompositeWorkItem.cs:76)
UnityEngine.TestRunner.NUnitExtensions.Runner.CompositeWorkItem/<RunChildren>d__16:MoveNext () (at ./Library/PackageCache/com.unity.test-framework@1.3.9/UnityEngine.TestRunner/NUnitExtensions/Runner/CompositeWorkItem.cs:197)
UnityEngine.TestRunner.NUnitExtensions.Runner.CompositeWorkItem/<PerformWork>d__12:MoveNext () (at ./Library/PackageCache/com.unity.test-framework@1.3.9/UnityEngine.TestRunner/NUnitExtensions/Runner/CompositeWorkItem.cs:76)
UnityEditor.TestTools.TestRunner.EditModeRunner:MoveNextAndUpdateYieldObject () (at ./Library/PackageCache/com.unity.test-framework@1.3.9/UnityEditor.TestRunner/TestRunner/EditModeRunner.cs:164)
UnityEditor.TestTools.TestRunner.EditModeRunner:TestConsumer (UnityEditor.TestTools.TestRunner.TestRunnerStateSerializer) (at ./Library/PackageCache/com.unity.test-framework@1.3.9/UnityEditor.TestRunner/TestRunner/EditModeRunner.cs:197)
UnityEditor.TestTools.TestRunner.TestRun.Tasks.EditModeRunTask/<Execute>d__1:MoveNext () (at ./Library/PackageCache/com.unity.test-framework@1.3.9/UnityEditor.TestRunner/TestRun/Tasks/EditModeRunTask.cs:47)
UnityEditor.TestTools.TestRunner.TestRun.TestJobRunner:ExecuteStep () (at ./Library/PackageCache/com.unity.test-framework@1.3.9/UnityEditor.TestRunner/TestRun/TestJobRunner.cs:172)
UnityEditor.TestTools.TestRunner.TestRun.TestJobRunner:ExecuteCallback () (at ./Library/PackageCache/com.unity.test-framework@1.3.9/UnityEditor.TestRunner/TestRun/TestJobRunner.cs:108)
UnityEditor.EditorApplication:Internal_CallUpdateFunctions ()

(Filename: Assets/_Project/Scripts/BehaviourTrees/BehaviourTree.cs Line: 119)

[StateStack] Pushed Resigned (duration: 3s, depth: 1)
UnityEngine.StackTraceUtility:ExtractStackTrace ()
UnityEngine.DebugLogHandler:LogFormat (UnityEngine.LogType,UnityEngine.Object,string,object[])
UnityEngine.Logger:Log (UnityEngine.LogType,object)
UnityEngine.Debug:Log (object)
Desk42.BSM.ClientStateStack:Push (Desk42.BSM.IClientState,Desk42.BSM.ClientContext) (at Assets/_Project/Scripts/BSM/ClientStateStack.cs:80)
Desk42.BSM.ClientStateMachine:TryInject (string,single) (at Assets/_Project/Scripts/BSM/ClientStateMachine.cs:198)
Desk42.Tests.EditMode.BSMTests:CSM_Expedite_Inject_Success () (at Assets/_Project/Tests/EditMode/BSMTests.cs:773)
System.Reflection.RuntimeMethodInfo:Invoke (object,System.Reflection.BindingFlags,System.Reflection.Binder,object[],System.Globalization.CultureInfo)
System.Reflection.MethodBase:Invoke (object,object[])
NUnit.Framework.Internal.Reflect:InvokeMethod (System.Reflection.MethodInfo,object,object[])
NUnit.Framework.Internal.MethodWrapper:Invoke (object,object[])
NUnit.Framework.Internal.Commands.TestMethodCommand:RunNonAsyncTestMethod (NUnit.Framework.Internal.ITestExecutionContext)
NUnit.Framework.Internal.Commands.TestMethodCommand:RunTestMethod (NUnit.Framework.Internal.ITestExecutionContext)
NUnit.Framework.Internal.Commands.TestMethodCommand:Execute (NUnit.Framework.Internal.ITestExecutionContext)
UnityEngine.TestTools.UnityTestMethodCommand:Execute (NUnit.Framework.Internal.ITestExecutionContext) (at ./Library/PackageCache/com.unity.test-framework@1.3.9/UnityEngine.TestRunner/NUnitExtensions/Commands/UnityTestMethodCommand.cs:16)
UnityEngine.TestRunner.NUnitExtensions.Runner.UnityLogCheckDelegatingCommand/<>c__DisplayClass2_0:<Execute>b__0 () (at ./Library/PackageCache/com.unity.test-framework@1.3.9/UnityEngine.TestRunner/NUnitExtensions/Runner/UnityLogCheckDelegatingCommand.cs:24)
UnityEngine.TestRunner.NUnitExtensions.Runner.UnityLogCheckDelegatingCommand:CaptureException (NUnit.Framework.Internal.TestResult,System.Action) (at ./Library/PackageCache/com.unity.test-framework@1.3.9/UnityEngine.TestRunner/NUnitExtensions/Runner/UnityLogCheckDelegatingCommand.cs:68)
UnityEngine.TestRunner.NUnitExtensions.Runner.UnityLogCheckDelegatingCommand:ExecuteAndCheckLog (UnityEngine.TestTools.Logging.LogScope,NUnit.Framework.Internal.TestResult,System.Action) (at ./Library/PackageCache/com.unity.test-framework@1.3.9/UnityEngine.TestRunner/NUnitExtensions/Runner/UnityLogCheckDelegatingCommand.cs:79)
UnityEngine.TestRunner.NUnitExtensions.Runner.UnityLogCheckDelegatingCommand:Execute (NUnit.Framework.Internal.ITestExecutionContext) (at ./Library/PackageCache/com.unity.test-framework@1.3.9/UnityEngine.TestRunner/NUnitExtensions/Runner/UnityLogCheckDelegatingCommand.cs:24)
UnityEngine.TestRunner.NUnitExtensions.Runner.UnityLogCheckDelegatingCommand/<ExecuteEnumerable>d__3:MoveNext () (at ./Library/PackageCache/com.unity.test-framework@1.3.9/UnityEngine.TestRunner/NUnitExtensions/Runner/UnityLogCheckDelegatingCommand.cs:35)
UnityEngine.TestTools.BeforeAfterTestCommandBase`1/<ExecuteEnumerable>d__14<NUnit.Framework.ITestAction>:MoveNext () (at ./Library/PackageCache/com.unity.test-framework@1.3.9/UnityEngine.TestRunner/NUnitExtensions/Commands/BeforeAfterTestCommandBase.cs:173)
UnityEngine.TestTools.ImmediateEnumerableCommand:Execute (NUnit.Framework.Internal.ITestExecutionContext) (at ./Library/PackageCache/com.unity.test-framework@1.3.9/UnityEngine.TestRunner/NUnitExtensions/Commands/ImmediateEnumerableCommand.cs:18)
UnityEngine.TestTools.BeforeAfterTestCommandBase`1/<ExecuteEnumerable>d__14<System.Reflection.MethodInfo>:MoveNext () (at ./Library/PackageCache/com.unity.test-framework@1.3.9/UnityEngine.TestRunner/NUnitExtensions/Commands/BeforeAfterTestCommandBase.cs:181)
UnityEngine.TestTools.BeforeAfterTestCommandBase`1/<ExecuteEnumerable>d__14<System.Reflection.MethodInfo>:MoveNext () (at ./Library/PackageCache/com.unity.test-framework@1.3.9/UnityEngine.TestRunner/NUnitExtensions/Commands/BeforeAfterTestCommandBase.cs:173)
UnityEngine.TestTools.BeforeAfterTestCommandBase`1/<ExecuteEnumerable>d__14<UnityEngine.TestTools.IOuterUnityTestAction>:MoveNext () (at ./Library/PackageCache/com.unity.test-framework@1.3.9/UnityEngine.TestRunner/NUnitExtensions/Commands/BeforeAfterTestCommandBase.cs:173)
UnityEngine.TestTools.RetryCommand/<ExecuteEnumerable>d__2:MoveNext () (at ./Library/PackageCache/com.unity.test-framework@1.3.9/UnityEngine.TestRunner/NUnitExtensions/Commands/RetryCommand.cs:37)
UnityEngine.TestTools.RepeatCommand/<ExecuteEnumerable>d__2:MoveNext () (at ./Library/PackageCache/com.unity.test-framework@1.3.9/UnityEngine.TestRunner/NUnitExtensions/Commands/RepeatCommand.cs:36)
UnityEngine.TestTools.TimeoutCommand/<ExecuteEnumerable>d__3:MoveNext () (at ./Library/PackageCache/com.unity.test-framework@1.3.9/UnityEngine.TestRunner/NUnitExtensions/Commands/TimeoutCommand.cs:33)
UnityEngine.TestTools.IgnoreTestCommand/<ExecuteEnumerable>d__3:MoveNext () (at ./Library/PackageCache/com.unity.test-framework@1.3.9/UnityEngine.TestRunner/NUnitExtensions/Commands/IgnoreTestCommand.cs:42)
UnityEngine.TestTools.StrictCheckCommand/<ExecuteEnumerable>d__2:MoveNext () (at ./Library/PackageCache/com.unity.test-framework@1.3.9/UnityEngine.TestRunner/NUnitExtensions/Commands/StrictCheckCommand.cs:29)
UnityEngine.TestRunner.NUnitExtensions.Runner.DefaultTestWorkItem/<PerformWork>d__2:MoveNext () (at ./Library/PackageCache/com.unity.test-framework@1.3.9/UnityEngine.TestRunner/NUnitExtensions/Runner/DefaultTestWorkItem.cs:50)
UnityEngine.TestRunner.NUnitExtensions.Runner.CompositeWorkItem/<RunChildren>d__16:MoveNext () (at ./Library/PackageCache/com.unity.test-framework@1.3.9/UnityEngine.TestRunner/NUnitExtensions/Runner/CompositeWorkItem.cs:197)
UnityEngine.TestRunner.NUnitExtensions.Runner.CompositeWorkItem/<PerformWork>d__12:MoveNext () (at ./Library/PackageCache/com.unity.test-framework@1.3.9/UnityEngine.TestRunner/NUnitExtensions/Runner/CompositeWorkItem.cs:76)
UnityEngine.TestRunner.NUnitExtensions.Runner.CompositeWorkItem/<RunChildren>d__16:MoveNext () (at ./Library/PackageCache/com.unity.test-framework@1.3.9/UnityEngine.TestRunner/NUnitExtensions/Runner/CompositeWorkItem.cs:197)
UnityEngine.TestRunner.NUnitExtensions.Runner.CompositeWorkItem/<PerformWork>d__12:MoveNext () (at ./Library/PackageCache/com.unity.test-framework@1.3.9/UnityEngine.TestRunner/NUnitExtensions/Runner/CompositeWorkItem.cs:76)
UnityEngine.TestRunner.NUnitExtensions.Runner.CompositeWorkItem/<RunChildren>d__16:MoveNext () (at ./Library/PackageCache/com.unity.test-framework@1.3.9/UnityEngine.TestRunner/NUnitExtensions/Runner/CompositeWorkItem.cs:197)
UnityEngine.TestRunner.NUnitExtensions.Runner.CompositeWorkItem/<PerformWork>d__12:MoveNext () (at ./Library/PackageCache/com.unity.test-framework@1.3.9/UnityEngine.TestRunner/NUnitExtensions/Runner/CompositeWorkItem.cs:76)
UnityEngine.TestRunner.NUnitExtensions.Runner.CompositeWorkItem/<RunChildren>d__16:MoveNext () (at ./Library/PackageCache/com.unity.test-framework@1.3.9/UnityEngine.TestRunner/NUnitExtensions/Runner/CompositeWorkItem.cs:197)
UnityEngine.TestRunner.NUnitExtensions.Runner.CompositeWorkItem/<PerformWork>d__12:MoveNext () (at ./Library/PackageCache/com.unity.test-framework@1.3.9/UnityEngine.TestRunner/NUnitExtensions/Runner/CompositeWorkItem.cs:76)
UnityEngine.TestRunner.NUnitExtensions.Runner.CompositeWorkItem/<RunChildren>d__16:MoveNext () (at ./Library/PackageCache/com.unity.test-framework@1.3.9/UnityEngine.TestRunner/NUnitExtensions/Runner/CompositeWorkItem.cs:197)
UnityEngine.TestRunner.NUnitExtensions.Runner.CompositeWorkItem/<PerformWork>d__12:MoveNext () (at ./Library/PackageCache/com.unity.test-framework@1.3.9/UnityEngine.TestRunner/NUnitExtensions/Runner/CompositeWorkItem.cs:76)
UnityEngine.TestRunner.NUnitExtensions.Runner.CompositeWorkItem/<RunChildren>d__16:MoveNext () (at ./Library/PackageCache/com.unity.test-framework@1.3.9/UnityEngine.TestRunner/NUnitExtensions/Runner/CompositeWorkItem.cs:197)
UnityEngine.TestRunner.NUnitExtensions.Runner.CompositeWorkItem/<PerformWork>d__12:MoveNext () (at ./Library/PackageCache/com.unity.test-framework@1.3.9/UnityEngine.TestRunner/NUnitExtensions/Runner/CompositeWorkItem.cs:76)
UnityEditor.TestTools.TestRunner.EditModeRunner:MoveNextAndUpdateYieldObject () (at ./Library/PackageCache/com.unity.test-framework@1.3.9/UnityEditor.TestRunner/TestRunner/EditModeRunner.cs:164)
UnityEditor.TestTools.TestRunner.EditModeRunner:TestConsumer (UnityEditor.TestTools.TestRunner.TestRunnerStateSerializer) (at ./Library/PackageCache/com.unity.test-framework@1.3.9/UnityEditor.TestRunner/TestRunner/EditModeRunner.cs:197)
UnityEditor.TestTools.TestRunner.TestRun.Tasks.EditModeRunTask/<Execute>d__1:MoveNext () (at ./Library/PackageCache/com.unity.test-framework@1.3.9/UnityEditor.TestRunner/TestRun/Tasks/EditModeRunTask.cs:47)
UnityEditor.TestTools.TestRunner.TestRun.TestJobRunner:ExecuteStep () (at ./Library/PackageCache/com.unity.test-framework@1.3.9/UnityEditor.TestRunner/TestRun/TestJobRunner.cs:172)
UnityEditor.TestTools.TestRunner.TestRun.TestJobRunner:ExecuteCallback () (at ./Library/PackageCache/com.unity.test-framework@1.3.9/UnityEditor.TestRunner/TestRun/TestJobRunner.cs:108)
UnityEditor.EditorApplication:Internal_CallUpdateFunctions ()

(Filename: Assets/_Project/Scripts/BSM/ClientStateStack.cs Line: 80)

[StateStack] Pushed Litigious (duration: 8s, depth: 1)
UnityEngine.StackTraceUtility:ExtractStackTrace ()
UnityEngine.DebugLogHandler:LogFormat (UnityEngine.LogType,UnityEngine.Object,string,object[])
UnityEngine.Logger:Log (UnityEngine.LogType,object)
UnityEngine.Debug:Log (object)
Desk42.BSM.ClientStateStack:Push (Desk42.BSM.IClientState,Desk42.BSM.ClientContext) (at Assets/_Project/Scripts/BSM/ClientStateStack.cs:80)
Desk42.BSM.ClientStateMachine:TryInject (string,single) (at Assets/_Project/Scripts/BSM/ClientStateMachine.cs:198)
Desk42.Tests.EditMode.BSMTests:CSM_LegalHold_Inject_Success () (at Assets/_Project/Tests/EditMode/BSMTests.cs:763)
System.Reflection.RuntimeMethodInfo:Invoke (object,System.Reflection.BindingFlags,System.Reflection.Binder,object[],System.Globalization.CultureInfo)
System.Reflection.MethodBase:Invoke (object,object[])
NUnit.Framework.Internal.Reflect:InvokeMethod (System.Reflection.MethodInfo,object,object[])
NUnit.Framework.Internal.MethodWrapper:Invoke (object,object[])
NUnit.Framework.Internal.Commands.TestMethodCommand:RunNonAsyncTestMethod (NUnit.Framework.Internal.ITestExecutionContext)
NUnit.Framework.Internal.Commands.TestMethodCommand:RunTestMethod (NUnit.Framework.Internal.ITestExecutionContext)
NUnit.Framework.Internal.Commands.TestMethodCommand:Execute (NUnit.Framework.Internal.ITestExecutionContext)
UnityEngine.TestTools.UnityTestMethodCommand:Execute (NUnit.Framework.Internal.ITestExecutionContext) (at ./Library/PackageCache/com.unity.test-framework@1.3.9/UnityEngine.TestRunner/NUnitExtensions/Commands/UnityTestMethodCommand.cs:16)
UnityEngine.TestRunner.NUnitExtensions.Runner.UnityLogCheckDelegatingCommand/<>c__DisplayClass2_0:<Execute>b__0 () (at ./Library/PackageCache/com.unity.test-framework@1.3.9/UnityEngine.TestRunner/NUnitExtensions/Runner/UnityLogCheckDelegatingCommand.cs:24)
UnityEngine.TestRunner.NUnitExtensions.Runner.UnityLogCheckDelegatingCommand:CaptureException (NUnit.Framework.Internal.TestResult,System.Action) (at ./Library/PackageCache/com.unity.test-framework@1.3.9/UnityEngine.TestRunner/NUnitExtensions/Runner/UnityLogCheckDelegatingCommand.cs:68)
UnityEngine.TestRunner.NUnitExtensions.Runner.UnityLogCheckDelegatingCommand:ExecuteAndCheckLog (UnityEngine.TestTools.Logging.LogScope,NUnit.Framework.Internal.TestResult,System.Action) (at ./Library/PackageCache/com.unity.test-framework@1.3.9/UnityEngine.TestRunner/NUnitExtensions/Runner/UnityLogCheckDelegatingCommand.cs:79)
UnityEngine.TestRunner.NUnitExtensions.Runner.UnityLogCheckDelegatingCommand:Execute (NUnit.Framework.Internal.ITestExecutionContext) (at ./Library/PackageCache/com.unity.test-framework@1.3.9/UnityEngine.TestRunner/NUnitExtensions/Runner/UnityLogCheckDelegatingCommand.cs:24)
UnityEngine.TestRunner.NUnitExtensions.Runner.UnityLogCheckDelegatingCommand/<ExecuteEnumerable>d__3:MoveNext () (at ./Library/PackageCache/com.unity.test-framework@1.3.9/UnityEngine.TestRunner/NUnitExtensions/Runner/UnityLogCheckDelegatingCommand.cs:35)
UnityEngine.TestTools.BeforeAfterTestCommandBase`1/<ExecuteEnumerable>d__14<NUnit.Framework.ITestAction>:MoveNext () (at ./Library/PackageCache/com.unity.test-framework@1.3.9/UnityEngine.TestRunner/NUnitExtensions/Commands/BeforeAfterTestCommandBase.cs:173)
UnityEngine.TestTools.ImmediateEnumerableCommand:Execute (NUnit.Framework.Internal.ITestExecutionContext) (at ./Library/PackageCache/com.unity.test-framework@1.3.9/UnityEngine.TestRunner/NUnitExtensions/Commands/ImmediateEnumerableCommand.cs:18)
UnityEngine.TestTools.BeforeAfterTestCommandBase`1/<ExecuteEnumerable>d__14<System.Reflection.MethodInfo>:MoveNext () (at ./Library/PackageCache/com.unity.test-framework@1.3.9/UnityEngine.TestRunner/NUnitExtensions/Commands/BeforeAfterTestCommandBase.cs:181)
UnityEngine.TestTools.BeforeAfterTestCommandBase`1/<ExecuteEnumerable>d__14<System.Reflection.MethodInfo>:MoveNext () (at ./Library/PackageCache/com.unity.test-framework@1.3.9/UnityEngine.TestRunner/NUnitExtensions/Commands/BeforeAfterTestCommandBase.cs:173)
UnityEngine.TestTools.BeforeAfterTestCommandBase`1/<ExecuteEnumerable>d__14<UnityEngine.TestTools.IOuterUnityTestAction>:MoveNext () (at ./Library/PackageCache/com.unity.test-framework@1.3.9/UnityEngine.TestRunner/NUnitExtensions/Commands/BeforeAfterTestCommandBase.cs:173)
UnityEngine.TestTools.RetryCommand/<ExecuteEnumerable>d__2:MoveNext () (at ./Library/PackageCache/com.unity.test-framework@1.3.9/UnityEngine.TestRunner/NUnitExtensions/Commands/RetryCommand.cs:37)
UnityEngine.TestTools.RepeatCommand/<ExecuteEnumerable>d__2:MoveNext () (at ./Library/PackageCache/com.unity.test-framework@1.3.9/UnityEngine.TestRunner/NUnitExtensions/Commands/RepeatCommand.cs:36)
UnityEngine.TestTools.TimeoutCommand/<ExecuteEnumerable>d__3:MoveNext () (at ./Library/PackageCache/com.unity.test-framework@1.3.9/UnityEngine.TestRunner/NUnitExtensions/Commands/TimeoutCommand.cs:33)
UnityEngine.TestTools.IgnoreTestCommand/<ExecuteEnumerable>d__3:MoveNext () (at ./Library/PackageCache/com.unity.test-framework@1.3.9/UnityEngine.TestRunner/NUnitExtensions/Commands/IgnoreTestCommand.cs:42)
UnityEngine.TestTools.StrictCheckCommand/<ExecuteEnumerable>d__2:MoveNext () (at ./Library/PackageCache/com.unity.test-framework@1.3.9/UnityEngine.TestRunner/NUnitExtensions/Commands/StrictCheckCommand.cs:29)
UnityEngine.TestRunner.NUnitExtensions.Runner.DefaultTestWorkItem/<PerformWork>d__2:MoveNext () (at ./Library/PackageCache/com.unity.test-framework@1.3.9/UnityEngine.TestRunner/NUnitExtensions/Runner/DefaultTestWorkItem.cs:50)
UnityEngine.TestRunner.NUnitExtensions.Runner.CompositeWorkItem/<RunChildren>d__16:MoveNext () (at ./Library/PackageCache/com.unity.test-framework@1.3.9/UnityEngine.TestRunner/NUnitExtensions/Runner/CompositeWorkItem.cs:197)
UnityEngine.TestRunner.NUnitExtensions.Runner.CompositeWorkItem/<PerformWork>d__12:MoveNext () (at ./Library/PackageCache/com.unity.test-framework@1.3.9/UnityEngine.TestRunner/NUnitExtensions/Runner/CompositeWorkItem.cs:76)
UnityEngine.TestRunner.NUnitExtensions.Runner.CompositeWorkItem/<RunChildren>d__16:MoveNext () (at ./Library/PackageCache/com.unity.test-framework@1.3.9/UnityEngine.TestRunner/NUnitExtensions/Runner/CompositeWorkItem.cs:197)
UnityEngine.TestRunner.NUnitExtensions.Runner.CompositeWorkItem/<PerformWork>d__12:MoveNext () (at ./Library/PackageCache/com.unity.test-framework@1.3.9/UnityEngine.TestRunner/NUnitExtensions/Runner/CompositeWorkItem.cs:76)
UnityEngine.TestRunner.NUnitExtensions.Runner.CompositeWorkItem/<RunChildren>d__16:MoveNext () (at ./Library/PackageCache/com.unity.test-framework@1.3.9/UnityEngine.TestRunner/NUnitExtensions/Runner/CompositeWorkItem.cs:197)
UnityEngine.TestRunner.NUnitExtensions.Runner.CompositeWorkItem/<PerformWork>d__12:MoveNext () (at ./Library/PackageCache/com.unity.test-framework@1.3.9/UnityEngine.TestRunner/NUnitExtensions/Runner/CompositeWorkItem.cs:76)
UnityEngine.TestRunner.NUnitExtensions.Runner.CompositeWorkItem/<RunChildren>d__16:MoveNext () (at ./Library/PackageCache/com.unity.test-framework@1.3.9/UnityEngine.TestRunner/NUnitExtensions/Runner/CompositeWorkItem.cs:197)
UnityEngine.TestRunner.NUnitExtensions.Runner.CompositeWorkItem/<PerformWork>d__12:MoveNext () (at ./Library/PackageCache/com.unity.test-framework@1.3.9/UnityEngine.TestRunner/NUnitExtensions/Runner/CompositeWorkItem.cs:76)
UnityEngine.TestRunner.NUnitExtensions.Runner.CompositeWorkItem/<RunChildren>d__16:MoveNext () (at ./Library/PackageCache/com.unity.test-framework@1.3.9/UnityEngine.TestRunner/NUnitExtensions/Runner/CompositeWorkItem.cs:197)
UnityEngine.TestRunner.NUnitExtensions.Runner.CompositeWorkItem/<PerformWork>d__12:MoveNext () (at ./Library/PackageCache/com.unity.test-framework@1.3.9/UnityEngine.TestRunner/NUnitExtensions/Runner/CompositeWorkItem.cs:76)
UnityEngine.TestRunner.NUnitExtensions.Runner.CompositeWorkItem/<RunChildren>d__16:MoveNext () (at ./Library/PackageCache/com.unity.test-framework@1.3.9/UnityEngine.TestRunner/NUnitExtensions/Runner/CompositeWorkItem.cs:197)
UnityEngine.TestRunner.NUnitExtensions.Runner.CompositeWorkItem/<PerformWork>d__12:MoveNext () (at ./Library/PackageCache/com.unity.test-framework@1.3.9/UnityEngine.TestRunner/NUnitExtensions/Runner/CompositeWorkItem.cs:76)
UnityEditor.TestTools.TestRunner.EditModeRunner:MoveNextAndUpdateYieldObject () (at ./Library/PackageCache/com.unity.test-framework@1.3.9/UnityEditor.TestRunner/TestRunner/EditModeRunner.cs:164)
UnityEditor.TestTools.TestRunner.EditModeRunner:TestConsumer (UnityEditor.TestTools.TestRunner.TestRunnerStateSerializer) (at ./Library/PackageCache/com.unity.test-framework@1.3.9/UnityEditor.TestRunner/TestRunner/EditModeRunner.cs:197)
UnityEditor.TestTools.TestRunner.TestRun.Tasks.EditModeRunTask/<Execute>d__1:MoveNext () (at ./Library/PackageCache/com.unity.test-framework@1.3.9/UnityEditor.TestRunner/TestRun/Tasks/EditModeRunTask.cs:47)
UnityEditor.TestTools.TestRunner.TestRun.TestJobRunner:ExecuteStep () (at ./Library/PackageCache/com.unity.test-framework@1.3.9/UnityEditor.TestRunner/TestRun/TestJobRunner.cs:172)
UnityEditor.TestTools.TestRunner.TestRun.TestJobRunner:ExecuteCallback () (at ./Library/PackageCache/com.unity.test-framework@1.3.9/UnityEditor.TestRunner/TestRun/TestJobRunner.cs:108)
UnityEditor.EditorApplication:Internal_CallUpdateFunctions ()

(Filename: Assets/_Project/Scripts/BSM/ClientStateStack.cs Line: 80)

[BehaviourTree] Blocker inserted for ThreatAudit (retained_counsel).
UnityEngine.StackTraceUtility:ExtractStackTrace ()
UnityEngine.DebugLogHandler:LogFormat (UnityEngine.LogType,UnityEngine.Object,string,object[])
UnityEngine.Logger:Log (UnityEngine.LogType,object)
UnityEngine.Debug:Log (object)
Desk42.BehaviourTrees.BehaviourTree:InsertBlockerForCard (string,string) (at Assets/_Project/Scripts/BehaviourTrees/BehaviourTree.cs:119)
Desk42.Tests.EditMode.BSMTests:CSM_RepeatOffender_ThreatAudit_BlockedByBlocker () (at Assets/_Project/Tests/EditMode/BSMTests.cs:750)
System.Reflection.RuntimeMethodInfo:Invoke (object,System.Reflection.BindingFlags,System.Reflection.Binder,object[],System.Globalization.CultureInfo)
System.Reflection.MethodBase:Invoke (object,object[])
NUnit.Framework.Internal.Reflect:InvokeMethod (System.Reflection.MethodInfo,object,object[])
NUnit.Framework.Internal.MethodWrapper:Invoke (object,object[])
NUnit.Framework.Internal.Commands.TestMethodCommand:RunNonAsyncTestMethod (NUnit.Framework.Internal.ITestExecutionContext)
NUnit.Framework.Internal.Commands.TestMethodCommand:RunTestMethod (NUnit.Framework.Internal.ITestExecutionContext)
NUnit.Framework.Internal.Commands.TestMethodCommand:Execute (NUnit.Framework.Internal.ITestExecutionContext)
UnityEngine.TestTools.UnityTestMethodCommand:Execute (NUnit.Framework.Internal.ITestExecutionContext) (at ./Library/PackageCache/com.unity.test-framework@1.3.9/UnityEngine.TestRunner/NUnitExtensions/Commands/UnityTestMethodCommand.cs:16)
UnityEngine.TestRunner.NUnitExtensions.Runner.UnityLogCheckDelegatingCommand/<>c__DisplayClass2_0:<Execute>b__0 () (at ./Library/PackageCache/com.unity.test-framework@1.3.9/UnityEngine.TestRunner/NUnitExtensions/Runner/UnityLogCheckDelegatingCommand.cs:24)
UnityEngine.TestRunner.NUnitExtensions.Runner.UnityLogCheckDelegatingCommand:CaptureException (NUnit.Framework.Internal.TestResult,System.Action) (at ./Library/PackageCache/com.unity.test-framework@1.3.9/UnityEngine.TestRunner/NUnitExtensions/Runner/UnityLogCheckDelegatingCommand.cs:68)
UnityEngine.TestRunner.NUnitExtensions.Runner.UnityLogCheckDelegatingCommand:ExecuteAndCheckLog (UnityEngine.TestTools.Logging.LogScope,NUnit.Framework.Internal.TestResult,System.Action) (at ./Library/PackageCache/com.unity.test-framework@1.3.9/UnityEngine.TestRunner/NUnitExtensions/Runner/UnityLogCheckDelegatingCommand.cs:79)
UnityEngine.TestRunner.NUnitExtensions.Runner.UnityLogCheckDelegatingCommand:Execute (NUnit.Framework.Internal.ITestExecutionContext) (at ./Library/PackageCache/com.unity.test-framework@1.3.9/UnityEngine.TestRunner/NUnitExtensions/Runner/UnityLogCheckDelegatingCommand.cs:24)
UnityEngine.TestRunner.NUnitExtensions.Runner.UnityLogCheckDelegatingCommand/<ExecuteEnumerable>d__3:MoveNext () (at ./Library/PackageCache/com.unity.test-framework@1.3.9/UnityEngine.TestRunner/NUnitExtensions/Runner/UnityLogCheckDelegatingCommand.cs:35)
UnityEngine.TestTools.BeforeAfterTestCommandBase`1/<ExecuteEnumerable>d__14<NUnit.Framework.ITestAction>:MoveNext () (at ./Library/PackageCache/com.unity.test-framework@1.3.9/UnityEngine.TestRunner/NUnitExtensions/Commands/BeforeAfterTestCommandBase.cs:173)
UnityEngine.TestTools.ImmediateEnumerableCommand:Execute (NUnit.Framework.Internal.ITestExecutionContext) (at ./Library/PackageCache/com.unity.test-framework@1.3.9/UnityEngine.TestRunner/NUnitExtensions/Commands/ImmediateEnumerableCommand.cs:18)
UnityEngine.TestTools.BeforeAfterTestCommandBase`1/<ExecuteEnumerable>d__14<System.Reflection.MethodInfo>:MoveNext () (at ./Library/PackageCache/com.unity.test-framework@1.3.9/UnityEngine.TestRunner/NUnitExtensions/Commands/BeforeAfterTestCommandBase.cs:181)
UnityEngine.TestTools.BeforeAfterTestCommandBase`1/<ExecuteEnumerable>d__14<System.Reflection.MethodInfo>:MoveNext () (at ./Library/PackageCache/com.unity.test-framework@1.3.9/UnityEngine.TestRunner/NUnitExtensions/Commands/BeforeAfterTestCommandBase.cs:173)
UnityEngine.TestTools.BeforeAfterTestCommandBase`1/<ExecuteEnumerable>d__14<UnityEngine.TestTools.IOuterUnityTestAction>:MoveNext () (at ./Library/PackageCache/com.unity.test-framework@1.3.9/UnityEngine.TestRunner/NUnitExtensions/Commands/BeforeAfterTestCommandBase.cs:173)
UnityEngine.TestTools.RetryCommand/<ExecuteEnumerable>d__2:MoveNext () (at ./Library/PackageCache/com.unity.test-framework@1.3.9/UnityEngine.TestRunner/NUnitExtensions/Commands/RetryCommand.cs:37)
UnityEngine.TestTools.RepeatCommand/<ExecuteEnumerable>d__2:MoveNext () (at ./Library/PackageCache/com.unity.test-framework@1.3.9/UnityEngine.TestRunner/NUnitExtensions/Commands/RepeatCommand.cs:36)
UnityEngine.TestTools.TimeoutCommand/<ExecuteEnumerable>d__3:MoveNext () (at ./Library/PackageCache/com.unity.test-framework@1.3.9/UnityEngine.TestRunner/NUnitExtensions/Commands/TimeoutCommand.cs:33)
UnityEngine.TestTools.IgnoreTestCommand/<ExecuteEnumerable>d__3:MoveNext () (at ./Library/PackageCache/com.unity.test-framework@1.3.9/UnityEngine.TestRunner/NUnitExtensions/Commands/IgnoreTestCommand.cs:42)
UnityEngine.TestTools.StrictCheckCommand/<ExecuteEnumerable>d__2:MoveNext () (at ./Library/PackageCache/com.unity.test-framework@1.3.9/UnityEngine.TestRunner/NUnitExtensions/Commands/StrictCheckCommand.cs:29)
UnityEngine.TestRunner.NUnitExtensions.Runner.DefaultTestWorkItem/<PerformWork>d__2:MoveNext () (at ./Library/PackageCache/com.unity.test-framework@1.3.9/UnityEngine.TestRunner/NUnitExtensions/Runner/DefaultTestWorkItem.cs:50)
UnityEngine.TestRunner.NUnitExtensions.Runner.CompositeWorkItem/<RunChildren>d__16:MoveNext () (at ./Library/PackageCache/com.unity.test-framework@1.3.9/UnityEngine.TestRunner/NUnitExtensions/Runner/CompositeWorkItem.cs:197)
UnityEngine.TestRunner.NUnitExtensions.Runner.CompositeWorkItem/<PerformWork>d__12:MoveNext () (at ./Library/PackageCache/com.unity.test-framework@1.3.9/UnityEngine.TestRunner/NUnitExtensions/Runner/CompositeWorkItem.cs:76)
UnityEngine.TestRunner.NUnitExtensions.Runner.CompositeWorkItem/<RunChildren>d__16:MoveNext () (at ./Library/PackageCache/com.unity.test-framework@1.3.9/UnityEngine.TestRunner/NUnitExtensions/Runner/CompositeWorkItem.cs:197)
UnityEngine.TestRunner.NUnitExtensions.Runner.CompositeWorkItem/<PerformWork>d__12:MoveNext () (at ./Library/PackageCache/com.unity.test-framework@1.3.9/UnityEngine.TestRunner/NUnitExtensions/Runner/CompositeWorkItem.cs:76)
UnityEngine.TestRunner.NUnitExtensions.Runner.CompositeWorkItem/<RunChildren>d__16:MoveNext () (at ./Library/PackageCache/com.unity.test-framework@1.3.9/UnityEngine.TestRunner/NUnitExtensions/Runner/CompositeWorkItem.cs:197)
UnityEngine.TestRunner.NUnitExtensions.Runner.CompositeWorkItem/<PerformWork>d__12:MoveNext () (at ./Library/PackageCache/com.unity.test-framework@1.3.9/UnityEngine.TestRunner/NUnitExtensions/Runner/CompositeWorkItem.cs:76)
UnityEngine.TestRunner.NUnitExtensions.Runner.CompositeWorkItem/<RunChildren>d__16:MoveNext () (at ./Library/PackageCache/com.unity.test-framework@1.3.9/UnityEngine.TestRunner/NUnitExtensions/Runner/CompositeWorkItem.cs:197)
UnityEngine.TestRunner.NUnitExtensions.Runner.CompositeWorkItem/<PerformWork>d__12:MoveNext () (at ./Library/PackageCache/com.unity.test-framework@1.3.9/UnityEngine.TestRunner/NUnitExtensions/Runner/CompositeWorkItem.cs:76)
UnityEngine.TestRunner.NUnitExtensions.Runner.CompositeWorkItem/<RunChildren>d__16:MoveNext () (at ./Library/PackageCache/com.unity.test-framework@1.3.9/UnityEngine.TestRunner/NUnitExtensions/Runner/CompositeWorkItem.cs:197)
UnityEngine.TestRunner.NUnitExtensions.Runner.CompositeWorkItem/<PerformWork>d__12:MoveNext () (at ./Library/PackageCache/com.unity.test-framework@1.3.9/UnityEngine.TestRunner/NUnitExtensions/Runner/CompositeWorkItem.cs:76)
UnityEngine.TestRunner.NUnitExtensions.Runner.CompositeWorkItem/<RunChildren>d__16:MoveNext () (at ./Library/PackageCache/com.unity.test-framework@1.3.9/UnityEngine.TestRunner/NUnitExtensions/Runner/CompositeWorkItem.cs:197)
UnityEngine.TestRunner.NUnitExtensions.Runner.CompositeWorkItem/<PerformWork>d__12:MoveNext () (at ./Library/PackageCache/com.unity.test-framework@1.3.9/UnityEngine.TestRunner/NUnitExtensions/Runner/CompositeWorkItem.cs:76)
UnityEditor.TestTools.TestRunner.EditModeRunner:MoveNextAndUpdateYieldObject () (at ./Library/PackageCache/com.unity.test-framework@1.3.9/UnityEditor.TestRunner/TestRunner/EditModeRunner.cs:164)
UnityEditor.TestTools.TestRunner.EditModeRunner:TestConsumer (UnityEditor.TestTools.TestRunner.TestRunnerStateSerializer) (at ./Library/PackageCache/com.unity.test-framework@1.3.9/UnityEditor.TestRunner/TestRunner/EditModeRunner.cs:197)
UnityEditor.TestTools.TestRunner.TestRun.Tasks.EditModeRunTask/<Execute>d__1:MoveNext () (at ./Library/PackageCache/com.unity.test-framework@1.3.9/UnityEditor.TestRunner/TestRun/Tasks/EditModeRunTask.cs:47)
UnityEditor.TestTools.TestRunner.TestRun.TestJobRunner:ExecuteStep () (at ./Library/PackageCache/com.unity.test-framework@1.3.9/UnityEditor.TestRunner/TestRun/TestJobRunner.cs:172)
UnityEditor.TestTools.TestRunner.TestRun.TestJobRunner:ExecuteCallback () (at ./Library/PackageCache/com.unity.test-framework@1.3.9/UnityEditor.TestRunner/TestRun/TestJobRunner.cs:108)
UnityEditor.EditorApplication:Internal_CallUpdateFunctions ()

(Filename: Assets/_Project/Scripts/BehaviourTrees/BehaviourTree.cs Line: 119)

[BehaviourTree] Blocker inserted for ThreatAudit (retained_counsel).
UnityEngine.StackTraceUtility:ExtractStackTrace ()
UnityEngine.DebugLogHandler:LogFormat (UnityEngine.LogType,UnityEngine.Object,string,object[])
UnityEngine.Logger:Log (UnityEngine.LogType,object)
UnityEngine.Debug:Log (object)
Desk42.BehaviourTrees.BehaviourTree:InsertBlockerForCard (string,string) (at Assets/_Project/Scripts/BehaviourTrees/BehaviourTree.cs:119)
Desk42.Tests.EditMode.BSMTests:CSM_TryInject_BlockedByBTBlocker () (at Assets/_Project/Tests/EditMode/BSMTests.cs:633)
System.Reflection.RuntimeMethodInfo:Invoke (object,System.Reflection.BindingFlags,System.Reflection.Binder,object[],System.Globalization.CultureInfo)
System.Reflection.MethodBase:Invoke (object,object[])
NUnit.Framework.Internal.Reflect:InvokeMethod (System.Reflection.MethodInfo,object,object[])
NUnit.Framework.Internal.MethodWrapper:Invoke (object,object[])
NUnit.Framework.Internal.Commands.TestMethodCommand:RunNonAsyncTestMethod (NUnit.Framework.Internal.ITestExecutionContext)
NUnit.Framework.Internal.Commands.TestMethodCommand:RunTestMethod (NUnit.Framework.Internal.ITestExecutionContext)
NUnit.Framework.Internal.Commands.TestMethodCommand:Execute (NUnit.Framework.Internal.ITestExecutionContext)
UnityEngine.TestTools.UnityTestMethodCommand:Execute (NUnit.Framework.Internal.ITestExecutionContext) (at ./Library/PackageCache/com.unity.test-framework@1.3.9/UnityEngine.TestRunner/NUnitExtensions/Commands/UnityTestMethodCommand.cs:16)
UnityEngine.TestRunner.NUnitExtensions.Runner.UnityLogCheckDelegatingCommand/<>c__DisplayClass2_0:<Execute>b__0 () (at ./Library/PackageCache/com.unity.test-framework@1.3.9/UnityEngine.TestRunner/NUnitExtensions/Runner/UnityLogCheckDelegatingCommand.cs:24)
UnityEngine.TestRunner.NUnitExtensions.Runner.UnityLogCheckDelegatingCommand:CaptureException (NUnit.Framework.Internal.TestResult,System.Action) (at ./Library/PackageCache/com.unity.test-framework@1.3.9/UnityEngine.TestRunner/NUnitExtensions/Runner/UnityLogCheckDelegatingCommand.cs:68)
UnityEngine.TestRunner.NUnitExtensions.Runner.UnityLogCheckDelegatingCommand:ExecuteAndCheckLog (UnityEngine.TestTools.Logging.LogScope,NUnit.Framework.Internal.TestResult,System.Action) (at ./Library/PackageCache/com.unity.test-framework@1.3.9/UnityEngine.TestRunner/NUnitExtensions/Runner/UnityLogCheckDelegatingCommand.cs:79)
UnityEngine.TestRunner.NUnitExtensions.Runner.UnityLogCheckDelegatingCommand:Execute (NUnit.Framework.Internal.ITestExecutionContext) (at ./Library/PackageCache/com.unity.test-framework@1.3.9/UnityEngine.TestRunner/NUnitExtensions/Runner/UnityLogCheckDelegatingCommand.cs:24)
UnityEngine.TestRunner.NUnitExtensions.Runner.UnityLogCheckDelegatingCommand/<ExecuteEnumerable>d__3:MoveNext () (at ./Library/PackageCache/com.unity.test-framework@1.3.9/UnityEngine.TestRunner/NUnitExtensions/Runner/UnityLogCheckDelegatingCommand.cs:35)
UnityEngine.TestTools.BeforeAfterTestCommandBase`1/<ExecuteEnumerable>d__14<NUnit.Framework.ITestAction>:MoveNext () (at ./Library/PackageCache/com.unity.test-framework@1.3.9/UnityEngine.TestRunner/NUnitExtensions/Commands/BeforeAfterTestCommandBase.cs:173)
UnityEngine.TestTools.ImmediateEnumerableCommand:Execute (NUnit.Framework.Internal.ITestExecutionContext) (at ./Library/PackageCache/com.unity.test-framework@1.3.9/UnityEngine.TestRunner/NUnitExtensions/Commands/ImmediateEnumerableCommand.cs:18)
UnityEngine.TestTools.BeforeAfterTestCommandBase`1/<ExecuteEnumerable>d__14<System.Reflection.MethodInfo>:MoveNext () (at ./Library/PackageCache/com.unity.test-framework@1.3.9/UnityEngine.TestRunner/NUnitExtensions/Commands/BeforeAfterTestCommandBase.cs:181)
UnityEngine.TestTools.BeforeAfterTestCommandBase`1/<ExecuteEnumerable>d__14<System.Reflection.MethodInfo>:MoveNext () (at ./Library/PackageCache/com.unity.test-framework@1.3.9/UnityEngine.TestRunner/NUnitExtensions/Commands/BeforeAfterTestCommandBase.cs:173)
UnityEngine.TestTools.BeforeAfterTestCommandBase`1/<ExecuteEnumerable>d__14<UnityEngine.TestTools.IOuterUnityTestAction>:MoveNext () (at ./Library/PackageCache/com.unity.test-framework@1.3.9/UnityEngine.TestRunner/NUnitExtensions/Commands/BeforeAfterTestCommandBase.cs:173)
UnityEngine.TestTools.RetryCommand/<ExecuteEnumerable>d__2:MoveNext () (at ./Library/PackageCache/com.unity.test-framework@1.3.9/UnityEngine.TestRunner/NUnitExtensions/Commands/RetryCommand.cs:37)
UnityEngine.TestTools.RepeatCommand/<ExecuteEnumerable>d__2:MoveNext () (at ./Library/PackageCache/com.unity.test-framework@1.3.9/UnityEngine.TestRunner/NUnitExtensions/Commands/RepeatCommand.cs:36)
UnityEngine.TestTools.TimeoutCommand/<ExecuteEnumerable>d__3:MoveNext () (at ./Library/PackageCache/com.unity.test-framework@1.3.9/UnityEngine.TestRunner/NUnitExtensions/Commands/TimeoutCommand.cs:33)
UnityEngine.TestTools.IgnoreTestCommand/<ExecuteEnumerable>d__3:MoveNext () (at ./Library/PackageCache/com.unity.test-framework@1.3.9/UnityEngine.TestRunner/NUnitExtensions/Commands/IgnoreTestCommand.cs:42)
UnityEngine.TestTools.StrictCheckCommand/<ExecuteEnumerable>d__2:MoveNext () (at ./Library/PackageCache/com.unity.test-framework@1.3.9/UnityEngine.TestRunner/NUnitExtensions/Commands/StrictCheckCommand.cs:29)
UnityEngine.TestRunner.NUnitExtensions.Runner.DefaultTestWorkItem/<PerformWork>d__2:MoveNext () (at ./Library/PackageCache/com.unity.test-framework@1.3.9/UnityEngine.TestRunner/NUnitExtensions/Runner/DefaultTestWorkItem.cs:50)
UnityEngine.TestRunner.NUnitExtensions.Runner.CompositeWorkItem/<RunChildren>d__16:MoveNext () (at ./Library/PackageCache/com.unity.test-framework@1.3.9/UnityEngine.TestRunner/NUnitExtensions/Runner/CompositeWorkItem.cs:197)
UnityEngine.TestRunner.NUnitExtensions.Runner.CompositeWorkItem/<PerformWork>d__12:MoveNext () (at ./Library/PackageCache/com.unity.test-framework@1.3.9/UnityEngine.TestRunner/NUnitExtensions/Runner/CompositeWorkItem.cs:76)
UnityEngine.TestRunner.NUnitExtensions.Runner.CompositeWorkItem/<RunChildren>d__16:MoveNext () (at ./Library/PackageCache/com.unity.test-framework@1.3.9/UnityEngine.TestRunner/NUnitExtensions/Runner/CompositeWorkItem.cs:197)
UnityEngine.TestRunner.NUnitExtensions.Runner.CompositeWorkItem/<PerformWork>d__12:MoveNext () (at ./Library/PackageCache/com.unity.test-framework@1.3.9/UnityEngine.TestRunner/NUnitExtensions/Runner/CompositeWorkItem.cs:76)
UnityEngine.TestRunner.NUnitExtensions.Runner.CompositeWorkItem/<RunChildren>d__16:MoveNext () (at ./Library/PackageCache/com.unity.test-framework@1.3.9/UnityEngine.TestRunner/NUnitExtensions/Runner/CompositeWorkItem.cs:197)
UnityEngine.TestRunner.NUnitExtensions.Runner.CompositeWorkItem/<PerformWork>d__12:MoveNext () (at ./Library/PackageCache/com.unity.test-framework@1.3.9/UnityEngine.TestRunner/NUnitExtensions/Runner/CompositeWorkItem.cs:76)
UnityEngine.TestRunner.NUnitExtensions.Runner.CompositeWorkItem/<RunChildren>d__16:MoveNext () (at ./Library/PackageCache/com.unity.test-framework@1.3.9/UnityEngine.TestRunner/NUnitExtensions/Runner/CompositeWorkItem.cs:197)
UnityEngine.TestRunner.NUnitExtensions.Runner.CompositeWorkItem/<PerformWork>d__12:MoveNext () (at ./Library/PackageCache/com.unity.test-framework@1.3.9/UnityEngine.TestRunner/NUnitExtensions/Runner/CompositeWorkItem.cs:76)
UnityEngine.TestRunner.NUnitExtensions.Runner.CompositeWorkItem/<RunChildren>d__16:MoveNext () (at ./Library/PackageCache/com.unity.test-framework@1.3.9/UnityEngine.TestRunner/NUnitExtensions/Runner/CompositeWorkItem.cs:197)
UnityEngine.TestRunner.NUnitExtensions.Runner.CompositeWorkItem/<PerformWork>d__12:MoveNext () (at ./Library/PackageCache/com.unity.test-framework@1.3.9/UnityEngine.TestRunner/NUnitExtensions/Runner/CompositeWorkItem.cs:76)
UnityEngine.TestRunner.NUnitExtensions.Runner.CompositeWorkItem/<RunChildren>d__16:MoveNext () (at ./Library/PackageCache/com.unity.test-framework@1.3.9/UnityEngine.TestRunner/NUnitExtensions/Runner/CompositeWorkItem.cs:197)
UnityEngine.TestRunner.NUnitExtensions.Runner.CompositeWorkItem/<PerformWork>d__12:MoveNext () (at ./Library/PackageCache/com.unity.test-framework@1.3.9/UnityEngine.TestRunner/NUnitExtensions/Runner/CompositeWorkItem.cs:76)
UnityEditor.TestTools.TestRunner.EditModeRunner:MoveNextAndUpdateYieldObject () (at ./Library/PackageCache/com.unity.test-framework@1.3.9/UnityEditor.TestRunner/TestRunner/EditModeRunner.cs:164)
UnityEditor.TestTools.TestRunner.EditModeRunner:TestConsumer (UnityEditor.TestTools.TestRunner.TestRunnerStateSerializer) (at ./Library/PackageCache/com.unity.test-framework@1.3.9/UnityEditor.TestRunner/TestRunner/EditModeRunner.cs:197)
UnityEditor.TestTools.TestRunner.TestRun.Tasks.EditModeRunTask/<Execute>d__1:MoveNext () (at ./Library/PackageCache/com.unity.test-framework@1.3.9/UnityEditor.TestRunner/TestRun/Tasks/EditModeRunTask.cs:47)
UnityEditor.TestTools.TestRunner.TestRun.TestJobRunner:ExecuteStep () (at ./Library/PackageCache/com.unity.test-framework@1.3.9/UnityEditor.TestRunner/TestRun/TestJobRunner.cs:172)
UnityEditor.TestTools.TestRunner.TestRun.TestJobRunner:ExecuteCallback () (at ./Library/PackageCache/com.unity.test-framework@1.3.9/UnityEditor.TestRunner/TestRun/TestJobRunner.cs:108)
UnityEditor.EditorApplication:Internal_CallUpdateFunctions ()

(Filename: Assets/_Project/Scripts/BehaviourTrees/BehaviourTree.cs Line: 119)

[TransitionTable] Rule matched: PendingReview -> Cooperative (P:999) -> Cooperative
UnityEngine.StackTraceUtility:ExtractStackTrace ()
UnityEngine.DebugLogHandler:LogFormat (UnityEngine.LogType,UnityEngine.Object,string,object[])
UnityEngine.Logger:Log (UnityEngine.LogType,object)
UnityEngine.Debug:Log (object)
Desk42.BSM.Transitions.TransitionTable:Resolve (Desk42.BSM.Transitions.TransitionContext) (at Assets/_Project/Scripts/BSM/Transitions/TransitionTable.cs:62)
Desk42.BSM.ClientStateMachine:TryInject (string,single) (at Assets/_Project/Scripts/BSM/ClientStateMachine.cs:184)
Desk42.Tests.EditMode.BSMTests:CSM_TryInject_FiresOnStateChangedEvent () (at Assets/_Project/Tests/EditMode/BSMTests.cs:739)
System.Reflection.RuntimeMethodInfo:Invoke (object,System.Reflection.BindingFlags,System.Reflection.Binder,object[],System.Globalization.CultureInfo)
System.Reflection.MethodBase:Invoke (object,object[])
NUnit.Framework.Internal.Reflect:InvokeMethod (System.Reflection.MethodInfo,object,object[])
NUnit.Framework.Internal.MethodWrapper:Invoke (object,object[])
NUnit.Framework.Internal.Commands.TestMethodCommand:RunNonAsyncTestMethod (NUnit.Framework.Internal.ITestExecutionContext)
NUnit.Framework.Internal.Commands.TestMethodCommand:RunTestMethod (NUnit.Framework.Internal.ITestExecutionContext)
NUnit.Framework.Internal.Commands.TestMethodCommand:Execute (NUnit.Framework.Internal.ITestExecutionContext)
UnityEngine.TestTools.UnityTestMethodCommand:Execute (NUnit.Framework.Internal.ITestExecutionContext) (at ./Library/PackageCache/com.unity.test-framework@1.3.9/UnityEngine.TestRunner/NUnitExtensions/Commands/UnityTestMethodCommand.cs:16)
UnityEngine.TestRunner.NUnitExtensions.Runner.UnityLogCheckDelegatingCommand/<>c__DisplayClass2_0:<Execute>b__0 () (at ./Library/PackageCache/com.unity.test-framework@1.3.9/UnityEngine.TestRunner/NUnitExtensions/Runner/UnityLogCheckDelegatingCommand.cs:24)
UnityEngine.TestRunner.NUnitExtensions.Runner.UnityLogCheckDelegatingCommand:CaptureException (NUnit.Framework.Internal.TestResult,System.Action) (at ./Library/PackageCache/com.unity.test-framework@1.3.9/UnityEngine.TestRunner/NUnitExtensions/Runner/UnityLogCheckDelegatingCommand.cs:68)
UnityEngine.TestRunner.NUnitExtensions.Runner.UnityLogCheckDelegatingCommand:ExecuteAndCheckLog (UnityEngine.TestTools.Logging.LogScope,NUnit.Framework.Internal.TestResult,System.Action) (at ./Library/PackageCache/com.unity.test-framework@1.3.9/UnityEngine.TestRunner/NUnitExtensions/Runner/UnityLogCheckDelegatingCommand.cs:79)
UnityEngine.TestRunner.NUnitExtensions.Runner.UnityLogCheckDelegatingCommand:Execute (NUnit.Framework.Internal.ITestExecutionContext) (at ./Library/PackageCache/com.unity.test-framework@1.3.9/UnityEngine.TestRunner/NUnitExtensions/Runner/UnityLogCheckDelegatingCommand.cs:24)
UnityEngine.TestRunner.NUnitExtensions.Runner.UnityLogCheckDelegatingCommand/<ExecuteEnumerable>d__3:MoveNext () (at ./Library/PackageCache/com.unity.test-framework@1.3.9/UnityEngine.TestRunner/NUnitExtensions/Runner/UnityLogCheckDelegatingCommand.cs:35)
UnityEngine.TestTools.BeforeAfterTestCommandBase`1/<ExecuteEnumerable>d__14<NUnit.Framework.ITestAction>:MoveNext () (at ./Library/PackageCache/com.unity.test-framework@1.3.9/UnityEngine.TestRunner/NUnitExtensions/Commands/BeforeAfterTestCommandBase.cs:173)
UnityEngine.TestTools.ImmediateEnumerableCommand:Execute (NUnit.Framework.Internal.ITestExecutionContext) (at ./Library/PackageCache/com.unity.test-framework@1.3.9/UnityEngine.TestRunner/NUnitExtensions/Commands/ImmediateEnumerableCommand.cs:18)
UnityEngine.TestTools.BeforeAfterTestCommandBase`1/<ExecuteEnumerable>d__14<System.Reflection.MethodInfo>:MoveNext () (at ./Library/PackageCache/com.unity.test-framework@1.3.9/UnityEngine.TestRunner/NUnitExtensions/Commands/BeforeAfterTestCommandBase.cs:181)
UnityEngine.TestTools.BeforeAfterTestCommandBase`1/<ExecuteEnumerable>d__14<System.Reflection.MethodInfo>:MoveNext () (at ./Library/PackageCache/com.unity.test-framework@1.3.9/UnityEngine.TestRunner/NUnitExtensions/Commands/BeforeAfterTestCommandBase.cs:173)
UnityEngine.TestTools.BeforeAfterTestCommandBase`1/<ExecuteEnumerable>d__14<UnityEngine.TestTools.IOuterUnityTestAction>:MoveNext () (at ./Library/PackageCache/com.unity.test-framework@1.3.9/UnityEngine.TestRunner/NUnitExtensions/Commands/BeforeAfterTestCommandBase.cs:173)
UnityEngine.TestTools.RetryCommand/<ExecuteEnumerable>d__2:MoveNext () (at ./Library/PackageCache/com.unity.test-framework@1.3.9/UnityEngine.TestRunner/NUnitExtensions/Commands/RetryCommand.cs:37)
UnityEngine.TestTools.RepeatCommand/<ExecuteEnumerable>d__2:MoveNext () (at ./Library/PackageCache/com.unity.test-framework@1.3.9/UnityEngine.TestRunner/NUnitExtensions/Commands/RepeatCommand.cs:36)
UnityEngine.TestTools.TimeoutCommand/<ExecuteEnumerable>d__3:MoveNext () (at ./Library/PackageCache/com.unity.test-framework@1.3.9/UnityEngine.TestRunner/NUnitExtensions/Commands/TimeoutCommand.cs:33)
UnityEngine.TestTools.IgnoreTestCommand/<ExecuteEnumerable>d__3:MoveNext () (at ./Library/PackageCache/com.unity.test-framework@1.3.9/UnityEngine.TestRunner/NUnitExtensions/Commands/IgnoreTestCommand.cs:42)
UnityEngine.TestTools.StrictCheckCommand/<ExecuteEnumerable>d__2:MoveNext () (at ./Library/PackageCache/com.unity.test-framework@1.3.9/UnityEngine.TestRunner/NUnitExtensions/Commands/StrictCheckCommand.cs:29)
UnityEngine.TestRunner.NUnitExtensions.Runner.DefaultTestWorkItem/<PerformWork>d__2:MoveNext () (at ./Library/PackageCache/com.unity.test-framework@1.3.9/UnityEngine.TestRunner/NUnitExtensions/Runner/DefaultTestWorkItem.cs:50)
UnityEngine.TestRunner.NUnitExtensions.Runner.CompositeWorkItem/<RunChildren>d__16:MoveNext () (at ./Library/PackageCache/com.unity.test-framework@1.3.9/UnityEngine.TestRunner/NUnitExtensions/Runner/CompositeWorkItem.cs:197)
UnityEngine.TestRunner.NUnitExtensions.Runner.CompositeWorkItem/<PerformWork>d__12:MoveNext () (at ./Library/PackageCache/com.unity.test-framework@1.3.9/UnityEngine.TestRunner/NUnitExtensions/Runner/CompositeWorkItem.cs:76)
UnityEngine.TestRunner.NUnitExtensions.Runner.CompositeWorkItem/<RunChildren>d__16:MoveNext () (at ./Library/PackageCache/com.unity.test-framework@1.3.9/UnityEngine.TestRunner/NUnitExtensions/Runner/CompositeWorkItem.cs:197)
UnityEngine.TestRunner.NUnitExtensions.Runner.CompositeWorkItem/<PerformWork>d__12:MoveNext () (at ./Library/PackageCache/com.unity.test-framework@1.3.9/UnityEngine.TestRunner/NUnitExtensions/Runner/CompositeWorkItem.cs:76)
UnityEngine.TestRunner.NUnitExtensions.Runner.CompositeWorkItem/<RunChildren>d__16:MoveNext () (at ./Library/PackageCache/com.unity.test-framework@1.3.9/UnityEngine.TestRunner/NUnitExtensions/Runner/CompositeWorkItem.cs:197)
UnityEngine.TestRunner.NUnitExtensions.Runner.CompositeWorkItem/<PerformWork>d__12:MoveNext () (at ./Library/PackageCache/com.unity.test-framework@1.3.9/UnityEngine.TestRunner/NUnitExtensions/Runner/CompositeWorkItem.cs:76)
UnityEngine.TestRunner.NUnitExtensions.Runner.CompositeWorkItem/<RunChildren>d__16:MoveNext () (at ./Library/PackageCache/com.unity.test-framework@1.3.9/UnityEngine.TestRunner/NUnitExtensions/Runner/CompositeWorkItem.cs:197)
UnityEngine.TestRunner.NUnitExtensions.Runner.CompositeWorkItem/<PerformWork>d__12:MoveNext () (at ./Library/PackageCache/com.unity.test-framework@1.3.9/UnityEngine.TestRunner/NUnitExtensions/Runner/CompositeWorkItem.cs:76)
UnityEngine.TestRunner.NUnitExtensions.Runner.CompositeWorkItem/<RunChildren>d__16:MoveNext () (at ./Library/PackageCache/com.unity.test-framework@1.3.9/UnityEngine.TestRunner/NUnitExtensions/Runner/CompositeWorkItem.cs:197)
UnityEngine.TestRunner.NUnitExtensions.Runner.CompositeWorkItem/<PerformWork>d__12:MoveNext () (at ./Library/PackageCache/com.unity.test-framework@1.3.9/UnityEngine.TestRunner/NUnitExtensions/Runner/CompositeWorkItem.cs:76)
UnityEngine.TestRunner.NUnitExtensions.Runner.CompositeWorkItem/<RunChildren>d__16:MoveNext () (at ./Library/PackageCache/com.unity.test-framework@1.3.9/UnityEngine.TestRunner/NUnitExtensions/Runner/CompositeWorkItem.cs:197)
UnityEngine.TestRunner.NUnitExtensions.Runner.CompositeWorkItem/<PerformWork>d__12:MoveNext () (at ./Library/PackageCache/com.unity.test-framework@1.3.9/UnityEngine.TestRunner/NUnitExtensions/Runner/CompositeWorkItem.cs:76)
UnityEditor.TestTools.TestRunner.EditModeRunner:MoveNextAndUpdateYieldObject () (at ./Library/PackageCache/com.unity.test-framework@1.3.9/UnityEditor.TestRunner/TestRunner/EditModeRunner.cs:164)
UnityEditor.TestTools.TestRunner.EditModeRunner:TestConsumer (UnityEditor.TestTools.TestRunner.TestRunnerStateSerializer) (at ./Library/PackageCache/com.unity.test-framework@1.3.9/UnityEditor.TestRunner/TestRunner/EditModeRunner.cs:197)
UnityEditor.TestTools.TestRunner.TestRun.Tasks.EditModeRunTask/<Execute>d__1:MoveNext () (at ./Library/PackageCache/com.unity.test-framework@1.3.9/UnityEditor.TestRunner/TestRun/Tasks/EditModeRunTask.cs:47)
UnityEditor.TestTools.TestRunner.TestRun.TestJobRunner:ExecuteStep () (at ./Library/PackageCache/com.unity.test-framework@1.3.9/UnityEditor.TestRunner/TestRun/TestJobRunner.cs:172)
UnityEditor.TestTools.TestRunner.TestRun.TestJobRunner:ExecuteCallback () (at ./Library/PackageCache/com.unity.test-framework@1.3.9/UnityEditor.TestRunner/TestRun/TestJobRunner.cs:108)
UnityEditor.EditorApplication:Internal_CallUpdateFunctions ()

(Filename: Assets/_Project/Scripts/BSM/Transitions/TransitionTable.cs Line: 62)

[StateStack] Pushed Pending (duration: 5s, depth: 1)
UnityEngine.StackTraceUtility:ExtractStackTrace ()
UnityEngine.DebugLogHandler:LogFormat (UnityEngine.LogType,UnityEngine.Object,string,object[])
UnityEngine.Logger:Log (UnityEngine.LogType,object)
UnityEngine.Debug:Log (object)
Desk42.BSM.ClientStateStack:Push (Desk42.BSM.IClientState,Desk42.BSM.ClientContext) (at Assets/_Project/Scripts/BSM/ClientStateStack.cs:80)
Desk42.BSM.ClientStateMachine:TryInject (string,single) (at Assets/_Project/Scripts/BSM/ClientStateMachine.cs:198)
Desk42.Tests.EditMode.BSMTests:CSM_TryInject_FiresOnStateChangedEvent () (at Assets/_Project/Tests/EditMode/BSMTests.cs:739)
System.Reflection.RuntimeMethodInfo:Invoke (object,System.Reflection.BindingFlags,System.Reflection.Binder,object[],System.Globalization.CultureInfo)
System.Reflection.MethodBase:Invoke (object,object[])
NUnit.Framework.Internal.Reflect:InvokeMethod (System.Reflection.MethodInfo,object,object[])
NUnit.Framework.Internal.MethodWrapper:Invoke (object,object[])
NUnit.Framework.Internal.Commands.TestMethodCommand:RunNonAsyncTestMethod (NUnit.Framework.Internal.ITestExecutionContext)
NUnit.Framework.Internal.Commands.TestMethodCommand:RunTestMethod (NUnit.Framework.Internal.ITestExecutionContext)
NUnit.Framework.Internal.Commands.TestMethodCommand:Execute (NUnit.Framework.Internal.ITestExecutionContext)
UnityEngine.TestTools.UnityTestMethodCommand:Execute (NUnit.Framework.Internal.ITestExecutionContext) (at ./Library/PackageCache/com.unity.test-framework@1.3.9/UnityEngine.TestRunner/NUnitExtensions/Commands/UnityTestMethodCommand.cs:16)
UnityEngine.TestRunner.NUnitExtensions.Runner.UnityLogCheckDelegatingCommand/<>c__DisplayClass2_0:<Execute>b__0 () (at ./Library/PackageCache/com.unity.test-framework@1.3.9/UnityEngine.TestRunner/NUnitExtensions/Runner/UnityLogCheckDelegatingCommand.cs:24)
UnityEngine.TestRunner.NUnitExtensions.Runner.UnityLogCheckDelegatingCommand:CaptureException (NUnit.Framework.Internal.TestResult,System.Action) (at ./Library/PackageCache/com.unity.test-framework@1.3.9/UnityEngine.TestRunner/NUnitExtensions/Runner/UnityLogCheckDelegatingCommand.cs:68)
UnityEngine.TestRunner.NUnitExtensions.Runner.UnityLogCheckDelegatingCommand:ExecuteAndCheckLog (UnityEngine.TestTools.Logging.LogScope,NUnit.Framework.Internal.TestResult,System.Action) (at ./Library/PackageCache/com.unity.test-framework@1.3.9/UnityEngine.TestRunner/NUnitExtensions/Runner/UnityLogCheckDelegatingCommand.cs:79)
UnityEngine.TestRunner.NUnitExtensions.Runner.UnityLogCheckDelegatingCommand:Execute (NUnit.Framework.Internal.ITestExecutionContext) (at ./Library/PackageCache/com.unity.test-framework@1.3.9/UnityEngine.TestRunner/NUnitExtensions/Runner/UnityLogCheckDelegatingCommand.cs:24)
UnityEngine.TestRunner.NUnitExtensions.Runner.UnityLogCheckDelegatingCommand/<ExecuteEnumerable>d__3:MoveNext () (at ./Library/PackageCache/com.unity.test-framework@1.3.9/UnityEngine.TestRunner/NUnitExtensions/Runner/UnityLogCheckDelegatingCommand.cs:35)
UnityEngine.TestTools.BeforeAfterTestCommandBase`1/<ExecuteEnumerable>d__14<NUnit.Framework.ITestAction>:MoveNext () (at ./Library/PackageCache/com.unity.test-framework@1.3.9/UnityEngine.TestRunner/NUnitExtensions/Commands/BeforeAfterTestCommandBase.cs:173)
UnityEngine.TestTools.ImmediateEnumerableCommand:Execute (NUnit.Framework.Internal.ITestExecutionContext) (at ./Library/PackageCache/com.unity.test-framework@1.3.9/UnityEngine.TestRunner/NUnitExtensions/Commands/ImmediateEnumerableCommand.cs:18)
UnityEngine.TestTools.BeforeAfterTestCommandBase`1/<ExecuteEnumerable>d__14<System.Reflection.MethodInfo>:MoveNext () (at ./Library/PackageCache/com.unity.test-framework@1.3.9/UnityEngine.TestRunner/NUnitExtensions/Commands/BeforeAfterTestCommandBase.cs:181)
UnityEngine.TestTools.BeforeAfterTestCommandBase`1/<ExecuteEnumerable>d__14<System.Reflection.MethodInfo>:MoveNext () (at ./Library/PackageCache/com.unity.test-framework@1.3.9/UnityEngine.TestRunner/NUnitExtensions/Commands/BeforeAfterTestCommandBase.cs:173)
UnityEngine.TestTools.BeforeAfterTestCommandBase`1/<ExecuteEnumerable>d__14<UnityEngine.TestTools.IOuterUnityTestAction>:MoveNext () (at ./Library/PackageCache/com.unity.test-framework@1.3.9/UnityEngine.TestRunner/NUnitExtensions/Commands/BeforeAfterTestCommandBase.cs:173)
UnityEngine.TestTools.RetryCommand/<ExecuteEnumerable>d__2:MoveNext () (at ./Library/PackageCache/com.unity.test-framework@1.3.9/UnityEngine.TestRunner/NUnitExtensions/Commands/RetryCommand.cs:37)
UnityEngine.TestTools.RepeatCommand/<ExecuteEnumerable>d__2:MoveNext () (at ./Library/PackageCache/com.unity.test-framework@1.3.9/UnityEngine.TestRunner/NUnitExtensions/Commands/RepeatCommand.cs:36)
UnityEngine.TestTools.TimeoutCommand/<ExecuteEnumerable>d__3:MoveNext () (at ./Library/PackageCache/com.unity.test-framework@1.3.9/UnityEngine.TestRunner/NUnitExtensions/Commands/TimeoutCommand.cs:33)
UnityEngine.TestTools.IgnoreTestCommand/<ExecuteEnumerable>d__3:MoveNext () (at ./Library/PackageCache/com.unity.test-framework@1.3.9/UnityEngine.TestRunner/NUnitExtensions/Commands/IgnoreTestCommand.cs:42)
UnityEngine.TestTools.StrictCheckCommand/<ExecuteEnumerable>d__2:MoveNext () (at ./Library/PackageCache/com.unity.test-framework@1.3.9/UnityEngine.TestRunner/NUnitExtensions/Commands/StrictCheckCommand.cs:29)
UnityEngine.TestRunner.NUnitExtensions.Runner.DefaultTestWorkItem/<PerformWork>d__2:MoveNext () (at ./Library/PackageCache/com.unity.test-framework@1.3.9/UnityEngine.TestRunner/NUnitExtensions/Runner/DefaultTestWorkItem.cs:50)
UnityEngine.TestRunner.NUnitExtensions.Runner.CompositeWorkItem/<RunChildren>d__16:MoveNext () (at ./Library/PackageCache/com.unity.test-framework@1.3.9/UnityEngine.TestRunner/NUnitExtensions/Runner/CompositeWorkItem.cs:197)
UnityEngine.TestRunner.NUnitExtensions.Runner.CompositeWorkItem/<PerformWork>d__12:MoveNext () (at ./Library/PackageCache/com.unity.test-framework@1.3.9/UnityEngine.TestRunner/NUnitExtensions/Runner/CompositeWorkItem.cs:76)
UnityEngine.TestRunner.NUnitExtensions.Runner.CompositeWorkItem/<RunChildren>d__16:MoveNext () (at ./Library/PackageCache/com.unity.test-framework@1.3.9/UnityEngine.TestRunner/NUnitExtensions/Runner/CompositeWorkItem.cs:197)
UnityEngine.TestRunner.NUnitExtensions.Runner.CompositeWorkItem/<PerformWork>d__12:MoveNext () (at ./Library/PackageCache/com.unity.test-framework@1.3.9/UnityEngine.TestRunner/NUnitExtensions/Runner/CompositeWorkItem.cs:76)
UnityEngine.TestRunner.NUnitExtensions.Runner.CompositeWorkItem/<RunChildren>d__16:MoveNext () (at ./Library/PackageCache/com.unity.test-framework@1.3.9/UnityEngine.TestRunner/NUnitExtensions/Runner/CompositeWorkItem.cs:197)
UnityEngine.TestRunner.NUnitExtensions.Runner.CompositeWorkItem/<PerformWork>d__12:MoveNext () (at ./Library/PackageCache/com.unity.test-framework@1.3.9/UnityEngine.TestRunner/NUnitExtensions/Runner/CompositeWorkItem.cs:76)
UnityEngine.TestRunner.NUnitExtensions.Runner.CompositeWorkItem/<RunChildren>d__16:MoveNext () (at ./Library/PackageCache/com.unity.test-framework@1.3.9/UnityEngine.TestRunner/NUnitExtensions/Runner/CompositeWorkItem.cs:197)
UnityEngine.TestRunner.NUnitExtensions.Runner.CompositeWorkItem/<PerformWork>d__12:MoveNext () (at ./Library/PackageCache/com.unity.test-framework@1.3.9/UnityEngine.TestRunner/NUnitExtensions/Runner/CompositeWorkItem.cs:76)
UnityEngine.TestRunner.NUnitExtensions.Runner.CompositeWorkItem/<RunChildren>d__16:MoveNext () (at ./Library/PackageCache/com.unity.test-framework@1.3.9/UnityEngine.TestRunner/NUnitExtensions/Runner/CompositeWorkItem.cs:197)
UnityEngine.TestRunner.NUnitExtensions.Runner.CompositeWorkItem/<PerformWork>d__12:MoveNext () (at ./Library/PackageCache/com.unity.test-framework@1.3.9/UnityEngine.TestRunner/NUnitExtensions/Runner/CompositeWorkItem.cs:76)
UnityEngine.TestRunner.NUnitExtensions.Runner.CompositeWorkItem/<RunChildren>d__16:MoveNext () (at ./Library/PackageCache/com.unity.test-framework@1.3.9/UnityEngine.TestRunner/NUnitExtensions/Runner/CompositeWorkItem.cs:197)
UnityEngine.TestRunner.NUnitExtensions.Runner.CompositeWorkItem/<PerformWork>d__12:MoveNext () (at ./Library/PackageCache/com.unity.test-framework@1.3.9/UnityEngine.TestRunner/NUnitExtensions/Runner/CompositeWorkItem.cs:76)
UnityEditor.TestTools.TestRunner.EditModeRunner:MoveNextAndUpdateYieldObject () (at ./Library/PackageCache/com.unity.test-framework@1.3.9/UnityEditor.TestRunner/TestRunner/EditModeRunner.cs:164)
UnityEditor.TestTools.TestRunner.EditModeRunner:TestConsumer (UnityEditor.TestTools.TestRunner.TestRunnerStateSerializer) (at ./Library/PackageCache/com.unity.test-framework@1.3.9/UnityEditor.TestRunner/TestRunner/EditModeRunner.cs:197)
UnityEditor.TestTools.TestRunner.TestRun.Tasks.EditModeRunTask/<Execute>d__1:MoveNext () (at ./Library/PackageCache/com.unity.test-framework@1.3.9/UnityEditor.TestRunner/TestRun/Tasks/EditModeRunTask.cs:47)
UnityEditor.TestTools.TestRunner.TestRun.TestJobRunner:ExecuteStep () (at ./Library/PackageCache/com.unity.test-framework@1.3.9/UnityEditor.TestRunner/TestRun/TestJobRunner.cs:172)
UnityEditor.TestTools.TestRunner.TestRun.TestJobRunner:ExecuteCallback () (at ./Library/PackageCache/com.unity.test-framework@1.3.9/UnityEditor.TestRunner/TestRun/TestJobRunner.cs:108)
UnityEditor.EditorApplication:Internal_CallUpdateFunctions ()

(Filename: Assets/_Project/Scripts/BSM/ClientStateStack.cs Line: 80)

[StateStack] Pushed Pending (duration: 5s, depth: 1)
UnityEngine.StackTraceUtility:ExtractStackTrace ()
UnityEngine.DebugLogHandler:LogFormat (UnityEngine.LogType,UnityEngine.Object,string,object[])
UnityEngine.Logger:Log (UnityEngine.LogType,object)
UnityEngine.Debug:Log (object)
Desk42.BSM.ClientStateStack:Push (Desk42.BSM.IClientState,Desk42.BSM.ClientContext) (at Assets/_Project/Scripts/BSM/ClientStateStack.cs:80)
Desk42.BSM.ClientStateMachine:TryInject (string,single) (at Assets/_Project/Scripts/BSM/ClientStateMachine.cs:198)
Desk42.Tests.EditMode.BSMTests:CSM_TryInject_PausesBaseBT () (at Assets/_Project/Tests/EditMode/BSMTests.cs:675)
System.Reflection.RuntimeMethodInfo:Invoke (object,System.Reflection.BindingFlags,System.Reflection.Binder,object[],System.Globalization.CultureInfo)
System.Reflection.MethodBase:Invoke (object,object[])
NUnit.Framework.Internal.Reflect:InvokeMethod (System.Reflection.MethodInfo,object,object[])
NUnit.Framework.Internal.MethodWrapper:Invoke (object,object[])
NUnit.Framework.Internal.Commands.TestMethodCommand:RunNonAsyncTestMethod (NUnit.Framework.Internal.ITestExecutionContext)
NUnit.Framework.Internal.Commands.TestMethodCommand:RunTestMethod (NUnit.Framework.Internal.ITestExecutionContext)
NUnit.Framework.Internal.Commands.TestMethodCommand:Execute (NUnit.Framework.Internal.ITestExecutionContext)
UnityEngine.TestTools.UnityTestMethodCommand:Execute (NUnit.Framework.Internal.ITestExecutionContext) (at ./Library/PackageCache/com.unity.test-framework@1.3.9/UnityEngine.TestRunner/NUnitExtensions/Commands/UnityTestMethodCommand.cs:16)
UnityEngine.TestRunner.NUnitExtensions.Runner.UnityLogCheckDelegatingCommand/<>c__DisplayClass2_0:<Execute>b__0 () (at ./Library/PackageCache/com.unity.test-framework@1.3.9/UnityEngine.TestRunner/NUnitExtensions/Runner/UnityLogCheckDelegatingCommand.cs:24)
UnityEngine.TestRunner.NUnitExtensions.Runner.UnityLogCheckDelegatingCommand:CaptureException (NUnit.Framework.Internal.TestResult,System.Action) (at ./Library/PackageCache/com.unity.test-framework@1.3.9/UnityEngine.TestRunner/NUnitExtensions/Runner/UnityLogCheckDelegatingCommand.cs:68)
UnityEngine.TestRunner.NUnitExtensions.Runner.UnityLogCheckDelegatingCommand:ExecuteAndCheckLog (UnityEngine.TestTools.Logging.LogScope,NUnit.Framework.Internal.TestResult,System.Action) (at ./Library/PackageCache/com.unity.test-framework@1.3.9/UnityEngine.TestRunner/NUnitExtensions/Runner/UnityLogCheckDelegatingCommand.cs:79)
UnityEngine.TestRunner.NUnitExtensions.Runner.UnityLogCheckDelegatingCommand:Execute (NUnit.Framework.Internal.ITestExecutionContext) (at ./Library/PackageCache/com.unity.test-framework@1.3.9/UnityEngine.TestRunner/NUnitExtensions/Runner/UnityLogCheckDelegatingCommand.cs:24)
UnityEngine.TestRunner.NUnitExtensions.Runner.UnityLogCheckDelegatingCommand/<ExecuteEnumerable>d__3:MoveNext () (at ./Library/PackageCache/com.unity.test-framework@1.3.9/UnityEngine.TestRunner/NUnitExtensions/Runner/UnityLogCheckDelegatingCommand.cs:35)
UnityEngine.TestTools.BeforeAfterTestCommandBase`1/<ExecuteEnumerable>d__14<NUnit.Framework.ITestAction>:MoveNext () (at ./Library/PackageCache/com.unity.test-framework@1.3.9/UnityEngine.TestRunner/NUnitExtensions/Commands/BeforeAfterTestCommandBase.cs:173)
UnityEngine.TestTools.ImmediateEnumerableCommand:Execute (NUnit.Framework.Internal.ITestExecutionContext) (at ./Library/PackageCache/com.unity.test-framework@1.3.9/UnityEngine.TestRunner/NUnitExtensions/Commands/ImmediateEnumerableCommand.cs:18)
UnityEngine.TestTools.BeforeAfterTestCommandBase`1/<ExecuteEnumerable>d__14<System.Reflection.MethodInfo>:MoveNext () (at ./Library/PackageCache/com.unity.test-framework@1.3.9/UnityEngine.TestRunner/NUnitExtensions/Commands/BeforeAfterTestCommandBase.cs:181)
UnityEngine.TestTools.BeforeAfterTestCommandBase`1/<ExecuteEnumerable>d__14<System.Reflection.MethodInfo>:MoveNext () (at ./Library/PackageCache/com.unity.test-framework@1.3.9/UnityEngine.TestRunner/NUnitExtensions/Commands/BeforeAfterTestCommandBase.cs:173)
UnityEngine.TestTools.BeforeAfterTestCommandBase`1/<ExecuteEnumerable>d__14<UnityEngine.TestTools.IOuterUnityTestAction>:MoveNext () (at ./Library/PackageCache/com.unity.test-framework@1.3.9/UnityEngine.TestRunner/NUnitExtensions/Commands/BeforeAfterTestCommandBase.cs:173)
UnityEngine.TestTools.RetryCommand/<ExecuteEnumerable>d__2:MoveNext () (at ./Library/PackageCache/com.unity.test-framework@1.3.9/UnityEngine.TestRunner/NUnitExtensions/Commands/RetryCommand.cs:37)
UnityEngine.TestTools.RepeatCommand/<ExecuteEnumerable>d__2:MoveNext () (at ./Library/PackageCache/com.unity.test-framework@1.3.9/UnityEngine.TestRunner/NUnitExtensions/Commands/RepeatCommand.cs:36)
UnityEngine.TestTools.TimeoutCommand/<ExecuteEnumerable>d__3:MoveNext () (at ./Library/PackageCache/com.unity.test-framework@1.3.9/UnityEngine.TestRunner/NUnitExtensions/Commands/TimeoutCommand.cs:33)
UnityEngine.TestTools.IgnoreTestCommand/<ExecuteEnumerable>d__3:MoveNext () (at ./Library/PackageCache/com.unity.test-framework@1.3.9/UnityEngine.TestRunner/NUnitExtensions/Commands/IgnoreTestCommand.cs:42)
UnityEngine.TestTools.StrictCheckCommand/<ExecuteEnumerable>d__2:MoveNext () (at ./Library/PackageCache/com.unity.test-framework@1.3.9/UnityEngine.TestRunner/NUnitExtensions/Commands/StrictCheckCommand.cs:29)
UnityEngine.TestRunner.NUnitExtensions.Runner.DefaultTestWorkItem/<PerformWork>d__2:MoveNext () (at ./Library/PackageCache/com.unity.test-framework@1.3.9/UnityEngine.TestRunner/NUnitExtensions/Runner/DefaultTestWorkItem.cs:50)
UnityEngine.TestRunner.NUnitExtensions.Runner.CompositeWorkItem/<RunChildren>d__16:MoveNext () (at ./Library/PackageCache/com.unity.test-framework@1.3.9/UnityEngine.TestRunner/NUnitExtensions/Runner/CompositeWorkItem.cs:197)
UnityEngine.TestRunner.NUnitExtensions.Runner.CompositeWorkItem/<PerformWork>d__12:MoveNext () (at ./Library/PackageCache/com.unity.test-framework@1.3.9/UnityEngine.TestRunner/NUnitExtensions/Runner/CompositeWorkItem.cs:76)
UnityEngine.TestRunner.NUnitExtensions.Runner.CompositeWorkItem/<RunChildren>d__16:MoveNext () (at ./Library/PackageCache/com.unity.test-framework@1.3.9/UnityEngine.TestRunner/NUnitExtensions/Runner/CompositeWorkItem.cs:197)
UnityEngine.TestRunner.NUnitExtensions.Runner.CompositeWorkItem/<PerformWork>d__12:MoveNext () (at ./Library/PackageCache/com.unity.test-framework@1.3.9/UnityEngine.TestRunner/NUnitExtensions/Runner/CompositeWorkItem.cs:76)
UnityEngine.TestRunner.NUnitExtensions.Runner.CompositeWorkItem/<RunChildren>d__16:MoveNext () (at ./Library/PackageCache/com.unity.test-framework@1.3.9/UnityEngine.TestRunner/NUnitExtensions/Runner/CompositeWorkItem.cs:197)
UnityEngine.TestRunner.NUnitExtensions.Runner.CompositeWorkItem/<PerformWork>d__12:MoveNext () (at ./Library/PackageCache/com.unity.test-framework@1.3.9/UnityEngine.TestRunner/NUnitExtensions/Runner/CompositeWorkItem.cs:76)
UnityEngine.TestRunner.NUnitExtensions.Runner.CompositeWorkItem/<RunChildren>d__16:MoveNext () (at ./Library/PackageCache/com.unity.test-framework@1.3.9/UnityEngine.TestRunner/NUnitExtensions/Runner/CompositeWorkItem.cs:197)
UnityEngine.TestRunner.NUnitExtensions.Runner.CompositeWorkItem/<PerformWork>d__12:MoveNext () (at ./Library/PackageCache/com.unity.test-framework@1.3.9/UnityEngine.TestRunner/NUnitExtensions/Runner/CompositeWorkItem.cs:76)
UnityEngine.TestRunner.NUnitExtensions.Runner.CompositeWorkItem/<RunChildren>d__16:MoveNext () (at ./Library/PackageCache/com.unity.test-framework@1.3.9/UnityEngine.TestRunner/NUnitExtensions/Runner/CompositeWorkItem.cs:197)
UnityEngine.TestRunner.NUnitExtensions.Runner.CompositeWorkItem/<PerformWork>d__12:MoveNext () (at ./Library/PackageCache/com.unity.test-framework@1.3.9/UnityEngine.TestRunner/NUnitExtensions/Runner/CompositeWorkItem.cs:76)
UnityEngine.TestRunner.NUnitExtensions.Runner.CompositeWorkItem/<RunChildren>d__16:MoveNext () (at ./Library/PackageCache/com.unity.test-framework@1.3.9/UnityEngine.TestRunner/NUnitExtensions/Runner/CompositeWorkItem.cs:197)
UnityEngine.TestRunner.NUnitExtensions.Runner.CompositeWorkItem/<PerformWork>d__12:MoveNext () (at ./Library/PackageCache/com.unity.test-framework@1.3.9/UnityEngine.TestRunner/NUnitExtensions/Runner/CompositeWorkItem.cs:76)
UnityEditor.TestTools.TestRunner.EditModeRunner:MoveNextAndUpdateYieldObject () (at ./Library/PackageCache/com.unity.test-framework@1.3.9/UnityEditor.TestRunner/TestRunner/EditModeRunner.cs:164)
UnityEditor.TestTools.TestRunner.EditModeRunner:TestConsumer (UnityEditor.TestTools.TestRunner.TestRunnerStateSerializer) (at ./Library/PackageCache/com.unity.test-framework@1.3.9/UnityEditor.TestRunner/TestRunner/EditModeRunner.cs:197)
UnityEditor.TestTools.TestRunner.TestRun.Tasks.EditModeRunTask/<Execute>d__1:MoveNext () (at ./Library/PackageCache/com.unity.test-framework@1.3.9/UnityEditor.TestRunner/TestRun/Tasks/EditModeRunTask.cs:47)
UnityEditor.TestTools.TestRunner.TestRun.TestJobRunner:ExecuteStep () (at ./Library/PackageCache/com.unity.test-framework@1.3.9/UnityEditor.TestRunner/TestRun/TestJobRunner.cs:172)
UnityEditor.TestTools.TestRunner.TestRun.TestJobRunner:ExecuteCallback () (at ./Library/PackageCache/com.unity.test-framework@1.3.9/UnityEditor.TestRunner/TestRun/TestJobRunner.cs:108)
UnityEditor.EditorApplication:Internal_CallUpdateFunctions ()

(Filename: Assets/_Project/Scripts/BSM/ClientStateStack.cs Line: 80)

[StateStack] Pushed Pending (duration: 5s, depth: 1)
UnityEngine.StackTraceUtility:ExtractStackTrace ()
UnityEngine.DebugLogHandler:LogFormat (UnityEngine.LogType,UnityEngine.Object,string,object[])
UnityEngine.Logger:Log (UnityEngine.LogType,object)
UnityEngine.Debug:Log (object)
Desk42.BSM.ClientStateStack:Push (Desk42.BSM.IClientState,Desk42.BSM.ClientContext) (at Assets/_Project/Scripts/BSM/ClientStateStack.cs:80)
Desk42.BSM.ClientStateMachine:TryInject (string,single) (at Assets/_Project/Scripts/BSM/ClientStateMachine.cs:198)
Desk42.Tests.EditMode.BSMTests:CSM_TryInject_PendingReview_Success_PushesStack () (at Assets/_Project/Tests/EditMode/BSMTests.cs:664)
System.Reflection.RuntimeMethodInfo:Invoke (object,System.Reflection.BindingFlags,System.Reflection.Binder,object[],System.Globalization.CultureInfo)
System.Reflection.MethodBase:Invoke (object,object[])
NUnit.Framework.Internal.Reflect:InvokeMethod (System.Reflection.MethodInfo,object,object[])
NUnit.Framework.Internal.MethodWrapper:Invoke (object,object[])
NUnit.Framework.Internal.Commands.TestMethodCommand:RunNonAsyncTestMethod (NUnit.Framework.Internal.ITestExecutionContext)
NUnit.Framework.Internal.Commands.TestMethodCommand:RunTestMethod (NUnit.Framework.Internal.ITestExecutionContext)
NUnit.Framework.Internal.Commands.TestMethodCommand:Execute (NUnit.Framework.Internal.ITestExecutionContext)
UnityEngine.TestTools.UnityTestMethodCommand:Execute (NUnit.Framework.Internal.ITestExecutionContext) (at ./Library/PackageCache/com.unity.test-framework@1.3.9/UnityEngine.TestRunner/NUnitExtensions/Commands/UnityTestMethodCommand.cs:16)
UnityEngine.TestRunner.NUnitExtensions.Runner.UnityLogCheckDelegatingCommand/<>c__DisplayClass2_0:<Execute>b__0 () (at ./Library/PackageCache/com.unity.test-framework@1.3.9/UnityEngine.TestRunner/NUnitExtensions/Runner/UnityLogCheckDelegatingCommand.cs:24)
UnityEngine.TestRunner.NUnitExtensions.Runner.UnityLogCheckDelegatingCommand:CaptureException (NUnit.Framework.Internal.TestResult,System.Action) (at ./Library/PackageCache/com.unity.test-framework@1.3.9/UnityEngine.TestRunner/NUnitExtensions/Runner/UnityLogCheckDelegatingCommand.cs:68)
UnityEngine.TestRunner.NUnitExtensions.Runner.UnityLogCheckDelegatingCommand:ExecuteAndCheckLog (UnityEngine.TestTools.Logging.LogScope,NUnit.Framework.Internal.TestResult,System.Action) (at ./Library/PackageCache/com.unity.test-framework@1.3.9/UnityEngine.TestRunner/NUnitExtensions/Runner/UnityLogCheckDelegatingCommand.cs:79)
UnityEngine.TestRunner.NUnitExtensions.Runner.UnityLogCheckDelegatingCommand:Execute (NUnit.Framework.Internal.ITestExecutionContext) (at ./Library/PackageCache/com.unity.test-framework@1.3.9/UnityEngine.TestRunner/NUnitExtensions/Runner/UnityLogCheckDelegatingCommand.cs:24)
UnityEngine.TestRunner.NUnitExtensions.Runner.UnityLogCheckDelegatingCommand/<ExecuteEnumerable>d__3:MoveNext () (at ./Library/PackageCache/com.unity.test-framework@1.3.9/UnityEngine.TestRunner/NUnitExtensions/Runner/UnityLogCheckDelegatingCommand.cs:35)
UnityEngine.TestTools.BeforeAfterTestCommandBase`1/<ExecuteEnumerable>d__14<NUnit.Framework.ITestAction>:MoveNext () (at ./Library/PackageCache/com.unity.test-framework@1.3.9/UnityEngine.TestRunner/NUnitExtensions/Commands/BeforeAfterTestCommandBase.cs:173)
UnityEngine.TestTools.ImmediateEnumerableCommand:Execute (NUnit.Framework.Internal.ITestExecutionContext) (at ./Library/PackageCache/com.unity.test-framework@1.3.9/UnityEngine.TestRunner/NUnitExtensions/Commands/ImmediateEnumerableCommand.cs:18)
UnityEngine.TestTools.BeforeAfterTestCommandBase`1/<ExecuteEnumerable>d__14<System.Reflection.MethodInfo>:MoveNext () (at ./Library/PackageCache/com.unity.test-framework@1.3.9/UnityEngine.TestRunner/NUnitExtensions/Commands/BeforeAfterTestCommandBase.cs:181)
UnityEngine.TestTools.BeforeAfterTestCommandBase`1/<ExecuteEnumerable>d__14<System.Reflection.MethodInfo>:MoveNext () (at ./Library/PackageCache/com.unity.test-framework@1.3.9/UnityEngine.TestRunner/NUnitExtensions/Commands/BeforeAfterTestCommandBase.cs:173)
UnityEngine.TestTools.BeforeAfterTestCommandBase`1/<ExecuteEnumerable>d__14<UnityEngine.TestTools.IOuterUnityTestAction>:MoveNext () (at ./Library/PackageCache/com.unity.test-framework@1.3.9/UnityEngine.TestRunner/NUnitExtensions/Commands/BeforeAfterTestCommandBase.cs:173)
UnityEngine.TestTools.RetryCommand/<ExecuteEnumerable>d__2:MoveNext () (at ./Library/PackageCache/com.unity.test-framework@1.3.9/UnityEngine.TestRunner/NUnitExtensions/Commands/RetryCommand.cs:37)
UnityEngine.TestTools.RepeatCommand/<ExecuteEnumerable>d__2:MoveNext () (at ./Library/PackageCache/com.unity.test-framework@1.3.9/UnityEngine.TestRunner/NUnitExtensions/Commands/RepeatCommand.cs:36)
UnityEngine.TestTools.TimeoutCommand/<ExecuteEnumerable>d__3:MoveNext () (at ./Library/PackageCache/com.unity.test-framework@1.3.9/UnityEngine.TestRunner/NUnitExtensions/Commands/TimeoutCommand.cs:33)
UnityEngine.TestTools.IgnoreTestCommand/<ExecuteEnumerable>d__3:MoveNext () (at ./Library/PackageCache/com.unity.test-framework@1.3.9/UnityEngine.TestRunner/NUnitExtensions/Commands/IgnoreTestCommand.cs:42)
UnityEngine.TestTools.StrictCheckCommand/<ExecuteEnumerable>d__2:MoveNext () (at ./Library/PackageCache/com.unity.test-framework@1.3.9/UnityEngine.TestRunner/NUnitExtensions/Commands/StrictCheckCommand.cs:29)
UnityEngine.TestRunner.NUnitExtensions.Runner.DefaultTestWorkItem/<PerformWork>d__2:MoveNext () (at ./Library/PackageCache/com.unity.test-framework@1.3.9/UnityEngine.TestRunner/NUnitExtensions/Runner/DefaultTestWorkItem.cs:50)
UnityEngine.TestRunner.NUnitExtensions.Runner.CompositeWorkItem/<RunChildren>d__16:MoveNext () (at ./Library/PackageCache/com.unity.test-framework@1.3.9/UnityEngine.TestRunner/NUnitExtensions/Runner/CompositeWorkItem.cs:197)
UnityEngine.TestRunner.NUnitExtensions.Runner.CompositeWorkItem/<PerformWork>d__12:MoveNext () (at ./Library/PackageCache/com.unity.test-framework@1.3.9/UnityEngine.TestRunner/NUnitExtensions/Runner/CompositeWorkItem.cs:76)
UnityEngine.TestRunner.NUnitExtensions.Runner.CompositeWorkItem/<RunChildren>d__16:MoveNext () (at ./Library/PackageCache/com.unity.test-framework@1.3.9/UnityEngine.TestRunner/NUnitExtensions/Runner/CompositeWorkItem.cs:197)
UnityEngine.TestRunner.NUnitExtensions.Runner.CompositeWorkItem/<PerformWork>d__12:MoveNext () (at ./Library/PackageCache/com.unity.test-framework@1.3.9/UnityEngine.TestRunner/NUnitExtensions/Runner/CompositeWorkItem.cs:76)
UnityEngine.TestRunner.NUnitExtensions.Runner.CompositeWorkItem/<RunChildren>d__16:MoveNext () (at ./Library/PackageCache/com.unity.test-framework@1.3.9/UnityEngine.TestRunner/NUnitExtensions/Runner/CompositeWorkItem.cs:197)
UnityEngine.TestRunner.NUnitExtensions.Runner.CompositeWorkItem/<PerformWork>d__12:MoveNext () (at ./Library/PackageCache/com.unity.test-framework@1.3.9/UnityEngine.TestRunner/NUnitExtensions/Runner/CompositeWorkItem.cs:76)
UnityEngine.TestRunner.NUnitExtensions.Runner.CompositeWorkItem/<RunChildren>d__16:MoveNext () (at ./Library/PackageCache/com.unity.test-framework@1.3.9/UnityEngine.TestRunner/NUnitExtensions/Runner/CompositeWorkItem.cs:197)
UnityEngine.TestRunner.NUnitExtensions.Runner.CompositeWorkItem/<PerformWork>d__12:MoveNext () (at ./Library/PackageCache/com.unity.test-framework@1.3.9/UnityEngine.TestRunner/NUnitExtensions/Runner/CompositeWorkItem.cs:76)
UnityEngine.TestRunner.NUnitExtensions.Runner.CompositeWorkItem/<RunChildren>d__16:MoveNext () (at ./Library/PackageCache/com.unity.test-framework@1.3.9/UnityEngine.TestRunner/NUnitExtensions/Runner/CompositeWorkItem.cs:197)
UnityEngine.TestRunner.NUnitExtensions.Runner.CompositeWorkItem/<PerformWork>d__12:MoveNext () (at ./Library/PackageCache/com.unity.test-framework@1.3.9/UnityEngine.TestRunner/NUnitExtensions/Runner/CompositeWorkItem.cs:76)
UnityEngine.TestRunner.NUnitExtensions.Runner.CompositeWorkItem/<RunChildren>d__16:MoveNext () (at ./Library/PackageCache/com.unity.test-framework@1.3.9/UnityEngine.TestRunner/NUnitExtensions/Runner/CompositeWorkItem.cs:197)
UnityEngine.TestRunner.NUnitExtensions.Runner.CompositeWorkItem/<PerformWork>d__12:MoveNext () (at ./Library/PackageCache/com.unity.test-framework@1.3.9/UnityEngine.TestRunner/NUnitExtensions/Runner/CompositeWorkItem.cs:76)
UnityEditor.TestTools.TestRunner.EditModeRunner:MoveNextAndUpdateYieldObject () (at ./Library/PackageCache/com.unity.test-framework@1.3.9/UnityEditor.TestRunner/TestRunner/EditModeRunner.cs:164)
UnityEditor.TestTools.TestRunner.EditModeRunner:TestConsumer (UnityEditor.TestTools.TestRunner.TestRunnerStateSerializer) (at ./Library/PackageCache/com.unity.test-framework@1.3.9/UnityEditor.TestRunner/TestRunner/EditModeRunner.cs:197)
UnityEditor.TestTools.TestRunner.TestRun.Tasks.EditModeRunTask/<Execute>d__1:MoveNext () (at ./Library/PackageCache/com.unity.test-framework@1.3.9/UnityEditor.TestRunner/TestRun/Tasks/EditModeRunTask.cs:47)
UnityEditor.TestTools.TestRunner.TestRun.TestJobRunner:ExecuteStep () (at ./Library/PackageCache/com.unity.test-framework@1.3.9/UnityEditor.TestRunner/TestRun/TestJobRunner.cs:172)
UnityEditor.TestTools.TestRunner.TestRun.TestJobRunner:ExecuteCallback () (at ./Library/PackageCache/com.unity.test-framework@1.3.9/UnityEditor.TestRunner/TestRun/TestJobRunner.cs:108)
UnityEditor.EditorApplication:Internal_CallUpdateFunctions ()

(Filename: Assets/_Project/Scripts/BSM/ClientStateStack.cs Line: 80)

[TransitionTable] Rule matched: PendingReview -> Suspicious (P:999) -> Suspicious
UnityEngine.StackTraceUtility:ExtractStackTrace ()
UnityEngine.DebugLogHandler:LogFormat (UnityEngine.LogType,UnityEngine.Object,string,object[])
UnityEngine.Logger:Log (UnityEngine.LogType,object)
UnityEngine.Debug:Log (object)
Desk42.BSM.Transitions.TransitionTable:Resolve (Desk42.BSM.Transitions.TransitionContext) (at Assets/_Project/Scripts/BSM/Transitions/TransitionTable.cs:62)
Desk42.BSM.ClientStateMachine:TryInject (string,single) (at Assets/_Project/Scripts/BSM/ClientStateMachine.cs:184)
Desk42.Tests.EditMode.BSMTests:CSM_TryInject_SetsNewMoodState () (at Assets/_Project/Tests/EditMode/BSMTests.cs:700)
System.Reflection.RuntimeMethodInfo:Invoke (object,System.Reflection.BindingFlags,System.Reflection.Binder,object[],System.Globalization.CultureInfo)
System.Reflection.MethodBase:Invoke (object,object[])
NUnit.Framework.Internal.Reflect:InvokeMethod (System.Reflection.MethodInfo,object,object[])
NUnit.Framework.Internal.MethodWrapper:Invoke (object,object[])
NUnit.Framework.Internal.Commands.TestMethodCommand:RunNonAsyncTestMethod (NUnit.Framework.Internal.ITestExecutionContext)
NUnit.Framework.Internal.Commands.TestMethodCommand:RunTestMethod (NUnit.Framework.Internal.ITestExecutionContext)
NUnit.Framework.Internal.Commands.TestMethodCommand:Execute (NUnit.Framework.Internal.ITestExecutionContext)
UnityEngine.TestTools.UnityTestMethodCommand:Execute (NUnit.Framework.Internal.ITestExecutionContext) (at ./Library/PackageCache/com.unity.test-framework@1.3.9/UnityEngine.TestRunner/NUnitExtensions/Commands/UnityTestMethodCommand.cs:16)
UnityEngine.TestRunner.NUnitExtensions.Runner.UnityLogCheckDelegatingCommand/<>c__DisplayClass2_0:<Execute>b__0 () (at ./Library/PackageCache/com.unity.test-framework@1.3.9/UnityEngine.TestRunner/NUnitExtensions/Runner/UnityLogCheckDelegatingCommand.cs:24)
UnityEngine.TestRunner.NUnitExtensions.Runner.UnityLogCheckDelegatingCommand:CaptureException (NUnit.Framework.Internal.TestResult,System.Action) (at ./Library/PackageCache/com.unity.test-framework@1.3.9/UnityEngine.TestRunner/NUnitExtensions/Runner/UnityLogCheckDelegatingCommand.cs:68)
UnityEngine.TestRunner.NUnitExtensions.Runner.UnityLogCheckDelegatingCommand:ExecuteAndCheckLog (UnityEngine.TestTools.Logging.LogScope,NUnit.Framework.Internal.TestResult,System.Action) (at ./Library/PackageCache/com.unity.test-framework@1.3.9/UnityEngine.TestRunner/NUnitExtensions/Runner/UnityLogCheckDelegatingCommand.cs:79)
UnityEngine.TestRunner.NUnitExtensions.Runner.UnityLogCheckDelegatingCommand:Execute (NUnit.Framework.Internal.ITestExecutionContext) (at ./Library/PackageCache/com.unity.test-framework@1.3.9/UnityEngine.TestRunner/NUnitExtensions/Runner/UnityLogCheckDelegatingCommand.cs:24)
UnityEngine.TestRunner.NUnitExtensions.Runner.UnityLogCheckDelegatingCommand/<ExecuteEnumerable>d__3:MoveNext () (at ./Library/PackageCache/com.unity.test-framework@1.3.9/UnityEngine.TestRunner/NUnitExtensions/Runner/UnityLogCheckDelegatingCommand.cs:35)
UnityEngine.TestTools.BeforeAfterTestCommandBase`1/<ExecuteEnumerable>d__14<NUnit.Framework.ITestAction>:MoveNext () (at ./Library/PackageCache/com.unity.test-framework@1.3.9/UnityEngine.TestRunner/NUnitExtensions/Commands/BeforeAfterTestCommandBase.cs:173)
UnityEngine.TestTools.ImmediateEnumerableCommand:Execute (NUnit.Framework.Internal.ITestExecutionContext) (at ./Library/PackageCache/com.unity.test-framework@1.3.9/UnityEngine.TestRunner/NUnitExtensions/Commands/ImmediateEnumerableCommand.cs:18)
UnityEngine.TestTools.BeforeAfterTestCommandBase`1/<ExecuteEnumerable>d__14<System.Reflection.MethodInfo>:MoveNext () (at ./Library/PackageCache/com.unity.test-framework@1.3.9/UnityEngine.TestRunner/NUnitExtensions/Commands/BeforeAfterTestCommandBase.cs:181)
UnityEngine.TestTools.BeforeAfterTestCommandBase`1/<ExecuteEnumerable>d__14<System.Reflection.MethodInfo>:MoveNext () (at ./Library/PackageCache/com.unity.test-framework@1.3.9/UnityEngine.TestRunner/NUnitExtensions/Commands/BeforeAfterTestCommandBase.cs:173)
UnityEngine.TestTools.BeforeAfterTestCommandBase`1/<ExecuteEnumerable>d__14<UnityEngine.TestTools.IOuterUnityTestAction>:MoveNext () (at ./Library/PackageCache/com.unity.test-framework@1.3.9/UnityEngine.TestRunner/NUnitExtensions/Commands/BeforeAfterTestCommandBase.cs:173)
UnityEngine.TestTools.RetryCommand/<ExecuteEnumerable>d__2:MoveNext () (at ./Library/PackageCache/com.unity.test-framework@1.3.9/UnityEngine.TestRunner/NUnitExtensions/Commands/RetryCommand.cs:37)
UnityEngine.TestTools.RepeatCommand/<ExecuteEnumerable>d__2:MoveNext () (at ./Library/PackageCache/com.unity.test-framework@1.3.9/UnityEngine.TestRunner/NUnitExtensions/Commands/RepeatCommand.cs:36)
UnityEngine.TestTools.TimeoutCommand/<ExecuteEnumerable>d__3:MoveNext () (at ./Library/PackageCache/com.unity.test-framework@1.3.9/UnityEngine.TestRunner/NUnitExtensions/Commands/TimeoutCommand.cs:33)
UnityEngine.TestTools.IgnoreTestCommand/<ExecuteEnumerable>d__3:MoveNext () (at ./Library/PackageCache/com.unity.test-framework@1.3.9/UnityEngine.TestRunner/NUnitExtensions/Commands/IgnoreTestCommand.cs:42)
UnityEngine.TestTools.StrictCheckCommand/<ExecuteEnumerable>d__2:MoveNext () (at ./Library/PackageCache/com.unity.test-framework@1.3.9/UnityEngine.TestRunner/NUnitExtensions/Commands/StrictCheckCommand.cs:29)
UnityEngine.TestRunner.NUnitExtensions.Runner.DefaultTestWorkItem/<PerformWork>d__2:MoveNext () (at ./Library/PackageCache/com.unity.test-framework@1.3.9/UnityEngine.TestRunner/NUnitExtensions/Runner/DefaultTestWorkItem.cs:50)
UnityEngine.TestRunner.NUnitExtensions.Runner.CompositeWorkItem/<RunChildren>d__16:MoveNext () (at ./Library/PackageCache/com.unity.test-framework@1.3.9/UnityEngine.TestRunner/NUnitExtensions/Runner/CompositeWorkItem.cs:197)
UnityEngine.TestRunner.NUnitExtensions.Runner.CompositeWorkItem/<PerformWork>d__12:MoveNext () (at ./Library/PackageCache/com.unity.test-framework@1.3.9/UnityEngine.TestRunner/NUnitExtensions/Runner/CompositeWorkItem.cs:76)
UnityEngine.TestRunner.NUnitExtensions.Runner.CompositeWorkItem/<RunChildren>d__16:MoveNext () (at ./Library/PackageCache/com.unity.test-framework@1.3.9/UnityEngine.TestRunner/NUnitExtensions/Runner/CompositeWorkItem.cs:197)
UnityEngine.TestRunner.NUnitExtensions.Runner.CompositeWorkItem/<PerformWork>d__12:MoveNext () (at ./Library/PackageCache/com.unity.test-framework@1.3.9/UnityEngine.TestRunner/NUnitExtensions/Runner/CompositeWorkItem.cs:76)
UnityEngine.TestRunner.NUnitExtensions.Runner.CompositeWorkItem/<RunChildren>d__16:MoveNext () (at ./Library/PackageCache/com.unity.test-framework@1.3.9/UnityEngine.TestRunner/NUnitExtensions/Runner/CompositeWorkItem.cs:197)
UnityEngine.TestRunner.NUnitExtensions.Runner.CompositeWorkItem/<PerformWork>d__12:MoveNext () (at ./Library/PackageCache/com.unity.test-framework@1.3.9/UnityEngine.TestRunner/NUnitExtensions/Runner/CompositeWorkItem.cs:76)
UnityEngine.TestRunner.NUnitExtensions.Runner.CompositeWorkItem/<RunChildren>d__16:MoveNext () (at ./Library/PackageCache/com.unity.test-framework@1.3.9/UnityEngine.TestRunner/NUnitExtensions/Runner/CompositeWorkItem.cs:197)
UnityEngine.TestRunner.NUnitExtensions.Runner.CompositeWorkItem/<PerformWork>d__12:MoveNext () (at ./Library/PackageCache/com.unity.test-framework@1.3.9/UnityEngine.TestRunner/NUnitExtensions/Runner/CompositeWorkItem.cs:76)
UnityEngine.TestRunner.NUnitExtensions.Runner.CompositeWorkItem/<RunChildren>d__16:MoveNext () (at ./Library/PackageCache/com.unity.test-framework@1.3.9/UnityEngine.TestRunner/NUnitExtensions/Runner/CompositeWorkItem.cs:197)
UnityEngine.TestRunner.NUnitExtensions.Runner.CompositeWorkItem/<PerformWork>d__12:MoveNext () (at ./Library/PackageCache/com.unity.test-framework@1.3.9/UnityEngine.TestRunner/NUnitExtensions/Runner/CompositeWorkItem.cs:76)
UnityEngine.TestRunner.NUnitExtensions.Runner.CompositeWorkItem/<RunChildren>d__16:MoveNext () (at ./Library/PackageCache/com.unity.test-framework@1.3.9/UnityEngine.TestRunner/NUnitExtensions/Runner/CompositeWorkItem.cs:197)
UnityEngine.TestRunner.NUnitExtensions.Runner.CompositeWorkItem/<PerformWork>d__12:MoveNext () (at ./Library/PackageCache/com.unity.test-framework@1.3.9/UnityEngine.TestRunner/NUnitExtensions/Runner/CompositeWorkItem.cs:76)
UnityEditor.TestTools.TestRunner.EditModeRunner:MoveNextAndUpdateYieldObject () (at ./Library/PackageCache/com.unity.test-framework@1.3.9/UnityEditor.TestRunner/TestRunner/EditModeRunner.cs:164)
UnityEditor.TestTools.TestRunner.EditModeRunner:TestConsumer (UnityEditor.TestTools.TestRunner.TestRunnerStateSerializer) (at ./Library/PackageCache/com.unity.test-framework@1.3.9/UnityEditor.TestRunner/TestRunner/EditModeRunner.cs:197)
UnityEditor.TestTools.TestRunner.TestRun.Tasks.EditModeRunTask/<Execute>d__1:MoveNext () (at ./Library/PackageCache/com.unity.test-framework@1.3.9/UnityEditor.TestRunner/TestRun/Tasks/EditModeRunTask.cs:47)
UnityEditor.TestTools.TestRunner.TestRun.TestJobRunner:ExecuteStep () (at ./Library/PackageCache/com.unity.test-framework@1.3.9/UnityEditor.TestRunner/TestRun/TestJobRunner.cs:172)
UnityEditor.TestTools.TestRunner.TestRun.TestJobRunner:ExecuteCallback () (at ./Library/PackageCache/com.unity.test-framework@1.3.9/UnityEditor.TestRunner/TestRun/TestJobRunner.cs:108)
UnityEditor.EditorApplication:Internal_CallUpdateFunctions ()

(Filename: Assets/_Project/Scripts/BSM/Transitions/TransitionTable.cs Line: 62)

[StateStack] Pushed Pending (duration: 5s, depth: 1)
UnityEngine.StackTraceUtility:ExtractStackTrace ()
UnityEngine.DebugLogHandler:LogFormat (UnityEngine.LogType,UnityEngine.Object,string,object[])
UnityEngine.Logger:Log (UnityEngine.LogType,object)
UnityEngine.Debug:Log (object)
Desk42.BSM.ClientStateStack:Push (Desk42.BSM.IClientState,Desk42.BSM.ClientContext) (at Assets/_Project/Scripts/BSM/ClientStateStack.cs:80)
Desk42.BSM.ClientStateMachine:TryInject (string,single) (at Assets/_Project/Scripts/BSM/ClientStateMachine.cs:198)
Desk42.Tests.EditMode.BSMTests:CSM_TryInject_SetsNewMoodState () (at Assets/_Project/Tests/EditMode/BSMTests.cs:700)
System.Reflection.RuntimeMethodInfo:Invoke (object,System.Reflection.BindingFlags,System.Reflection.Binder,object[],System.Globalization.CultureInfo)
System.Reflection.MethodBase:Invoke (object,object[])
NUnit.Framework.Internal.Reflect:InvokeMethod (System.Reflection.MethodInfo,object,object[])
NUnit.Framework.Internal.MethodWrapper:Invoke (object,object[])
NUnit.Framework.Internal.Commands.TestMethodCommand:RunNonAsyncTestMethod (NUnit.Framework.Internal.ITestExecutionContext)
NUnit.Framework.Internal.Commands.TestMethodCommand:RunTestMethod (NUnit.Framework.Internal.ITestExecutionContext)
NUnit.Framework.Internal.Commands.TestMethodCommand:Execute (NUnit.Framework.Internal.ITestExecutionContext)
UnityEngine.TestTools.UnityTestMethodCommand:Execute (NUnit.Framework.Internal.ITestExecutionContext) (at ./Library/PackageCache/com.unity.test-framework@1.3.9/UnityEngine.TestRunner/NUnitExtensions/Commands/UnityTestMethodCommand.cs:16)
UnityEngine.TestRunner.NUnitExtensions.Runner.UnityLogCheckDelegatingCommand/<>c__DisplayClass2_0:<Execute>b__0 () (at ./Library/PackageCache/com.unity.test-framework@1.3.9/UnityEngine.TestRunner/NUnitExtensions/Runner/UnityLogCheckDelegatingCommand.cs:24)
UnityEngine.TestRunner.NUnitExtensions.Runner.UnityLogCheckDelegatingCommand:CaptureException (NUnit.Framework.Internal.TestResult,System.Action) (at ./Library/PackageCache/com.unity.test-framework@1.3.9/UnityEngine.TestRunner/NUnitExtensions/Runner/UnityLogCheckDelegatingCommand.cs:68)
UnityEngine.TestRunner.NUnitExtensions.Runner.UnityLogCheckDelegatingCommand:ExecuteAndCheckLog (UnityEngine.TestTools.Logging.LogScope,NUnit.Framework.Internal.TestResult,System.Action) (at ./Library/PackageCache/com.unity.test-framework@1.3.9/UnityEngine.TestRunner/NUnitExtensions/Runner/UnityLogCheckDelegatingCommand.cs:79)
UnityEngine.TestRunner.NUnitExtensions.Runner.UnityLogCheckDelegatingCommand:Execute (NUnit.Framework.Internal.ITestExecutionContext) (at ./Library/PackageCache/com.unity.test-framework@1.3.9/UnityEngine.TestRunner/NUnitExtensions/Runner/UnityLogCheckDelegatingCommand.cs:24)
UnityEngine.TestRunner.NUnitExtensions.Runner.UnityLogCheckDelegatingCommand/<ExecuteEnumerable>d__3:MoveNext () (at ./Library/PackageCache/com.unity.test-framework@1.3.9/UnityEngine.TestRunner/NUnitExtensions/Runner/UnityLogCheckDelegatingCommand.cs:35)
UnityEngine.TestTools.BeforeAfterTestCommandBase`1/<ExecuteEnumerable>d__14<NUnit.Framework.ITestAction>:MoveNext () (at ./Library/PackageCache/com.unity.test-framework@1.3.9/UnityEngine.TestRunner/NUnitExtensions/Commands/BeforeAfterTestCommandBase.cs:173)
UnityEngine.TestTools.ImmediateEnumerableCommand:Execute (NUnit.Framework.Internal.ITestExecutionContext) (at ./Library/PackageCache/com.unity.test-framework@1.3.9/UnityEngine.TestRunner/NUnitExtensions/Commands/ImmediateEnumerableCommand.cs:18)
UnityEngine.TestTools.BeforeAfterTestCommandBase`1/<ExecuteEnumerable>d__14<System.Reflection.MethodInfo>:MoveNext () (at ./Library/PackageCache/com.unity.test-framework@1.3.9/UnityEngine.TestRunner/NUnitExtensions/Commands/BeforeAfterTestCommandBase.cs:181)
UnityEngine.TestTools.BeforeAfterTestCommandBase`1/<ExecuteEnumerable>d__14<System.Reflection.MethodInfo>:MoveNext () (at ./Library/PackageCache/com.unity.test-framework@1.3.9/UnityEngine.TestRunner/NUnitExtensions/Commands/BeforeAfterTestCommandBase.cs:173)
UnityEngine.TestTools.BeforeAfterTestCommandBase`1/<ExecuteEnumerable>d__14<UnityEngine.TestTools.IOuterUnityTestAction>:MoveNext () (at ./Library/PackageCache/com.unity.test-framework@1.3.9/UnityEngine.TestRunner/NUnitExtensions/Commands/BeforeAfterTestCommandBase.cs:173)
UnityEngine.TestTools.RetryCommand/<ExecuteEnumerable>d__2:MoveNext () (at ./Library/PackageCache/com.unity.test-framework@1.3.9/UnityEngine.TestRunner/NUnitExtensions/Commands/RetryCommand.cs:37)
UnityEngine.TestTools.RepeatCommand/<ExecuteEnumerable>d__2:MoveNext () (at ./Library/PackageCache/com.unity.test-framework@1.3.9/UnityEngine.TestRunner/NUnitExtensions/Commands/RepeatCommand.cs:36)
UnityEngine.TestTools.TimeoutCommand/<ExecuteEnumerable>d__3:MoveNext () (at ./Library/PackageCache/com.unity.test-framework@1.3.9/UnityEngine.TestRunner/NUnitExtensions/Commands/TimeoutCommand.cs:33)
UnityEngine.TestTools.IgnoreTestCommand/<ExecuteEnumerable>d__3:MoveNext () (at ./Library/PackageCache/com.unity.test-framework@1.3.9/UnityEngine.TestRunner/NUnitExtensions/Commands/IgnoreTestCommand.cs:42)
UnityEngine.TestTools.StrictCheckCommand/<ExecuteEnumerable>d__2:MoveNext () (at ./Library/PackageCache/com.unity.test-framework@1.3.9/UnityEngine.TestRunner/NUnitExtensions/Commands/StrictCheckCommand.cs:29)
UnityEngine.TestRunner.NUnitExtensions.Runner.DefaultTestWorkItem/<PerformWork>d__2:MoveNext () (at ./Library/PackageCache/com.unity.test-framework@1.3.9/UnityEngine.TestRunner/NUnitExtensions/Runner/DefaultTestWorkItem.cs:50)
UnityEngine.TestRunner.NUnitExtensions.Runner.CompositeWorkItem/<RunChildren>d__16:MoveNext () (at ./Library/PackageCache/com.unity.test-framework@1.3.9/UnityEngine.TestRunner/NUnitExtensions/Runner/CompositeWorkItem.cs:197)
UnityEngine.TestRunner.NUnitExtensions.Runner.CompositeWorkItem/<PerformWork>d__12:MoveNext () (at ./Library/PackageCache/com.unity.test-framework@1.3.9/UnityEngine.TestRunner/NUnitExtensions/Runner/CompositeWorkItem.cs:76)
UnityEngine.TestRunner.NUnitExtensions.Runner.CompositeWorkItem/<RunChildren>d__16:MoveNext () (at ./Library/PackageCache/com.unity.test-framework@1.3.9/UnityEngine.TestRunner/NUnitExtensions/Runner/CompositeWorkItem.cs:197)
UnityEngine.TestRunner.NUnitExtensions.Runner.CompositeWorkItem/<PerformWork>d__12:MoveNext () (at ./Library/PackageCache/com.unity.test-framework@1.3.9/UnityEngine.TestRunner/NUnitExtensions/Runner/CompositeWorkItem.cs:76)
UnityEngine.TestRunner.NUnitExtensions.Runner.CompositeWorkItem/<RunChildren>d__16:MoveNext () (at ./Library/PackageCache/com.unity.test-framework@1.3.9/UnityEngine.TestRunner/NUnitExtensions/Runner/CompositeWorkItem.cs:197)
UnityEngine.TestRunner.NUnitExtensions.Runner.CompositeWorkItem/<PerformWork>d__12:MoveNext () (at ./Library/PackageCache/com.unity.test-framework@1.3.9/UnityEngine.TestRunner/NUnitExtensions/Runner/CompositeWorkItem.cs:76)
UnityEngine.TestRunner.NUnitExtensions.Runner.CompositeWorkItem/<RunChildren>d__16:MoveNext () (at ./Library/PackageCache/com.unity.test-framework@1.3.9/UnityEngine.TestRunner/NUnitExtensions/Runner/CompositeWorkItem.cs:197)
UnityEngine.TestRunner.NUnitExtensions.Runner.CompositeWorkItem/<PerformWork>d__12:MoveNext () (at ./Library/PackageCache/com.unity.test-framework@1.3.9/UnityEngine.TestRunner/NUnitExtensions/Runner/CompositeWorkItem.cs:76)
UnityEngine.TestRunner.NUnitExtensions.Runner.CompositeWorkItem/<RunChildren>d__16:MoveNext () (at ./Library/PackageCache/com.unity.test-framework@1.3.9/UnityEngine.TestRunner/NUnitExtensions/Runner/CompositeWorkItem.cs:197)
UnityEngine.TestRunner.NUnitExtensions.Runner.CompositeWorkItem/<PerformWork>d__12:MoveNext () (at ./Library/PackageCache/com.unity.test-framework@1.3.9/UnityEngine.TestRunner/NUnitExtensions/Runner/CompositeWorkItem.cs:76)
UnityEngine.TestRunner.NUnitExtensions.Runner.CompositeWorkItem/<RunChildren>d__16:MoveNext () (at ./Library/PackageCache/com.unity.test-framework@1.3.9/UnityEngine.TestRunner/NUnitExtensions/Runner/CompositeWorkItem.cs:197)
UnityEngine.TestRunner.NUnitExtensions.Runner.CompositeWorkItem/<PerformWork>d__12:MoveNext () (at ./Library/PackageCache/com.unity.test-framework@1.3.9/UnityEngine.TestRunner/NUnitExtensions/Runner/CompositeWorkItem.cs:76)
UnityEditor.TestTools.TestRunner.EditModeRunner:MoveNextAndUpdateYieldObject () (at ./Library/PackageCache/com.unity.test-framework@1.3.9/UnityEditor.TestRunner/TestRunner/EditModeRunner.cs:164)
UnityEditor.TestTools.TestRunner.EditModeRunner:TestConsumer (UnityEditor.TestTools.TestRunner.TestRunnerStateSerializer) (at ./Library/PackageCache/com.unity.test-framework@1.3.9/UnityEditor.TestRunner/TestRunner/EditModeRunner.cs:197)
UnityEditor.TestTools.TestRunner.TestRun.Tasks.EditModeRunTask/<Execute>d__1:MoveNext () (at ./Library/PackageCache/com.unity.test-framework@1.3.9/UnityEditor.TestRunner/TestRun/Tasks/EditModeRunTask.cs:47)
UnityEditor.TestTools.TestRunner.TestRun.TestJobRunner:ExecuteStep () (at ./Library/PackageCache/com.unity.test-framework@1.3.9/UnityEditor.TestRunner/TestRun/TestJobRunner.cs:172)
UnityEditor.TestTools.TestRunner.TestRun.TestJobRunner:ExecuteCallback () (at ./Library/PackageCache/com.unity.test-framework@1.3.9/UnityEditor.TestRunner/TestRun/TestJobRunner.cs:108)
UnityEditor.EditorApplication:Internal_CallUpdateFunctions ()

(Filename: Assets/_Project/Scripts/BSM/ClientStateStack.cs Line: 80)

[StateStack] Pushed Pending (duration: ∞, depth: 1)
UnityEngine.StackTraceUtility:ExtractStackTrace ()
UnityEngine.DebugLogHandler:LogFormat (UnityEngine.LogType,UnityEngine.Object,string,object[])
UnityEngine.Logger:Log (UnityEngine.LogType,object)
UnityEngine.Debug:Log (object)
Desk42.BSM.ClientStateStack:Push (Desk42.BSM.IClientState,Desk42.BSM.ClientContext) (at Assets/_Project/Scripts/BSM/ClientStateStack.cs:80)
Desk42.Tests.EditMode.BSMTests:Stack_AfterTopPops_BottomBecomesActive () (at Assets/_Project/Tests/EditMode/BSMTests.cs:221)
System.Reflection.RuntimeMethodInfo:Invoke (object,System.Reflection.BindingFlags,System.Reflection.Binder,object[],System.Globalization.CultureInfo)
System.Reflection.MethodBase:Invoke (object,object[])
NUnit.Framework.Internal.Reflect:InvokeMethod (System.Reflection.MethodInfo,object,object[])
NUnit.Framework.Internal.MethodWrapper:Invoke (object,object[])
NUnit.Framework.Internal.Commands.TestMethodCommand:RunNonAsyncTestMethod (NUnit.Framework.Internal.ITestExecutionContext)
NUnit.Framework.Internal.Commands.TestMethodCommand:RunTestMethod (NUnit.Framework.Internal.ITestExecutionContext)
NUnit.Framework.Internal.Commands.TestMethodCommand:Execute (NUnit.Framework.Internal.ITestExecutionContext)
UnityEngine.TestTools.UnityTestMethodCommand:Execute (NUnit.Framework.Internal.ITestExecutionContext) (at ./Library/PackageCache/com.unity.test-framework@1.3.9/UnityEngine.TestRunner/NUnitExtensions/Commands/UnityTestMethodCommand.cs:16)
UnityEngine.TestRunner.NUnitExtensions.Runner.UnityLogCheckDelegatingCommand/<>c__DisplayClass2_0:<Execute>b__0 () (at ./Library/PackageCache/com.unity.test-framework@1.3.9/UnityEngine.TestRunner/NUnitExtensions/Runner/UnityLogCheckDelegatingCommand.cs:24)
UnityEngine.TestRunner.NUnitExtensions.Runner.UnityLogCheckDelegatingCommand:CaptureException (NUnit.Framework.Internal.TestResult,System.Action) (at ./Library/PackageCache/com.unity.test-framework@1.3.9/UnityEngine.TestRunner/NUnitExtensions/Runner/UnityLogCheckDelegatingCommand.cs:68)
UnityEngine.TestRunner.NUnitExtensions.Runner.UnityLogCheckDelegatingCommand:ExecuteAndCheckLog (UnityEngine.TestTools.Logging.LogScope,NUnit.Framework.Internal.TestResult,System.Action) (at ./Library/PackageCache/com.unity.test-framework@1.3.9/UnityEngine.TestRunner/NUnitExtensions/Runner/UnityLogCheckDelegatingCommand.cs:79)
UnityEngine.TestRunner.NUnitExtensions.Runner.UnityLogCheckDelegatingCommand:Execute (NUnit.Framework.Internal.ITestExecutionContext) (at ./Library/PackageCache/com.unity.test-framework@1.3.9/UnityEngine.TestRunner/NUnitExtensions/Runner/UnityLogCheckDelegatingCommand.cs:24)
UnityEngine.TestRunner.NUnitExtensions.Runner.UnityLogCheckDelegatingCommand/<ExecuteEnumerable>d__3:MoveNext () (at ./Library/PackageCache/com.unity.test-framework@1.3.9/UnityEngine.TestRunner/NUnitExtensions/Runner/UnityLogCheckDelegatingCommand.cs:35)
UnityEngine.TestTools.BeforeAfterTestCommandBase`1/<ExecuteEnumerable>d__14<NUnit.Framework.ITestAction>:MoveNext () (at ./Library/PackageCache/com.unity.test-framework@1.3.9/UnityEngine.TestRunner/NUnitExtensions/Commands/BeforeAfterTestCommandBase.cs:173)
UnityEngine.TestTools.ImmediateEnumerableCommand:Execute (NUnit.Framework.Internal.ITestExecutionContext) (at ./Library/PackageCache/com.unity.test-framework@1.3.9/UnityEngine.TestRunner/NUnitExtensions/Commands/ImmediateEnumerableCommand.cs:18)
UnityEngine.TestTools.BeforeAfterTestCommandBase`1/<ExecuteEnumerable>d__14<System.Reflection.MethodInfo>:MoveNext () (at ./Library/PackageCache/com.unity.test-framework@1.3.9/UnityEngine.TestRunner/NUnitExtensions/Commands/BeforeAfterTestCommandBase.cs:181)
UnityEngine.TestTools.BeforeAfterTestCommandBase`1/<ExecuteEnumerable>d__14<System.Reflection.MethodInfo>:MoveNext () (at ./Library/PackageCache/com.unity.test-framework@1.3.9/UnityEngine.TestRunner/NUnitExtensions/Commands/BeforeAfterTestCommandBase.cs:173)
UnityEngine.TestTools.BeforeAfterTestCommandBase`1/<ExecuteEnumerable>d__14<UnityEngine.TestTools.IOuterUnityTestAction>:MoveNext () (at ./Library/PackageCache/com.unity.test-framework@1.3.9/UnityEngine.TestRunner/NUnitExtensions/Commands/BeforeAfterTestCommandBase.cs:173)
UnityEngine.TestTools.RetryCommand/<ExecuteEnumerable>d__2:MoveNext () (at ./Library/PackageCache/com.unity.test-framework@1.3.9/UnityEngine.TestRunner/NUnitExtensions/Commands/RetryCommand.cs:37)
UnityEngine.TestTools.RepeatCommand/<ExecuteEnumerable>d__2:MoveNext () (at ./Library/PackageCache/com.unity.test-framework@1.3.9/UnityEngine.TestRunner/NUnitExtensions/Commands/RepeatCommand.cs:36)
UnityEngine.TestTools.TimeoutCommand/<ExecuteEnumerable>d__3:MoveNext () (at ./Library/PackageCache/com.unity.test-framework@1.3.9/UnityEngine.TestRunner/NUnitExtensions/Commands/TimeoutCommand.cs:33)
UnityEngine.TestTools.IgnoreTestCommand/<ExecuteEnumerable>d__3:MoveNext () (at ./Library/PackageCache/com.unity.test-framework@1.3.9/UnityEngine.TestRunner/NUnitExtensions/Commands/IgnoreTestCommand.cs:42)
UnityEngine.TestTools.StrictCheckCommand/<ExecuteEnumerable>d__2:MoveNext () (at ./Library/PackageCache/com.unity.test-framework@1.3.9/UnityEngine.TestRunner/NUnitExtensions/Commands/StrictCheckCommand.cs:29)
UnityEngine.TestRunner.NUnitExtensions.Runner.DefaultTestWorkItem/<PerformWork>d__2:MoveNext () (at ./Library/PackageCache/com.unity.test-framework@1.3.9/UnityEngine.TestRunner/NUnitExtensions/Runner/DefaultTestWorkItem.cs:50)
UnityEngine.TestRunner.NUnitExtensions.Runner.CompositeWorkItem/<RunChildren>d__16:MoveNext () (at ./Library/PackageCache/com.unity.test-framework@1.3.9/UnityEngine.TestRunner/NUnitExtensions/Runner/CompositeWorkItem.cs:197)
UnityEngine.TestRunner.NUnitExtensions.Runner.CompositeWorkItem/<PerformWork>d__12:MoveNext () (at ./Library/PackageCache/com.unity.test-framework@1.3.9/UnityEngine.TestRunner/NUnitExtensions/Runner/CompositeWorkItem.cs:76)
UnityEngine.TestRunner.NUnitExtensions.Runner.CompositeWorkItem/<RunChildren>d__16:MoveNext () (at ./Library/PackageCache/com.unity.test-framework@1.3.9/UnityEngine.TestRunner/NUnitExtensions/Runner/CompositeWorkItem.cs:197)
UnityEngine.TestRunner.NUnitExtensions.Runner.CompositeWorkItem/<PerformWork>d__12:MoveNext () (at ./Library/PackageCache/com.unity.test-framework@1.3.9/UnityEngine.TestRunner/NUnitExtensions/Runner/CompositeWorkItem.cs:76)
UnityEngine.TestRunner.NUnitExtensions.Runner.CompositeWorkItem/<RunChildren>d__16:MoveNext () (at ./Library/PackageCache/com.unity.test-framework@1.3.9/UnityEngine.TestRunner/NUnitExtensions/Runner/CompositeWorkItem.cs:197)
UnityEngine.TestRunner.NUnitExtensions.Runner.CompositeWorkItem/<PerformWork>d__12:MoveNext () (at ./Library/PackageCache/com.unity.test-framework@1.3.9/UnityEngine.TestRunner/NUnitExtensions/Runner/CompositeWorkItem.cs:76)
UnityEngine.TestRunner.NUnitExtensions.Runner.CompositeWorkItem/<RunChildren>d__16:MoveNext () (at ./Library/PackageCache/com.unity.test-framework@1.3.9/UnityEngine.TestRunner/NUnitExtensions/Runner/CompositeWorkItem.cs:197)
UnityEngine.TestRunner.NUnitExtensions.Runner.CompositeWorkItem/<PerformWork>d__12:MoveNext () (at ./Library/PackageCache/com.unity.test-framework@1.3.9/UnityEngine.TestRunner/NUnitExtensions/Runner/CompositeWorkItem.cs:76)
UnityEngine.TestRunner.NUnitExtensions.Runner.CompositeWorkItem/<RunChildren>d__16:MoveNext () (at ./Library/PackageCache/com.unity.test-framework@1.3.9/UnityEngine.TestRunner/NUnitExtensions/Runner/CompositeWorkItem.cs:197)
UnityEngine.TestRunner.NUnitExtensions.Runner.CompositeWorkItem/<PerformWork>d__12:MoveNext () (at ./Library/PackageCache/com.unity.test-framework@1.3.9/UnityEngine.TestRunner/NUnitExtensions/Runner/CompositeWorkItem.cs:76)
UnityEngine.TestRunner.NUnitExtensions.Runner.CompositeWorkItem/<RunChildren>d__16:MoveNext () (at ./Library/PackageCache/com.unity.test-framework@1.3.9/UnityEngine.TestRunner/NUnitExtensions/Runner/CompositeWorkItem.cs:197)
UnityEngine.TestRunner.NUnitExtensions.Runner.CompositeWorkItem/<PerformWork>d__12:MoveNext () (at ./Library/PackageCache/com.unity.test-framework@1.3.9/UnityEngine.TestRunner/NUnitExtensions/Runner/CompositeWorkItem.cs:76)
UnityEditor.TestTools.TestRunner.EditModeRunner:MoveNextAndUpdateYieldObject () (at ./Library/PackageCache/com.unity.test-framework@1.3.9/UnityEditor.TestRunner/TestRunner/EditModeRunner.cs:164)
UnityEditor.TestTools.TestRunner.EditModeRunner:TestConsumer (UnityEditor.TestTools.TestRunner.TestRunnerStateSerializer) (at ./Library/PackageCache/com.unity.test-framework@1.3.9/UnityEditor.TestRunner/TestRunner/EditModeRunner.cs:197)
UnityEditor.TestTools.TestRunner.TestRun.Tasks.EditModeRunTask/<Execute>d__1:MoveNext () (at ./Library/PackageCache/com.unity.test-framework@1.3.9/UnityEditor.TestRunner/TestRun/Tasks/EditModeRunTask.cs:47)
UnityEditor.TestTools.TestRunner.TestRun.TestJobRunner:ExecuteStep () (at ./Library/PackageCache/com.unity.test-framework@1.3.9/UnityEditor.TestRunner/TestRun/TestJobRunner.cs:172)
UnityEditor.TestTools.TestRunner.TestRun.TestJobRunner:ExecuteCallback () (at ./Library/PackageCache/com.unity.test-framework@1.3.9/UnityEditor.TestRunner/TestRun/TestJobRunner.cs:108)
UnityEditor.EditorApplication:Internal_CallUpdateFunctions ()

(Filename: Assets/_Project/Scripts/BSM/ClientStateStack.cs Line: 80)

[StateStack] Pushed Pending (duration: 0.1s, depth: 2)
UnityEngine.StackTraceUtility:ExtractStackTrace ()
UnityEngine.DebugLogHandler:LogFormat (UnityEngine.LogType,UnityEngine.Object,string,object[])
UnityEngine.Logger:Log (UnityEngine.LogType,object)
UnityEngine.Debug:Log (object)
Desk42.BSM.ClientStateStack:Push (Desk42.BSM.IClientState,Desk42.BSM.ClientContext) (at Assets/_Project/Scripts/BSM/ClientStateStack.cs:80)
Desk42.Tests.EditMode.BSMTests:Stack_AfterTopPops_BottomBecomesActive () (at Assets/_Project/Tests/EditMode/BSMTests.cs:222)
System.Reflection.RuntimeMethodInfo:Invoke (object,System.Reflection.BindingFlags,System.Reflection.Binder,object[],System.Globalization.CultureInfo)
System.Reflection.MethodBase:Invoke (object,object[])
NUnit.Framework.Internal.Reflect:InvokeMethod (System.Reflection.MethodInfo,object,object[])
NUnit.Framework.Internal.MethodWrapper:Invoke (object,object[])
NUnit.Framework.Internal.Commands.TestMethodCommand:RunNonAsyncTestMethod (NUnit.Framework.Internal.ITestExecutionContext)
NUnit.Framework.Internal.Commands.TestMethodCommand:RunTestMethod (NUnit.Framework.Internal.ITestExecutionContext)
NUnit.Framework.Internal.Commands.TestMethodCommand:Execute (NUnit.Framework.Internal.ITestExecutionContext)
UnityEngine.TestTools.UnityTestMethodCommand:Execute (NUnit.Framework.Internal.ITestExecutionContext) (at ./Library/PackageCache/com.unity.test-framework@1.3.9/UnityEngine.TestRunner/NUnitExtensions/Commands/UnityTestMethodCommand.cs:16)
UnityEngine.TestRunner.NUnitExtensions.Runner.UnityLogCheckDelegatingCommand/<>c__DisplayClass2_0:<Execute>b__0 () (at ./Library/PackageCache/com.unity.test-framework@1.3.9/UnityEngine.TestRunner/NUnitExtensions/Runner/UnityLogCheckDelegatingCommand.cs:24)
UnityEngine.TestRunner.NUnitExtensions.Runner.UnityLogCheckDelegatingCommand:CaptureException (NUnit.Framework.Internal.TestResult,System.Action) (at ./Library/PackageCache/com.unity.test-framework@1.3.9/UnityEngine.TestRunner/NUnitExtensions/Runner/UnityLogCheckDelegatingCommand.cs:68)
UnityEngine.TestRunner.NUnitExtensions.Runner.UnityLogCheckDelegatingCommand:ExecuteAndCheckLog (UnityEngine.TestTools.Logging.LogScope,NUnit.Framework.Internal.TestResult,System.Action) (at ./Library/PackageCache/com.unity.test-framework@1.3.9/UnityEngine.TestRunner/NUnitExtensions/Runner/UnityLogCheckDelegatingCommand.cs:79)
UnityEngine.TestRunner.NUnitExtensions.Runner.UnityLogCheckDelegatingCommand:Execute (NUnit.Framework.Internal.ITestExecutionContext) (at ./Library/PackageCache/com.unity.test-framework@1.3.9/UnityEngine.TestRunner/NUnitExtensions/Runner/UnityLogCheckDelegatingCommand.cs:24)
UnityEngine.TestRunner.NUnitExtensions.Runner.UnityLogCheckDelegatingCommand/<ExecuteEnumerable>d__3:MoveNext () (at ./Library/PackageCache/com.unity.test-framework@1.3.9/UnityEngine.TestRunner/NUnitExtensions/Runner/UnityLogCheckDelegatingCommand.cs:35)
UnityEngine.TestTools.BeforeAfterTestCommandBase`1/<ExecuteEnumerable>d__14<NUnit.Framework.ITestAction>:MoveNext () (at ./Library/PackageCache/com.unity.test-framework@1.3.9/UnityEngine.TestRunner/NUnitExtensions/Commands/BeforeAfterTestCommandBase.cs:173)
UnityEngine.TestTools.ImmediateEnumerableCommand:Execute (NUnit.Framework.Internal.ITestExecutionContext) (at ./Library/PackageCache/com.unity.test-framework@1.3.9/UnityEngine.TestRunner/NUnitExtensions/Commands/ImmediateEnumerableCommand.cs:18)
UnityEngine.TestTools.BeforeAfterTestCommandBase`1/<ExecuteEnumerable>d__14<System.Reflection.MethodInfo>:MoveNext () (at ./Library/PackageCache/com.unity.test-framework@1.3.9/UnityEngine.TestRunner/NUnitExtensions/Commands/BeforeAfterTestCommandBase.cs:181)
UnityEngine.TestTools.BeforeAfterTestCommandBase`1/<ExecuteEnumerable>d__14<System.Reflection.MethodInfo>:MoveNext () (at ./Library/PackageCache/com.unity.test-framework@1.3.9/UnityEngine.TestRunner/NUnitExtensions/Commands/BeforeAfterTestCommandBase.cs:173)
UnityEngine.TestTools.BeforeAfterTestCommandBase`1/<ExecuteEnumerable>d__14<UnityEngine.TestTools.IOuterUnityTestAction>:MoveNext () (at ./Library/PackageCache/com.unity.test-framework@1.3.9/UnityEngine.TestRunner/NUnitExtensions/Commands/BeforeAfterTestCommandBase.cs:173)
UnityEngine.TestTools.RetryCommand/<ExecuteEnumerable>d__2:MoveNext () (at ./Library/PackageCache/com.unity.test-framework@1.3.9/UnityEngine.TestRunner/NUnitExtensions/Commands/RetryCommand.cs:37)
UnityEngine.TestTools.RepeatCommand/<ExecuteEnumerable>d__2:MoveNext () (at ./Library/PackageCache/com.unity.test-framework@1.3.9/UnityEngine.TestRunner/NUnitExtensions/Commands/RepeatCommand.cs:36)
UnityEngine.TestTools.TimeoutCommand/<ExecuteEnumerable>d__3:MoveNext () (at ./Library/PackageCache/com.unity.test-framework@1.3.9/UnityEngine.TestRunner/NUnitExtensions/Commands/TimeoutCommand.cs:33)
UnityEngine.TestTools.IgnoreTestCommand/<ExecuteEnumerable>d__3:MoveNext () (at ./Library/PackageCache/com.unity.test-framework@1.3.9/UnityEngine.TestRunner/NUnitExtensions/Commands/IgnoreTestCommand.cs:42)
UnityEngine.TestTools.StrictCheckCommand/<ExecuteEnumerable>d__2:MoveNext () (at ./Library/PackageCache/com.unity.test-framework@1.3.9/UnityEngine.TestRunner/NUnitExtensions/Commands/StrictCheckCommand.cs:29)
UnityEngine.TestRunner.NUnitExtensions.Runner.DefaultTestWorkItem/<PerformWork>d__2:MoveNext () (at ./Library/PackageCache/com.unity.test-framework@1.3.9/UnityEngine.TestRunner/NUnitExtensions/Runner/DefaultTestWorkItem.cs:50)
UnityEngine.TestRunner.NUnitExtensions.Runner.CompositeWorkItem/<RunChildren>d__16:MoveNext () (at ./Library/PackageCache/com.unity.test-framework@1.3.9/UnityEngine.TestRunner/NUnitExtensions/Runner/CompositeWorkItem.cs:197)
UnityEngine.TestRunner.NUnitExtensions.Runner.CompositeWorkItem/<PerformWork>d__12:MoveNext () (at ./Library/PackageCache/com.unity.test-framework@1.3.9/UnityEngine.TestRunner/NUnitExtensions/Runner/CompositeWorkItem.cs:76)
UnityEngine.TestRunner.NUnitExtensions.Runner.CompositeWorkItem/<RunChildren>d__16:MoveNext () (at ./Library/PackageCache/com.unity.test-framework@1.3.9/UnityEngine.TestRunner/NUnitExtensions/Runner/CompositeWorkItem.cs:197)
UnityEngine.TestRunner.NUnitExtensions.Runner.CompositeWorkItem/<PerformWork>d__12:MoveNext () (at ./Library/PackageCache/com.unity.test-framework@1.3.9/UnityEngine.TestRunner/NUnitExtensions/Runner/CompositeWorkItem.cs:76)
UnityEngine.TestRunner.NUnitExtensions.Runner.CompositeWorkItem/<RunChildren>d__16:MoveNext () (at ./Library/PackageCache/com.unity.test-framework@1.3.9/UnityEngine.TestRunner/NUnitExtensions/Runner/CompositeWorkItem.cs:197)
UnityEngine.TestRunner.NUnitExtensions.Runner.CompositeWorkItem/<PerformWork>d__12:MoveNext () (at ./Library/PackageCache/com.unity.test-framework@1.3.9/UnityEngine.TestRunner/NUnitExtensions/Runner/CompositeWorkItem.cs:76)
UnityEngine.TestRunner.NUnitExtensions.Runner.CompositeWorkItem/<RunChildren>d__16:MoveNext () (at ./Library/PackageCache/com.unity.test-framework@1.3.9/UnityEngine.TestRunner/NUnitExtensions/Runner/CompositeWorkItem.cs:197)
UnityEngine.TestRunner.NUnitExtensions.Runner.CompositeWorkItem/<PerformWork>d__12:MoveNext () (at ./Library/PackageCache/com.unity.test-framework@1.3.9/UnityEngine.TestRunner/NUnitExtensions/Runner/CompositeWorkItem.cs:76)
UnityEngine.TestRunner.NUnitExtensions.Runner.CompositeWorkItem/<RunChildren>d__16:MoveNext () (at ./Library/PackageCache/com.unity.test-framework@1.3.9/UnityEngine.TestRunner/NUnitExtensions/Runner/CompositeWorkItem.cs:197)
UnityEngine.TestRunner.NUnitExtensions.Runner.CompositeWorkItem/<PerformWork>d__12:MoveNext () (at ./Library/PackageCache/com.unity.test-framework@1.3.9/UnityEngine.TestRunner/NUnitExtensions/Runner/CompositeWorkItem.cs:76)
UnityEngine.TestRunner.NUnitExtensions.Runner.CompositeWorkItem/<RunChildren>d__16:MoveNext () (at ./Library/PackageCache/com.unity.test-framework@1.3.9/UnityEngine.TestRunner/NUnitExtensions/Runner/CompositeWorkItem.cs:197)
UnityEngine.TestRunner.NUnitExtensions.Runner.CompositeWorkItem/<PerformWork>d__12:MoveNext () (at ./Library/PackageCache/com.unity.test-framework@1.3.9/UnityEngine.TestRunner/NUnitExtensions/Runner/CompositeWorkItem.cs:76)
UnityEditor.TestTools.TestRunner.EditModeRunner:MoveNextAndUpdateYieldObject () (at ./Library/PackageCache/com.unity.test-framework@1.3.9/UnityEditor.TestRunner/TestRunner/EditModeRunner.cs:164)
UnityEditor.TestTools.TestRunner.EditModeRunner:TestConsumer (UnityEditor.TestTools.TestRunner.TestRunnerStateSerializer) (at ./Library/PackageCache/com.unity.test-framework@1.3.9/UnityEditor.TestRunner/TestRunner/EditModeRunner.cs:197)
UnityEditor.TestTools.TestRunner.TestRun.Tasks.EditModeRunTask/<Execute>d__1:MoveNext () (at ./Library/PackageCache/com.unity.test-framework@1.3.9/UnityEditor.TestRunner/TestRun/Tasks/EditModeRunTask.cs:47)
UnityEditor.TestTools.TestRunner.TestRun.TestJobRunner:ExecuteStep () (at ./Library/PackageCache/com.unity.test-framework@1.3.9/UnityEditor.TestRunner/TestRun/TestJobRunner.cs:172)
UnityEditor.TestTools.TestRunner.TestRun.TestJobRunner:ExecuteCallback () (at ./Library/PackageCache/com.unity.test-framework@1.3.9/UnityEditor.TestRunner/TestRun/TestJobRunner.cs:108)
UnityEditor.EditorApplication:Internal_CallUpdateFunctions ()

(Filename: Assets/_Project/Scripts/BSM/ClientStateStack.cs Line: 80)

[StateStack] Popped Pending (timer expired).
UnityEngine.StackTraceUtility:ExtractStackTrace ()
UnityEngine.DebugLogHandler:LogFormat (UnityEngine.LogType,UnityEngine.Object,string,object[])
UnityEngine.Logger:Log (UnityEngine.LogType,object)
UnityEngine.Debug:Log (object)
Desk42.BSM.ClientStateStack:Tick (Desk42.BSM.ClientContext,single) (at Assets/_Project/Scripts/BSM/ClientStateStack.cs:104)
Desk42.Tests.EditMode.BSMTests:Stack_AfterTopPops_BottomBecomesActive () (at Assets/_Project/Tests/EditMode/BSMTests.cs:224)
System.Reflection.RuntimeMethodInfo:Invoke (object,System.Reflection.BindingFlags,System.Reflection.Binder,object[],System.Globalization.CultureInfo)
System.Reflection.MethodBase:Invoke (object,object[])
NUnit.Framework.Internal.Reflect:InvokeMethod (System.Reflection.MethodInfo,object,object[])
NUnit.Framework.Internal.MethodWrapper:Invoke (object,object[])
NUnit.Framework.Internal.Commands.TestMethodCommand:RunNonAsyncTestMethod (NUnit.Framework.Internal.ITestExecutionContext)
NUnit.Framework.Internal.Commands.TestMethodCommand:RunTestMethod (NUnit.Framework.Internal.ITestExecutionContext)
NUnit.Framework.Internal.Commands.TestMethodCommand:Execute (NUnit.Framework.Internal.ITestExecutionContext)
UnityEngine.TestTools.UnityTestMethodCommand:Execute (NUnit.Framework.Internal.ITestExecutionContext) (at ./Library/PackageCache/com.unity.test-framework@1.3.9/UnityEngine.TestRunner/NUnitExtensions/Commands/UnityTestMethodCommand.cs:16)
UnityEngine.TestRunner.NUnitExtensions.Runner.UnityLogCheckDelegatingCommand/<>c__DisplayClass2_0:<Execute>b__0 () (at ./Library/PackageCache/com.unity.test-framework@1.3.9/UnityEngine.TestRunner/NUnitExtensions/Runner/UnityLogCheckDelegatingCommand.cs:24)
UnityEngine.TestRunner.NUnitExtensions.Runner.UnityLogCheckDelegatingCommand:CaptureException (NUnit.Framework.Internal.TestResult,System.Action) (at ./Library/PackageCache/com.unity.test-framework@1.3.9/UnityEngine.TestRunner/NUnitExtensions/Runner/UnityLogCheckDelegatingCommand.cs:68)
UnityEngine.TestRunner.NUnitExtensions.Runner.UnityLogCheckDelegatingCommand:ExecuteAndCheckLog (UnityEngine.TestTools.Logging.LogScope,NUnit.Framework.Internal.TestResult,System.Action) (at ./Library/PackageCache/com.unity.test-framework@1.3.9/UnityEngine.TestRunner/NUnitExtensions/Runner/UnityLogCheckDelegatingCommand.cs:79)
UnityEngine.TestRunner.NUnitExtensions.Runner.UnityLogCheckDelegatingCommand:Execute (NUnit.Framework.Internal.ITestExecutionContext) (at ./Library/PackageCache/com.unity.test-framework@1.3.9/UnityEngine.TestRunner/NUnitExtensions/Runner/UnityLogCheckDelegatingCommand.cs:24)
UnityEngine.TestRunner.NUnitExtensions.Runner.UnityLogCheckDelegatingCommand/<ExecuteEnumerable>d__3:MoveNext () (at ./Library/PackageCache/com.unity.test-framework@1.3.9/UnityEngine.TestRunner/NUnitExtensions/Runner/UnityLogCheckDelegatingCommand.cs:35)
UnityEngine.TestTools.BeforeAfterTestCommandBase`1/<ExecuteEnumerable>d__14<NUnit.Framework.ITestAction>:MoveNext () (at ./Library/PackageCache/com.unity.test-framework@1.3.9/UnityEngine.TestRunner/NUnitExtensions/Commands/BeforeAfterTestCommandBase.cs:173)
UnityEngine.TestTools.ImmediateEnumerableCommand:Execute (NUnit.Framework.Internal.ITestExecutionContext) (at ./Library/PackageCache/com.unity.test-framework@1.3.9/UnityEngine.TestRunner/NUnitExtensions/Commands/ImmediateEnumerableCommand.cs:18)
UnityEngine.TestTools.BeforeAfterTestCommandBase`1/<ExecuteEnumerable>d__14<System.Reflection.MethodInfo>:MoveNext () (at ./Library/PackageCache/com.unity.test-framework@1.3.9/UnityEngine.TestRunner/NUnitExtensions/Commands/BeforeAfterTestCommandBase.cs:181)
UnityEngine.TestTools.BeforeAfterTestCommandBase`1/<ExecuteEnumerable>d__14<System.Reflection.MethodInfo>:MoveNext () (at ./Library/PackageCache/com.unity.test-framework@1.3.9/UnityEngine.TestRunner/NUnitExtensions/Commands/BeforeAfterTestCommandBase.cs:173)
UnityEngine.TestTools.BeforeAfterTestCommandBase`1/<ExecuteEnumerable>d__14<UnityEngine.TestTools.IOuterUnityTestAction>:MoveNext () (at ./Library/PackageCache/com.unity.test-framework@1.3.9/UnityEngine.TestRunner/NUnitExtensions/Commands/BeforeAfterTestCommandBase.cs:173)
UnityEngine.TestTools.RetryCommand/<ExecuteEnumerable>d__2:MoveNext () (at ./Library/PackageCache/com.unity.test-framework@1.3.9/UnityEngine.TestRunner/NUnitExtensions/Commands/RetryCommand.cs:37)
UnityEngine.TestTools.RepeatCommand/<ExecuteEnumerable>d__2:MoveNext () (at ./Library/PackageCache/com.unity.test-framework@1.3.9/UnityEngine.TestRunner/NUnitExtensions/Commands/RepeatCommand.cs:36)
UnityEngine.TestTools.TimeoutCommand/<ExecuteEnumerable>d__3:MoveNext () (at ./Library/PackageCache/com.unity.test-framework@1.3.9/UnityEngine.TestRunner/NUnitExtensions/Commands/TimeoutCommand.cs:33)
UnityEngine.TestTools.IgnoreTestCommand/<ExecuteEnumerable>d__3:MoveNext () (at ./Library/PackageCache/com.unity.test-framework@1.3.9/UnityEngine.TestRunner/NUnitExtensions/Commands/IgnoreTestCommand.cs:42)
UnityEngine.TestTools.StrictCheckCommand/<ExecuteEnumerable>d__2:MoveNext () (at ./Library/PackageCache/com.unity.test-framework@1.3.9/UnityEngine.TestRunner/NUnitExtensions/Commands/StrictCheckCommand.cs:29)
UnityEngine.TestRunner.NUnitExtensions.Runner.DefaultTestWorkItem/<PerformWork>d__2:MoveNext () (at ./Library/PackageCache/com.unity.test-framework@1.3.9/UnityEngine.TestRunner/NUnitExtensions/Runner/DefaultTestWorkItem.cs:50)
UnityEngine.TestRunner.NUnitExtensions.Runner.CompositeWorkItem/<RunChildren>d__16:MoveNext () (at ./Library/PackageCache/com.unity.test-framework@1.3.9/UnityEngine.TestRunner/NUnitExtensions/Runner/CompositeWorkItem.cs:197)
UnityEngine.TestRunner.NUnitExtensions.Runner.CompositeWorkItem/<PerformWork>d__12:MoveNext () (at ./Library/PackageCache/com.unity.test-framework@1.3.9/UnityEngine.TestRunner/NUnitExtensions/Runner/CompositeWorkItem.cs:76)
UnityEngine.TestRunner.NUnitExtensions.Runner.CompositeWorkItem/<RunChildren>d__16:MoveNext () (at ./Library/PackageCache/com.unity.test-framework@1.3.9/UnityEngine.TestRunner/NUnitExtensions/Runner/CompositeWorkItem.cs:197)
UnityEngine.TestRunner.NUnitExtensions.Runner.CompositeWorkItem/<PerformWork>d__12:MoveNext () (at ./Library/PackageCache/com.unity.test-framework@1.3.9/UnityEngine.TestRunner/NUnitExtensions/Runner/CompositeWorkItem.cs:76)
UnityEngine.TestRunner.NUnitExtensions.Runner.CompositeWorkItem/<RunChildren>d__16:MoveNext () (at ./Library/PackageCache/com.unity.test-framework@1.3.9/UnityEngine.TestRunner/NUnitExtensions/Runner/CompositeWorkItem.cs:197)
UnityEngine.TestRunner.NUnitExtensions.Runner.CompositeWorkItem/<PerformWork>d__12:MoveNext () (at ./Library/PackageCache/com.unity.test-framework@1.3.9/UnityEngine.TestRunner/NUnitExtensions/Runner/CompositeWorkItem.cs:76)
UnityEngine.TestRunner.NUnitExtensions.Runner.CompositeWorkItem/<RunChildren>d__16:MoveNext () (at ./Library/PackageCache/com.unity.test-framework@1.3.9/UnityEngine.TestRunner/NUnitExtensions/Runner/CompositeWorkItem.cs:197)
UnityEngine.TestRunner.NUnitExtensions.Runner.CompositeWorkItem/<PerformWork>d__12:MoveNext () (at ./Library/PackageCache/com.unity.test-framework@1.3.9/UnityEngine.TestRunner/NUnitExtensions/Runner/CompositeWorkItem.cs:76)
UnityEngine.TestRunner.NUnitExtensions.Runner.CompositeWorkItem/<RunChildren>d__16:MoveNext () (at ./Library/PackageCache/com.unity.test-framework@1.3.9/UnityEngine.TestRunner/NUnitExtensions/Runner/CompositeWorkItem.cs:197)
UnityEngine.TestRunner.NUnitExtensions.Runner.CompositeWorkItem/<PerformWork>d__12:MoveNext () (at ./Library/PackageCache/com.unity.test-framework@1.3.9/UnityEngine.TestRunner/NUnitExtensions/Runner/CompositeWorkItem.cs:76)
UnityEngine.TestRunner.NUnitExtensions.Runner.CompositeWorkItem/<RunChildren>d__16:MoveNext () (at ./Library/PackageCache/com.unity.test-framework@1.3.9/UnityEngine.TestRunner/NUnitExtensions/Runner/CompositeWorkItem.cs:197)
UnityEngine.TestRunner.NUnitExtensions.Runner.CompositeWorkItem/<PerformWork>d__12:MoveNext () (at ./Library/PackageCache/com.unity.test-framework@1.3.9/UnityEngine.TestRunner/NUnitExtensions/Runner/CompositeWorkItem.cs:76)
UnityEditor.TestTools.TestRunner.EditModeRunner:MoveNextAndUpdateYieldObject () (at ./Library/PackageCache/com.unity.test-framework@1.3.9/UnityEditor.TestRunner/TestRunner/EditModeRunner.cs:164)
UnityEditor.TestTools.TestRunner.EditModeRunner:TestConsumer (UnityEditor.TestTools.TestRunner.TestRunnerStateSerializer) (at ./Library/PackageCache/com.unity.test-framework@1.3.9/UnityEditor.TestRunner/TestRunner/EditModeRunner.cs:197)
UnityEditor.TestTools.TestRunner.TestRun.Tasks.EditModeRunTask/<Execute>d__1:MoveNext () (at ./Library/PackageCache/com.unity.test-framework@1.3.9/UnityEditor.TestRunner/TestRun/Tasks/EditModeRunTask.cs:47)
UnityEditor.TestTools.TestRunner.TestRun.TestJobRunner:ExecuteStep () (at ./Library/PackageCache/com.unity.test-framework@1.3.9/UnityEditor.TestRunner/TestRun/TestJobRunner.cs:172)
UnityEditor.TestTools.TestRunner.TestRun.TestJobRunner:ExecuteCallback () (at ./Library/PackageCache/com.unity.test-framework@1.3.9/UnityEditor.TestRunner/TestRun/TestJobRunner.cs:108)
UnityEditor.EditorApplication:Internal_CallUpdateFunctions ()

(Filename: Assets/_Project/Scripts/BSM/ClientStateStack.cs Line: 104)

[StateStack] Pushed Pending (duration: ∞, depth: 1)
UnityEngine.StackTraceUtility:ExtractStackTrace ()
UnityEngine.DebugLogHandler:LogFormat (UnityEngine.LogType,UnityEngine.Object,string,object[])
UnityEngine.Logger:Log (UnityEngine.LogType,object)
UnityEngine.Debug:Log (object)
Desk42.BSM.ClientStateStack:Push (Desk42.BSM.IClientState,Desk42.BSM.ClientContext) (at Assets/_Project/Scripts/BSM/ClientStateStack.cs:80)
Desk42.Tests.EditMode.BSMTests:Stack_ClearAll_ExitsAllStates () (at Assets/_Project/Tests/EditMode/BSMTests.cs:188)
System.Reflection.RuntimeMethodInfo:Invoke (object,System.Reflection.BindingFlags,System.Reflection.Binder,object[],System.Globalization.CultureInfo)
System.Reflection.MethodBase:Invoke (object,object[])
NUnit.Framework.Internal.Reflect:InvokeMethod (System.Reflection.MethodInfo,object,object[])
NUnit.Framework.Internal.MethodWrapper:Invoke (object,object[])
NUnit.Framework.Internal.Commands.TestMethodCommand:RunNonAsyncTestMethod (NUnit.Framework.Internal.ITestExecutionContext)
NUnit.Framework.Internal.Commands.TestMethodCommand:RunTestMethod (NUnit.Framework.Internal.ITestExecutionContext)
NUnit.Framework.Internal.Commands.TestMethodCommand:Execute (NUnit.Framework.Internal.ITestExecutionContext)
UnityEngine.TestTools.UnityTestMethodCommand:Execute (NUnit.Framework.Internal.ITestExecutionContext) (at ./Library/PackageCache/com.unity.test-framework@1.3.9/UnityEngine.TestRunner/NUnitExtensions/Commands/UnityTestMethodCommand.cs:16)
UnityEngine.TestRunner.NUnitExtensions.Runner.UnityLogCheckDelegatingCommand/<>c__DisplayClass2_0:<Execute>b__0 () (at ./Library/PackageCache/com.unity.test-framework@1.3.9/UnityEngine.TestRunner/NUnitExtensions/Runner/UnityLogCheckDelegatingCommand.cs:24)
UnityEngine.TestRunner.NUnitExtensions.Runner.UnityLogCheckDelegatingCommand:CaptureException (NUnit.Framework.Internal.TestResult,System.Action) (at ./Library/PackageCache/com.unity.test-framework@1.3.9/UnityEngine.TestRunner/NUnitExtensions/Runner/UnityLogCheckDelegatingCommand.cs:68)
UnityEngine.TestRunner.NUnitExtensions.Runner.UnityLogCheckDelegatingCommand:ExecuteAndCheckLog (UnityEngine.TestTools.Logging.LogScope,NUnit.Framework.Internal.TestResult,System.Action) (at ./Library/PackageCache/com.unity.test-framework@1.3.9/UnityEngine.TestRunner/NUnitExtensions/Runner/UnityLogCheckDelegatingCommand.cs:79)
UnityEngine.TestRunner.NUnitExtensions.Runner.UnityLogCheckDelegatingCommand:Execute (NUnit.Framework.Internal.ITestExecutionContext) (at ./Library/PackageCache/com.unity.test-framework@1.3.9/UnityEngine.TestRunner/NUnitExtensions/Runner/UnityLogCheckDelegatingCommand.cs:24)
UnityEngine.TestRunner.NUnitExtensions.Runner.UnityLogCheckDelegatingCommand/<ExecuteEnumerable>d__3:MoveNext () (at ./Library/PackageCache/com.unity.test-framework@1.3.9/UnityEngine.TestRunner/NUnitExtensions/Runner/UnityLogCheckDelegatingCommand.cs:35)
UnityEngine.TestTools.BeforeAfterTestCommandBase`1/<ExecuteEnumerable>d__14<NUnit.Framework.ITestAction>:MoveNext () (at ./Library/PackageCache/com.unity.test-framework@1.3.9/UnityEngine.TestRunner/NUnitExtensions/Commands/BeforeAfterTestCommandBase.cs:173)
UnityEngine.TestTools.ImmediateEnumerableCommand:Execute (NUnit.Framework.Internal.ITestExecutionContext) (at ./Library/PackageCache/com.unity.test-framework@1.3.9/UnityEngine.TestRunner/NUnitExtensions/Commands/ImmediateEnumerableCommand.cs:18)
UnityEngine.TestTools.BeforeAfterTestCommandBase`1/<ExecuteEnumerable>d__14<System.Reflection.MethodInfo>:MoveNext () (at ./Library/PackageCache/com.unity.test-framework@1.3.9/UnityEngine.TestRunner/NUnitExtensions/Commands/BeforeAfterTestCommandBase.cs:181)
UnityEngine.TestTools.BeforeAfterTestCommandBase`1/<ExecuteEnumerable>d__14<System.Reflection.MethodInfo>:MoveNext () (at ./Library/PackageCache/com.unity.test-framework@1.3.9/UnityEngine.TestRunner/NUnitExtensions/Commands/BeforeAfterTestCommandBase.cs:173)
UnityEngine.TestTools.BeforeAfterTestCommandBase`1/<ExecuteEnumerable>d__14<UnityEngine.TestTools.IOuterUnityTestAction>:MoveNext () (at ./Library/PackageCache/com.unity.test-framework@1.3.9/UnityEngine.TestRunner/NUnitExtensions/Commands/BeforeAfterTestCommandBase.cs:173)
UnityEngine.TestTools.RetryCommand/<ExecuteEnumerable>d__2:MoveNext () (at ./Library/PackageCache/com.unity.test-framework@1.3.9/UnityEngine.TestRunner/NUnitExtensions/Commands/RetryCommand.cs:37)
UnityEngine.TestTools.RepeatCommand/<ExecuteEnumerable>d__2:MoveNext () (at ./Library/PackageCache/com.unity.test-framework@1.3.9/UnityEngine.TestRunner/NUnitExtensions/Commands/RepeatCommand.cs:36)
UnityEngine.TestTools.TimeoutCommand/<ExecuteEnumerable>d__3:MoveNext () (at ./Library/PackageCache/com.unity.test-framework@1.3.9/UnityEngine.TestRunner/NUnitExtensions/Commands/TimeoutCommand.cs:33)
UnityEngine.TestTools.IgnoreTestCommand/<ExecuteEnumerable>d__3:MoveNext () (at ./Library/PackageCache/com.unity.test-framework@1.3.9/UnityEngine.TestRunner/NUnitExtensions/Commands/IgnoreTestCommand.cs:42)
UnityEngine.TestTools.StrictCheckCommand/<ExecuteEnumerable>d__2:MoveNext () (at ./Library/PackageCache/com.unity.test-framework@1.3.9/UnityEngine.TestRunner/NUnitExtensions/Commands/StrictCheckCommand.cs:29)
UnityEngine.TestRunner.NUnitExtensions.Runner.DefaultTestWorkItem/<PerformWork>d__2:MoveNext () (at ./Library/PackageCache/com.unity.test-framework@1.3.9/UnityEngine.TestRunner/NUnitExtensions/Runner/DefaultTestWorkItem.cs:50)
UnityEngine.TestRunner.NUnitExtensions.Runner.CompositeWorkItem/<RunChildren>d__16:MoveNext () (at ./Library/PackageCache/com.unity.test-framework@1.3.9/UnityEngine.TestRunner/NUnitExtensions/Runner/CompositeWorkItem.cs:197)
UnityEngine.TestRunner.NUnitExtensions.Runner.CompositeWorkItem/<PerformWork>d__12:MoveNext () (at ./Library/PackageCache/com.unity.test-framework@1.3.9/UnityEngine.TestRunner/NUnitExtensions/Runner/CompositeWorkItem.cs:76)
UnityEngine.TestRunner.NUnitExtensions.Runner.CompositeWorkItem/<RunChildren>d__16:MoveNext () (at ./Library/PackageCache/com.unity.test-framework@1.3.9/UnityEngine.TestRunner/NUnitExtensions/Runner/CompositeWorkItem.cs:197)
UnityEngine.TestRunner.NUnitExtensions.Runner.CompositeWorkItem/<PerformWork>d__12:MoveNext () (at ./Library/PackageCache/com.unity.test-framework@1.3.9/UnityEngine.TestRunner/NUnitExtensions/Runner/CompositeWorkItem.cs:76)
UnityEngine.TestRunner.NUnitExtensions.Runner.CompositeWorkItem/<RunChildren>d__16:MoveNext () (at ./Library/PackageCache/com.unity.test-framework@1.3.9/UnityEngine.TestRunner/NUnitExtensions/Runner/CompositeWorkItem.cs:197)
UnityEngine.TestRunner.NUnitExtensions.Runner.CompositeWorkItem/<PerformWork>d__12:MoveNext () (at ./Library/PackageCache/com.unity.test-framework@1.3.9/UnityEngine.TestRunner/NUnitExtensions/Runner/CompositeWorkItem.cs:76)
UnityEngine.TestRunner.NUnitExtensions.Runner.CompositeWorkItem/<RunChildren>d__16:MoveNext () (at ./Library/PackageCache/com.unity.test-framework@1.3.9/UnityEngine.TestRunner/NUnitExtensions/Runner/CompositeWorkItem.cs:197)
UnityEngine.TestRunner.NUnitExtensions.Runner.CompositeWorkItem/<PerformWork>d__12:MoveNext () (at ./Library/PackageCache/com.unity.test-framework@1.3.9/UnityEngine.TestRunner/NUnitExtensions/Runner/CompositeWorkItem.cs:76)
UnityEngine.TestRunner.NUnitExtensions.Runner.CompositeWorkItem/<RunChildren>d__16:MoveNext () (at ./Library/PackageCache/com.unity.test-framework@1.3.9/UnityEngine.TestRunner/NUnitExtensions/Runner/CompositeWorkItem.cs:197)
UnityEngine.TestRunner.NUnitExtensions.Runner.CompositeWorkItem/<PerformWork>d__12:MoveNext () (at ./Library/PackageCache/com.unity.test-framework@1.3.9/UnityEngine.TestRunner/NUnitExtensions/Runner/CompositeWorkItem.cs:76)
UnityEngine.TestRunner.NUnitExtensions.Runner.CompositeWorkItem/<RunChildren>d__16:MoveNext () (at ./Library/PackageCache/com.unity.test-framework@1.3.9/UnityEngine.TestRunner/NUnitExtensions/Runner/CompositeWorkItem.cs:197)
UnityEngine.TestRunner.NUnitExtensions.Runner.CompositeWorkItem/<PerformWork>d__12:MoveNext () (at ./Library/PackageCache/com.unity.test-framework@1.3.9/UnityEngine.TestRunner/NUnitExtensions/Runner/CompositeWorkItem.cs:76)
UnityEditor.TestTools.TestRunner.EditModeRunner:MoveNextAndUpdateYieldObject () (at ./Library/PackageCache/com.unity.test-framework@1.3.9/UnityEditor.TestRunner/TestRunner/EditModeRunner.cs:164)
UnityEditor.TestTools.TestRunner.EditModeRunner:TestConsumer (UnityEditor.TestTools.TestRunner.TestRunnerStateSerializer) (at ./Library/PackageCache/com.unity.test-framework@1.3.9/UnityEditor.TestRunner/TestRunner/EditModeRunner.cs:197)
UnityEditor.TestTools.TestRunner.TestRun.Tasks.EditModeRunTask/<Execute>d__1:MoveNext () (at ./Library/PackageCache/com.unity.test-framework@1.3.9/UnityEditor.TestRunner/TestRun/Tasks/EditModeRunTask.cs:47)
UnityEditor.TestTools.TestRunner.TestRun.TestJobRunner:ExecuteStep () (at ./Library/PackageCache/com.unity.test-framework@1.3.9/UnityEditor.TestRunner/TestRun/TestJobRunner.cs:172)
UnityEditor.TestTools.TestRunner.TestRun.TestJobRunner:ExecuteCallback () (at ./Library/PackageCache/com.unity.test-framework@1.3.9/UnityEditor.TestRunner/TestRun/TestJobRunner.cs:108)
UnityEditor.EditorApplication:Internal_CallUpdateFunctions ()

(Filename: Assets/_Project/Scripts/BSM/ClientStateStack.cs Line: 80)

[StateStack] Pushed Pending (duration: ∞, depth: 2)
UnityEngine.StackTraceUtility:ExtractStackTrace ()
UnityEngine.DebugLogHandler:LogFormat (UnityEngine.LogType,UnityEngine.Object,string,object[])
UnityEngine.Logger:Log (UnityEngine.LogType,object)
UnityEngine.Debug:Log (object)
Desk42.BSM.ClientStateStack:Push (Desk42.BSM.IClientState,Desk42.BSM.ClientContext) (at Assets/_Project/Scripts/BSM/ClientStateStack.cs:80)
Desk42.Tests.EditMode.BSMTests:Stack_ClearAll_ExitsAllStates () (at Assets/_Project/Tests/EditMode/BSMTests.cs:189)
System.Reflection.RuntimeMethodInfo:Invoke (object,System.Reflection.BindingFlags,System.Reflection.Binder,object[],System.Globalization.CultureInfo)
System.Reflection.MethodBase:Invoke (object,object[])
NUnit.Framework.Internal.Reflect:InvokeMethod (System.Reflection.MethodInfo,object,object[])
NUnit.Framework.Internal.MethodWrapper:Invoke (object,object[])
NUnit.Framework.Internal.Commands.TestMethodCommand:RunNonAsyncTestMethod (NUnit.Framework.Internal.ITestExecutionContext)
NUnit.Framework.Internal.Commands.TestMethodCommand:RunTestMethod (NUnit.Framework.Internal.ITestExecutionContext)
NUnit.Framework.Internal.Commands.TestMethodCommand:Execute (NUnit.Framework.Internal.ITestExecutionContext)
UnityEngine.TestTools.UnityTestMethodCommand:Execute (NUnit.Framework.Internal.ITestExecutionContext) (at ./Library/PackageCache/com.unity.test-framework@1.3.9/UnityEngine.TestRunner/NUnitExtensions/Commands/UnityTestMethodCommand.cs:16)
UnityEngine.TestRunner.NUnitExtensions.Runner.UnityLogCheckDelegatingCommand/<>c__DisplayClass2_0:<Execute>b__0 () (at ./Library/PackageCache/com.unity.test-framework@1.3.9/UnityEngine.TestRunner/NUnitExtensions/Runner/UnityLogCheckDelegatingCommand.cs:24)
UnityEngine.TestRunner.NUnitExtensions.Runner.UnityLogCheckDelegatingCommand:CaptureException (NUnit.Framework.Internal.TestResult,System.Action) (at ./Library/PackageCache/com.unity.test-framework@1.3.9/UnityEngine.TestRunner/NUnitExtensions/Runner/UnityLogCheckDelegatingCommand.cs:68)
UnityEngine.TestRunner.NUnitExtensions.Runner.UnityLogCheckDelegatingCommand:ExecuteAndCheckLog (UnityEngine.TestTools.Logging.LogScope,NUnit.Framework.Internal.TestResult,System.Action) (at ./Library/PackageCache/com.unity.test-framework@1.3.9/UnityEngine.TestRunner/NUnitExtensions/Runner/UnityLogCheckDelegatingCommand.cs:79)
UnityEngine.TestRunner.NUnitExtensions.Runner.UnityLogCheckDelegatingCommand:Execute (NUnit.Framework.Internal.ITestExecutionContext) (at ./Library/PackageCache/com.unity.test-framework@1.3.9/UnityEngine.TestRunner/NUnitExtensions/Runner/UnityLogCheckDelegatingCommand.cs:24)
UnityEngine.TestRunner.NUnitExtensions.Runner.UnityLogCheckDelegatingCommand/<ExecuteEnumerable>d__3:MoveNext () (at ./Library/PackageCache/com.unity.test-framework@1.3.9/UnityEngine.TestRunner/NUnitExtensions/Runner/UnityLogCheckDelegatingCommand.cs:35)
UnityEngine.TestTools.BeforeAfterTestCommandBase`1/<ExecuteEnumerable>d__14<NUnit.Framework.ITestAction>:MoveNext () (at ./Library/PackageCache/com.unity.test-framework@1.3.9/UnityEngine.TestRunner/NUnitExtensions/Commands/BeforeAfterTestCommandBase.cs:173)
UnityEngine.TestTools.ImmediateEnumerableCommand:Execute (NUnit.Framework.Internal.ITestExecutionContext) (at ./Library/PackageCache/com.unity.test-framework@1.3.9/UnityEngine.TestRunner/NUnitExtensions/Commands/ImmediateEnumerableCommand.cs:18)
UnityEngine.TestTools.BeforeAfterTestCommandBase`1/<ExecuteEnumerable>d__14<System.Reflection.MethodInfo>:MoveNext () (at ./Library/PackageCache/com.unity.test-framework@1.3.9/UnityEngine.TestRunner/NUnitExtensions/Commands/BeforeAfterTestCommandBase.cs:181)
UnityEngine.TestTools.BeforeAfterTestCommandBase`1/<ExecuteEnumerable>d__14<System.Reflection.MethodInfo>:MoveNext () (at ./Library/PackageCache/com.unity.test-framework@1.3.9/UnityEngine.TestRunner/NUnitExtensions/Commands/BeforeAfterTestCommandBase.cs:173)
UnityEngine.TestTools.BeforeAfterTestCommandBase`1/<ExecuteEnumerable>d__14<UnityEngine.TestTools.IOuterUnityTestAction>:MoveNext () (at ./Library/PackageCache/com.unity.test-framework@1.3.9/UnityEngine.TestRunner/NUnitExtensions/Commands/BeforeAfterTestCommandBase.cs:173)
UnityEngine.TestTools.RetryCommand/<ExecuteEnumerable>d__2:MoveNext () (at ./Library/PackageCache/com.unity.test-framework@1.3.9/UnityEngine.TestRunner/NUnitExtensions/Commands/RetryCommand.cs:37)
UnityEngine.TestTools.RepeatCommand/<ExecuteEnumerable>d__2:MoveNext () (at ./Library/PackageCache/com.unity.test-framework@1.3.9/UnityEngine.TestRunner/NUnitExtensions/Commands/RepeatCommand.cs:36)
UnityEngine.TestTools.TimeoutCommand/<ExecuteEnumerable>d__3:MoveNext () (at ./Library/PackageCache/com.unity.test-framework@1.3.9/UnityEngine.TestRunner/NUnitExtensions/Commands/TimeoutCommand.cs:33)
UnityEngine.TestTools.IgnoreTestCommand/<ExecuteEnumerable>d__3:MoveNext () (at ./Library/PackageCache/com.unity.test-framework@1.3.9/UnityEngine.TestRunner/NUnitExtensions/Commands/IgnoreTestCommand.cs:42)
UnityEngine.TestTools.StrictCheckCommand/<ExecuteEnumerable>d__2:MoveNext () (at ./Library/PackageCache/com.unity.test-framework@1.3.9/UnityEngine.TestRunner/NUnitExtensions/Commands/StrictCheckCommand.cs:29)
UnityEngine.TestRunner.NUnitExtensions.Runner.DefaultTestWorkItem/<PerformWork>d__2:MoveNext () (at ./Library/PackageCache/com.unity.test-framework@1.3.9/UnityEngine.TestRunner/NUnitExtensions/Runner/DefaultTestWorkItem.cs:50)
UnityEngine.TestRunner.NUnitExtensions.Runner.CompositeWorkItem/<RunChildren>d__16:MoveNext () (at ./Library/PackageCache/com.unity.test-framework@1.3.9/UnityEngine.TestRunner/NUnitExtensions/Runner/CompositeWorkItem.cs:197)
UnityEngine.TestRunner.NUnitExtensions.Runner.CompositeWorkItem/<PerformWork>d__12:MoveNext () (at ./Library/PackageCache/com.unity.test-framework@1.3.9/UnityEngine.TestRunner/NUnitExtensions/Runner/CompositeWorkItem.cs:76)
UnityEngine.TestRunner.NUnitExtensions.Runner.CompositeWorkItem/<RunChildren>d__16:MoveNext () (at ./Library/PackageCache/com.unity.test-framework@1.3.9/UnityEngine.TestRunner/NUnitExtensions/Runner/CompositeWorkItem.cs:197)
UnityEngine.TestRunner.NUnitExtensions.Runner.CompositeWorkItem/<PerformWork>d__12:MoveNext () (at ./Library/PackageCache/com.unity.test-framework@1.3.9/UnityEngine.TestRunner/NUnitExtensions/Runner/CompositeWorkItem.cs:76)
UnityEngine.TestRunner.NUnitExtensions.Runner.CompositeWorkItem/<RunChildren>d__16:MoveNext () (at ./Library/PackageCache/com.unity.test-framework@1.3.9/UnityEngine.TestRunner/NUnitExtensions/Runner/CompositeWorkItem.cs:197)
UnityEngine.TestRunner.NUnitExtensions.Runner.CompositeWorkItem/<PerformWork>d__12:MoveNext () (at ./Library/PackageCache/com.unity.test-framework@1.3.9/UnityEngine.TestRunner/NUnitExtensions/Runner/CompositeWorkItem.cs:76)
UnityEngine.TestRunner.NUnitExtensions.Runner.CompositeWorkItem/<RunChildren>d__16:MoveNext () (at ./Library/PackageCache/com.unity.test-framework@1.3.9/UnityEngine.TestRunner/NUnitExtensions/Runner/CompositeWorkItem.cs:197)
UnityEngine.TestRunner.NUnitExtensions.Runner.CompositeWorkItem/<PerformWork>d__12:MoveNext () (at ./Library/PackageCache/com.unity.test-framework@1.3.9/UnityEngine.TestRunner/NUnitExtensions/Runner/CompositeWorkItem.cs:76)
UnityEngine.TestRunner.NUnitExtensions.Runner.CompositeWorkItem/<RunChildren>d__16:MoveNext () (at ./Library/PackageCache/com.unity.test-framework@1.3.9/UnityEngine.TestRunner/NUnitExtensions/Runner/CompositeWorkItem.cs:197)
UnityEngine.TestRunner.NUnitExtensions.Runner.CompositeWorkItem/<PerformWork>d__12:MoveNext () (at ./Library/PackageCache/com.unity.test-framework@1.3.9/UnityEngine.TestRunner/NUnitExtensions/Runner/CompositeWorkItem.cs:76)
UnityEngine.TestRunner.NUnitExtensions.Runner.CompositeWorkItem/<RunChildren>d__16:MoveNext () (at ./Library/PackageCache/com.unity.test-framework@1.3.9/UnityEngine.TestRunner/NUnitExtensions/Runner/CompositeWorkItem.cs:197)
UnityEngine.TestRunner.NUnitExtensions.Runner.CompositeWorkItem/<PerformWork>d__12:MoveNext () (at ./Library/PackageCache/com.unity.test-framework@1.3.9/UnityEngine.TestRunner/NUnitExtensions/Runner/CompositeWorkItem.cs:76)
UnityEditor.TestTools.TestRunner.EditModeRunner:MoveNextAndUpdateYieldObject () (at ./Library/PackageCache/com.unity.test-framework@1.3.9/UnityEditor.TestRunner/TestRunner/EditModeRunner.cs:164)
UnityEditor.TestTools.TestRunner.EditModeRunner:TestConsumer (UnityEditor.TestTools.TestRunner.TestRunnerStateSerializer) (at ./Library/PackageCache/com.unity.test-framework@1.3.9/UnityEditor.TestRunner/TestRunner/EditModeRunner.cs:197)
UnityEditor.TestTools.TestRunner.TestRun.Tasks.EditModeRunTask/<Execute>d__1:MoveNext () (at ./Library/PackageCache/com.unity.test-framework@1.3.9/UnityEditor.TestRunner/TestRun/Tasks/EditModeRunTask.cs:47)
UnityEditor.TestTools.TestRunner.TestRun.TestJobRunner:ExecuteStep () (at ./Library/PackageCache/com.unity.test-framework@1.3.9/UnityEditor.TestRunner/TestRun/TestJobRunner.cs:172)
UnityEditor.TestTools.TestRunner.TestRun.TestJobRunner:ExecuteCallback () (at ./Library/PackageCache/com.unity.test-framework@1.3.9/UnityEditor.TestRunner/TestRun/TestJobRunner.cs:108)
UnityEditor.EditorApplication:Internal_CallUpdateFunctions ()

(Filename: Assets/_Project/Scripts/BSM/ClientStateStack.cs Line: 80)

[StateStack] Pushed Pending (duration: ∞, depth: 1)
UnityEngine.StackTraceUtility:ExtractStackTrace ()
UnityEngine.DebugLogHandler:LogFormat (UnityEngine.LogType,UnityEngine.Object,string,object[])
UnityEngine.Logger:Log (UnityEngine.LogType,object)
UnityEngine.Debug:Log (object)
Desk42.BSM.ClientStateStack:Push (Desk42.BSM.IClientState,Desk42.BSM.ClientContext) (at Assets/_Project/Scripts/BSM/ClientStateStack.cs:80)
Desk42.Tests.EditMode.BSMTests:Stack_ForcePopTop_ExitsAndRemovesState () (at Assets/_Project/Tests/EditMode/BSMTests.cs:166)
System.Reflection.RuntimeMethodInfo:Invoke (object,System.Reflection.BindingFlags,System.Reflection.Binder,object[],System.Globalization.CultureInfo)
System.Reflection.MethodBase:Invoke (object,object[])
NUnit.Framework.Internal.Reflect:InvokeMethod (System.Reflection.MethodInfo,object,object[])
NUnit.Framework.Internal.MethodWrapper:Invoke (object,object[])
NUnit.Framework.Internal.Commands.TestMethodCommand:RunNonAsyncTestMethod (NUnit.Framework.Internal.ITestExecutionContext)
NUnit.Framework.Internal.Commands.TestMethodCommand:RunTestMethod (NUnit.Framework.Internal.ITestExecutionContext)
NUnit.Framework.Internal.Commands.TestMethodCommand:Execute (NUnit.Framework.Internal.ITestExecutionContext)
UnityEngine.TestTools.UnityTestMethodCommand:Execute (NUnit.Framework.Internal.ITestExecutionContext) (at ./Library/PackageCache/com.unity.test-framework@1.3.9/UnityEngine.TestRunner/NUnitExtensions/Commands/UnityTestMethodCommand.cs:16)
UnityEngine.TestRunner.NUnitExtensions.Runner.UnityLogCheckDelegatingCommand/<>c__DisplayClass2_0:<Execute>b__0 () (at ./Library/PackageCache/com.unity.test-framework@1.3.9/UnityEngine.TestRunner/NUnitExtensions/Runner/UnityLogCheckDelegatingCommand.cs:24)
UnityEngine.TestRunner.NUnitExtensions.Runner.UnityLogCheckDelegatingCommand:CaptureException (NUnit.Framework.Internal.TestResult,System.Action) (at ./Library/PackageCache/com.unity.test-framework@1.3.9/UnityEngine.TestRunner/NUnitExtensions/Runner/UnityLogCheckDelegatingCommand.cs:68)
UnityEngine.TestRunner.NUnitExtensions.Runner.UnityLogCheckDelegatingCommand:ExecuteAndCheckLog (UnityEngine.TestTools.Logging.LogScope,NUnit.Framework.Internal.TestResult,System.Action) (at ./Library/PackageCache/com.unity.test-framework@1.3.9/UnityEngine.TestRunner/NUnitExtensions/Runner/UnityLogCheckDelegatingCommand.cs:79)
UnityEngine.TestRunner.NUnitExtensions.Runner.UnityLogCheckDelegatingCommand:Execute (NUnit.Framework.Internal.ITestExecutionContext) (at ./Library/PackageCache/com.unity.test-framework@1.3.9/UnityEngine.TestRunner/NUnitExtensions/Runner/UnityLogCheckDelegatingCommand.cs:24)
UnityEngine.TestRunner.NUnitExtensions.Runner.UnityLogCheckDelegatingCommand/<ExecuteEnumerable>d__3:MoveNext () (at ./Library/PackageCache/com.unity.test-framework@1.3.9/UnityEngine.TestRunner/NUnitExtensions/Runner/UnityLogCheckDelegatingCommand.cs:35)
UnityEngine.TestTools.BeforeAfterTestCommandBase`1/<ExecuteEnumerable>d__14<NUnit.Framework.ITestAction>:MoveNext () (at ./Library/PackageCache/com.unity.test-framework@1.3.9/UnityEngine.TestRunner/NUnitExtensions/Commands/BeforeAfterTestCommandBase.cs:173)
UnityEngine.TestTools.ImmediateEnumerableCommand:Execute (NUnit.Framework.Internal.ITestExecutionContext) (at ./Library/PackageCache/com.unity.test-framework@1.3.9/UnityEngine.TestRunner/NUnitExtensions/Commands/ImmediateEnumerableCommand.cs:18)
UnityEngine.TestTools.BeforeAfterTestCommandBase`1/<ExecuteEnumerable>d__14<System.Reflection.MethodInfo>:MoveNext () (at ./Library/PackageCache/com.unity.test-framework@1.3.9/UnityEngine.TestRunner/NUnitExtensions/Commands/BeforeAfterTestCommandBase.cs:181)
UnityEngine.TestTools.BeforeAfterTestCommandBase`1/<ExecuteEnumerable>d__14<System.Reflection.MethodInfo>:MoveNext () (at ./Library/PackageCache/com.unity.test-framework@1.3.9/UnityEngine.TestRunner/NUnitExtensions/Commands/BeforeAfterTestCommandBase.cs:173)
UnityEngine.TestTools.BeforeAfterTestCommandBase`1/<ExecuteEnumerable>d__14<UnityEngine.TestTools.IOuterUnityTestAction>:MoveNext () (at ./Library/PackageCache/com.unity.test-framework@1.3.9/UnityEngine.TestRunner/NUnitExtensions/Commands/BeforeAfterTestCommandBase.cs:173)
UnityEngine.TestTools.RetryCommand/<ExecuteEnumerable>d__2:MoveNext () (at ./Library/PackageCache/com.unity.test-framework@1.3.9/UnityEngine.TestRunner/NUnitExtensions/Commands/RetryCommand.cs:37)
UnityEngine.TestTools.RepeatCommand/<ExecuteEnumerable>d__2:MoveNext () (at ./Library/PackageCache/com.unity.test-framework@1.3.9/UnityEngine.TestRunner/NUnitExtensions/Commands/RepeatCommand.cs:36)
UnityEngine.TestTools.TimeoutCommand/<ExecuteEnumerable>d__3:MoveNext () (at ./Library/PackageCache/com.unity.test-framework@1.3.9/UnityEngine.TestRunner/NUnitExtensions/Commands/TimeoutCommand.cs:33)
UnityEngine.TestTools.IgnoreTestCommand/<ExecuteEnumerable>d__3:MoveNext () (at ./Library/PackageCache/com.unity.test-framework@1.3.9/UnityEngine.TestRunner/NUnitExtensions/Commands/IgnoreTestCommand.cs:42)
UnityEngine.TestTools.StrictCheckCommand/<ExecuteEnumerable>d__2:MoveNext () (at ./Library/PackageCache/com.unity.test-framework@1.3.9/UnityEngine.TestRunner/NUnitExtensions/Commands/StrictCheckCommand.cs:29)
UnityEngine.TestRunner.NUnitExtensions.Runner.DefaultTestWorkItem/<PerformWork>d__2:MoveNext () (at ./Library/PackageCache/com.unity.test-framework@1.3.9/UnityEngine.TestRunner/NUnitExtensions/Runner/DefaultTestWorkItem.cs:50)
UnityEngine.TestRunner.NUnitExtensions.Runner.CompositeWorkItem/<RunChildren>d__16:MoveNext () (at ./Library/PackageCache/com.unity.test-framework@1.3.9/UnityEngine.TestRunner/NUnitExtensions/Runner/CompositeWorkItem.cs:197)
UnityEngine.TestRunner.NUnitExtensions.Runner.CompositeWorkItem/<PerformWork>d__12:MoveNext () (at ./Library/PackageCache/com.unity.test-framework@1.3.9/UnityEngine.TestRunner/NUnitExtensions/Runner/CompositeWorkItem.cs:76)
UnityEngine.TestRunner.NUnitExtensions.Runner.CompositeWorkItem/<RunChildren>d__16:MoveNext () (at ./Library/PackageCache/com.unity.test-framework@1.3.9/UnityEngine.TestRunner/NUnitExtensions/Runner/CompositeWorkItem.cs:197)
UnityEngine.TestRunner.NUnitExtensions.Runner.CompositeWorkItem/<PerformWork>d__12:MoveNext () (at ./Library/PackageCache/com.unity.test-framework@1.3.9/UnityEngine.TestRunner/NUnitExtensions/Runner/CompositeWorkItem.cs:76)
UnityEngine.TestRunner.NUnitExtensions.Runner.CompositeWorkItem/<RunChildren>d__16:MoveNext () (at ./Library/PackageCache/com.unity.test-framework@1.3.9/UnityEngine.TestRunner/NUnitExtensions/Runner/CompositeWorkItem.cs:197)
UnityEngine.TestRunner.NUnitExtensions.Runner.CompositeWorkItem/<PerformWork>d__12:MoveNext () (at ./Library/PackageCache/com.unity.test-framework@1.3.9/UnityEngine.TestRunner/NUnitExtensions/Runner/CompositeWorkItem.cs:76)
UnityEngine.TestRunner.NUnitExtensions.Runner.CompositeWorkItem/<RunChildren>d__16:MoveNext () (at ./Library/PackageCache/com.unity.test-framework@1.3.9/UnityEngine.TestRunner/NUnitExtensions/Runner/CompositeWorkItem.cs:197)
UnityEngine.TestRunner.NUnitExtensions.Runner.CompositeWorkItem/<PerformWork>d__12:MoveNext () (at ./Library/PackageCache/com.unity.test-framework@1.3.9/UnityEngine.TestRunner/NUnitExtensions/Runner/CompositeWorkItem.cs:76)
UnityEngine.TestRunner.NUnitExtensions.Runner.CompositeWorkItem/<RunChildren>d__16:MoveNext () (at ./Library/PackageCache/com.unity.test-framework@1.3.9/UnityEngine.TestRunner/NUnitExtensions/Runner/CompositeWorkItem.cs:197)
UnityEngine.TestRunner.NUnitExtensions.Runner.CompositeWorkItem/<PerformWork>d__12:MoveNext () (at ./Library/PackageCache/com.unity.test-framework@1.3.9/UnityEngine.TestRunner/NUnitExtensions/Runner/CompositeWorkItem.cs:76)
UnityEngine.TestRunner.NUnitExtensions.Runner.CompositeWorkItem/<RunChildren>d__16:MoveNext () (at ./Library/PackageCache/com.unity.test-framework@1.3.9/UnityEngine.TestRunner/NUnitExtensions/Runner/CompositeWorkItem.cs:197)
UnityEngine.TestRunner.NUnitExtensions.Runner.CompositeWorkItem/<PerformWork>d__12:MoveNext () (at ./Library/PackageCache/com.unity.test-framework@1.3.9/UnityEngine.TestRunner/NUnitExtensions/Runner/CompositeWorkItem.cs:76)
UnityEditor.TestTools.TestRunner.EditModeRunner:MoveNextAndUpdateYieldObject () (at ./Library/PackageCache/com.unity.test-framework@1.3.9/UnityEditor.TestRunner/TestRunner/EditModeRunner.cs:164)
UnityEditor.TestTools.TestRunner.EditModeRunner:TestConsumer (UnityEditor.TestTools.TestRunner.TestRunnerStateSerializer) (at ./Library/PackageCache/com.unity.test-framework@1.3.9/UnityEditor.TestRunner/TestRunner/EditModeRunner.cs:197)
UnityEditor.TestTools.TestRunner.TestRun.Tasks.EditModeRunTask/<Execute>d__1:MoveNext () (at ./Library/PackageCache/com.unity.test-framework@1.3.9/UnityEditor.TestRunner/TestRun/Tasks/EditModeRunTask.cs:47)
UnityEditor.TestTools.TestRunner.TestRun.TestJobRunner:ExecuteStep () (at ./Library/PackageCache/com.unity.test-framework@1.3.9/UnityEditor.TestRunner/TestRun/TestJobRunner.cs:172)
UnityEditor.TestTools.TestRunner.TestRun.TestJobRunner:ExecuteCallback () (at ./Library/PackageCache/com.unity.test-framework@1.3.9/UnityEditor.TestRunner/TestRun/TestJobRunner.cs:108)
UnityEditor.EditorApplication:Internal_CallUpdateFunctions ()

(Filename: Assets/_Project/Scripts/BSM/ClientStateStack.cs Line: 80)

[StateStack] Force-popped Pending.
UnityEngine.StackTraceUtility:ExtractStackTrace ()
UnityEngine.DebugLogHandler:LogFormat (UnityEngine.LogType,UnityEngine.Object,string,object[])
UnityEngine.Logger:Log (UnityEngine.LogType,object)
UnityEngine.Debug:Log (object)
Desk42.BSM.ClientStateStack:ForcePopTop (Desk42.BSM.ClientContext) (at Assets/_Project/Scripts/BSM/ClientStateStack.cs:138)
Desk42.Tests.EditMode.BSMTests:Stack_ForcePopTop_ExitsAndRemovesState () (at Assets/_Project/Tests/EditMode/BSMTests.cs:168)
System.Reflection.RuntimeMethodInfo:Invoke (object,System.Reflection.BindingFlags,System.Reflection.Binder,object[],System.Globalization.CultureInfo)
System.Reflection.MethodBase:Invoke (object,object[])
NUnit.Framework.Internal.Reflect:InvokeMethod (System.Reflection.MethodInfo,object,object[])
NUnit.Framework.Internal.MethodWrapper:Invoke (object,object[])
NUnit.Framework.Internal.Commands.TestMethodCommand:RunNonAsyncTestMethod (NUnit.Framework.Internal.ITestExecutionContext)
NUnit.Framework.Internal.Commands.TestMethodCommand:RunTestMethod (NUnit.Framework.Internal.ITestExecutionContext)
NUnit.Framework.Internal.Commands.TestMethodCommand:Execute (NUnit.Framework.Internal.ITestExecutionContext)
UnityEngine.TestTools.UnityTestMethodCommand:Execute (NUnit.Framework.Internal.ITestExecutionContext) (at ./Library/PackageCache/com.unity.test-framework@1.3.9/UnityEngine.TestRunner/NUnitExtensions/Commands/UnityTestMethodCommand.cs:16)
UnityEngine.TestRunner.NUnitExtensions.Runner.UnityLogCheckDelegatingCommand/<>c__DisplayClass2_0:<Execute>b__0 () (at ./Library/PackageCache/com.unity.test-framework@1.3.9/UnityEngine.TestRunner/NUnitExtensions/Runner/UnityLogCheckDelegatingCommand.cs:24)
UnityEngine.TestRunner.NUnitExtensions.Runner.UnityLogCheckDelegatingCommand:CaptureException (NUnit.Framework.Internal.TestResult,System.Action) (at ./Library/PackageCache/com.unity.test-framework@1.3.9/UnityEngine.TestRunner/NUnitExtensions/Runner/UnityLogCheckDelegatingCommand.cs:68)
UnityEngine.TestRunner.NUnitExtensions.Runner.UnityLogCheckDelegatingCommand:ExecuteAndCheckLog (UnityEngine.TestTools.Logging.LogScope,NUnit.Framework.Internal.TestResult,System.Action) (at ./Library/PackageCache/com.unity.test-framework@1.3.9/UnityEngine.TestRunner/NUnitExtensions/Runner/UnityLogCheckDelegatingCommand.cs:79)
UnityEngine.TestRunner.NUnitExtensions.Runner.UnityLogCheckDelegatingCommand:Execute (NUnit.Framework.Internal.ITestExecutionContext) (at ./Library/PackageCache/com.unity.test-framework@1.3.9/UnityEngine.TestRunner/NUnitExtensions/Runner/UnityLogCheckDelegatingCommand.cs:24)
UnityEngine.TestRunner.NUnitExtensions.Runner.UnityLogCheckDelegatingCommand/<ExecuteEnumerable>d__3:MoveNext () (at ./Library/PackageCache/com.unity.test-framework@1.3.9/UnityEngine.TestRunner/NUnitExtensions/Runner/UnityLogCheckDelegatingCommand.cs:35)
UnityEngine.TestTools.BeforeAfterTestCommandBase`1/<ExecuteEnumerable>d__14<NUnit.Framework.ITestAction>:MoveNext () (at ./Library/PackageCache/com.unity.test-framework@1.3.9/UnityEngine.TestRunner/NUnitExtensions/Commands/BeforeAfterTestCommandBase.cs:173)
UnityEngine.TestTools.ImmediateEnumerableCommand:Execute (NUnit.Framework.Internal.ITestExecutionContext) (at ./Library/PackageCache/com.unity.test-framework@1.3.9/UnityEngine.TestRunner/NUnitExtensions/Commands/ImmediateEnumerableCommand.cs:18)
UnityEngine.TestTools.BeforeAfterTestCommandBase`1/<ExecuteEnumerable>d__14<System.Reflection.MethodInfo>:MoveNext () (at ./Library/PackageCache/com.unity.test-framework@1.3.9/UnityEngine.TestRunner/NUnitExtensions/Commands/BeforeAfterTestCommandBase.cs:181)
UnityEngine.TestTools.BeforeAfterTestCommandBase`1/<ExecuteEnumerable>d__14<System.Reflection.MethodInfo>:MoveNext () (at ./Library/PackageCache/com.unity.test-framework@1.3.9/UnityEngine.TestRunner/NUnitExtensions/Commands/BeforeAfterTestCommandBase.cs:173)
UnityEngine.TestTools.BeforeAfterTestCommandBase`1/<ExecuteEnumerable>d__14<UnityEngine.TestTools.IOuterUnityTestAction>:MoveNext () (at ./Library/PackageCache/com.unity.test-framework@1.3.9/UnityEngine.TestRunner/NUnitExtensions/Commands/BeforeAfterTestCommandBase.cs:173)
UnityEngine.TestTools.RetryCommand/<ExecuteEnumerable>d__2:MoveNext () (at ./Library/PackageCache/com.unity.test-framework@1.3.9/UnityEngine.TestRunner/NUnitExtensions/Commands/RetryCommand.cs:37)
UnityEngine.TestTools.RepeatCommand/<ExecuteEnumerable>d__2:MoveNext () (at ./Library/PackageCache/com.unity.test-framework@1.3.9/UnityEngine.TestRunner/NUnitExtensions/Commands/RepeatCommand.cs:36)
UnityEngine.TestTools.TimeoutCommand/<ExecuteEnumerable>d__3:MoveNext () (at ./Library/PackageCache/com.unity.test-framework@1.3.9/UnityEngine.TestRunner/NUnitExtensions/Commands/TimeoutCommand.cs:33)
UnityEngine.TestTools.IgnoreTestCommand/<ExecuteEnumerable>d__3:MoveNext () (at ./Library/PackageCache/com.unity.test-framework@1.3.9/UnityEngine.TestRunner/NUnitExtensions/Commands/IgnoreTestCommand.cs:42)
UnityEngine.TestTools.StrictCheckCommand/<ExecuteEnumerable>d__2:MoveNext () (at ./Library/PackageCache/com.unity.test-framework@1.3.9/UnityEngine.TestRunner/NUnitExtensions/Commands/StrictCheckCommand.cs:29)
UnityEngine.TestRunner.NUnitExtensions.Runner.DefaultTestWorkItem/<PerformWork>d__2:MoveNext () (at ./Library/PackageCache/com.unity.test-framework@1.3.9/UnityEngine.TestRunner/NUnitExtensions/Runner/DefaultTestWorkItem.cs:50)
UnityEngine.TestRunner.NUnitExtensions.Runner.CompositeWorkItem/<RunChildren>d__16:MoveNext () (at ./Library/PackageCache/com.unity.test-framework@1.3.9/UnityEngine.TestRunner/NUnitExtensions/Runner/CompositeWorkItem.cs:197)
UnityEngine.TestRunner.NUnitExtensions.Runner.CompositeWorkItem/<PerformWork>d__12:MoveNext () (at ./Library/PackageCache/com.unity.test-framework@1.3.9/UnityEngine.TestRunner/NUnitExtensions/Runner/CompositeWorkItem.cs:76)
UnityEngine.TestRunner.NUnitExtensions.Runner.CompositeWorkItem/<RunChildren>d__16:MoveNext () (at ./Library/PackageCache/com.unity.test-framework@1.3.9/UnityEngine.TestRunner/NUnitExtensions/Runner/CompositeWorkItem.cs:197)
UnityEngine.TestRunner.NUnitExtensions.Runner.CompositeWorkItem/<PerformWork>d__12:MoveNext () (at ./Library/PackageCache/com.unity.test-framework@1.3.9/UnityEngine.TestRunner/NUnitExtensions/Runner/CompositeWorkItem.cs:76)
UnityEngine.TestRunner.NUnitExtensions.Runner.CompositeWorkItem/<RunChildren>d__16:MoveNext () (at ./Library/PackageCache/com.unity.test-framework@1.3.9/UnityEngine.TestRunner/NUnitExtensions/Runner/CompositeWorkItem.cs:197)
UnityEngine.TestRunner.NUnitExtensions.Runner.CompositeWorkItem/<PerformWork>d__12:MoveNext () (at ./Library/PackageCache/com.unity.test-framework@1.3.9/UnityEngine.TestRunner/NUnitExtensions/Runner/CompositeWorkItem.cs:76)
UnityEngine.TestRunner.NUnitExtensions.Runner.CompositeWorkItem/<RunChildren>d__16:MoveNext () (at ./Library/PackageCache/com.unity.test-framework@1.3.9/UnityEngine.TestRunner/NUnitExtensions/Runner/CompositeWorkItem.cs:197)
UnityEngine.TestRunner.NUnitExtensions.Runner.CompositeWorkItem/<PerformWork>d__12:MoveNext () (at ./Library/PackageCache/com.unity.test-framework@1.3.9/UnityEngine.TestRunner/NUnitExtensions/Runner/CompositeWorkItem.cs:76)
UnityEngine.TestRunner.NUnitExtensions.Runner.CompositeWorkItem/<RunChildren>d__16:MoveNext () (at ./Library/PackageCache/com.unity.test-framework@1.3.9/UnityEngine.TestRunner/NUnitExtensions/Runner/CompositeWorkItem.cs:197)
UnityEngine.TestRunner.NUnitExtensions.Runner.CompositeWorkItem/<PerformWork>d__12:MoveNext () (at ./Library/PackageCache/com.unity.test-framework@1.3.9/UnityEngine.TestRunner/NUnitExtensions/Runner/CompositeWorkItem.cs:76)
UnityEngine.TestRunner.NUnitExtensions.Runner.CompositeWorkItem/<RunChildren>d__16:MoveNext () (at ./Library/PackageCache/com.unity.test-framework@1.3.9/UnityEngine.TestRunner/NUnitExtensions/Runner/CompositeWorkItem.cs:197)
UnityEngine.TestRunner.NUnitExtensions.Runner.CompositeWorkItem/<PerformWork>d__12:MoveNext () (at ./Library/PackageCache/com.unity.test-framework@1.3.9/UnityEngine.TestRunner/NUnitExtensions/Runner/CompositeWorkItem.cs:76)
UnityEditor.TestTools.TestRunner.EditModeRunner:MoveNextAndUpdateYieldObject () (at ./Library/PackageCache/com.unity.test-framework@1.3.9/UnityEditor.TestRunner/TestRunner/EditModeRunner.cs:164)
UnityEditor.TestTools.TestRunner.EditModeRunner:TestConsumer (UnityEditor.TestTools.TestRunner.TestRunnerStateSerializer) (at ./Library/PackageCache/com.unity.test-framework@1.3.9/UnityEditor.TestRunner/TestRunner/EditModeRunner.cs:197)
UnityEditor.TestTools.TestRunner.TestRun.Tasks.EditModeRunTask/<Execute>d__1:MoveNext () (at ./Library/PackageCache/com.unity.test-framework@1.3.9/UnityEditor.TestRunner/TestRun/Tasks/EditModeRunTask.cs:47)
UnityEditor.TestTools.TestRunner.TestRun.TestJobRunner:ExecuteStep () (at ./Library/PackageCache/com.unity.test-framework@1.3.9/UnityEditor.TestRunner/TestRun/TestJobRunner.cs:172)
UnityEditor.TestTools.TestRunner.TestRun.TestJobRunner:ExecuteCallback () (at ./Library/PackageCache/com.unity.test-framework@1.3.9/UnityEditor.TestRunner/TestRun/TestJobRunner.cs:108)
UnityEditor.EditorApplication:Internal_CallUpdateFunctions ()

(Filename: Assets/_Project/Scripts/BSM/ClientStateStack.cs Line: 138)

[StateStack] Pushed Pending (duration: ∞, depth: 1)
UnityEngine.StackTraceUtility:ExtractStackTrace ()
UnityEngine.DebugLogHandler:LogFormat (UnityEngine.LogType,UnityEngine.Object,string,object[])
UnityEngine.Logger:Log (UnityEngine.LogType,object)
UnityEngine.Debug:Log (object)
Desk42.BSM.ClientStateStack:Push (Desk42.BSM.IClientState,Desk42.BSM.ClientContext) (at Assets/_Project/Scripts/BSM/ClientStateStack.cs:80)
Desk42.Tests.EditMode.BSMTests:Stack_NoTimer_TimeRemainingIsInfinity () (at Assets/_Project/Tests/EditMode/BSMTests.cs:140)
System.Reflection.RuntimeMethodInfo:Invoke (object,System.Reflection.BindingFlags,System.Reflection.Binder,object[],System.Globalization.CultureInfo)
System.Reflection.MethodBase:Invoke (object,object[])
NUnit.Framework.Internal.Reflect:InvokeMethod (System.Reflection.MethodInfo,object,object[])
NUnit.Framework.Internal.MethodWrapper:Invoke (object,object[])
NUnit.Framework.Internal.Commands.TestMethodCommand:RunNonAsyncTestMethod (NUnit.Framework.Internal.ITestExecutionContext)
NUnit.Framework.Internal.Commands.TestMethodCommand:RunTestMethod (NUnit.Framework.Internal.ITestExecutionContext)
NUnit.Framework.Internal.Commands.TestMethodCommand:Execute (NUnit.Framework.Internal.ITestExecutionContext)
UnityEngine.TestTools.UnityTestMethodCommand:Execute (NUnit.Framework.Internal.ITestExecutionContext) (at ./Library/PackageCache/com.unity.test-framework@1.3.9/UnityEngine.TestRunner/NUnitExtensions/Commands/UnityTestMethodCommand.cs:16)
UnityEngine.TestRunner.NUnitExtensions.Runner.UnityLogCheckDelegatingCommand/<>c__DisplayClass2_0:<Execute>b__0 () (at ./Library/PackageCache/com.unity.test-framework@1.3.9/UnityEngine.TestRunner/NUnitExtensions/Runner/UnityLogCheckDelegatingCommand.cs:24)
UnityEngine.TestRunner.NUnitExtensions.Runner.UnityLogCheckDelegatingCommand:CaptureException (NUnit.Framework.Internal.TestResult,System.Action) (at ./Library/PackageCache/com.unity.test-framework@1.3.9/UnityEngine.TestRunner/NUnitExtensions/Runner/UnityLogCheckDelegatingCommand.cs:68)
UnityEngine.TestRunner.NUnitExtensions.Runner.UnityLogCheckDelegatingCommand:ExecuteAndCheckLog (UnityEngine.TestTools.Logging.LogScope,NUnit.Framework.Internal.TestResult,System.Action) (at ./Library/PackageCache/com.unity.test-framework@1.3.9/UnityEngine.TestRunner/NUnitExtensions/Runner/UnityLogCheckDelegatingCommand.cs:79)
UnityEngine.TestRunner.NUnitExtensions.Runner.UnityLogCheckDelegatingCommand:Execute (NUnit.Framework.Internal.ITestExecutionContext) (at ./Library/PackageCache/com.unity.test-framework@1.3.9/UnityEngine.TestRunner/NUnitExtensions/Runner/UnityLogCheckDelegatingCommand.cs:24)
UnityEngine.TestRunner.NUnitExtensions.Runner.UnityLogCheckDelegatingCommand/<ExecuteEnumerable>d__3:MoveNext () (at ./Library/PackageCache/com.unity.test-framework@1.3.9/UnityEngine.TestRunner/NUnitExtensions/Runner/UnityLogCheckDelegatingCommand.cs:35)
UnityEngine.TestTools.BeforeAfterTestCommandBase`1/<ExecuteEnumerable>d__14<NUnit.Framework.ITestAction>:MoveNext () (at ./Library/PackageCache/com.unity.test-framework@1.3.9/UnityEngine.TestRunner/NUnitExtensions/Commands/BeforeAfterTestCommandBase.cs:173)
UnityEngine.TestTools.ImmediateEnumerableCommand:Execute (NUnit.Framework.Internal.ITestExecutionContext) (at ./Library/PackageCache/com.unity.test-framework@1.3.9/UnityEngine.TestRunner/NUnitExtensions/Commands/ImmediateEnumerableCommand.cs:18)
UnityEngine.TestTools.BeforeAfterTestCommandBase`1/<ExecuteEnumerable>d__14<System.Reflection.MethodInfo>:MoveNext () (at ./Library/PackageCache/com.unity.test-framework@1.3.9/UnityEngine.TestRunner/NUnitExtensions/Commands/BeforeAfterTestCommandBase.cs:181)
UnityEngine.TestTools.BeforeAfterTestCommandBase`1/<ExecuteEnumerable>d__14<System.Reflection.MethodInfo>:MoveNext () (at ./Library/PackageCache/com.unity.test-framework@1.3.9/UnityEngine.TestRunner/NUnitExtensions/Commands/BeforeAfterTestCommandBase.cs:173)
UnityEngine.TestTools.BeforeAfterTestCommandBase`1/<ExecuteEnumerable>d__14<UnityEngine.TestTools.IOuterUnityTestAction>:MoveNext () (at ./Library/PackageCache/com.unity.test-framework@1.3.9/UnityEngine.TestRunner/NUnitExtensions/Commands/BeforeAfterTestCommandBase.cs:173)
UnityEngine.TestTools.RetryCommand/<ExecuteEnumerable>d__2:MoveNext () (at ./Library/PackageCache/com.unity.test-framework@1.3.9/UnityEngine.TestRunner/NUnitExtensions/Commands/RetryCommand.cs:37)
UnityEngine.TestTools.RepeatCommand/<ExecuteEnumerable>d__2:MoveNext () (at ./Library/PackageCache/com.unity.test-framework@1.3.9/UnityEngine.TestRunner/NUnitExtensions/Commands/RepeatCommand.cs:36)
UnityEngine.TestTools.TimeoutCommand/<ExecuteEnumerable>d__3:MoveNext () (at ./Library/PackageCache/com.unity.test-framework@1.3.9/UnityEngine.TestRunner/NUnitExtensions/Commands/TimeoutCommand.cs:33)
UnityEngine.TestTools.IgnoreTestCommand/<ExecuteEnumerable>d__3:MoveNext () (at ./Library/PackageCache/com.unity.test-framework@1.3.9/UnityEngine.TestRunner/NUnitExtensions/Commands/IgnoreTestCommand.cs:42)
UnityEngine.TestTools.StrictCheckCommand/<ExecuteEnumerable>d__2:MoveNext () (at ./Library/PackageCache/com.unity.test-framework@1.3.9/UnityEngine.TestRunner/NUnitExtensions/Commands/StrictCheckCommand.cs:29)
UnityEngine.TestRunner.NUnitExtensions.Runner.DefaultTestWorkItem/<PerformWork>d__2:MoveNext () (at ./Library/PackageCache/com.unity.test-framework@1.3.9/UnityEngine.TestRunner/NUnitExtensions/Runner/DefaultTestWorkItem.cs:50)
UnityEngine.TestRunner.NUnitExtensions.Runner.CompositeWorkItem/<RunChildren>d__16:MoveNext () (at ./Library/PackageCache/com.unity.test-framework@1.3.9/UnityEngine.TestRunner/NUnitExtensions/Runner/CompositeWorkItem.cs:197)
UnityEngine.TestRunner.NUnitExtensions.Runner.CompositeWorkItem/<PerformWork>d__12:MoveNext () (at ./Library/PackageCache/com.unity.test-framework@1.3.9/UnityEngine.TestRunner/NUnitExtensions/Runner/CompositeWorkItem.cs:76)
UnityEngine.TestRunner.NUnitExtensions.Runner.CompositeWorkItem/<RunChildren>d__16:MoveNext () (at ./Library/PackageCache/com.unity.test-framework@1.3.9/UnityEngine.TestRunner/NUnitExtensions/Runner/CompositeWorkItem.cs:197)
UnityEngine.TestRunner.NUnitExtensions.Runner.CompositeWorkItem/<PerformWork>d__12:MoveNext () (at ./Library/PackageCache/com.unity.test-framework@1.3.9/UnityEngine.TestRunner/NUnitExtensions/Runner/CompositeWorkItem.cs:76)
UnityEngine.TestRunner.NUnitExtensions.Runner.CompositeWorkItem/<RunChildren>d__16:MoveNext () (at ./Library/PackageCache/com.unity.test-framework@1.3.9/UnityEngine.TestRunner/NUnitExtensions/Runner/CompositeWorkItem.cs:197)
UnityEngine.TestRunner.NUnitExtensions.Runner.CompositeWorkItem/<PerformWork>d__12:MoveNext () (at ./Library/PackageCache/com.unity.test-framework@1.3.9/UnityEngine.TestRunner/NUnitExtensions/Runner/CompositeWorkItem.cs:76)
UnityEngine.TestRunner.NUnitExtensions.Runner.CompositeWorkItem/<RunChildren>d__16:MoveNext () (at ./Library/PackageCache/com.unity.test-framework@1.3.9/UnityEngine.TestRunner/NUnitExtensions/Runner/CompositeWorkItem.cs:197)
UnityEngine.TestRunner.NUnitExtensions.Runner.CompositeWorkItem/<PerformWork>d__12:MoveNext () (at ./Library/PackageCache/com.unity.test-framework@1.3.9/UnityEngine.TestRunner/NUnitExtensions/Runner/CompositeWorkItem.cs:76)
UnityEngine.TestRunner.NUnitExtensions.Runner.CompositeWorkItem/<RunChildren>d__16:MoveNext () (at ./Library/PackageCache/com.unity.test-framework@1.3.9/UnityEngine.TestRunner/NUnitExtensions/Runner/CompositeWorkItem.cs:197)
UnityEngine.TestRunner.NUnitExtensions.Runner.CompositeWorkItem/<PerformWork>d__12:MoveNext () (at ./Library/PackageCache/com.unity.test-framework@1.3.9/UnityEngine.TestRunner/NUnitExtensions/Runner/CompositeWorkItem.cs:76)
UnityEngine.TestRunner.NUnitExtensions.Runner.CompositeWorkItem/<RunChildren>d__16:MoveNext () (at ./Library/PackageCache/com.unity.test-framework@1.3.9/UnityEngine.TestRunner/NUnitExtensions/Runner/CompositeWorkItem.cs:197)
UnityEngine.TestRunner.NUnitExtensions.Runner.CompositeWorkItem/<PerformWork>d__12:MoveNext () (at ./Library/PackageCache/com.unity.test-framework@1.3.9/UnityEngine.TestRunner/NUnitExtensions/Runner/CompositeWorkItem.cs:76)
UnityEditor.TestTools.TestRunner.EditModeRunner:MoveNextAndUpdateYieldObject () (at ./Library/PackageCache/com.unity.test-framework@1.3.9/UnityEditor.TestRunner/TestRunner/EditModeRunner.cs:164)
UnityEditor.TestTools.TestRunner.EditModeRunner:TestConsumer (UnityEditor.TestTools.TestRunner.TestRunnerStateSerializer) (at ./Library/PackageCache/com.unity.test-framework@1.3.9/UnityEditor.TestRunner/TestRunner/EditModeRunner.cs:197)
UnityEditor.TestTools.TestRunner.TestRun.Tasks.EditModeRunTask/<Execute>d__1:MoveNext () (at ./Library/PackageCache/com.unity.test-framework@1.3.9/UnityEditor.TestRunner/TestRun/Tasks/EditModeRunTask.cs:47)
UnityEditor.TestTools.TestRunner.TestRun.TestJobRunner:ExecuteStep () (at ./Library/PackageCache/com.unity.test-framework@1.3.9/UnityEditor.TestRunner/TestRun/TestJobRunner.cs:172)
UnityEditor.TestTools.TestRunner.TestRun.TestJobRunner:ExecuteCallback () (at ./Library/PackageCache/com.unity.test-framework@1.3.9/UnityEditor.TestRunner/TestRun/TestJobRunner.cs:108)
UnityEditor.EditorApplication:Internal_CallUpdateFunctions ()

(Filename: Assets/_Project/Scripts/BSM/ClientStateStack.cs Line: 80)

[StateStack] Pushed Pending (duration: ∞, depth: 1)
UnityEngine.StackTraceUtility:ExtractStackTrace ()
UnityEngine.DebugLogHandler:LogFormat (UnityEngine.LogType,UnityEngine.Object,string,object[])
UnityEngine.Logger:Log (UnityEngine.LogType,object)
UnityEngine.Debug:Log (object)
Desk42.BSM.ClientStateStack:Push (Desk42.BSM.IClientState,Desk42.BSM.ClientContext) (at Assets/_Project/Scripts/BSM/ClientStateStack.cs:80)
Desk42.Tests.EditMode.BSMTests:Stack_OnlyTopStateTicks () (at Assets/_Project/Tests/EditMode/BSMTests.cs:205)
System.Reflection.RuntimeMethodInfo:Invoke (object,System.Reflection.BindingFlags,System.Reflection.Binder,object[],System.Globalization.CultureInfo)
System.Reflection.MethodBase:Invoke (object,object[])
NUnit.Framework.Internal.Reflect:InvokeMethod (System.Reflection.MethodInfo,object,object[])
NUnit.Framework.Internal.MethodWrapper:Invoke (object,object[])
NUnit.Framework.Internal.Commands.TestMethodCommand:RunNonAsyncTestMethod (NUnit.Framework.Internal.ITestExecutionContext)
NUnit.Framework.Internal.Commands.TestMethodCommand:RunTestMethod (NUnit.Framework.Internal.ITestExecutionContext)
NUnit.Framework.Internal.Commands.TestMethodCommand:Execute (NUnit.Framework.Internal.ITestExecutionContext)
UnityEngine.TestTools.UnityTestMethodCommand:Execute (NUnit.Framework.Internal.ITestExecutionContext) (at ./Library/PackageCache/com.unity.test-framework@1.3.9/UnityEngine.TestRunner/NUnitExtensions/Commands/UnityTestMethodCommand.cs:16)
UnityEngine.TestRunner.NUnitExtensions.Runner.UnityLogCheckDelegatingCommand/<>c__DisplayClass2_0:<Execute>b__0 () (at ./Library/PackageCache/com.unity.test-framework@1.3.9/UnityEngine.TestRunner/NUnitExtensions/Runner/UnityLogCheckDelegatingCommand.cs:24)
UnityEngine.TestRunner.NUnitExtensions.Runner.UnityLogCheckDelegatingCommand:CaptureException (NUnit.Framework.Internal.TestResult,System.Action) (at ./Library/PackageCache/com.unity.test-framework@1.3.9/UnityEngine.TestRunner/NUnitExtensions/Runner/UnityLogCheckDelegatingCommand.cs:68)
UnityEngine.TestRunner.NUnitExtensions.Runner.UnityLogCheckDelegatingCommand:ExecuteAndCheckLog (UnityEngine.TestTools.Logging.LogScope,NUnit.Framework.Internal.TestResult,System.Action) (at ./Library/PackageCache/com.unity.test-framework@1.3.9/UnityEngine.TestRunner/NUnitExtensions/Runner/UnityLogCheckDelegatingCommand.cs:79)
UnityEngine.TestRunner.NUnitExtensions.Runner.UnityLogCheckDelegatingCommand:Execute (NUnit.Framework.Internal.ITestExecutionContext) (at ./Library/PackageCache/com.unity.test-framework@1.3.9/UnityEngine.TestRunner/NUnitExtensions/Runner/UnityLogCheckDelegatingCommand.cs:24)
UnityEngine.TestRunner.NUnitExtensions.Runner.UnityLogCheckDelegatingCommand/<ExecuteEnumerable>d__3:MoveNext () (at ./Library/PackageCache/com.unity.test-framework@1.3.9/UnityEngine.TestRunner/NUnitExtensions/Runner/UnityLogCheckDelegatingCommand.cs:35)
UnityEngine.TestTools.BeforeAfterTestCommandBase`1/<ExecuteEnumerable>d__14<NUnit.Framework.ITestAction>:MoveNext () (at ./Library/PackageCache/com.unity.test-framework@1.3.9/UnityEngine.TestRunner/NUnitExtensions/Commands/BeforeAfterTestCommandBase.cs:173)
UnityEngine.TestTools.ImmediateEnumerableCommand:Execute (NUnit.Framework.Internal.ITestExecutionContext) (at ./Library/PackageCache/com.unity.test-framework@1.3.9/UnityEngine.TestRunner/NUnitExtensions/Commands/ImmediateEnumerableCommand.cs:18)
UnityEngine.TestTools.BeforeAfterTestCommandBase`1/<ExecuteEnumerable>d__14<System.Reflection.MethodInfo>:MoveNext () (at ./Library/PackageCache/com.unity.test-framework@1.3.9/UnityEngine.TestRunner/NUnitExtensions/Commands/BeforeAfterTestCommandBase.cs:181)
UnityEngine.TestTools.BeforeAfterTestCommandBase`1/<ExecuteEnumerable>d__14<System.Reflection.MethodInfo>:MoveNext () (at ./Library/PackageCache/com.unity.test-framework@1.3.9/UnityEngine.TestRunner/NUnitExtensions/Commands/BeforeAfterTestCommandBase.cs:173)
UnityEngine.TestTools.BeforeAfterTestCommandBase`1/<ExecuteEnumerable>d__14<UnityEngine.TestTools.IOuterUnityTestAction>:MoveNext () (at ./Library/PackageCache/com.unity.test-framework@1.3.9/UnityEngine.TestRunner/NUnitExtensions/Commands/BeforeAfterTestCommandBase.cs:173)
UnityEngine.TestTools.RetryCommand/<ExecuteEnumerable>d__2:MoveNext () (at ./Library/PackageCache/com.unity.test-framework@1.3.9/UnityEngine.TestRunner/NUnitExtensions/Commands/RetryCommand.cs:37)
UnityEngine.TestTools.RepeatCommand/<ExecuteEnumerable>d__2:MoveNext () (at ./Library/PackageCache/com.unity.test-framework@1.3.9/UnityEngine.TestRunner/NUnitExtensions/Commands/RepeatCommand.cs:36)
UnityEngine.TestTools.TimeoutCommand/<ExecuteEnumerable>d__3:MoveNext () (at ./Library/PackageCache/com.unity.test-framework@1.3.9/UnityEngine.TestRunner/NUnitExtensions/Commands/TimeoutCommand.cs:33)
UnityEngine.TestTools.IgnoreTestCommand/<ExecuteEnumerable>d__3:MoveNext () (at ./Library/PackageCache/com.unity.test-framework@1.3.9/UnityEngine.TestRunner/NUnitExtensions/Commands/IgnoreTestCommand.cs:42)
UnityEngine.TestTools.StrictCheckCommand/<ExecuteEnumerable>d__2:MoveNext () (at ./Library/PackageCache/com.unity.test-framework@1.3.9/UnityEngine.TestRunner/NUnitExtensions/Commands/StrictCheckCommand.cs:29)
UnityEngine.TestRunner.NUnitExtensions.Runner.DefaultTestWorkItem/<PerformWork>d__2:MoveNext () (at ./Library/PackageCache/com.unity.test-framework@1.3.9/UnityEngine.TestRunner/NUnitExtensions/Runner/DefaultTestWorkItem.cs:50)
UnityEngine.TestRunner.NUnitExtensions.Runner.CompositeWorkItem/<RunChildren>d__16:MoveNext () (at ./Library/PackageCache/com.unity.test-framework@1.3.9/UnityEngine.TestRunner/NUnitExtensions/Runner/CompositeWorkItem.cs:197)
UnityEngine.TestRunner.NUnitExtensions.Runner.CompositeWorkItem/<PerformWork>d__12:MoveNext () (at ./Library/PackageCache/com.unity.test-framework@1.3.9/UnityEngine.TestRunner/NUnitExtensions/Runner/CompositeWorkItem.cs:76)
UnityEngine.TestRunner.NUnitExtensions.Runner.CompositeWorkItem/<RunChildren>d__16:MoveNext () (at ./Library/PackageCache/com.unity.test-framework@1.3.9/UnityEngine.TestRunner/NUnitExtensions/Runner/CompositeWorkItem.cs:197)
UnityEngine.TestRunner.NUnitExtensions.Runner.CompositeWorkItem/<PerformWork>d__12:MoveNext () (at ./Library/PackageCache/com.unity.test-framework@1.3.9/UnityEngine.TestRunner/NUnitExtensions/Runner/CompositeWorkItem.cs:76)
UnityEngine.TestRunner.NUnitExtensions.Runner.CompositeWorkItem/<RunChildren>d__16:MoveNext () (at ./Library/PackageCache/com.unity.test-framework@1.3.9/UnityEngine.TestRunner/NUnitExtensions/Runner/CompositeWorkItem.cs:197)
UnityEngine.TestRunner.NUnitExtensions.Runner.CompositeWorkItem/<PerformWork>d__12:MoveNext () (at ./Library/PackageCache/com.unity.test-framework@1.3.9/UnityEngine.TestRunner/NUnitExtensions/Runner/CompositeWorkItem.cs:76)
UnityEngine.TestRunner.NUnitExtensions.Runner.CompositeWorkItem/<RunChildren>d__16:MoveNext () (at ./Library/PackageCache/com.unity.test-framework@1.3.9/UnityEngine.TestRunner/NUnitExtensions/Runner/CompositeWorkItem.cs:197)
UnityEngine.TestRunner.NUnitExtensions.Runner.CompositeWorkItem/<PerformWork>d__12:MoveNext () (at ./Library/PackageCache/com.unity.test-framework@1.3.9/UnityEngine.TestRunner/NUnitExtensions/Runner/CompositeWorkItem.cs:76)
UnityEngine.TestRunner.NUnitExtensions.Runner.CompositeWorkItem/<RunChildren>d__16:MoveNext () (at ./Library/PackageCache/com.unity.test-framework@1.3.9/UnityEngine.TestRunner/NUnitExtensions/Runner/CompositeWorkItem.cs:197)
UnityEngine.TestRunner.NUnitExtensions.Runner.CompositeWorkItem/<PerformWork>d__12:MoveNext () (at ./Library/PackageCache/com.unity.test-framework@1.3.9/UnityEngine.TestRunner/NUnitExtensions/Runner/CompositeWorkItem.cs:76)
UnityEngine.TestRunner.NUnitExtensions.Runner.CompositeWorkItem/<RunChildren>d__16:MoveNext () (at ./Library/PackageCache/com.unity.test-framework@1.3.9/UnityEngine.TestRunner/NUnitExtensions/Runner/CompositeWorkItem.cs:197)
UnityEngine.TestRunner.NUnitExtensions.Runner.CompositeWorkItem/<PerformWork>d__12:MoveNext () (at ./Library/PackageCache/com.unity.test-framework@1.3.9/UnityEngine.TestRunner/NUnitExtensions/Runner/CompositeWorkItem.cs:76)
UnityEditor.TestTools.TestRunner.EditModeRunner:MoveNextAndUpdateYieldObject () (at ./Library/PackageCache/com.unity.test-framework@1.3.9/UnityEditor.TestRunner/TestRunner/EditModeRunner.cs:164)
UnityEditor.TestTools.TestRunner.EditModeRunner:TestConsumer (UnityEditor.TestTools.TestRunner.TestRunnerStateSerializer) (at ./Library/PackageCache/com.unity.test-framework@1.3.9/UnityEditor.TestRunner/TestRunner/EditModeRunner.cs:197)
UnityEditor.TestTools.TestRunner.TestRun.Tasks.EditModeRunTask/<Execute>d__1:MoveNext () (at ./Library/PackageCache/com.unity.test-framework@1.3.9/UnityEditor.TestRunner/TestRun/Tasks/EditModeRunTask.cs:47)
UnityEditor.TestTools.TestRunner.TestRun.TestJobRunner:ExecuteStep () (at ./Library/PackageCache/com.unity.test-framework@1.3.9/UnityEditor.TestRunner/TestRun/TestJobRunner.cs:172)
UnityEditor.TestTools.TestRunner.TestRun.TestJobRunner:ExecuteCallback () (at ./Library/PackageCache/com.unity.test-framework@1.3.9/UnityEditor.TestRunner/TestRun/TestJobRunner.cs:108)
UnityEditor.EditorApplication:Internal_CallUpdateFunctions ()

(Filename: Assets/_Project/Scripts/BSM/ClientStateStack.cs Line: 80)

[StateStack] Pushed Pending (duration: ∞, depth: 2)
UnityEngine.StackTraceUtility:ExtractStackTrace ()
UnityEngine.DebugLogHandler:LogFormat (UnityEngine.LogType,UnityEngine.Object,string,object[])
UnityEngine.Logger:Log (UnityEngine.LogType,object)
UnityEngine.Debug:Log (object)
Desk42.BSM.ClientStateStack:Push (Desk42.BSM.IClientState,Desk42.BSM.ClientContext) (at Assets/_Project/Scripts/BSM/ClientStateStack.cs:80)
Desk42.Tests.EditMode.BSMTests:Stack_OnlyTopStateTicks () (at Assets/_Project/Tests/EditMode/BSMTests.cs:206)
System.Reflection.RuntimeMethodInfo:Invoke (object,System.Reflection.BindingFlags,System.Reflection.Binder,object[],System.Globalization.CultureInfo)
System.Reflection.MethodBase:Invoke (object,object[])
NUnit.Framework.Internal.Reflect:InvokeMethod (System.Reflection.MethodInfo,object,object[])
NUnit.Framework.Internal.MethodWrapper:Invoke (object,object[])
NUnit.Framework.Internal.Commands.TestMethodCommand:RunNonAsyncTestMethod (NUnit.Framework.Internal.ITestExecutionContext)
NUnit.Framework.Internal.Commands.TestMethodCommand:RunTestMethod (NUnit.Framework.Internal.ITestExecutionContext)
NUnit.Framework.Internal.Commands.TestMethodCommand:Execute (NUnit.Framework.Internal.ITestExecutionContext)
UnityEngine.TestTools.UnityTestMethodCommand:Execute (NUnit.Framework.Internal.ITestExecutionContext) (at ./Library/PackageCache/com.unity.test-framework@1.3.9/UnityEngine.TestRunner/NUnitExtensions/Commands/UnityTestMethodCommand.cs:16)
UnityEngine.TestRunner.NUnitExtensions.Runner.UnityLogCheckDelegatingCommand/<>c__DisplayClass2_0:<Execute>b__0 () (at ./Library/PackageCache/com.unity.test-framework@1.3.9/UnityEngine.TestRunner/NUnitExtensions/Runner/UnityLogCheckDelegatingCommand.cs:24)
UnityEngine.TestRunner.NUnitExtensions.Runner.UnityLogCheckDelegatingCommand:CaptureException (NUnit.Framework.Internal.TestResult,System.Action) (at ./Library/PackageCache/com.unity.test-framework@1.3.9/UnityEngine.TestRunner/NUnitExtensions/Runner/UnityLogCheckDelegatingCommand.cs:68)
UnityEngine.TestRunner.NUnitExtensions.Runner.UnityLogCheckDelegatingCommand:ExecuteAndCheckLog (UnityEngine.TestTools.Logging.LogScope,NUnit.Framework.Internal.TestResult,System.Action) (at ./Library/PackageCache/com.unity.test-framework@1.3.9/UnityEngine.TestRunner/NUnitExtensions/Runner/UnityLogCheckDelegatingCommand.cs:79)
UnityEngine.TestRunner.NUnitExtensions.Runner.UnityLogCheckDelegatingCommand:Execute (NUnit.Framework.Internal.ITestExecutionContext) (at ./Library/PackageCache/com.unity.test-framework@1.3.9/UnityEngine.TestRunner/NUnitExtensions/Runner/UnityLogCheckDelegatingCommand.cs:24)
UnityEngine.TestRunner.NUnitExtensions.Runner.UnityLogCheckDelegatingCommand/<ExecuteEnumerable>d__3:MoveNext () (at ./Library/PackageCache/com.unity.test-framework@1.3.9/UnityEngine.TestRunner/NUnitExtensions/Runner/UnityLogCheckDelegatingCommand.cs:35)
UnityEngine.TestTools.BeforeAfterTestCommandBase`1/<ExecuteEnumerable>d__14<NUnit.Framework.ITestAction>:MoveNext () (at ./Library/PackageCache/com.unity.test-framework@1.3.9/UnityEngine.TestRunner/NUnitExtensions/Commands/BeforeAfterTestCommandBase.cs:173)
UnityEngine.TestTools.ImmediateEnumerableCommand:Execute (NUnit.Framework.Internal.ITestExecutionContext) (at ./Library/PackageCache/com.unity.test-framework@1.3.9/UnityEngine.TestRunner/NUnitExtensions/Commands/ImmediateEnumerableCommand.cs:18)
UnityEngine.TestTools.BeforeAfterTestCommandBase`1/<ExecuteEnumerable>d__14<System.Reflection.MethodInfo>:MoveNext () (at ./Library/PackageCache/com.unity.test-framework@1.3.9/UnityEngine.TestRunner/NUnitExtensions/Commands/BeforeAfterTestCommandBase.cs:181)
UnityEngine.TestTools.BeforeAfterTestCommandBase`1/<ExecuteEnumerable>d__14<System.Reflection.MethodInfo>:MoveNext () (at ./Library/PackageCache/com.unity.test-framework@1.3.9/UnityEngine.TestRunner/NUnitExtensions/Commands/BeforeAfterTestCommandBase.cs:173)
UnityEngine.TestTools.BeforeAfterTestCommandBase`1/<ExecuteEnumerable>d__14<UnityEngine.TestTools.IOuterUnityTestAction>:MoveNext () (at ./Library/PackageCache/com.unity.test-framework@1.3.9/UnityEngine.TestRunner/NUnitExtensions/Commands/BeforeAfterTestCommandBase.cs:173)
UnityEngine.TestTools.RetryCommand/<ExecuteEnumerable>d__2:MoveNext () (at ./Library/PackageCache/com.unity.test-framework@1.3.9/UnityEngine.TestRunner/NUnitExtensions/Commands/RetryCommand.cs:37)
UnityEngine.TestTools.RepeatCommand/<ExecuteEnumerable>d__2:MoveNext () (at ./Library/PackageCache/com.unity.test-framework@1.3.9/UnityEngine.TestRunner/NUnitExtensions/Commands/RepeatCommand.cs:36)
UnityEngine.TestTools.TimeoutCommand/<ExecuteEnumerable>d__3:MoveNext () (at ./Library/PackageCache/com.unity.test-framework@1.3.9/UnityEngine.TestRunner/NUnitExtensions/Commands/TimeoutCommand.cs:33)
UnityEngine.TestTools.IgnoreTestCommand/<ExecuteEnumerable>d__3:MoveNext () (at ./Library/PackageCache/com.unity.test-framework@1.3.9/UnityEngine.TestRunner/NUnitExtensions/Commands/IgnoreTestCommand.cs:42)
UnityEngine.TestTools.StrictCheckCommand/<ExecuteEnumerable>d__2:MoveNext () (at ./Library/PackageCache/com.unity.test-framework@1.3.9/UnityEngine.TestRunner/NUnitExtensions/Commands/StrictCheckCommand.cs:29)
UnityEngine.TestRunner.NUnitExtensions.Runner.DefaultTestWorkItem/<PerformWork>d__2:MoveNext () (at ./Library/PackageCache/com.unity.test-framework@1.3.9/UnityEngine.TestRunner/NUnitExtensions/Runner/DefaultTestWorkItem.cs:50)
UnityEngine.TestRunner.NUnitExtensions.Runner.CompositeWorkItem/<RunChildren>d__16:MoveNext () (at ./Library/PackageCache/com.unity.test-framework@1.3.9/UnityEngine.TestRunner/NUnitExtensions/Runner/CompositeWorkItem.cs:197)
UnityEngine.TestRunner.NUnitExtensions.Runner.CompositeWorkItem/<PerformWork>d__12:MoveNext () (at ./Library/PackageCache/com.unity.test-framework@1.3.9/UnityEngine.TestRunner/NUnitExtensions/Runner/CompositeWorkItem.cs:76)
UnityEngine.TestRunner.NUnitExtensions.Runner.CompositeWorkItem/<RunChildren>d__16:MoveNext () (at ./Library/PackageCache/com.unity.test-framework@1.3.9/UnityEngine.TestRunner/NUnitExtensions/Runner/CompositeWorkItem.cs:197)
UnityEngine.TestRunner.NUnitExtensions.Runner.CompositeWorkItem/<PerformWork>d__12:MoveNext () (at ./Library/PackageCache/com.unity.test-framework@1.3.9/UnityEngine.TestRunner/NUnitExtensions/Runner/CompositeWorkItem.cs:76)
UnityEngine.TestRunner.NUnitExtensions.Runner.CompositeWorkItem/<RunChildren>d__16:MoveNext () (at ./Library/PackageCache/com.unity.test-framework@1.3.9/UnityEngine.TestRunner/NUnitExtensions/Runner/CompositeWorkItem.cs:197)
UnityEngine.TestRunner.NUnitExtensions.Runner.CompositeWorkItem/<PerformWork>d__12:MoveNext () (at ./Library/PackageCache/com.unity.test-framework@1.3.9/UnityEngine.TestRunner/NUnitExtensions/Runner/CompositeWorkItem.cs:76)
UnityEngine.TestRunner.NUnitExtensions.Runner.CompositeWorkItem/<RunChildren>d__16:MoveNext () (at ./Library/PackageCache/com.unity.test-framework@1.3.9/UnityEngine.TestRunner/NUnitExtensions/Runner/CompositeWorkItem.cs:197)
UnityEngine.TestRunner.NUnitExtensions.Runner.CompositeWorkItem/<PerformWork>d__12:MoveNext () (at ./Library/PackageCache/com.unity.test-framework@1.3.9/UnityEngine.TestRunner/NUnitExtensions/Runner/CompositeWorkItem.cs:76)
UnityEngine.TestRunner.NUnitExtensions.Runner.CompositeWorkItem/<RunChildren>d__16:MoveNext () (at ./Library/PackageCache/com.unity.test-framework@1.3.9/UnityEngine.TestRunner/NUnitExtensions/Runner/CompositeWorkItem.cs:197)
UnityEngine.TestRunner.NUnitExtensions.Runner.CompositeWorkItem/<PerformWork>d__12:MoveNext () (at ./Library/PackageCache/com.unity.test-framework@1.3.9/UnityEngine.TestRunner/NUnitExtensions/Runner/CompositeWorkItem.cs:76)
UnityEngine.TestRunner.NUnitExtensions.Runner.CompositeWorkItem/<RunChildren>d__16:MoveNext () (at ./Library/PackageCache/com.unity.test-framework@1.3.9/UnityEngine.TestRunner/NUnitExtensions/Runner/CompositeWorkItem.cs:197)
UnityEngine.TestRunner.NUnitExtensions.Runner.CompositeWorkItem/<PerformWork>d__12:MoveNext () (at ./Library/PackageCache/com.unity.test-framework@1.3.9/UnityEngine.TestRunner/NUnitExtensions/Runner/CompositeWorkItem.cs:76)
UnityEditor.TestTools.TestRunner.EditModeRunner:MoveNextAndUpdateYieldObject () (at ./Library/PackageCache/com.unity.test-framework@1.3.9/UnityEditor.TestRunner/TestRunner/EditModeRunner.cs:164)
UnityEditor.TestTools.TestRunner.EditModeRunner:TestConsumer (UnityEditor.TestTools.TestRunner.TestRunnerStateSerializer) (at ./Library/PackageCache/com.unity.test-framework@1.3.9/UnityEditor.TestRunner/TestRunner/EditModeRunner.cs:197)
UnityEditor.TestTools.TestRunner.TestRun.Tasks.EditModeRunTask/<Execute>d__1:MoveNext () (at ./Library/PackageCache/com.unity.test-framework@1.3.9/UnityEditor.TestRunner/TestRun/Tasks/EditModeRunTask.cs:47)
UnityEditor.TestTools.TestRunner.TestRun.TestJobRunner:ExecuteStep () (at ./Library/PackageCache/com.unity.test-framework@1.3.9/UnityEditor.TestRunner/TestRun/TestJobRunner.cs:172)
UnityEditor.TestTools.TestRunner.TestRun.TestJobRunner:ExecuteCallback () (at ./Library/PackageCache/com.unity.test-framework@1.3.9/UnityEditor.TestRunner/TestRun/TestJobRunner.cs:108)
UnityEditor.EditorApplication:Internal_CallUpdateFunctions ()

(Filename: Assets/_Project/Scripts/BSM/ClientStateStack.cs Line: 80)

[StateStack] Pushed Pending (duration: ∞, depth: 1)
UnityEngine.StackTraceUtility:ExtractStackTrace ()
UnityEngine.DebugLogHandler:LogFormat (UnityEngine.LogType,UnityEngine.Object,string,object[])
UnityEngine.Logger:Log (UnityEngine.LogType,object)
UnityEngine.Debug:Log (object)
Desk42.BSM.ClientStateStack:Push (Desk42.BSM.IClientState,Desk42.BSM.ClientContext) (at Assets/_Project/Scripts/BSM/ClientStateStack.cs:80)
Desk42.Tests.EditMode.BSMTests:Stack_Push_EntersStateAndSetsActive () (at Assets/_Project/Tests/EditMode/BSMTests.cs:79)
System.Reflection.RuntimeMethodInfo:Invoke (object,System.Reflection.BindingFlags,System.Reflection.Binder,object[],System.Globalization.CultureInfo)
System.Reflection.MethodBase:Invoke (object,object[])
NUnit.Framework.Internal.Reflect:InvokeMethod (System.Reflection.MethodInfo,object,object[])
NUnit.Framework.Internal.MethodWrapper:Invoke (object,object[])
NUnit.Framework.Internal.Commands.TestMethodCommand:RunNonAsyncTestMethod (NUnit.Framework.Internal.ITestExecutionContext)
NUnit.Framework.Internal.Commands.TestMethodCommand:RunTestMethod (NUnit.Framework.Internal.ITestExecutionContext)
NUnit.Framework.Internal.Commands.TestMethodCommand:Execute (NUnit.Framework.Internal.ITestExecutionContext)
UnityEngine.TestTools.UnityTestMethodCommand:Execute (NUnit.Framework.Internal.ITestExecutionContext) (at ./Library/PackageCache/com.unity.test-framework@1.3.9/UnityEngine.TestRunner/NUnitExtensions/Commands/UnityTestMethodCommand.cs:16)
UnityEngine.TestRunner.NUnitExtensions.Runner.UnityLogCheckDelegatingCommand/<>c__DisplayClass2_0:<Execute>b__0 () (at ./Library/PackageCache/com.unity.test-framework@1.3.9/UnityEngine.TestRunner/NUnitExtensions/Runner/UnityLogCheckDelegatingCommand.cs:24)
UnityEngine.TestRunner.NUnitExtensions.Runner.UnityLogCheckDelegatingCommand:CaptureException (NUnit.Framework.Internal.TestResult,System.Action) (at ./Library/PackageCache/com.unity.test-framework@1.3.9/UnityEngine.TestRunner/NUnitExtensions/Runner/UnityLogCheckDelegatingCommand.cs:68)
UnityEngine.TestRunner.NUnitExtensions.Runner.UnityLogCheckDelegatingCommand:ExecuteAndCheckLog (UnityEngine.TestTools.Logging.LogScope,NUnit.Framework.Internal.TestResult,System.Action) (at ./Library/PackageCache/com.unity.test-framework@1.3.9/UnityEngine.TestRunner/NUnitExtensions/Runner/UnityLogCheckDelegatingCommand.cs:79)
UnityEngine.TestRunner.NUnitExtensions.Runner.UnityLogCheckDelegatingCommand:Execute (NUnit.Framework.Internal.ITestExecutionContext) (at ./Library/PackageCache/com.unity.test-framework@1.3.9/UnityEngine.TestRunner/NUnitExtensions/Runner/UnityLogCheckDelegatingCommand.cs:24)
UnityEngine.TestRunner.NUnitExtensions.Runner.UnityLogCheckDelegatingCommand/<ExecuteEnumerable>d__3:MoveNext () (at ./Library/PackageCache/com.unity.test-framework@1.3.9/UnityEngine.TestRunner/NUnitExtensions/Runner/UnityLogCheckDelegatingCommand.cs:35)
UnityEngine.TestTools.BeforeAfterTestCommandBase`1/<ExecuteEnumerable>d__14<NUnit.Framework.ITestAction>:MoveNext () (at ./Library/PackageCache/com.unity.test-framework@1.3.9/UnityEngine.TestRunner/NUnitExtensions/Commands/BeforeAfterTestCommandBase.cs:173)
UnityEngine.TestTools.ImmediateEnumerableCommand:Execute (NUnit.Framework.Internal.ITestExecutionContext) (at ./Library/PackageCache/com.unity.test-framework@1.3.9/UnityEngine.TestRunner/NUnitExtensions/Commands/ImmediateEnumerableCommand.cs:18)
UnityEngine.TestTools.BeforeAfterTestCommandBase`1/<ExecuteEnumerable>d__14<System.Reflection.MethodInfo>:MoveNext () (at ./Library/PackageCache/com.unity.test-framework@1.3.9/UnityEngine.TestRunner/NUnitExtensions/Commands/BeforeAfterTestCommandBase.cs:181)
UnityEngine.TestTools.BeforeAfterTestCommandBase`1/<ExecuteEnumerable>d__14<System.Reflection.MethodInfo>:MoveNext () (at ./Library/PackageCache/com.unity.test-framework@1.3.9/UnityEngine.TestRunner/NUnitExtensions/Commands/BeforeAfterTestCommandBase.cs:173)
UnityEngine.TestTools.BeforeAfterTestCommandBase`1/<ExecuteEnumerable>d__14<UnityEngine.TestTools.IOuterUnityTestAction>:MoveNext () (at ./Library/PackageCache/com.unity.test-framework@1.3.9/UnityEngine.TestRunner/NUnitExtensions/Commands/BeforeAfterTestCommandBase.cs:173)
UnityEngine.TestTools.RetryCommand/<ExecuteEnumerable>d__2:MoveNext () (at ./Library/PackageCache/com.unity.test-framework@1.3.9/UnityEngine.TestRunner/NUnitExtensions/Commands/RetryCommand.cs:37)
UnityEngine.TestTools.RepeatCommand/<ExecuteEnumerable>d__2:MoveNext () (at ./Library/PackageCache/com.unity.test-framework@1.3.9/UnityEngine.TestRunner/NUnitExtensions/Commands/RepeatCommand.cs:36)
UnityEngine.TestTools.TimeoutCommand/<ExecuteEnumerable>d__3:MoveNext () (at ./Library/PackageCache/com.unity.test-framework@1.3.9/UnityEngine.TestRunner/NUnitExtensions/Commands/TimeoutCommand.cs:33)
UnityEngine.TestTools.IgnoreTestCommand/<ExecuteEnumerable>d__3:MoveNext () (at ./Library/PackageCache/com.unity.test-framework@1.3.9/UnityEngine.TestRunner/NUnitExtensions/Commands/IgnoreTestCommand.cs:42)
UnityEngine.TestTools.StrictCheckCommand/<ExecuteEnumerable>d__2:MoveNext () (at ./Library/PackageCache/com.unity.test-framework@1.3.9/UnityEngine.TestRunner/NUnitExtensions/Commands/StrictCheckCommand.cs:29)
UnityEngine.TestRunner.NUnitExtensions.Runner.DefaultTestWorkItem/<PerformWork>d__2:MoveNext () (at ./Library/PackageCache/com.unity.test-framework@1.3.9/UnityEngine.TestRunner/NUnitExtensions/Runner/DefaultTestWorkItem.cs:50)
UnityEngine.TestRunner.NUnitExtensions.Runner.CompositeWorkItem/<RunChildren>d__16:MoveNext () (at ./Library/PackageCache/com.unity.test-framework@1.3.9/UnityEngine.TestRunner/NUnitExtensions/Runner/CompositeWorkItem.cs:197)
UnityEngine.TestRunner.NUnitExtensions.Runner.CompositeWorkItem/<PerformWork>d__12:MoveNext () (at ./Library/PackageCache/com.unity.test-framework@1.3.9/UnityEngine.TestRunner/NUnitExtensions/Runner/CompositeWorkItem.cs:76)
UnityEngine.TestRunner.NUnitExtensions.Runner.CompositeWorkItem/<RunChildren>d__16:MoveNext () (at ./Library/PackageCache/com.unity.test-framework@1.3.9/UnityEngine.TestRunner/NUnitExtensions/Runner/CompositeWorkItem.cs:197)
UnityEngine.TestRunner.NUnitExtensions.Runner.CompositeWorkItem/<PerformWork>d__12:MoveNext () (at ./Library/PackageCache/com.unity.test-framework@1.3.9/UnityEngine.TestRunner/NUnitExtensions/Runner/CompositeWorkItem.cs:76)
UnityEngine.TestRunner.NUnitExtensions.Runner.CompositeWorkItem/<RunChildren>d__16:MoveNext () (at ./Library/PackageCache/com.unity.test-framework@1.3.9/UnityEngine.TestRunner/NUnitExtensions/Runner/CompositeWorkItem.cs:197)
UnityEngine.TestRunner.NUnitExtensions.Runner.CompositeWorkItem/<PerformWork>d__12:MoveNext () (at ./Library/PackageCache/com.unity.test-framework@1.3.9/UnityEngine.TestRunner/NUnitExtensions/Runner/CompositeWorkItem.cs:76)
UnityEngine.TestRunner.NUnitExtensions.Runner.CompositeWorkItem/<RunChildren>d__16:MoveNext () (at ./Library/PackageCache/com.unity.test-framework@1.3.9/UnityEngine.TestRunner/NUnitExtensions/Runner/CompositeWorkItem.cs:197)
UnityEngine.TestRunner.NUnitExtensions.Runner.CompositeWorkItem/<PerformWork>d__12:MoveNext () (at ./Library/PackageCache/com.unity.test-framework@1.3.9/UnityEngine.TestRunner/NUnitExtensions/Runner/CompositeWorkItem.cs:76)
UnityEngine.TestRunner.NUnitExtensions.Runner.CompositeWorkItem/<RunChildren>d__16:MoveNext () (at ./Library/PackageCache/com.unity.test-framework@1.3.9/UnityEngine.TestRunner/NUnitExtensions/Runner/CompositeWorkItem.cs:197)
UnityEngine.TestRunner.NUnitExtensions.Runner.CompositeWorkItem/<PerformWork>d__12:MoveNext () (at ./Library/PackageCache/com.unity.test-framework@1.3.9/UnityEngine.TestRunner/NUnitExtensions/Runner/CompositeWorkItem.cs:76)
UnityEngine.TestRunner.NUnitExtensions.Runner.CompositeWorkItem/<RunChildren>d__16:MoveNext () (at ./Library/PackageCache/com.unity.test-framework@1.3.9/UnityEngine.TestRunner/NUnitExtensions/Runner/CompositeWorkItem.cs:197)
UnityEngine.TestRunner.NUnitExtensions.Runner.CompositeWorkItem/<PerformWork>d__12:MoveNext () (at ./Library/PackageCache/com.unity.test-framework@1.3.9/UnityEngine.TestRunner/NUnitExtensions/Runner/CompositeWorkItem.cs:76)
UnityEditor.TestTools.TestRunner.EditModeRunner:MoveNextAndUpdateYieldObject () (at ./Library/PackageCache/com.unity.test-framework@1.3.9/UnityEditor.TestRunner/TestRunner/EditModeRunner.cs:164)
UnityEditor.TestTools.TestRunner.EditModeRunner:TestConsumer (UnityEditor.TestTools.TestRunner.TestRunnerStateSerializer) (at ./Library/PackageCache/com.unity.test-framework@1.3.9/UnityEditor.TestRunner/TestRunner/EditModeRunner.cs:197)
UnityEditor.TestTools.TestRunner.TestRun.Tasks.EditModeRunTask/<Execute>d__1:MoveNext () (at ./Library/PackageCache/com.unity.test-framework@1.3.9/UnityEditor.TestRunner/TestRun/Tasks/EditModeRunTask.cs:47)
UnityEditor.TestTools.TestRunner.TestRun.TestJobRunner:ExecuteStep () (at ./Library/PackageCache/com.unity.test-framework@1.3.9/UnityEditor.TestRunner/TestRun/TestJobRunner.cs:172)
UnityEditor.TestTools.TestRunner.TestRun.TestJobRunner:ExecuteCallback () (at ./Library/PackageCache/com.unity.test-framework@1.3.9/UnityEditor.TestRunner/TestRun/TestJobRunner.cs:108)
UnityEditor.EditorApplication:Internal_CallUpdateFunctions ()

(Filename: Assets/_Project/Scripts/BSM/ClientStateStack.cs Line: 80)

[StateStack] Pushed Pending (duration: ∞, depth: 1)
UnityEngine.StackTraceUtility:ExtractStackTrace ()
UnityEngine.DebugLogHandler:LogFormat (UnityEngine.LogType,UnityEngine.Object,string,object[])
UnityEngine.Logger:Log (UnityEngine.LogType,object)
UnityEngine.Debug:Log (object)
Desk42.BSM.ClientStateStack:Push (Desk42.BSM.IClientState,Desk42.BSM.ClientContext) (at Assets/_Project/Scripts/BSM/ClientStateStack.cs:80)
Desk42.Tests.EditMode.BSMTests:Stack_SelfTermination_PopsAndCallsExit () (at Assets/_Project/Tests/EditMode/BSMTests.cs:151)
System.Reflection.RuntimeMethodInfo:Invoke (object,System.Reflection.BindingFlags,System.Reflection.Binder,object[],System.Globalization.CultureInfo)
System.Reflection.MethodBase:Invoke (object,object[])
NUnit.Framework.Internal.Reflect:InvokeMethod (System.Reflection.MethodInfo,object,object[])
NUnit.Framework.Internal.MethodWrapper:Invoke (object,object[])
NUnit.Framework.Internal.Commands.TestMethodCommand:RunNonAsyncTestMethod (NUnit.Framework.Internal.ITestExecutionContext)
NUnit.Framework.Internal.Commands.TestMethodCommand:RunTestMethod (NUnit.Framework.Internal.ITestExecutionContext)
NUnit.Framework.Internal.Commands.TestMethodCommand:Execute (NUnit.Framework.Internal.ITestExecutionContext)
UnityEngine.TestTools.UnityTestMethodCommand:Execute (NUnit.Framework.Internal.ITestExecutionContext) (at ./Library/PackageCache/com.unity.test-framework@1.3.9/UnityEngine.TestRunner/NUnitExtensions/Commands/UnityTestMethodCommand.cs:16)
UnityEngine.TestRunner.NUnitExtensions.Runner.UnityLogCheckDelegatingCommand/<>c__DisplayClass2_0:<Execute>b__0 () (at ./Library/PackageCache/com.unity.test-framework@1.3.9/UnityEngine.TestRunner/NUnitExtensions/Runner/UnityLogCheckDelegatingCommand.cs:24)
UnityEngine.TestRunner.NUnitExtensions.Runner.UnityLogCheckDelegatingCommand:CaptureException (NUnit.Framework.Internal.TestResult,System.Action) (at ./Library/PackageCache/com.unity.test-framework@1.3.9/UnityEngine.TestRunner/NUnitExtensions/Runner/UnityLogCheckDelegatingCommand.cs:68)
UnityEngine.TestRunner.NUnitExtensions.Runner.UnityLogCheckDelegatingCommand:ExecuteAndCheckLog (UnityEngine.TestTools.Logging.LogScope,NUnit.Framework.Internal.TestResult,System.Action) (at ./Library/PackageCache/com.unity.test-framework@1.3.9/UnityEngine.TestRunner/NUnitExtensions/Runner/UnityLogCheckDelegatingCommand.cs:79)
UnityEngine.TestRunner.NUnitExtensions.Runner.UnityLogCheckDelegatingCommand:Execute (NUnit.Framework.Internal.ITestExecutionContext) (at ./Library/PackageCache/com.unity.test-framework@1.3.9/UnityEngine.TestRunner/NUnitExtensions/Runner/UnityLogCheckDelegatingCommand.cs:24)
UnityEngine.TestRunner.NUnitExtensions.Runner.UnityLogCheckDelegatingCommand/<ExecuteEnumerable>d__3:MoveNext () (at ./Library/PackageCache/com.unity.test-framework@1.3.9/UnityEngine.TestRunner/NUnitExtensions/Runner/UnityLogCheckDelegatingCommand.cs:35)
UnityEngine.TestTools.BeforeAfterTestCommandBase`1/<ExecuteEnumerable>d__14<NUnit.Framework.ITestAction>:MoveNext () (at ./Library/PackageCache/com.unity.test-framework@1.3.9/UnityEngine.TestRunner/NUnitExtensions/Commands/BeforeAfterTestCommandBase.cs:173)
UnityEngine.TestTools.ImmediateEnumerableCommand:Execute (NUnit.Framework.Internal.ITestExecutionContext) (at ./Library/PackageCache/com.unity.test-framework@1.3.9/UnityEngine.TestRunner/NUnitExtensions/Commands/ImmediateEnumerableCommand.cs:18)
UnityEngine.TestTools.BeforeAfterTestCommandBase`1/<ExecuteEnumerable>d__14<System.Reflection.MethodInfo>:MoveNext () (at ./Library/PackageCache/com.unity.test-framework@1.3.9/UnityEngine.TestRunner/NUnitExtensions/Commands/BeforeAfterTestCommandBase.cs:181)
UnityEngine.TestTools.BeforeAfterTestCommandBase`1/<ExecuteEnumerable>d__14<System.Reflection.MethodInfo>:MoveNext () (at ./Library/PackageCache/com.unity.test-framework@1.3.9/UnityEngine.TestRunner/NUnitExtensions/Commands/BeforeAfterTestCommandBase.cs:173)
UnityEngine.TestTools.BeforeAfterTestCommandBase`1/<ExecuteEnumerable>d__14<UnityEngine.TestTools.IOuterUnityTestAction>:MoveNext () (at ./Library/PackageCache/com.unity.test-framework@1.3.9/UnityEngine.TestRunner/NUnitExtensions/Commands/BeforeAfterTestCommandBase.cs:173)
UnityEngine.TestTools.RetryCommand/<ExecuteEnumerable>d__2:MoveNext () (at ./Library/PackageCache/com.unity.test-framework@1.3.9/UnityEngine.TestRunner/NUnitExtensions/Commands/RetryCommand.cs:37)
UnityEngine.TestTools.RepeatCommand/<ExecuteEnumerable>d__2:MoveNext () (at ./Library/PackageCache/com.unity.test-framework@1.3.9/UnityEngine.TestRunner/NUnitExtensions/Commands/RepeatCommand.cs:36)
UnityEngine.TestTools.TimeoutCommand/<ExecuteEnumerable>d__3:MoveNext () (at ./Library/PackageCache/com.unity.test-framework@1.3.9/UnityEngine.TestRunner/NUnitExtensions/Commands/TimeoutCommand.cs:33)
UnityEngine.TestTools.IgnoreTestCommand/<ExecuteEnumerable>d__3:MoveNext () (at ./Library/PackageCache/com.unity.test-framework@1.3.9/UnityEngine.TestRunner/NUnitExtensions/Commands/IgnoreTestCommand.cs:42)
UnityEngine.TestTools.StrictCheckCommand/<ExecuteEnumerable>d__2:MoveNext () (at ./Library/PackageCache/com.unity.test-framework@1.3.9/UnityEngine.TestRunner/NUnitExtensions/Commands/StrictCheckCommand.cs:29)
UnityEngine.TestRunner.NUnitExtensions.Runner.DefaultTestWorkItem/<PerformWork>d__2:MoveNext () (at ./Library/PackageCache/com.unity.test-framework@1.3.9/UnityEngine.TestRunner/NUnitExtensions/Runner/DefaultTestWorkItem.cs:50)
UnityEngine.TestRunner.NUnitExtensions.Runner.CompositeWorkItem/<RunChildren>d__16:MoveNext () (at ./Library/PackageCache/com.unity.test-framework@1.3.9/UnityEngine.TestRunner/NUnitExtensions/Runner/CompositeWorkItem.cs:197)
UnityEngine.TestRunner.NUnitExtensions.Runner.CompositeWorkItem/<PerformWork>d__12:MoveNext () (at ./Library/PackageCache/com.unity.test-framework@1.3.9/UnityEngine.TestRunner/NUnitExtensions/Runner/CompositeWorkItem.cs:76)
UnityEngine.TestRunner.NUnitExtensions.Runner.CompositeWorkItem/<RunChildren>d__16:MoveNext () (at ./Library/PackageCache/com.unity.test-framework@1.3.9/UnityEngine.TestRunner/NUnitExtensions/Runner/CompositeWorkItem.cs:197)
UnityEngine.TestRunner.NUnitExtensions.Runner.CompositeWorkItem/<PerformWork>d__12:MoveNext () (at ./Library/PackageCache/com.unity.test-framework@1.3.9/UnityEngine.TestRunner/NUnitExtensions/Runner/CompositeWorkItem.cs:76)
UnityEngine.TestRunner.NUnitExtensions.Runner.CompositeWorkItem/<RunChildren>d__16:MoveNext () (at ./Library/PackageCache/com.unity.test-framework@1.3.9/UnityEngine.TestRunner/NUnitExtensions/Runner/CompositeWorkItem.cs:197)
UnityEngine.TestRunner.NUnitExtensions.Runner.CompositeWorkItem/<PerformWork>d__12:MoveNext () (at ./Library/PackageCache/com.unity.test-framework@1.3.9/UnityEngine.TestRunner/NUnitExtensions/Runner/CompositeWorkItem.cs:76)
UnityEngine.TestRunner.NUnitExtensions.Runner.CompositeWorkItem/<RunChildren>d__16:MoveNext () (at ./Library/PackageCache/com.unity.test-framework@1.3.9/UnityEngine.TestRunner/NUnitExtensions/Runner/CompositeWorkItem.cs:197)
UnityEngine.TestRunner.NUnitExtensions.Runner.CompositeWorkItem/<PerformWork>d__12:MoveNext () (at ./Library/PackageCache/com.unity.test-framework@1.3.9/UnityEngine.TestRunner/NUnitExtensions/Runner/CompositeWorkItem.cs:76)
UnityEngine.TestRunner.NUnitExtensions.Runner.CompositeWorkItem/<RunChildren>d__16:MoveNext () (at ./Library/PackageCache/com.unity.test-framework@1.3.9/UnityEngine.TestRunner/NUnitExtensions/Runner/CompositeWorkItem.cs:197)
UnityEngine.TestRunner.NUnitExtensions.Runner.CompositeWorkItem/<PerformWork>d__12:MoveNext () (at ./Library/PackageCache/com.unity.test-framework@1.3.9/UnityEngine.TestRunner/NUnitExtensions/Runner/CompositeWorkItem.cs:76)
UnityEngine.TestRunner.NUnitExtensions.Runner.CompositeWorkItem/<RunChildren>d__16:MoveNext () (at ./Library/PackageCache/com.unity.test-framework@1.3.9/UnityEngine.TestRunner/NUnitExtensions/Runner/CompositeWorkItem.cs:197)
UnityEngine.TestRunner.NUnitExtensions.Runner.CompositeWorkItem/<PerformWork>d__12:MoveNext () (at ./Library/PackageCache/com.unity.test-framework@1.3.9/UnityEngine.TestRunner/NUnitExtensions/Runner/CompositeWorkItem.cs:76)
UnityEditor.TestTools.TestRunner.EditModeRunner:MoveNextAndUpdateYieldObject () (at ./Library/PackageCache/com.unity.test-framework@1.3.9/UnityEditor.TestRunner/TestRunner/EditModeRunner.cs:164)
UnityEditor.TestTools.TestRunner.EditModeRunner:TestConsumer (UnityEditor.TestTools.TestRunner.TestRunnerStateSerializer) (at ./Library/PackageCache/com.unity.test-framework@1.3.9/UnityEditor.TestRunner/TestRunner/EditModeRunner.cs:197)
UnityEditor.TestTools.TestRunner.TestRun.Tasks.EditModeRunTask/<Execute>d__1:MoveNext () (at ./Library/PackageCache/com.unity.test-framework@1.3.9/UnityEditor.TestRunner/TestRun/Tasks/EditModeRunTask.cs:47)
UnityEditor.TestTools.TestRunner.TestRun.TestJobRunner:ExecuteStep () (at ./Library/PackageCache/com.unity.test-framework@1.3.9/UnityEditor.TestRunner/TestRun/TestJobRunner.cs:172)
UnityEditor.TestTools.TestRunner.TestRun.TestJobRunner:ExecuteCallback () (at ./Library/PackageCache/com.unity.test-framework@1.3.9/UnityEditor.TestRunner/TestRun/TestJobRunner.cs:108)
UnityEditor.EditorApplication:Internal_CallUpdateFunctions ()

(Filename: Assets/_Project/Scripts/BSM/ClientStateStack.cs Line: 80)

[StateStack] Popped Pending (self-terminated).
UnityEngine.StackTraceUtility:ExtractStackTrace ()
UnityEngine.DebugLogHandler:LogFormat (UnityEngine.LogType,UnityEngine.Object,string,object[])
UnityEngine.Logger:Log (UnityEngine.LogType,object)
UnityEngine.Debug:Log (object)
Desk42.BSM.ClientStateStack:Tick (Desk42.BSM.ClientContext,single) (at Assets/_Project/Scripts/BSM/ClientStateStack.cs:117)
Desk42.Tests.EditMode.BSMTests:Stack_SelfTermination_PopsAndCallsExit () (at Assets/_Project/Tests/EditMode/BSMTests.cs:153)
System.Reflection.RuntimeMethodInfo:Invoke (object,System.Reflection.BindingFlags,System.Reflection.Binder,object[],System.Globalization.CultureInfo)
System.Reflection.MethodBase:Invoke (object,object[])
NUnit.Framework.Internal.Reflect:InvokeMethod (System.Reflection.MethodInfo,object,object[])
NUnit.Framework.Internal.MethodWrapper:Invoke (object,object[])
NUnit.Framework.Internal.Commands.TestMethodCommand:RunNonAsyncTestMethod (NUnit.Framework.Internal.ITestExecutionContext)
NUnit.Framework.Internal.Commands.TestMethodCommand:RunTestMethod (NUnit.Framework.Internal.ITestExecutionContext)
NUnit.Framework.Internal.Commands.TestMethodCommand:Execute (NUnit.Framework.Internal.ITestExecutionContext)
UnityEngine.TestTools.UnityTestMethodCommand:Execute (NUnit.Framework.Internal.ITestExecutionContext) (at ./Library/PackageCache/com.unity.test-framework@1.3.9/UnityEngine.TestRunner/NUnitExtensions/Commands/UnityTestMethodCommand.cs:16)
UnityEngine.TestRunner.NUnitExtensions.Runner.UnityLogCheckDelegatingCommand/<>c__DisplayClass2_0:<Execute>b__0 () (at ./Library/PackageCache/com.unity.test-framework@1.3.9/UnityEngine.TestRunner/NUnitExtensions/Runner/UnityLogCheckDelegatingCommand.cs:24)
UnityEngine.TestRunner.NUnitExtensions.Runner.UnityLogCheckDelegatingCommand:CaptureException (NUnit.Framework.Internal.TestResult,System.Action) (at ./Library/PackageCache/com.unity.test-framework@1.3.9/UnityEngine.TestRunner/NUnitExtensions/Runner/UnityLogCheckDelegatingCommand.cs:68)
UnityEngine.TestRunner.NUnitExtensions.Runner.UnityLogCheckDelegatingCommand:ExecuteAndCheckLog (UnityEngine.TestTools.Logging.LogScope,NUnit.Framework.Internal.TestResult,System.Action) (at ./Library/PackageCache/com.unity.test-framework@1.3.9/UnityEngine.TestRunner/NUnitExtensions/Runner/UnityLogCheckDelegatingCommand.cs:79)
UnityEngine.TestRunner.NUnitExtensions.Runner.UnityLogCheckDelegatingCommand:Execute (NUnit.Framework.Internal.ITestExecutionContext) (at ./Library/PackageCache/com.unity.test-framework@1.3.9/UnityEngine.TestRunner/NUnitExtensions/Runner/UnityLogCheckDelegatingCommand.cs:24)
UnityEngine.TestRunner.NUnitExtensions.Runner.UnityLogCheckDelegatingCommand/<ExecuteEnumerable>d__3:MoveNext () (at ./Library/PackageCache/com.unity.test-framework@1.3.9/UnityEngine.TestRunner/NUnitExtensions/Runner/UnityLogCheckDelegatingCommand.cs:35)
UnityEngine.TestTools.BeforeAfterTestCommandBase`1/<ExecuteEnumerable>d__14<NUnit.Framework.ITestAction>:MoveNext () (at ./Library/PackageCache/com.unity.test-framework@1.3.9/UnityEngine.TestRunner/NUnitExtensions/Commands/BeforeAfterTestCommandBase.cs:173)
UnityEngine.TestTools.ImmediateEnumerableCommand:Execute (NUnit.Framework.Internal.ITestExecutionContext) (at ./Library/PackageCache/com.unity.test-framework@1.3.9/UnityEngine.TestRunner/NUnitExtensions/Commands/ImmediateEnumerableCommand.cs:18)
UnityEngine.TestTools.BeforeAfterTestCommandBase`1/<ExecuteEnumerable>d__14<System.Reflection.MethodInfo>:MoveNext () (at ./Library/PackageCache/com.unity.test-framework@1.3.9/UnityEngine.TestRunner/NUnitExtensions/Commands/BeforeAfterTestCommandBase.cs:181)
UnityEngine.TestTools.BeforeAfterTestCommandBase`1/<ExecuteEnumerable>d__14<System.Reflection.MethodInfo>:MoveNext () (at ./Library/PackageCache/com.unity.test-framework@1.3.9/UnityEngine.TestRunner/NUnitExtensions/Commands/BeforeAfterTestCommandBase.cs:173)
UnityEngine.TestTools.BeforeAfterTestCommandBase`1/<ExecuteEnumerable>d__14<UnityEngine.TestTools.IOuterUnityTestAction>:MoveNext () (at ./Library/PackageCache/com.unity.test-framework@1.3.9/UnityEngine.TestRunner/NUnitExtensions/Commands/BeforeAfterTestCommandBase.cs:173)
UnityEngine.TestTools.RetryCommand/<ExecuteEnumerable>d__2:MoveNext () (at ./Library/PackageCache/com.unity.test-framework@1.3.9/UnityEngine.TestRunner/NUnitExtensions/Commands/RetryCommand.cs:37)
UnityEngine.TestTools.RepeatCommand/<ExecuteEnumerable>d__2:MoveNext () (at ./Library/PackageCache/com.unity.test-framework@1.3.9/UnityEngine.TestRunner/NUnitExtensions/Commands/RepeatCommand.cs:36)
UnityEngine.TestTools.TimeoutCommand/<ExecuteEnumerable>d__3:MoveNext () (at ./Library/PackageCache/com.unity.test-framework@1.3.9/UnityEngine.TestRunner/NUnitExtensions/Commands/TimeoutCommand.cs:33)
UnityEngine.TestTools.IgnoreTestCommand/<ExecuteEnumerable>d__3:MoveNext () (at ./Library/PackageCache/com.unity.test-framework@1.3.9/UnityEngine.TestRunner/NUnitExtensions/Commands/IgnoreTestCommand.cs:42)
UnityEngine.TestTools.StrictCheckCommand/<ExecuteEnumerable>d__2:MoveNext () (at ./Library/PackageCache/com.unity.test-framework@1.3.9/UnityEngine.TestRunner/NUnitExtensions/Commands/StrictCheckCommand.cs:29)
UnityEngine.TestRunner.NUnitExtensions.Runner.DefaultTestWorkItem/<PerformWork>d__2:MoveNext () (at ./Library/PackageCache/com.unity.test-framework@1.3.9/UnityEngine.TestRunner/NUnitExtensions/Runner/DefaultTestWorkItem.cs:50)
UnityEngine.TestRunner.NUnitExtensions.Runner.CompositeWorkItem/<RunChildren>d__16:MoveNext () (at ./Library/PackageCache/com.unity.test-framework@1.3.9/UnityEngine.TestRunner/NUnitExtensions/Runner/CompositeWorkItem.cs:197)
UnityEngine.TestRunner.NUnitExtensions.Runner.CompositeWorkItem/<PerformWork>d__12:MoveNext () (at ./Library/PackageCache/com.unity.test-framework@1.3.9/UnityEngine.TestRunner/NUnitExtensions/Runner/CompositeWorkItem.cs:76)
UnityEngine.TestRunner.NUnitExtensions.Runner.CompositeWorkItem/<RunChildren>d__16:MoveNext () (at ./Library/PackageCache/com.unity.test-framework@1.3.9/UnityEngine.TestRunner/NUnitExtensions/Runner/CompositeWorkItem.cs:197)
UnityEngine.TestRunner.NUnitExtensions.Runner.CompositeWorkItem/<PerformWork>d__12:MoveNext () (at ./Library/PackageCache/com.unity.test-framework@1.3.9/UnityEngine.TestRunner/NUnitExtensions/Runner/CompositeWorkItem.cs:76)
UnityEngine.TestRunner.NUnitExtensions.Runner.CompositeWorkItem/<RunChildren>d__16:MoveNext () (at ./Library/PackageCache/com.unity.test-framework@1.3.9/UnityEngine.TestRunner/NUnitExtensions/Runner/CompositeWorkItem.cs:197)
UnityEngine.TestRunner.NUnitExtensions.Runner.CompositeWorkItem/<PerformWork>d__12:MoveNext () (at ./Library/PackageCache/com.unity.test-framework@1.3.9/UnityEngine.TestRunner/NUnitExtensions/Runner/CompositeWorkItem.cs:76)
UnityEngine.TestRunner.NUnitExtensions.Runner.CompositeWorkItem/<RunChildren>d__16:MoveNext () (at ./Library/PackageCache/com.unity.test-framework@1.3.9/UnityEngine.TestRunner/NUnitExtensions/Runner/CompositeWorkItem.cs:197)
UnityEngine.TestRunner.NUnitExtensions.Runner.CompositeWorkItem/<PerformWork>d__12:MoveNext () (at ./Library/PackageCache/com.unity.test-framework@1.3.9/UnityEngine.TestRunner/NUnitExtensions/Runner/CompositeWorkItem.cs:76)
UnityEngine.TestRunner.NUnitExtensions.Runner.CompositeWorkItem/<RunChildren>d__16:MoveNext () (at ./Library/PackageCache/com.unity.test-framework@1.3.9/UnityEngine.TestRunner/NUnitExtensions/Runner/CompositeWorkItem.cs:197)
UnityEngine.TestRunner.NUnitExtensions.Runner.CompositeWorkItem/<PerformWork>d__12:MoveNext () (at ./Library/PackageCache/com.unity.test-framework@1.3.9/UnityEngine.TestRunner/NUnitExtensions/Runner/CompositeWorkItem.cs:76)
UnityEngine.TestRunner.NUnitExtensions.Runner.CompositeWorkItem/<RunChildren>d__16:MoveNext () (at ./Library/PackageCache/com.unity.test-framework@1.3.9/UnityEngine.TestRunner/NUnitExtensions/Runner/CompositeWorkItem.cs:197)
UnityEngine.TestRunner.NUnitExtensions.Runner.CompositeWorkItem/<PerformWork>d__12:MoveNext () (at ./Library/PackageCache/com.unity.test-framework@1.3.9/UnityEngine.TestRunner/NUnitExtensions/Runner/CompositeWorkItem.cs:76)
UnityEditor.TestTools.TestRunner.EditModeRunner:MoveNextAndUpdateYieldObject () (at ./Library/PackageCache/com.unity.test-framework@1.3.9/UnityEditor.TestRunner/TestRunner/EditModeRunner.cs:164)
UnityEditor.TestTools.TestRunner.EditModeRunner:TestConsumer (UnityEditor.TestTools.TestRunner.TestRunnerStateSerializer) (at ./Library/PackageCache/com.unity.test-framework@1.3.9/UnityEditor.TestRunner/TestRunner/EditModeRunner.cs:197)
UnityEditor.TestTools.TestRunner.TestRun.Tasks.EditModeRunTask/<Execute>d__1:MoveNext () (at ./Library/PackageCache/com.unity.test-framework@1.3.9/UnityEditor.TestRunner/TestRun/Tasks/EditModeRunTask.cs:47)
UnityEditor.TestTools.TestRunner.TestRun.TestJobRunner:ExecuteStep () (at ./Library/PackageCache/com.unity.test-framework@1.3.9/UnityEditor.TestRunner/TestRun/TestJobRunner.cs:172)
UnityEditor.TestTools.TestRunner.TestRun.TestJobRunner:ExecuteCallback () (at ./Library/PackageCache/com.unity.test-framework@1.3.9/UnityEditor.TestRunner/TestRun/TestJobRunner.cs:108)
UnityEditor.EditorApplication:Internal_CallUpdateFunctions ()

(Filename: Assets/_Project/Scripts/BSM/ClientStateStack.cs Line: 117)

[StateStack] Pushed Pending (duration: ∞, depth: 1)
UnityEngine.StackTraceUtility:ExtractStackTrace ()
UnityEngine.DebugLogHandler:LogFormat (UnityEngine.LogType,UnityEngine.Object,string,object[])
UnityEngine.Logger:Log (UnityEngine.LogType,object)
UnityEngine.Debug:Log (object)
Desk42.BSM.ClientStateStack:Push (Desk42.BSM.IClientState,Desk42.BSM.ClientContext) (at Assets/_Project/Scripts/BSM/ClientStateStack.cs:80)
Desk42.Tests.EditMode.BSMTests:Stack_Tick_ReturnsTrueWhileActive () (at Assets/_Project/Tests/EditMode/BSMTests.cs:91)
System.Reflection.RuntimeMethodInfo:Invoke (object,System.Reflection.BindingFlags,System.Reflection.Binder,object[],System.Globalization.CultureInfo)
System.Reflection.MethodBase:Invoke (object,object[])
NUnit.Framework.Internal.Reflect:InvokeMethod (System.Reflection.MethodInfo,object,object[])
NUnit.Framework.Internal.MethodWrapper:Invoke (object,object[])
NUnit.Framework.Internal.Commands.TestMethodCommand:RunNonAsyncTestMethod (NUnit.Framework.Internal.ITestExecutionContext)
NUnit.Framework.Internal.Commands.TestMethodCommand:RunTestMethod (NUnit.Framework.Internal.ITestExecutionContext)
NUnit.Framework.Internal.Commands.TestMethodCommand:Execute (NUnit.Framework.Internal.ITestExecutionContext)
UnityEngine.TestTools.UnityTestMethodCommand:Execute (NUnit.Framework.Internal.ITestExecutionContext) (at ./Library/PackageCache/com.unity.test-framework@1.3.9/UnityEngine.TestRunner/NUnitExtensions/Commands/UnityTestMethodCommand.cs:16)
UnityEngine.TestRunner.NUnitExtensions.Runner.UnityLogCheckDelegatingCommand/<>c__DisplayClass2_0:<Execute>b__0 () (at ./Library/PackageCache/com.unity.test-framework@1.3.9/UnityEngine.TestRunner/NUnitExtensions/Runner/UnityLogCheckDelegatingCommand.cs:24)
UnityEngine.TestRunner.NUnitExtensions.Runner.UnityLogCheckDelegatingCommand:CaptureException (NUnit.Framework.Internal.TestResult,System.Action) (at ./Library/PackageCache/com.unity.test-framework@1.3.9/UnityEngine.TestRunner/NUnitExtensions/Runner/UnityLogCheckDelegatingCommand.cs:68)
UnityEngine.TestRunner.NUnitExtensions.Runner.UnityLogCheckDelegatingCommand:ExecuteAndCheckLog (UnityEngine.TestTools.Logging.LogScope,NUnit.Framework.Internal.TestResult,System.Action) (at ./Library/PackageCache/com.unity.test-framework@1.3.9/UnityEngine.TestRunner/NUnitExtensions/Runner/UnityLogCheckDelegatingCommand.cs:79)
UnityEngine.TestRunner.NUnitExtensions.Runner.UnityLogCheckDelegatingCommand:Execute (NUnit.Framework.Internal.ITestExecutionContext) (at ./Library/PackageCache/com.unity.test-framework@1.3.9/UnityEngine.TestRunner/NUnitExtensions/Runner/UnityLogCheckDelegatingCommand.cs:24)
UnityEngine.TestRunner.NUnitExtensions.Runner.UnityLogCheckDelegatingCommand/<ExecuteEnumerable>d__3:MoveNext () (at ./Library/PackageCache/com.unity.test-framework@1.3.9/UnityEngine.TestRunner/NUnitExtensions/Runner/UnityLogCheckDelegatingCommand.cs:35)
UnityEngine.TestTools.BeforeAfterTestCommandBase`1/<ExecuteEnumerable>d__14<NUnit.Framework.ITestAction>:MoveNext () (at ./Library/PackageCache/com.unity.test-framework@1.3.9/UnityEngine.TestRunner/NUnitExtensions/Commands/BeforeAfterTestCommandBase.cs:173)
UnityEngine.TestTools.ImmediateEnumerableCommand:Execute (NUnit.Framework.Internal.ITestExecutionContext) (at ./Library/PackageCache/com.unity.test-framework@1.3.9/UnityEngine.TestRunner/NUnitExtensions/Commands/ImmediateEnumerableCommand.cs:18)
UnityEngine.TestTools.BeforeAfterTestCommandBase`1/<ExecuteEnumerable>d__14<System.Reflection.MethodInfo>:MoveNext () (at ./Library/PackageCache/com.unity.test-framework@1.3.9/UnityEngine.TestRunner/NUnitExtensions/Commands/BeforeAfterTestCommandBase.cs:181)
UnityEngine.TestTools.BeforeAfterTestCommandBase`1/<ExecuteEnumerable>d__14<System.Reflection.MethodInfo>:MoveNext () (at ./Library/PackageCache/com.unity.test-framework@1.3.9/UnityEngine.TestRunner/NUnitExtensions/Commands/BeforeAfterTestCommandBase.cs:173)
UnityEngine.TestTools.BeforeAfterTestCommandBase`1/<ExecuteEnumerable>d__14<UnityEngine.TestTools.IOuterUnityTestAction>:MoveNext () (at ./Library/PackageCache/com.unity.test-framework@1.3.9/UnityEngine.TestRunner/NUnitExtensions/Commands/BeforeAfterTestCommandBase.cs:173)
UnityEngine.TestTools.RetryCommand/<ExecuteEnumerable>d__2:MoveNext () (at ./Library/PackageCache/com.unity.test-framework@1.3.9/UnityEngine.TestRunner/NUnitExtensions/Commands/RetryCommand.cs:37)
UnityEngine.TestTools.RepeatCommand/<ExecuteEnumerable>d__2:MoveNext () (at ./Library/PackageCache/com.unity.test-framework@1.3.9/UnityEngine.TestRunner/NUnitExtensions/Commands/RepeatCommand.cs:36)
UnityEngine.TestTools.TimeoutCommand/<ExecuteEnumerable>d__3:MoveNext () (at ./Library/PackageCache/com.unity.test-framework@1.3.9/UnityEngine.TestRunner/NUnitExtensions/Commands/TimeoutCommand.cs:33)
UnityEngine.TestTools.IgnoreTestCommand/<ExecuteEnumerable>d__3:MoveNext () (at ./Library/PackageCache/com.unity.test-framework@1.3.9/UnityEngine.TestRunner/NUnitExtensions/Commands/IgnoreTestCommand.cs:42)
UnityEngine.TestTools.StrictCheckCommand/<ExecuteEnumerable>d__2:MoveNext () (at ./Library/PackageCache/com.unity.test-framework@1.3.9/UnityEngine.TestRunner/NUnitExtensions/Commands/StrictCheckCommand.cs:29)
UnityEngine.TestRunner.NUnitExtensions.Runner.DefaultTestWorkItem/<PerformWork>d__2:MoveNext () (at ./Library/PackageCache/com.unity.test-framework@1.3.9/UnityEngine.TestRunner/NUnitExtensions/Runner/DefaultTestWorkItem.cs:50)
UnityEngine.TestRunner.NUnitExtensions.Runner.CompositeWorkItem/<RunChildren>d__16:MoveNext () (at ./Library/PackageCache/com.unity.test-framework@1.3.9/UnityEngine.TestRunner/NUnitExtensions/Runner/CompositeWorkItem.cs:197)
UnityEngine.TestRunner.NUnitExtensions.Runner.CompositeWorkItem/<PerformWork>d__12:MoveNext () (at ./Library/PackageCache/com.unity.test-framework@1.3.9/UnityEngine.TestRunner/NUnitExtensions/Runner/CompositeWorkItem.cs:76)
UnityEngine.TestRunner.NUnitExtensions.Runner.CompositeWorkItem/<RunChildren>d__16:MoveNext () (at ./Library/PackageCache/com.unity.test-framework@1.3.9/UnityEngine.TestRunner/NUnitExtensions/Runner/CompositeWorkItem.cs:197)
UnityEngine.TestRunner.NUnitExtensions.Runner.CompositeWorkItem/<PerformWork>d__12:MoveNext () (at ./Library/PackageCache/com.unity.test-framework@1.3.9/UnityEngine.TestRunner/NUnitExtensions/Runner/CompositeWorkItem.cs:76)
UnityEngine.TestRunner.NUnitExtensions.Runner.CompositeWorkItem/<RunChildren>d__16:MoveNext () (at ./Library/PackageCache/com.unity.test-framework@1.3.9/UnityEngine.TestRunner/NUnitExtensions/Runner/CompositeWorkItem.cs:197)
UnityEngine.TestRunner.NUnitExtensions.Runner.CompositeWorkItem/<PerformWork>d__12:MoveNext () (at ./Library/PackageCache/com.unity.test-framework@1.3.9/UnityEngine.TestRunner/NUnitExtensions/Runner/CompositeWorkItem.cs:76)
UnityEngine.TestRunner.NUnitExtensions.Runner.CompositeWorkItem/<RunChildren>d__16:MoveNext () (at ./Library/PackageCache/com.unity.test-framework@1.3.9/UnityEngine.TestRunner/NUnitExtensions/Runner/CompositeWorkItem.cs:197)
UnityEngine.TestRunner.NUnitExtensions.Runner.CompositeWorkItem/<PerformWork>d__12:MoveNext () (at ./Library/PackageCache/com.unity.test-framework@1.3.9/UnityEngine.TestRunner/NUnitExtensions/Runner/CompositeWorkItem.cs:76)
UnityEngine.TestRunner.NUnitExtensions.Runner.CompositeWorkItem/<RunChildren>d__16:MoveNext () (at ./Library/PackageCache/com.unity.test-framework@1.3.9/UnityEngine.TestRunner/NUnitExtensions/Runner/CompositeWorkItem.cs:197)
UnityEngine.TestRunner.NUnitExtensions.Runner.CompositeWorkItem/<PerformWork>d__12:MoveNext () (at ./Library/PackageCache/com.unity.test-framework@1.3.9/UnityEngine.TestRunner/NUnitExtensions/Runner/CompositeWorkItem.cs:76)
UnityEngine.TestRunner.NUnitExtensions.Runner.CompositeWorkItem/<RunChildren>d__16:MoveNext () (at ./Library/PackageCache/com.unity.test-framework@1.3.9/UnityEngine.TestRunner/NUnitExtensions/Runner/CompositeWorkItem.cs:197)
UnityEngine.TestRunner.NUnitExtensions.Runner.CompositeWorkItem/<PerformWork>d__12:MoveNext () (at ./Library/PackageCache/com.unity.test-framework@1.3.9/UnityEngine.TestRunner/NUnitExtensions/Runner/CompositeWorkItem.cs:76)
UnityEditor.TestTools.TestRunner.EditModeRunner:MoveNextAndUpdateYieldObject () (at ./Library/PackageCache/com.unity.test-framework@1.3.9/UnityEditor.TestRunner/TestRunner/EditModeRunner.cs:164)
UnityEditor.TestTools.TestRunner.EditModeRunner:TestConsumer (UnityEditor.TestTools.TestRunner.TestRunnerStateSerializer) (at ./Library/PackageCache/com.unity.test-framework@1.3.9/UnityEditor.TestRunner/TestRunner/EditModeRunner.cs:197)
UnityEditor.TestTools.TestRunner.TestRun.Tasks.EditModeRunTask/<Execute>d__1:MoveNext () (at ./Library/PackageCache/com.unity.test-framework@1.3.9/UnityEditor.TestRunner/TestRun/Tasks/EditModeRunTask.cs:47)
UnityEditor.TestTools.TestRunner.TestRun.TestJobRunner:ExecuteStep () (at ./Library/PackageCache/com.unity.test-framework@1.3.9/UnityEditor.TestRunner/TestRun/TestJobRunner.cs:172)
UnityEditor.TestTools.TestRunner.TestRun.TestJobRunner:ExecuteCallback () (at ./Library/PackageCache/com.unity.test-framework@1.3.9/UnityEditor.TestRunner/TestRun/TestJobRunner.cs:108)
UnityEditor.EditorApplication:Internal_CallUpdateFunctions ()

(Filename: Assets/_Project/Scripts/BSM/ClientStateStack.cs Line: 80)

[StateStack] Pushed Pending (duration: 1s, depth: 1)
UnityEngine.StackTraceUtility:ExtractStackTrace ()
UnityEngine.DebugLogHandler:LogFormat (UnityEngine.LogType,UnityEngine.Object,string,object[])
UnityEngine.Logger:Log (UnityEngine.LogType,object)
UnityEngine.Debug:Log (object)
Desk42.BSM.ClientStateStack:Push (Desk42.BSM.IClientState,Desk42.BSM.ClientContext) (at Assets/_Project/Scripts/BSM/ClientStateStack.cs:80)
Desk42.Tests.EditMode.BSMTests:Stack_TimeRemaining_DecreasesWithTick () (at Assets/_Project/Tests/EditMode/BSMTests.cs:126)
System.Reflection.RuntimeMethodInfo:Invoke (object,System.Reflection.BindingFlags,System.Reflection.Binder,object[],System.Globalization.CultureInfo)
System.Reflection.MethodBase:Invoke (object,object[])
NUnit.Framework.Internal.Reflect:InvokeMethod (System.Reflection.MethodInfo,object,object[])
NUnit.Framework.Internal.MethodWrapper:Invoke (object,object[])
NUnit.Framework.Internal.Commands.TestMethodCommand:RunNonAsyncTestMethod (NUnit.Framework.Internal.ITestExecutionContext)
NUnit.Framework.Internal.Commands.TestMethodCommand:RunTestMethod (NUnit.Framework.Internal.ITestExecutionContext)
NUnit.Framework.Internal.Commands.TestMethodCommand:Execute (NUnit.Framework.Internal.ITestExecutionContext)
UnityEngine.TestTools.UnityTestMethodCommand:Execute (NUnit.Framework.Internal.ITestExecutionContext) (at ./Library/PackageCache/com.unity.test-framework@1.3.9/UnityEngine.TestRunner/NUnitExtensions/Commands/UnityTestMethodCommand.cs:16)
UnityEngine.TestRunner.NUnitExtensions.Runner.UnityLogCheckDelegatingCommand/<>c__DisplayClass2_0:<Execute>b__0 () (at ./Library/PackageCache/com.unity.test-framework@1.3.9/UnityEngine.TestRunner/NUnitExtensions/Runner/UnityLogCheckDelegatingCommand.cs:24)
UnityEngine.TestRunner.NUnitExtensions.Runner.UnityLogCheckDelegatingCommand:CaptureException (NUnit.Framework.Internal.TestResult,System.Action) (at ./Library/PackageCache/com.unity.test-framework@1.3.9/UnityEngine.TestRunner/NUnitExtensions/Runner/UnityLogCheckDelegatingCommand.cs:68)
UnityEngine.TestRunner.NUnitExtensions.Runner.UnityLogCheckDelegatingCommand:ExecuteAndCheckLog (UnityEngine.TestTools.Logging.LogScope,NUnit.Framework.Internal.TestResult,System.Action) (at ./Library/PackageCache/com.unity.test-framework@1.3.9/UnityEngine.TestRunner/NUnitExtensions/Runner/UnityLogCheckDelegatingCommand.cs:79)
UnityEngine.TestRunner.NUnitExtensions.Runner.UnityLogCheckDelegatingCommand:Execute (NUnit.Framework.Internal.ITestExecutionContext) (at ./Library/PackageCache/com.unity.test-framework@1.3.9/UnityEngine.TestRunner/NUnitExtensions/Runner/UnityLogCheckDelegatingCommand.cs:24)
UnityEngine.TestRunner.NUnitExtensions.Runner.UnityLogCheckDelegatingCommand/<ExecuteEnumerable>d__3:MoveNext () (at ./Library/PackageCache/com.unity.test-framework@1.3.9/UnityEngine.TestRunner/NUnitExtensions/Runner/UnityLogCheckDelegatingCommand.cs:35)
UnityEngine.TestTools.BeforeAfterTestCommandBase`1/<ExecuteEnumerable>d__14<NUnit.Framework.ITestAction>:MoveNext () (at ./Library/PackageCache/com.unity.test-framework@1.3.9/UnityEngine.TestRunner/NUnitExtensions/Commands/BeforeAfterTestCommandBase.cs:173)
UnityEngine.TestTools.ImmediateEnumerableCommand:Execute (NUnit.Framework.Internal.ITestExecutionContext) (at ./Library/PackageCache/com.unity.test-framework@1.3.9/UnityEngine.TestRunner/NUnitExtensions/Commands/ImmediateEnumerableCommand.cs:18)
UnityEngine.TestTools.BeforeAfterTestCommandBase`1/<ExecuteEnumerable>d__14<System.Reflection.MethodInfo>:MoveNext () (at ./Library/PackageCache/com.unity.test-framework@1.3.9/UnityEngine.TestRunner/NUnitExtensions/Commands/BeforeAfterTestCommandBase.cs:181)
UnityEngine.TestTools.BeforeAfterTestCommandBase`1/<ExecuteEnumerable>d__14<System.Reflection.MethodInfo>:MoveNext () (at ./Library/PackageCache/com.unity.test-framework@1.3.9/UnityEngine.TestRunner/NUnitExtensions/Commands/BeforeAfterTestCommandBase.cs:173)
UnityEngine.TestTools.BeforeAfterTestCommandBase`1/<ExecuteEnumerable>d__14<UnityEngine.TestTools.IOuterUnityTestAction>:MoveNext () (at ./Library/PackageCache/com.unity.test-framework@1.3.9/UnityEngine.TestRunner/NUnitExtensions/Commands/BeforeAfterTestCommandBase.cs:173)
UnityEngine.TestTools.RetryCommand/<ExecuteEnumerable>d__2:MoveNext () (at ./Library/PackageCache/com.unity.test-framework@1.3.9/UnityEngine.TestRunner/NUnitExtensions/Commands/RetryCommand.cs:37)
UnityEngine.TestTools.RepeatCommand/<ExecuteEnumerable>d__2:MoveNext () (at ./Library/PackageCache/com.unity.test-framework@1.3.9/UnityEngine.TestRunner/NUnitExtensions/Commands/RepeatCommand.cs:36)
UnityEngine.TestTools.TimeoutCommand/<ExecuteEnumerable>d__3:MoveNext () (at ./Library/PackageCache/com.unity.test-framework@1.3.9/UnityEngine.TestRunner/NUnitExtensions/Commands/TimeoutCommand.cs:33)
UnityEngine.TestTools.IgnoreTestCommand/<ExecuteEnumerable>d__3:MoveNext () (at ./Library/PackageCache/com.unity.test-framework@1.3.9/UnityEngine.TestRunner/NUnitExtensions/Commands/IgnoreTestCommand.cs:42)
UnityEngine.TestTools.StrictCheckCommand/<ExecuteEnumerable>d__2:MoveNext () (at ./Library/PackageCache/com.unity.test-framework@1.3.9/UnityEngine.TestRunner/NUnitExtensions/Commands/StrictCheckCommand.cs:29)
UnityEngine.TestRunner.NUnitExtensions.Runner.DefaultTestWorkItem/<PerformWork>d__2:MoveNext () (at ./Library/PackageCache/com.unity.test-framework@1.3.9/UnityEngine.TestRunner/NUnitExtensions/Runner/DefaultTestWorkItem.cs:50)
UnityEngine.TestRunner.NUnitExtensions.Runner.CompositeWorkItem/<RunChildren>d__16:MoveNext () (at ./Library/PackageCache/com.unity.test-framework@1.3.9/UnityEngine.TestRunner/NUnitExtensions/Runner/CompositeWorkItem.cs:197)
UnityEngine.TestRunner.NUnitExtensions.Runner.CompositeWorkItem/<PerformWork>d__12:MoveNext () (at ./Library/PackageCache/com.unity.test-framework@1.3.9/UnityEngine.TestRunner/NUnitExtensions/Runner/CompositeWorkItem.cs:76)
UnityEngine.TestRunner.NUnitExtensions.Runner.CompositeWorkItem/<RunChildren>d__16:MoveNext () (at ./Library/PackageCache/com.unity.test-framework@1.3.9/UnityEngine.TestRunner/NUnitExtensions/Runner/CompositeWorkItem.cs:197)
UnityEngine.TestRunner.NUnitExtensions.Runner.CompositeWorkItem/<PerformWork>d__12:MoveNext () (at ./Library/PackageCache/com.unity.test-framework@1.3.9/UnityEngine.TestRunner/NUnitExtensions/Runner/CompositeWorkItem.cs:76)
UnityEngine.TestRunner.NUnitExtensions.Runner.CompositeWorkItem/<RunChildren>d__16:MoveNext () (at ./Library/PackageCache/com.unity.test-framework@1.3.9/UnityEngine.TestRunner/NUnitExtensions/Runner/CompositeWorkItem.cs:197)
UnityEngine.TestRunner.NUnitExtensions.Runner.CompositeWorkItem/<PerformWork>d__12:MoveNext () (at ./Library/PackageCache/com.unity.test-framework@1.3.9/UnityEngine.TestRunner/NUnitExtensions/Runner/CompositeWorkItem.cs:76)
UnityEngine.TestRunner.NUnitExtensions.Runner.CompositeWorkItem/<RunChildren>d__16:MoveNext () (at ./Library/PackageCache/com.unity.test-framework@1.3.9/UnityEngine.TestRunner/NUnitExtensions/Runner/CompositeWorkItem.cs:197)
UnityEngine.TestRunner.NUnitExtensions.Runner.CompositeWorkItem/<PerformWork>d__12:MoveNext () (at ./Library/PackageCache/com.unity.test-framework@1.3.9/UnityEngine.TestRunner/NUnitExtensions/Runner/CompositeWorkItem.cs:76)
UnityEngine.TestRunner.NUnitExtensions.Runner.CompositeWorkItem/<RunChildren>d__16:MoveNext () (at ./Library/PackageCache/com.unity.test-framework@1.3.9/UnityEngine.TestRunner/NUnitExtensions/Runner/CompositeWorkItem.cs:197)
UnityEngine.TestRunner.NUnitExtensions.Runner.CompositeWorkItem/<PerformWork>d__12:MoveNext () (at ./Library/PackageCache/com.unity.test-framework@1.3.9/UnityEngine.TestRunner/NUnitExtensions/Runner/CompositeWorkItem.cs:76)
UnityEngine.TestRunner.NUnitExtensions.Runner.CompositeWorkItem/<RunChildren>d__16:MoveNext () (at ./Library/PackageCache/com.unity.test-framework@1.3.9/UnityEngine.TestRunner/NUnitExtensions/Runner/CompositeWorkItem.cs:197)
UnityEngine.TestRunner.NUnitExtensions.Runner.CompositeWorkItem/<PerformWork>d__12:MoveNext () (at ./Library/PackageCache/com.unity.test-framework@1.3.9/UnityEngine.TestRunner/NUnitExtensions/Runner/CompositeWorkItem.cs:76)
UnityEditor.TestTools.TestRunner.EditModeRunner:MoveNextAndUpdateYieldObject () (at ./Library/PackageCache/com.unity.test-framework@1.3.9/UnityEditor.TestRunner/TestRunner/EditModeRunner.cs:164)
UnityEditor.TestTools.TestRunner.EditModeRunner:TestConsumer (UnityEditor.TestTools.TestRunner.TestRunnerStateSerializer) (at ./Library/PackageCache/com.unity.test-framework@1.3.9/UnityEditor.TestRunner/TestRunner/EditModeRunner.cs:197)
UnityEditor.TestTools.TestRunner.TestRun.Tasks.EditModeRunTask/<Execute>d__1:MoveNext () (at ./Library/PackageCache/com.unity.test-framework@1.3.9/UnityEditor.TestRunner/TestRun/Tasks/EditModeRunTask.cs:47)
UnityEditor.TestTools.TestRunner.TestRun.TestJobRunner:ExecuteStep () (at ./Library/PackageCache/com.unity.test-framework@1.3.9/UnityEditor.TestRunner/TestRun/TestJobRunner.cs:172)
UnityEditor.TestTools.TestRunner.TestRun.TestJobRunner:ExecuteCallback () (at ./Library/PackageCache/com.unity.test-framework@1.3.9/UnityEditor.TestRunner/TestRun/TestJobRunner.cs:108)
UnityEditor.EditorApplication:Internal_CallUpdateFunctions ()

(Filename: Assets/_Project/Scripts/BSM/ClientStateStack.cs Line: 80)

[StateStack] Pushed Pending (duration: 0.5s, depth: 1)
UnityEngine.StackTraceUtility:ExtractStackTrace ()
UnityEngine.DebugLogHandler:LogFormat (UnityEngine.LogType,UnityEngine.Object,string,object[])
UnityEngine.Logger:Log (UnityEngine.LogType,object)
UnityEngine.Debug:Log (object)
Desk42.BSM.ClientStateStack:Push (Desk42.BSM.IClientState,Desk42.BSM.ClientContext) (at Assets/_Project/Scripts/BSM/ClientStateStack.cs:80)
Desk42.Tests.EditMode.BSMTests:Stack_TimerExpiry_PopsAndCallsExit () (at Assets/_Project/Tests/EditMode/BSMTests.cs:111)
System.Reflection.RuntimeMethodInfo:Invoke (object,System.Reflection.BindingFlags,System.Reflection.Binder,object[],System.Globalization.CultureInfo)
System.Reflection.MethodBase:Invoke (object,object[])
NUnit.Framework.Internal.Reflect:InvokeMethod (System.Reflection.MethodInfo,object,object[])
NUnit.Framework.Internal.MethodWrapper:Invoke (object,object[])
NUnit.Framework.Internal.Commands.TestMethodCommand:RunNonAsyncTestMethod (NUnit.Framework.Internal.ITestExecutionContext)
NUnit.Framework.Internal.Commands.TestMethodCommand:RunTestMethod (NUnit.Framework.Internal.ITestExecutionContext)
NUnit.Framework.Internal.Commands.TestMethodCommand:Execute (NUnit.Framework.Internal.ITestExecutionContext)
UnityEngine.TestTools.UnityTestMethodCommand:Execute (NUnit.Framework.Internal.ITestExecutionContext) (at ./Library/PackageCache/com.unity.test-framework@1.3.9/UnityEngine.TestRunner/NUnitExtensions/Commands/UnityTestMethodCommand.cs:16)
UnityEngine.TestRunner.NUnitExtensions.Runner.UnityLogCheckDelegatingCommand/<>c__DisplayClass2_0:<Execute>b__0 () (at ./Library/PackageCache/com.unity.test-framework@1.3.9/UnityEngine.TestRunner/NUnitExtensions/Runner/UnityLogCheckDelegatingCommand.cs:24)
UnityEngine.TestRunner.NUnitExtensions.Runner.UnityLogCheckDelegatingCommand:CaptureException (NUnit.Framework.Internal.TestResult,System.Action) (at ./Library/PackageCache/com.unity.test-framework@1.3.9/UnityEngine.TestRunner/NUnitExtensions/Runner/UnityLogCheckDelegatingCommand.cs:68)
UnityEngine.TestRunner.NUnitExtensions.Runner.UnityLogCheckDelegatingCommand:ExecuteAndCheckLog (UnityEngine.TestTools.Logging.LogScope,NUnit.Framework.Internal.TestResult,System.Action) (at ./Library/PackageCache/com.unity.test-framework@1.3.9/UnityEngine.TestRunner/NUnitExtensions/Runner/UnityLogCheckDelegatingCommand.cs:79)
UnityEngine.TestRunner.NUnitExtensions.Runner.UnityLogCheckDelegatingCommand:Execute (NUnit.Framework.Internal.ITestExecutionContext) (at ./Library/PackageCache/com.unity.test-framework@1.3.9/UnityEngine.TestRunner/NUnitExtensions/Runner/UnityLogCheckDelegatingCommand.cs:24)
UnityEngine.TestRunner.NUnitExtensions.Runner.UnityLogCheckDelegatingCommand/<ExecuteEnumerable>d__3:MoveNext () (at ./Library/PackageCache/com.unity.test-framework@1.3.9/UnityEngine.TestRunner/NUnitExtensions/Runner/UnityLogCheckDelegatingCommand.cs:35)
UnityEngine.TestTools.BeforeAfterTestCommandBase`1/<ExecuteEnumerable>d__14<NUnit.Framework.ITestAction>:MoveNext () (at ./Library/PackageCache/com.unity.test-framework@1.3.9/UnityEngine.TestRunner/NUnitExtensions/Commands/BeforeAfterTestCommandBase.cs:173)
UnityEngine.TestTools.ImmediateEnumerableCommand:Execute (NUnit.Framework.Internal.ITestExecutionContext) (at ./Library/PackageCache/com.unity.test-framework@1.3.9/UnityEngine.TestRunner/NUnitExtensions/Commands/ImmediateEnumerableCommand.cs:18)
UnityEngine.TestTools.BeforeAfterTestCommandBase`1/<ExecuteEnumerable>d__14<System.Reflection.MethodInfo>:MoveNext () (at ./Library/PackageCache/com.unity.test-framework@1.3.9/UnityEngine.TestRunner/NUnitExtensions/Commands/BeforeAfterTestCommandBase.cs:181)
UnityEngine.TestTools.BeforeAfterTestCommandBase`1/<ExecuteEnumerable>d__14<System.Reflection.MethodInfo>:MoveNext () (at ./Library/PackageCache/com.unity.test-framework@1.3.9/UnityEngine.TestRunner/NUnitExtensions/Commands/BeforeAfterTestCommandBase.cs:173)
UnityEngine.TestTools.BeforeAfterTestCommandBase`1/<ExecuteEnumerable>d__14<UnityEngine.TestTools.IOuterUnityTestAction>:MoveNext () (at ./Library/PackageCache/com.unity.test-framework@1.3.9/UnityEngine.TestRunner/NUnitExtensions/Commands/BeforeAfterTestCommandBase.cs:173)
UnityEngine.TestTools.RetryCommand/<ExecuteEnumerable>d__2:MoveNext () (at ./Library/PackageCache/com.unity.test-framework@1.3.9/UnityEngine.TestRunner/NUnitExtensions/Commands/RetryCommand.cs:37)
UnityEngine.TestTools.RepeatCommand/<ExecuteEnumerable>d__2:MoveNext () (at ./Library/PackageCache/com.unity.test-framework@1.3.9/UnityEngine.TestRunner/NUnitExtensions/Commands/RepeatCommand.cs:36)
UnityEngine.TestTools.TimeoutCommand/<ExecuteEnumerable>d__3:MoveNext () (at ./Library/PackageCache/com.unity.test-framework@1.3.9/UnityEngine.TestRunner/NUnitExtensions/Commands/TimeoutCommand.cs:33)
UnityEngine.TestTools.IgnoreTestCommand/<ExecuteEnumerable>d__3:MoveNext () (at ./Library/PackageCache/com.unity.test-framework@1.3.9/UnityEngine.TestRunner/NUnitExtensions/Commands/IgnoreTestCommand.cs:42)
UnityEngine.TestTools.StrictCheckCommand/<ExecuteEnumerable>d__2:MoveNext () (at ./Library/PackageCache/com.unity.test-framework@1.3.9/UnityEngine.TestRunner/NUnitExtensions/Commands/StrictCheckCommand.cs:29)
UnityEngine.TestRunner.NUnitExtensions.Runner.DefaultTestWorkItem/<PerformWork>d__2:MoveNext () (at ./Library/PackageCache/com.unity.test-framework@1.3.9/UnityEngine.TestRunner/NUnitExtensions/Runner/DefaultTestWorkItem.cs:50)
UnityEngine.TestRunner.NUnitExtensions.Runner.CompositeWorkItem/<RunChildren>d__16:MoveNext () (at ./Library/PackageCache/com.unity.test-framework@1.3.9/UnityEngine.TestRunner/NUnitExtensions/Runner/CompositeWorkItem.cs:197)
UnityEngine.TestRunner.NUnitExtensions.Runner.CompositeWorkItem/<PerformWork>d__12:MoveNext () (at ./Library/PackageCache/com.unity.test-framework@1.3.9/UnityEngine.TestRunner/NUnitExtensions/Runner/CompositeWorkItem.cs:76)
UnityEngine.TestRunner.NUnitExtensions.Runner.CompositeWorkItem/<RunChildren>d__16:MoveNext () (at ./Library/PackageCache/com.unity.test-framework@1.3.9/UnityEngine.TestRunner/NUnitExtensions/Runner/CompositeWorkItem.cs:197)
UnityEngine.TestRunner.NUnitExtensions.Runner.CompositeWorkItem/<PerformWork>d__12:MoveNext () (at ./Library/PackageCache/com.unity.test-framework@1.3.9/UnityEngine.TestRunner/NUnitExtensions/Runner/CompositeWorkItem.cs:76)
UnityEngine.TestRunner.NUnitExtensions.Runner.CompositeWorkItem/<RunChildren>d__16:MoveNext () (at ./Library/PackageCache/com.unity.test-framework@1.3.9/UnityEngine.TestRunner/NUnitExtensions/Runner/CompositeWorkItem.cs:197)
UnityEngine.TestRunner.NUnitExtensions.Runner.CompositeWorkItem/<PerformWork>d__12:MoveNext () (at ./Library/PackageCache/com.unity.test-framework@1.3.9/UnityEngine.TestRunner/NUnitExtensions/Runner/CompositeWorkItem.cs:76)
UnityEngine.TestRunner.NUnitExtensions.Runner.CompositeWorkItem/<RunChildren>d__16:MoveNext () (at ./Library/PackageCache/com.unity.test-framework@1.3.9/UnityEngine.TestRunner/NUnitExtensions/Runner/CompositeWorkItem.cs:197)
UnityEngine.TestRunner.NUnitExtensions.Runner.CompositeWorkItem/<PerformWork>d__12:MoveNext () (at ./Library/PackageCache/com.unity.test-framework@1.3.9/UnityEngine.TestRunner/NUnitExtensions/Runner/CompositeWorkItem.cs:76)
UnityEngine.TestRunner.NUnitExtensions.Runner.CompositeWorkItem/<RunChildren>d__16:MoveNext () (at ./Library/PackageCache/com.unity.test-framework@1.3.9/UnityEngine.TestRunner/NUnitExtensions/Runner/CompositeWorkItem.cs:197)
UnityEngine.TestRunner.NUnitExtensions.Runner.CompositeWorkItem/<PerformWork>d__12:MoveNext () (at ./Library/PackageCache/com.unity.test-framework@1.3.9/UnityEngine.TestRunner/NUnitExtensions/Runner/CompositeWorkItem.cs:76)
UnityEngine.TestRunner.NUnitExtensions.Runner.CompositeWorkItem/<RunChildren>d__16:MoveNext () (at ./Library/PackageCache/com.unity.test-framework@1.3.9/UnityEngine.TestRunner/NUnitExtensions/Runner/CompositeWorkItem.cs:197)
UnityEngine.TestRunner.NUnitExtensions.Runner.CompositeWorkItem/<PerformWork>d__12:MoveNext () (at ./Library/PackageCache/com.unity.test-framework@1.3.9/UnityEngine.TestRunner/NUnitExtensions/Runner/CompositeWorkItem.cs:76)
UnityEditor.TestTools.TestRunner.EditModeRunner:MoveNextAndUpdateYieldObject () (at ./Library/PackageCache/com.unity.test-framework@1.3.9/UnityEditor.TestRunner/TestRunner/EditModeRunner.cs:164)
UnityEditor.TestTools.TestRunner.EditModeRunner:TestConsumer (UnityEditor.TestTools.TestRunner.TestRunnerStateSerializer) (at ./Library/PackageCache/com.unity.test-framework@1.3.9/UnityEditor.TestRunner/TestRunner/EditModeRunner.cs:197)
UnityEditor.TestTools.TestRunner.TestRun.Tasks.EditModeRunTask/<Execute>d__1:MoveNext () (at ./Library/PackageCache/com.unity.test-framework@1.3.9/UnityEditor.TestRunner/TestRun/Tasks/EditModeRunTask.cs:47)
UnityEditor.TestTools.TestRunner.TestRun.TestJobRunner:ExecuteStep () (at ./Library/PackageCache/com.unity.test-framework@1.3.9/UnityEditor.TestRunner/TestRun/TestJobRunner.cs:172)
UnityEditor.TestTools.TestRunner.TestRun.TestJobRunner:ExecuteCallback () (at ./Library/PackageCache/com.unity.test-framework@1.3.9/UnityEditor.TestRunner/TestRun/TestJobRunner.cs:108)
UnityEditor.EditorApplication:Internal_CallUpdateFunctions ()

(Filename: Assets/_Project/Scripts/BSM/ClientStateStack.cs Line: 80)

[StateStack] Popped Pending (timer expired).
UnityEngine.StackTraceUtility:ExtractStackTrace ()
UnityEngine.DebugLogHandler:LogFormat (UnityEngine.LogType,UnityEngine.Object,string,object[])
UnityEngine.Logger:Log (UnityEngine.LogType,object)
UnityEngine.Debug:Log (object)
Desk42.BSM.ClientStateStack:Tick (Desk42.BSM.ClientContext,single) (at Assets/_Project/Scripts/BSM/ClientStateStack.cs:104)
Desk42.Tests.EditMode.BSMTests:Stack_TimerExpiry_PopsAndCallsExit () (at Assets/_Project/Tests/EditMode/BSMTests.cs:116)
System.Reflection.RuntimeMethodInfo:Invoke (object,System.Reflection.BindingFlags,System.Reflection.Binder,object[],System.Globalization.CultureInfo)
System.Reflection.MethodBase:Invoke (object,object[])
NUnit.Framework.Internal.Reflect:InvokeMethod (System.Reflection.MethodInfo,object,object[])
NUnit.Framework.Internal.MethodWrapper:Invoke (object,object[])
NUnit.Framework.Internal.Commands.TestMethodCommand:RunNonAsyncTestMethod (NUnit.Framework.Internal.ITestExecutionContext)
NUnit.Framework.Internal.Commands.TestMethodCommand:RunTestMethod (NUnit.Framework.Internal.ITestExecutionContext)
NUnit.Framework.Internal.Commands.TestMethodCommand:Execute (NUnit.Framework.Internal.ITestExecutionContext)
UnityEngine.TestTools.UnityTestMethodCommand:Execute (NUnit.Framework.Internal.ITestExecutionContext) (at ./Library/PackageCache/com.unity.test-framework@1.3.9/UnityEngine.TestRunner/NUnitExtensions/Commands/UnityTestMethodCommand.cs:16)
UnityEngine.TestRunner.NUnitExtensions.Runner.UnityLogCheckDelegatingCommand/<>c__DisplayClass2_0:<Execute>b__0 () (at ./Library/PackageCache/com.unity.test-framework@1.3.9/UnityEngine.TestRunner/NUnitExtensions/Runner/UnityLogCheckDelegatingCommand.cs:24)
UnityEngine.TestRunner.NUnitExtensions.Runner.UnityLogCheckDelegatingCommand:CaptureException (NUnit.Framework.Internal.TestResult,System.Action) (at ./Library/PackageCache/com.unity.test-framework@1.3.9/UnityEngine.TestRunner/NUnitExtensions/Runner/UnityLogCheckDelegatingCommand.cs:68)
UnityEngine.TestRunner.NUnitExtensions.Runner.UnityLogCheckDelegatingCommand:ExecuteAndCheckLog (UnityEngine.TestTools.Logging.LogScope,NUnit.Framework.Internal.TestResult,System.Action) (at ./Library/PackageCache/com.unity.test-framework@1.3.9/UnityEngine.TestRunner/NUnitExtensions/Runner/UnityLogCheckDelegatingCommand.cs:79)
UnityEngine.TestRunner.NUnitExtensions.Runner.UnityLogCheckDelegatingCommand:Execute (NUnit.Framework.Internal.ITestExecutionContext) (at ./Library/PackageCache/com.unity.test-framework@1.3.9/UnityEngine.TestRunner/NUnitExtensions/Runner/UnityLogCheckDelegatingCommand.cs:24)
UnityEngine.TestRunner.NUnitExtensions.Runner.UnityLogCheckDelegatingCommand/<ExecuteEnumerable>d__3:MoveNext () (at ./Library/PackageCache/com.unity.test-framework@1.3.9/UnityEngine.TestRunner/NUnitExtensions/Runner/UnityLogCheckDelegatingCommand.cs:35)
UnityEngine.TestTools.BeforeAfterTestCommandBase`1/<ExecuteEnumerable>d__14<NUnit.Framework.ITestAction>:MoveNext () (at ./Library/PackageCache/com.unity.test-framework@1.3.9/UnityEngine.TestRunner/NUnitExtensions/Commands/BeforeAfterTestCommandBase.cs:173)
UnityEngine.TestTools.ImmediateEnumerableCommand:Execute (NUnit.Framework.Internal.ITestExecutionContext) (at ./Library/PackageCache/com.unity.test-framework@1.3.9/UnityEngine.TestRunner/NUnitExtensions/Commands/ImmediateEnumerableCommand.cs:18)
UnityEngine.TestTools.BeforeAfterTestCommandBase`1/<ExecuteEnumerable>d__14<System.Reflection.MethodInfo>:MoveNext () (at ./Library/PackageCache/com.unity.test-framework@1.3.9/UnityEngine.TestRunner/NUnitExtensions/Commands/BeforeAfterTestCommandBase.cs:181)
UnityEngine.TestTools.BeforeAfterTestCommandBase`1/<ExecuteEnumerable>d__14<System.Reflection.MethodInfo>:MoveNext () (at ./Library/PackageCache/com.unity.test-framework@1.3.9/UnityEngine.TestRunner/NUnitExtensions/Commands/BeforeAfterTestCommandBase.cs:173)
UnityEngine.TestTools.BeforeAfterTestCommandBase`1/<ExecuteEnumerable>d__14<UnityEngine.TestTools.IOuterUnityTestAction>:MoveNext () (at ./Library/PackageCache/com.unity.test-framework@1.3.9/UnityEngine.TestRunner/NUnitExtensions/Commands/BeforeAfterTestCommandBase.cs:173)
UnityEngine.TestTools.RetryCommand/<ExecuteEnumerable>d__2:MoveNext () (at ./Library/PackageCache/com.unity.test-framework@1.3.9/UnityEngine.TestRunner/NUnitExtensions/Commands/RetryCommand.cs:37)
UnityEngine.TestTools.RepeatCommand/<ExecuteEnumerable>d__2:MoveNext () (at ./Library/PackageCache/com.unity.test-framework@1.3.9/UnityEngine.TestRunner/NUnitExtensions/Commands/RepeatCommand.cs:36)
UnityEngine.TestTools.TimeoutCommand/<ExecuteEnumerable>d__3:MoveNext () (at ./Library/PackageCache/com.unity.test-framework@1.3.9/UnityEngine.TestRunner/NUnitExtensions/Commands/TimeoutCommand.cs:33)
UnityEngine.TestTools.IgnoreTestCommand/<ExecuteEnumerable>d__3:MoveNext () (at ./Library/PackageCache/com.unity.test-framework@1.3.9/UnityEngine.TestRunner/NUnitExtensions/Commands/IgnoreTestCommand.cs:42)
UnityEngine.TestTools.StrictCheckCommand/<ExecuteEnumerable>d__2:MoveNext () (at ./Library/PackageCache/com.unity.test-framework@1.3.9/UnityEngine.TestRunner/NUnitExtensions/Commands/StrictCheckCommand.cs:29)
UnityEngine.TestRunner.NUnitExtensions.Runner.DefaultTestWorkItem/<PerformWork>d__2:MoveNext () (at ./Library/PackageCache/com.unity.test-framework@1.3.9/UnityEngine.TestRunner/NUnitExtensions/Runner/DefaultTestWorkItem.cs:50)
UnityEngine.TestRunner.NUnitExtensions.Runner.CompositeWorkItem/<RunChildren>d__16:MoveNext () (at ./Library/PackageCache/com.unity.test-framework@1.3.9/UnityEngine.TestRunner/NUnitExtensions/Runner/CompositeWorkItem.cs:197)
UnityEngine.TestRunner.NUnitExtensions.Runner.CompositeWorkItem/<PerformWork>d__12:MoveNext () (at ./Library/PackageCache/com.unity.test-framework@1.3.9/UnityEngine.TestRunner/NUnitExtensions/Runner/CompositeWorkItem.cs:76)
UnityEngine.TestRunner.NUnitExtensions.Runner.CompositeWorkItem/<RunChildren>d__16:MoveNext () (at ./Library/PackageCache/com.unity.test-framework@1.3.9/UnityEngine.TestRunner/NUnitExtensions/Runner/CompositeWorkItem.cs:197)
UnityEngine.TestRunner.NUnitExtensions.Runner.CompositeWorkItem/<PerformWork>d__12:MoveNext () (at ./Library/PackageCache/com.unity.test-framework@1.3.9/UnityEngine.TestRunner/NUnitExtensions/Runner/CompositeWorkItem.cs:76)
UnityEngine.TestRunner.NUnitExtensions.Runner.CompositeWorkItem/<RunChildren>d__16:MoveNext () (at ./Library/PackageCache/com.unity.test-framework@1.3.9/UnityEngine.TestRunner/NUnitExtensions/Runner/CompositeWorkItem.cs:197)
UnityEngine.TestRunner.NUnitExtensions.Runner.CompositeWorkItem/<PerformWork>d__12:MoveNext () (at ./Library/PackageCache/com.unity.test-framework@1.3.9/UnityEngine.TestRunner/NUnitExtensions/Runner/CompositeWorkItem.cs:76)
UnityEngine.TestRunner.NUnitExtensions.Runner.CompositeWorkItem/<RunChildren>d__16:MoveNext () (at ./Library/PackageCache/com.unity.test-framework@1.3.9/UnityEngine.TestRunner/NUnitExtensions/Runner/CompositeWorkItem.cs:197)
UnityEngine.TestRunner.NUnitExtensions.Runner.CompositeWorkItem/<PerformWork>d__12:MoveNext () (at ./Library/PackageCache/com.unity.test-framework@1.3.9/UnityEngine.TestRunner/NUnitExtensions/Runner/CompositeWorkItem.cs:76)
UnityEngine.TestRunner.NUnitExtensions.Runner.CompositeWorkItem/<RunChildren>d__16:MoveNext () (at ./Library/PackageCache/com.unity.test-framework@1.3.9/UnityEngine.TestRunner/NUnitExtensions/Runner/CompositeWorkItem.cs:197)
UnityEngine.TestRunner.NUnitExtensions.Runner.CompositeWorkItem/<PerformWork>d__12:MoveNext () (at ./Library/PackageCache/com.unity.test-framework@1.3.9/UnityEngine.TestRunner/NUnitExtensions/Runner/CompositeWorkItem.cs:76)
UnityEngine.TestRunner.NUnitExtensions.Runner.CompositeWorkItem/<RunChildren>d__16:MoveNext () (at ./Library/PackageCache/com.unity.test-framework@1.3.9/UnityEngine.TestRunner/NUnitExtensions/Runner/CompositeWorkItem.cs:197)
UnityEngine.TestRunner.NUnitExtensions.Runner.CompositeWorkItem/<PerformWork>d__12:MoveNext () (at ./Library/PackageCache/com.unity.test-framework@1.3.9/UnityEngine.TestRunner/NUnitExtensions/Runner/CompositeWorkItem.cs:76)
UnityEditor.TestTools.TestRunner.EditModeRunner:MoveNextAndUpdateYieldObject () (at ./Library/PackageCache/com.unity.test-framework@1.3.9/UnityEditor.TestRunner/TestRunner/EditModeRunner.cs:164)
UnityEditor.TestTools.TestRunner.EditModeRunner:TestConsumer (UnityEditor.TestTools.TestRunner.TestRunnerStateSerializer) (at ./Library/PackageCache/com.unity.test-framework@1.3.9/UnityEditor.TestRunner/TestRunner/EditModeRunner.cs:197)
UnityEditor.TestTools.TestRunner.TestRun.Tasks.EditModeRunTask/<Execute>d__1:MoveNext () (at ./Library/PackageCache/com.unity.test-framework@1.3.9/UnityEditor.TestRunner/TestRun/Tasks/EditModeRunTask.cs:47)
UnityEditor.TestTools.TestRunner.TestRun.TestJobRunner:ExecuteStep () (at ./Library/PackageCache/com.unity.test-framework@1.3.9/UnityEditor.TestRunner/TestRun/TestJobRunner.cs:172)
UnityEditor.TestTools.TestRunner.TestRun.TestJobRunner:ExecuteCallback () (at ./Library/PackageCache/com.unity.test-framework@1.3.9/UnityEditor.TestRunner/TestRun/TestJobRunner.cs:108)
UnityEditor.EditorApplication:Internal_CallUpdateFunctions ()

(Filename: Assets/_Project/Scripts/BSM/ClientStateStack.cs Line: 104)

[TransitionTable] Rule matched: CooperationRoute -> Cooperative (P:100) -> Cooperative
UnityEngine.StackTraceUtility:ExtractStackTrace ()
UnityEngine.DebugLogHandler:LogFormat (UnityEngine.LogType,UnityEngine.Object,string,object[])
UnityEngine.Logger:Log (UnityEngine.LogType,object)
UnityEngine.Debug:Log (object)
Desk42.BSM.Transitions.TransitionTable:Resolve (Desk42.BSM.Transitions.TransitionContext) (at Assets/_Project/Scripts/BSM/Transitions/TransitionTable.cs:62)
Desk42.Tests.EditMode.BSMTests:TransitionTable_AddRuntimeRule_IsEvaluated () (at Assets/_Project/Tests/EditMode/BSMTests.cs:543)
System.Reflection.RuntimeMethodInfo:Invoke (object,System.Reflection.BindingFlags,System.Reflection.Binder,object[],System.Globalization.CultureInfo)
System.Reflection.MethodBase:Invoke (object,object[])
NUnit.Framework.Internal.Reflect:InvokeMethod (System.Reflection.MethodInfo,object,object[])
NUnit.Framework.Internal.MethodWrapper:Invoke (object,object[])
NUnit.Framework.Internal.Commands.TestMethodCommand:RunNonAsyncTestMethod (NUnit.Framework.Internal.ITestExecutionContext)
NUnit.Framework.Internal.Commands.TestMethodCommand:RunTestMethod (NUnit.Framework.Internal.ITestExecutionContext)
NUnit.Framework.Internal.Commands.TestMethodCommand:Execute (NUnit.Framework.Internal.ITestExecutionContext)
UnityEngine.TestTools.UnityTestMethodCommand:Execute (NUnit.Framework.Internal.ITestExecutionContext) (at ./Library/PackageCache/com.unity.test-framework@1.3.9/UnityEngine.TestRunner/NUnitExtensions/Commands/UnityTestMethodCommand.cs:16)
UnityEngine.TestRunner.NUnitExtensions.Runner.UnityLogCheckDelegatingCommand/<>c__DisplayClass2_0:<Execute>b__0 () (at ./Library/PackageCache/com.unity.test-framework@1.3.9/UnityEngine.TestRunner/NUnitExtensions/Runner/UnityLogCheckDelegatingCommand.cs:24)
UnityEngine.TestRunner.NUnitExtensions.Runner.UnityLogCheckDelegatingCommand:CaptureException (NUnit.Framework.Internal.TestResult,System.Action) (at ./Library/PackageCache/com.unity.test-framework@1.3.9/UnityEngine.TestRunner/NUnitExtensions/Runner/UnityLogCheckDelegatingCommand.cs:68)
UnityEngine.TestRunner.NUnitExtensions.Runner.UnityLogCheckDelegatingCommand:ExecuteAndCheckLog (UnityEngine.TestTools.Logging.LogScope,NUnit.Framework.Internal.TestResult,System.Action) (at ./Library/PackageCache/com.unity.test-framework@1.3.9/UnityEngine.TestRunner/NUnitExtensions/Runner/UnityLogCheckDelegatingCommand.cs:79)
UnityEngine.TestRunner.NUnitExtensions.Runner.UnityLogCheckDelegatingCommand:Execute (NUnit.Framework.Internal.ITestExecutionContext) (at ./Library/PackageCache/com.unity.test-framework@1.3.9/UnityEngine.TestRunner/NUnitExtensions/Runner/UnityLogCheckDelegatingCommand.cs:24)
UnityEngine.TestRunner.NUnitExtensions.Runner.UnityLogCheckDelegatingCommand/<ExecuteEnumerable>d__3:MoveNext () (at ./Library/PackageCache/com.unity.test-framework@1.3.9/UnityEngine.TestRunner/NUnitExtensions/Runner/UnityLogCheckDelegatingCommand.cs:35)
UnityEngine.TestTools.BeforeAfterTestCommandBase`1/<ExecuteEnumerable>d__14<NUnit.Framework.ITestAction>:MoveNext () (at ./Library/PackageCache/com.unity.test-framework@1.3.9/UnityEngine.TestRunner/NUnitExtensions/Commands/BeforeAfterTestCommandBase.cs:173)
UnityEngine.TestTools.ImmediateEnumerableCommand:Execute (NUnit.Framework.Internal.ITestExecutionContext) (at ./Library/PackageCache/com.unity.test-framework@1.3.9/UnityEngine.TestRunner/NUnitExtensions/Commands/ImmediateEnumerableCommand.cs:18)
UnityEngine.TestTools.BeforeAfterTestCommandBase`1/<ExecuteEnumerable>d__14<System.Reflection.MethodInfo>:MoveNext () (at ./Library/PackageCache/com.unity.test-framework@1.3.9/UnityEngine.TestRunner/NUnitExtensions/Commands/BeforeAfterTestCommandBase.cs:181)
UnityEngine.TestTools.BeforeAfterTestCommandBase`1/<ExecuteEnumerable>d__14<System.Reflection.MethodInfo>:MoveNext () (at ./Library/PackageCache/com.unity.test-framework@1.3.9/UnityEngine.TestRunner/NUnitExtensions/Commands/BeforeAfterTestCommandBase.cs:173)
UnityEngine.TestTools.BeforeAfterTestCommandBase`1/<ExecuteEnumerable>d__14<UnityEngine.TestTools.IOuterUnityTestAction>:MoveNext () (at ./Library/PackageCache/com.unity.test-framework@1.3.9/UnityEngine.TestRunner/NUnitExtensions/Commands/BeforeAfterTestCommandBase.cs:173)
UnityEngine.TestTools.RetryCommand/<ExecuteEnumerable>d__2:MoveNext () (at ./Library/PackageCache/com.unity.test-framework@1.3.9/UnityEngine.TestRunner/NUnitExtensions/Commands/RetryCommand.cs:37)
UnityEngine.TestTools.RepeatCommand/<ExecuteEnumerable>d__2:MoveNext () (at ./Library/PackageCache/com.unity.test-framework@1.3.9/UnityEngine.TestRunner/NUnitExtensions/Commands/RepeatCommand.cs:36)
UnityEngine.TestTools.TimeoutCommand/<ExecuteEnumerable>d__3:MoveNext () (at ./Library/PackageCache/com.unity.test-framework@1.3.9/UnityEngine.TestRunner/NUnitExtensions/Commands/TimeoutCommand.cs:33)
UnityEngine.TestTools.IgnoreTestCommand/<ExecuteEnumerable>d__3:MoveNext () (at ./Library/PackageCache/com.unity.test-framework@1.3.9/UnityEngine.TestRunner/NUnitExtensions/Commands/IgnoreTestCommand.cs:42)
UnityEngine.TestTools.StrictCheckCommand/<ExecuteEnumerable>d__2:MoveNext () (at ./Library/PackageCache/com.unity.test-framework@1.3.9/UnityEngine.TestRunner/NUnitExtensions/Commands/StrictCheckCommand.cs:29)
UnityEngine.TestRunner.NUnitExtensions.Runner.DefaultTestWorkItem/<PerformWork>d__2:MoveNext () (at ./Library/PackageCache/com.unity.test-framework@1.3.9/UnityEngine.TestRunner/NUnitExtensions/Runner/DefaultTestWorkItem.cs:50)
UnityEngine.TestRunner.NUnitExtensions.Runner.CompositeWorkItem/<RunChildren>d__16:MoveNext () (at ./Library/PackageCache/com.unity.test-framework@1.3.9/UnityEngine.TestRunner/NUnitExtensions/Runner/CompositeWorkItem.cs:197)
UnityEngine.TestRunner.NUnitExtensions.Runner.CompositeWorkItem/<PerformWork>d__12:MoveNext () (at ./Library/PackageCache/com.unity.test-framework@1.3.9/UnityEngine.TestRunner/NUnitExtensions/Runner/CompositeWorkItem.cs:76)
UnityEngine.TestRunner.NUnitExtensions.Runner.CompositeWorkItem/<RunChildren>d__16:MoveNext () (at ./Library/PackageCache/com.unity.test-framework@1.3.9/UnityEngine.TestRunner/NUnitExtensions/Runner/CompositeWorkItem.cs:197)
UnityEngine.TestRunner.NUnitExtensions.Runner.CompositeWorkItem/<PerformWork>d__12:MoveNext () (at ./Library/PackageCache/com.unity.test-framework@1.3.9/UnityEngine.TestRunner/NUnitExtensions/Runner/CompositeWorkItem.cs:76)
UnityEngine.TestRunner.NUnitExtensions.Runner.CompositeWorkItem/<RunChildren>d__16:MoveNext () (at ./Library/PackageCache/com.unity.test-framework@1.3.9/UnityEngine.TestRunner/NUnitExtensions/Runner/CompositeWorkItem.cs:197)
UnityEngine.TestRunner.NUnitExtensions.Runner.CompositeWorkItem/<PerformWork>d__12:MoveNext () (at ./Library/PackageCache/com.unity.test-framework@1.3.9/UnityEngine.TestRunner/NUnitExtensions/Runner/CompositeWorkItem.cs:76)
UnityEngine.TestRunner.NUnitExtensions.Runner.CompositeWorkItem/<RunChildren>d__16:MoveNext () (at ./Library/PackageCache/com.unity.test-framework@1.3.9/UnityEngine.TestRunner/NUnitExtensions/Runner/CompositeWorkItem.cs:197)
UnityEngine.TestRunner.NUnitExtensions.Runner.CompositeWorkItem/<PerformWork>d__12:MoveNext () (at ./Library/PackageCache/com.unity.test-framework@1.3.9/UnityEngine.TestRunner/NUnitExtensions/Runner/CompositeWorkItem.cs:76)
UnityEngine.TestRunner.NUnitExtensions.Runner.CompositeWorkItem/<RunChildren>d__16:MoveNext () (at ./Library/PackageCache/com.unity.test-framework@1.3.9/UnityEngine.TestRunner/NUnitExtensions/Runner/CompositeWorkItem.cs:197)
UnityEngine.TestRunner.NUnitExtensions.Runner.CompositeWorkItem/<PerformWork>d__12:MoveNext () (at ./Library/PackageCache/com.unity.test-framework@1.3.9/UnityEngine.TestRunner/NUnitExtensions/Runner/CompositeWorkItem.cs:76)
UnityEngine.TestRunner.NUnitExtensions.Runner.CompositeWorkItem/<RunChildren>d__16:MoveNext () (at ./Library/PackageCache/com.unity.test-framework@1.3.9/UnityEngine.TestRunner/NUnitExtensions/Runner/CompositeWorkItem.cs:197)
UnityEngine.TestRunner.NUnitExtensions.Runner.CompositeWorkItem/<PerformWork>d__12:MoveNext () (at ./Library/PackageCache/com.unity.test-framework@1.3.9/UnityEngine.TestRunner/NUnitExtensions/Runner/CompositeWorkItem.cs:76)
UnityEditor.TestTools.TestRunner.EditModeRunner:MoveNextAndUpdateYieldObject () (at ./Library/PackageCache/com.unity.test-framework@1.3.9/UnityEditor.TestRunner/TestRunner/EditModeRunner.cs:164)
UnityEditor.TestTools.TestRunner.EditModeRunner:TestConsumer (UnityEditor.TestTools.TestRunner.TestRunnerStateSerializer) (at ./Library/PackageCache/com.unity.test-framework@1.3.9/UnityEditor.TestRunner/TestRunner/EditModeRunner.cs:197)
UnityEditor.TestTools.TestRunner.TestRun.Tasks.EditModeRunTask/<Execute>d__1:MoveNext () (at ./Library/PackageCache/com.unity.test-framework@1.3.9/UnityEditor.TestRunner/TestRun/Tasks/EditModeRunTask.cs:47)
UnityEditor.TestTools.TestRunner.TestRun.TestJobRunner:ExecuteStep () (at ./Library/PackageCache/com.unity.test-framework@1.3.9/UnityEditor.TestRunner/TestRun/TestJobRunner.cs:172)
UnityEditor.TestTools.TestRunner.TestRun.TestJobRunner:ExecuteCallback () (at ./Library/PackageCache/com.unity.test-framework@1.3.9/UnityEditor.TestRunner/TestRun/TestJobRunner.cs:108)
UnityEditor.EditorApplication:Internal_CallUpdateFunctions ()

(Filename: Assets/_Project/Scripts/BSM/Transitions/TransitionTable.cs Line: 62)

[TransitionTable] Rule matched: Redact -> Suspicious (default) -> Suspicious
UnityEngine.StackTraceUtility:ExtractStackTrace ()
UnityEngine.DebugLogHandler:LogFormat (UnityEngine.LogType,UnityEngine.Object,string,object[])
UnityEngine.Logger:Log (UnityEngine.LogType,object)
UnityEngine.Debug:Log (object)
Desk42.BSM.Transitions.TransitionTable:Resolve (Desk42.BSM.Transitions.TransitionContext) (at Assets/_Project/Scripts/BSM/Transitions/TransitionTable.cs:62)
Desk42.Tests.EditMode.BSMTests:TransitionTable_HighSoul_Redact_ResolvesToSuspicious () (at Assets/_Project/Tests/EditMode/BSMTests.cs:518)
System.Reflection.RuntimeMethodInfo:Invoke (object,System.Reflection.BindingFlags,System.Reflection.Binder,object[],System.Globalization.CultureInfo)
System.Reflection.MethodBase:Invoke (object,object[])
NUnit.Framework.Internal.Reflect:InvokeMethod (System.Reflection.MethodInfo,object,object[])
NUnit.Framework.Internal.MethodWrapper:Invoke (object,object[])
NUnit.Framework.Internal.Commands.TestMethodCommand:RunNonAsyncTestMethod (NUnit.Framework.Internal.ITestExecutionContext)
NUnit.Framework.Internal.Commands.TestMethodCommand:RunTestMethod (NUnit.Framework.Internal.ITestExecutionContext)
NUnit.Framework.Internal.Commands.TestMethodCommand:Execute (NUnit.Framework.Internal.ITestExecutionContext)
UnityEngine.TestTools.UnityTestMethodCommand:Execute (NUnit.Framework.Internal.ITestExecutionContext) (at ./Library/PackageCache/com.unity.test-framework@1.3.9/UnityEngine.TestRunner/NUnitExtensions/Commands/UnityTestMethodCommand.cs:16)
UnityEngine.TestRunner.NUnitExtensions.Runner.UnityLogCheckDelegatingCommand/<>c__DisplayClass2_0:<Execute>b__0 () (at ./Library/PackageCache/com.unity.test-framework@1.3.9/UnityEngine.TestRunner/NUnitExtensions/Runner/UnityLogCheckDelegatingCommand.cs:24)
UnityEngine.TestRunner.NUnitExtensions.Runner.UnityLogCheckDelegatingCommand:CaptureException (NUnit.Framework.Internal.TestResult,System.Action) (at ./Library/PackageCache/com.unity.test-framework@1.3.9/UnityEngine.TestRunner/NUnitExtensions/Runner/UnityLogCheckDelegatingCommand.cs:68)
UnityEngine.TestRunner.NUnitExtensions.Runner.UnityLogCheckDelegatingCommand:ExecuteAndCheckLog (UnityEngine.TestTools.Logging.LogScope,NUnit.Framework.Internal.TestResult,System.Action) (at ./Library/PackageCache/com.unity.test-framework@1.3.9/UnityEngine.TestRunner/NUnitExtensions/Runner/UnityLogCheckDelegatingCommand.cs:79)
UnityEngine.TestRunner.NUnitExtensions.Runner.UnityLogCheckDelegatingCommand:Execute (NUnit.Framework.Internal.ITestExecutionContext) (at ./Library/PackageCache/com.unity.test-framework@1.3.9/UnityEngine.TestRunner/NUnitExtensions/Runner/UnityLogCheckDelegatingCommand.cs:24)
UnityEngine.TestRunner.NUnitExtensions.Runner.UnityLogCheckDelegatingCommand/<ExecuteEnumerable>d__3:MoveNext () (at ./Library/PackageCache/com.unity.test-framework@1.3.9/UnityEngine.TestRunner/NUnitExtensions/Runner/UnityLogCheckDelegatingCommand.cs:35)
UnityEngine.TestTools.BeforeAfterTestCommandBase`1/<ExecuteEnumerable>d__14<NUnit.Framework.ITestAction>:MoveNext () (at ./Library/PackageCache/com.unity.test-framework@1.3.9/UnityEngine.TestRunner/NUnitExtensions/Commands/BeforeAfterTestCommandBase.cs:173)
UnityEngine.TestTools.ImmediateEnumerableCommand:Execute (NUnit.Framework.Internal.ITestExecutionContext) (at ./Library/PackageCache/com.unity.test-framework@1.3.9/UnityEngine.TestRunner/NUnitExtensions/Commands/ImmediateEnumerableCommand.cs:18)
UnityEngine.TestTools.BeforeAfterTestCommandBase`1/<ExecuteEnumerable>d__14<System.Reflection.MethodInfo>:MoveNext () (at ./Library/PackageCache/com.unity.test-framework@1.3.9/UnityEngine.TestRunner/NUnitExtensions/Commands/BeforeAfterTestCommandBase.cs:181)
UnityEngine.TestTools.BeforeAfterTestCommandBase`1/<ExecuteEnumerable>d__14<System.Reflection.MethodInfo>:MoveNext () (at ./Library/PackageCache/com.unity.test-framework@1.3.9/UnityEngine.TestRunner/NUnitExtensions/Commands/BeforeAfterTestCommandBase.cs:173)
UnityEngine.TestTools.BeforeAfterTestCommandBase`1/<ExecuteEnumerable>d__14<UnityEngine.TestTools.IOuterUnityTestAction>:MoveNext () (at ./Library/PackageCache/com.unity.test-framework@1.3.9/UnityEngine.TestRunner/NUnitExtensions/Commands/BeforeAfterTestCommandBase.cs:173)
UnityEngine.TestTools.RetryCommand/<ExecuteEnumerable>d__2:MoveNext () (at ./Library/PackageCache/com.unity.test-framework@1.3.9/UnityEngine.TestRunner/NUnitExtensions/Commands/RetryCommand.cs:37)
UnityEngine.TestTools.RepeatCommand/<ExecuteEnumerable>d__2:MoveNext () (at ./Library/PackageCache/com.unity.test-framework@1.3.9/UnityEngine.TestRunner/NUnitExtensions/Commands/RepeatCommand.cs:36)
UnityEngine.TestTools.TimeoutCommand/<ExecuteEnumerable>d__3:MoveNext () (at ./Library/PackageCache/com.unity.test-framework@1.3.9/UnityEngine.TestRunner/NUnitExtensions/Commands/TimeoutCommand.cs:33)
UnityEngine.TestTools.IgnoreTestCommand/<ExecuteEnumerable>d__3:MoveNext () (at ./Library/PackageCache/com.unity.test-framework@1.3.9/UnityEngine.TestRunner/NUnitExtensions/Commands/IgnoreTestCommand.cs:42)
UnityEngine.TestTools.StrictCheckCommand/<ExecuteEnumerable>d__2:MoveNext () (at ./Library/PackageCache/com.unity.test-framework@1.3.9/UnityEngine.TestRunner/NUnitExtensions/Commands/StrictCheckCommand.cs:29)
UnityEngine.TestRunner.NUnitExtensions.Runner.DefaultTestWorkItem/<PerformWork>d__2:MoveNext () (at ./Library/PackageCache/com.unity.test-framework@1.3.9/UnityEngine.TestRunner/NUnitExtensions/Runner/DefaultTestWorkItem.cs:50)
UnityEngine.TestRunner.NUnitExtensions.Runner.CompositeWorkItem/<RunChildren>d__16:MoveNext () (at ./Library/PackageCache/com.unity.test-framework@1.3.9/UnityEngine.TestRunner/NUnitExtensions/Runner/CompositeWorkItem.cs:197)
UnityEngine.TestRunner.NUnitExtensions.Runner.CompositeWorkItem/<PerformWork>d__12:MoveNext () (at ./Library/PackageCache/com.unity.test-framework@1.3.9/UnityEngine.TestRunner/NUnitExtensions/Runner/CompositeWorkItem.cs:76)
UnityEngine.TestRunner.NUnitExtensions.Runner.CompositeWorkItem/<RunChildren>d__16:MoveNext () (at ./Library/PackageCache/com.unity.test-framework@1.3.9/UnityEngine.TestRunner/NUnitExtensions/Runner/CompositeWorkItem.cs:197)
UnityEngine.TestRunner.NUnitExtensions.Runner.CompositeWorkItem/<PerformWork>d__12:MoveNext () (at ./Library/PackageCache/com.unity.test-framework@1.3.9/UnityEngine.TestRunner/NUnitExtensions/Runner/CompositeWorkItem.cs:76)
UnityEngine.TestRunner.NUnitExtensions.Runner.CompositeWorkItem/<RunChildren>d__16:MoveNext () (at ./Library/PackageCache/com.unity.test-framework@1.3.9/UnityEngine.TestRunner/NUnitExtensions/Runner/CompositeWorkItem.cs:197)
UnityEngine.TestRunner.NUnitExtensions.Runner.CompositeWorkItem/<PerformWork>d__12:MoveNext () (at ./Library/PackageCache/com.unity.test-framework@1.3.9/UnityEngine.TestRunner/NUnitExtensions/Runner/CompositeWorkItem.cs:76)
UnityEngine.TestRunner.NUnitExtensions.Runner.CompositeWorkItem/<RunChildren>d__16:MoveNext () (at ./Library/PackageCache/com.unity.test-framework@1.3.9/UnityEngine.TestRunner/NUnitExtensions/Runner/CompositeWorkItem.cs:197)
UnityEngine.TestRunner.NUnitExtensions.Runner.CompositeWorkItem/<PerformWork>d__12:MoveNext () (at ./Library/PackageCache/com.unity.test-framework@1.3.9/UnityEngine.TestRunner/NUnitExtensions/Runner/CompositeWorkItem.cs:76)
UnityEngine.TestRunner.NUnitExtensions.Runner.CompositeWorkItem/<RunChildren>d__16:MoveNext () (at ./Library/PackageCache/com.unity.test-framework@1.3.9/UnityEngine.TestRunner/NUnitExtensions/Runner/CompositeWorkItem.cs:197)
UnityEngine.TestRunner.NUnitExtensions.Runner.CompositeWorkItem/<PerformWork>d__12:MoveNext () (at ./Library/PackageCache/com.unity.test-framework@1.3.9/UnityEngine.TestRunner/NUnitExtensions/Runner/CompositeWorkItem.cs:76)
UnityEngine.TestRunner.NUnitExtensions.Runner.CompositeWorkItem/<RunChildren>d__16:MoveNext () (at ./Library/PackageCache/com.unity.test-framework@1.3.9/UnityEngine.TestRunner/NUnitExtensions/Runner/CompositeWorkItem.cs:197)
UnityEngine.TestRunner.NUnitExtensions.Runner.CompositeWorkItem/<PerformWork>d__12:MoveNext () (at ./Library/PackageCache/com.unity.test-framework@1.3.9/UnityEngine.TestRunner/NUnitExtensions/Runner/CompositeWorkItem.cs:76)
UnityEditor.TestTools.TestRunner.EditModeRunner:MoveNextAndUpdateYieldObject () (at ./Library/PackageCache/com.unity.test-framework@1.3.9/UnityEditor.TestRunner/TestRunner/EditModeRunner.cs:164)
UnityEditor.TestTools.TestRunner.EditModeRunner:TestConsumer (UnityEditor.TestTools.TestRunner.TestRunnerStateSerializer) (at ./Library/PackageCache/com.unity.test-framework@1.3.9/UnityEditor.TestRunner/TestRunner/EditModeRunner.cs:197)
UnityEditor.TestTools.TestRunner.TestRun.Tasks.EditModeRunTask/<Execute>d__1:MoveNext () (at ./Library/PackageCache/com.unity.test-framework@1.3.9/UnityEditor.TestRunner/TestRun/Tasks/EditModeRunTask.cs:47)
UnityEditor.TestTools.TestRunner.TestRun.TestJobRunner:ExecuteStep () (at ./Library/PackageCache/com.unity.test-framework@1.3.9/UnityEditor.TestRunner/TestRun/TestJobRunner.cs:172)
UnityEditor.TestTools.TestRunner.TestRun.TestJobRunner:ExecuteCallback () (at ./Library/PackageCache/com.unity.test-framework@1.3.9/UnityEditor.TestRunner/TestRun/TestJobRunner.cs:108)
UnityEditor.EditorApplication:Internal_CallUpdateFunctions ()

(Filename: Assets/_Project/Scripts/BSM/Transitions/TransitionTable.cs Line: 62)

[TransitionTable] Rule matched: Redact -> Paranoid (low soul) -> Paranoid
UnityEngine.StackTraceUtility:ExtractStackTrace ()
UnityEngine.DebugLogHandler:LogFormat (UnityEngine.LogType,UnityEngine.Object,string,object[])
UnityEngine.Logger:Log (UnityEngine.LogType,object)
UnityEngine.Debug:Log (object)
Desk42.BSM.Transitions.TransitionTable:Resolve (Desk42.BSM.Transitions.TransitionContext) (at Assets/_Project/Scripts/BSM/Transitions/TransitionTable.cs:62)
Desk42.Tests.EditMode.BSMTests:TransitionTable_LowSoul_Redact_ResolvesToParanoid () (at Assets/_Project/Tests/EditMode/BSMTests.cs:505)
System.Reflection.RuntimeMethodInfo:Invoke (object,System.Reflection.BindingFlags,System.Reflection.Binder,object[],System.Globalization.CultureInfo)
System.Reflection.MethodBase:Invoke (object,object[])
NUnit.Framework.Internal.Reflect:InvokeMethod (System.Reflection.MethodInfo,object,object[])
NUnit.Framework.Internal.MethodWrapper:Invoke (object,object[])
NUnit.Framework.Internal.Commands.TestMethodCommand:RunNonAsyncTestMethod (NUnit.Framework.Internal.ITestExecutionContext)
NUnit.Framework.Internal.Commands.TestMethodCommand:RunTestMethod (NUnit.Framework.Internal.ITestExecutionContext)
NUnit.Framework.Internal.Commands.TestMethodCommand:Execute (NUnit.Framework.Internal.ITestExecutionContext)
UnityEngine.TestTools.UnityTestMethodCommand:Execute (NUnit.Framework.Internal.ITestExecutionContext) (at ./Library/PackageCache/com.unity.test-framework@1.3.9/UnityEngine.TestRunner/NUnitExtensions/Commands/UnityTestMethodCommand.cs:16)
UnityEngine.TestRunner.NUnitExtensions.Runner.UnityLogCheckDelegatingCommand/<>c__DisplayClass2_0:<Execute>b__0 () (at ./Library/PackageCache/com.unity.test-framework@1.3.9/UnityEngine.TestRunner/NUnitExtensions/Runner/UnityLogCheckDelegatingCommand.cs:24)
UnityEngine.TestRunner.NUnitExtensions.Runner.UnityLogCheckDelegatingCommand:CaptureException (NUnit.Framework.Internal.TestResult,System.Action) (at ./Library/PackageCache/com.unity.test-framework@1.3.9/UnityEngine.TestRunner/NUnitExtensions/Runner/UnityLogCheckDelegatingCommand.cs:68)
UnityEngine.TestRunner.NUnitExtensions.Runner.UnityLogCheckDelegatingCommand:ExecuteAndCheckLog (UnityEngine.TestTools.Logging.LogScope,NUnit.Framework.Internal.TestResult,System.Action) (at ./Library/PackageCache/com.unity.test-framework@1.3.9/UnityEngine.TestRunner/NUnitExtensions/Runner/UnityLogCheckDelegatingCommand.cs:79)
UnityEngine.TestRunner.NUnitExtensions.Runner.UnityLogCheckDelegatingCommand:Execute (NUnit.Framework.Internal.ITestExecutionContext) (at ./Library/PackageCache/com.unity.test-framework@1.3.9/UnityEngine.TestRunner/NUnitExtensions/Runner/UnityLogCheckDelegatingCommand.cs:24)
UnityEngine.TestRunner.NUnitExtensions.Runner.UnityLogCheckDelegatingCommand/<ExecuteEnumerable>d__3:MoveNext () (at ./Library/PackageCache/com.unity.test-framework@1.3.9/UnityEngine.TestRunner/NUnitExtensions/Runner/UnityLogCheckDelegatingCommand.cs:35)
UnityEngine.TestTools.BeforeAfterTestCommandBase`1/<ExecuteEnumerable>d__14<NUnit.Framework.ITestAction>:MoveNext () (at ./Library/PackageCache/com.unity.test-framework@1.3.9/UnityEngine.TestRunner/NUnitExtensions/Commands/BeforeAfterTestCommandBase.cs:173)
UnityEngine.TestTools.ImmediateEnumerableCommand:Execute (NUnit.Framework.Internal.ITestExecutionContext) (at ./Library/PackageCache/com.unity.test-framework@1.3.9/UnityEngine.TestRunner/NUnitExtensions/Commands/ImmediateEnumerableCommand.cs:18)
UnityEngine.TestTools.BeforeAfterTestCommandBase`1/<ExecuteEnumerable>d__14<System.Reflection.MethodInfo>:MoveNext () (at ./Library/PackageCache/com.unity.test-framework@1.3.9/UnityEngine.TestRunner/NUnitExtensions/Commands/BeforeAfterTestCommandBase.cs:181)
UnityEngine.TestTools.BeforeAfterTestCommandBase`1/<ExecuteEnumerable>d__14<System.Reflection.MethodInfo>:MoveNext () (at ./Library/PackageCache/com.unity.test-framework@1.3.9/UnityEngine.TestRunner/NUnitExtensions/Commands/BeforeAfterTestCommandBase.cs:173)
UnityEngine.TestTools.BeforeAfterTestCommandBase`1/<ExecuteEnumerable>d__14<UnityEngine.TestTools.IOuterUnityTestAction>:MoveNext () (at ./Library/PackageCache/com.unity.test-framework@1.3.9/UnityEngine.TestRunner/NUnitExtensions/Commands/BeforeAfterTestCommandBase.cs:173)
UnityEngine.TestTools.RetryCommand/<ExecuteEnumerable>d__2:MoveNext () (at ./Library/PackageCache/com.unity.test-framework@1.3.9/UnityEngine.TestRunner/NUnitExtensions/Commands/RetryCommand.cs:37)
UnityEngine.TestTools.RepeatCommand/<ExecuteEnumerable>d__2:MoveNext () (at ./Library/PackageCache/com.unity.test-framework@1.3.9/UnityEngine.TestRunner/NUnitExtensions/Commands/RepeatCommand.cs:36)
UnityEngine.TestTools.TimeoutCommand/<ExecuteEnumerable>d__3:MoveNext () (at ./Library/PackageCache/com.unity.test-framework@1.3.9/UnityEngine.TestRunner/NUnitExtensions/Commands/TimeoutCommand.cs:33)
UnityEngine.TestTools.IgnoreTestCommand/<ExecuteEnumerable>d__3:MoveNext () (at ./Library/PackageCache/com.unity.test-framework@1.3.9/UnityEngine.TestRunner/NUnitExtensions/Commands/IgnoreTestCommand.cs:42)
UnityEngine.TestTools.StrictCheckCommand/<ExecuteEnumerable>d__2:MoveNext () (at ./Library/PackageCache/com.unity.test-framework@1.3.9/UnityEngine.TestRunner/NUnitExtensions/Commands/StrictCheckCommand.cs:29)
UnityEngine.TestRunner.NUnitExtensions.Runner.DefaultTestWorkItem/<PerformWork>d__2:MoveNext () (at ./Library/PackageCache/com.unity.test-framework@1.3.9/UnityEngine.TestRunner/NUnitExtensions/Runner/DefaultTestWorkItem.cs:50)
UnityEngine.TestRunner.NUnitExtensions.Runner.CompositeWorkItem/<RunChildren>d__16:MoveNext () (at ./Library/PackageCache/com.unity.test-framework@1.3.9/UnityEngine.TestRunner/NUnitExtensions/Runner/CompositeWorkItem.cs:197)
UnityEngine.TestRunner.NUnitExtensions.Runner.CompositeWorkItem/<PerformWork>d__12:MoveNext () (at ./Library/PackageCache/com.unity.test-framework@1.3.9/UnityEngine.TestRunner/NUnitExtensions/Runner/CompositeWorkItem.cs:76)
UnityEngine.TestRunner.NUnitExtensions.Runner.CompositeWorkItem/<RunChildren>d__16:MoveNext () (at ./Library/PackageCache/com.unity.test-framework@1.3.9/UnityEngine.TestRunner/NUnitExtensions/Runner/CompositeWorkItem.cs:197)
UnityEngine.TestRunner.NUnitExtensions.Runner.CompositeWorkItem/<PerformWork>d__12:MoveNext () (at ./Library/PackageCache/com.unity.test-framework@1.3.9/UnityEngine.TestRunner/NUnitExtensions/Runner/CompositeWorkItem.cs:76)
UnityEngine.TestRunner.NUnitExtensions.Runner.CompositeWorkItem/<RunChildren>d__16:MoveNext () (at ./Library/PackageCache/com.unity.test-framework@1.3.9/UnityEngine.TestRunner/NUnitExtensions/Runner/CompositeWorkItem.cs:197)
UnityEngine.TestRunner.NUnitExtensions.Runner.CompositeWorkItem/<PerformWork>d__12:MoveNext () (at ./Library/PackageCache/com.unity.test-framework@1.3.9/UnityEngine.TestRunner/NUnitExtensions/Runner/CompositeWorkItem.cs:76)
UnityEngine.TestRunner.NUnitExtensions.Runner.CompositeWorkItem/<RunChildren>d__16:MoveNext () (at ./Library/PackageCache/com.unity.test-framework@1.3.9/UnityEngine.TestRunner/NUnitExtensions/Runner/CompositeWorkItem.cs:197)
UnityEngine.TestRunner.NUnitExtensions.Runner.CompositeWorkItem/<PerformWork>d__12:MoveNext () (at ./Library/PackageCache/com.unity.test-framework@1.3.9/UnityEngine.TestRunner/NUnitExtensions/Runner/CompositeWorkItem.cs:76)
UnityEngine.TestRunner.NUnitExtensions.Runner.CompositeWorkItem/<RunChildren>d__16:MoveNext () (at ./Library/PackageCache/com.unity.test-framework@1.3.9/UnityEngine.TestRunner/NUnitExtensions/Runner/CompositeWorkItem.cs:197)
UnityEngine.TestRunner.NUnitExtensions.Runner.CompositeWorkItem/<PerformWork>d__12:MoveNext () (at ./Library/PackageCache/com.unity.test-framework@1.3.9/UnityEngine.TestRunner/NUnitExtensions/Runner/CompositeWorkItem.cs:76)
UnityEngine.TestRunner.NUnitExtensions.Runner.CompositeWorkItem/<RunChildren>d__16:MoveNext () (at ./Library/PackageCache/com.unity.test-framework@1.3.9/UnityEngine.TestRunner/NUnitExtensions/Runner/CompositeWorkItem.cs:197)
UnityEngine.TestRunner.NUnitExtensions.Runner.CompositeWorkItem/<PerformWork>d__12:MoveNext () (at ./Library/PackageCache/com.unity.test-framework@1.3.9/UnityEngine.TestRunner/NUnitExtensions/Runner/CompositeWorkItem.cs:76)
UnityEditor.TestTools.TestRunner.EditModeRunner:MoveNextAndUpdateYieldObject () (at ./Library/PackageCache/com.unity.test-framework@1.3.9/UnityEditor.TestRunner/TestRunner/EditModeRunner.cs:164)
UnityEditor.TestTools.TestRunner.EditModeRunner:TestConsumer (UnityEditor.TestTools.TestRunner.TestRunnerStateSerializer) (at ./Library/PackageCache/com.unity.test-framework@1.3.9/UnityEditor.TestRunner/TestRunner/EditModeRunner.cs:197)
UnityEditor.TestTools.TestRunner.TestRun.Tasks.EditModeRunTask/<Execute>d__1:MoveNext () (at ./Library/PackageCache/com.unity.test-framework@1.3.9/UnityEditor.TestRunner/TestRun/Tasks/EditModeRunTask.cs:47)
UnityEditor.TestTools.TestRunner.TestRun.TestJobRunner:ExecuteStep () (at ./Library/PackageCache/com.unity.test-framework@1.3.9/UnityEditor.TestRunner/TestRun/TestJobRunner.cs:172)
UnityEditor.TestTools.TestRunner.TestRun.TestJobRunner:ExecuteCallback () (at ./Library/PackageCache/com.unity.test-framework@1.3.9/UnityEditor.TestRunner/TestRun/TestJobRunner.cs:108)
UnityEditor.EditorApplication:Internal_CallUpdateFunctions ()

(Filename: Assets/_Project/Scripts/BSM/Transitions/TransitionTable.cs Line: 62)

[TransitionTable] Rule matched: Threaten -> Litigious (repeat offender) -> Litigious
UnityEngine.StackTraceUtility:ExtractStackTrace ()
UnityEngine.DebugLogHandler:LogFormat (UnityEngine.LogType,UnityEngine.Object,string,object[])
UnityEngine.Logger:Log (UnityEngine.LogType,object)
UnityEngine.Debug:Log (object)
Desk42.BSM.Transitions.TransitionTable:Resolve (Desk42.BSM.Transitions.TransitionContext) (at Assets/_Project/Scripts/BSM/Transitions/TransitionTable.cs:62)
Desk42.Tests.EditMode.BSMTests:TransitionTable_RepeatOffender_ThreatAudit_ResolvesToLitigious () (at Assets/_Project/Tests/EditMode/BSMTests.cs:478)
System.Reflection.RuntimeMethodInfo:Invoke (object,System.Reflection.BindingFlags,System.Reflection.Binder,object[],System.Globalization.CultureInfo)
System.Reflection.MethodBase:Invoke (object,object[])
NUnit.Framework.Internal.Reflect:InvokeMethod (System.Reflection.MethodInfo,object,object[])
NUnit.Framework.Internal.MethodWrapper:Invoke (object,object[])
NUnit.Framework.Internal.Commands.TestMethodCommand:RunNonAsyncTestMethod (NUnit.Framework.Internal.ITestExecutionContext)
NUnit.Framework.Internal.Commands.TestMethodCommand:RunTestMethod (NUnit.Framework.Internal.ITestExecutionContext)
NUnit.Framework.Internal.Commands.TestMethodCommand:Execute (NUnit.Framework.Internal.ITestExecutionContext)
UnityEngine.TestTools.UnityTestMethodCommand:Execute (NUnit.Framework.Internal.ITestExecutionContext) (at ./Library/PackageCache/com.unity.test-framework@1.3.9/UnityEngine.TestRunner/NUnitExtensions/Commands/UnityTestMethodCommand.cs:16)
UnityEngine.TestRunner.NUnitExtensions.Runner.UnityLogCheckDelegatingCommand/<>c__DisplayClass2_0:<Execute>b__0 () (at ./Library/PackageCache/com.unity.test-framework@1.3.9/UnityEngine.TestRunner/NUnitExtensions/Runner/UnityLogCheckDelegatingCommand.cs:24)
UnityEngine.TestRunner.NUnitExtensions.Runner.UnityLogCheckDelegatingCommand:CaptureException (NUnit.Framework.Internal.TestResult,System.Action) (at ./Library/PackageCache/com.unity.test-framework@1.3.9/UnityEngine.TestRunner/NUnitExtensions/Runner/UnityLogCheckDelegatingCommand.cs:68)
UnityEngine.TestRunner.NUnitExtensions.Runner.UnityLogCheckDelegatingCommand:ExecuteAndCheckLog (UnityEngine.TestTools.Logging.LogScope,NUnit.Framework.Internal.TestResult,System.Action) (at ./Library/PackageCache/com.unity.test-framework@1.3.9/UnityEngine.TestRunner/NUnitExtensions/Runner/UnityLogCheckDelegatingCommand.cs:79)
UnityEngine.TestRunner.NUnitExtensions.Runner.UnityLogCheckDelegatingCommand:Execute (NUnit.Framework.Internal.ITestExecutionContext) (at ./Library/PackageCache/com.unity.test-framework@1.3.9/UnityEngine.TestRunner/NUnitExtensions/Runner/UnityLogCheckDelegatingCommand.cs:24)
UnityEngine.TestRunner.NUnitExtensions.Runner.UnityLogCheckDelegatingCommand/<ExecuteEnumerable>d__3:MoveNext () (at ./Library/PackageCache/com.unity.test-framework@1.3.9/UnityEngine.TestRunner/NUnitExtensions/Runner/UnityLogCheckDelegatingCommand.cs:35)
UnityEngine.TestTools.BeforeAfterTestCommandBase`1/<ExecuteEnumerable>d__14<NUnit.Framework.ITestAction>:MoveNext () (at ./Library/PackageCache/com.unity.test-framework@1.3.9/UnityEngine.TestRunner/NUnitExtensions/Commands/BeforeAfterTestCommandBase.cs:173)
UnityEngine.TestTools.ImmediateEnumerableCommand:Execute (NUnit.Framework.Internal.ITestExecutionContext) (at ./Library/PackageCache/com.unity.test-framework@1.3.9/UnityEngine.TestRunner/NUnitExtensions/Commands/ImmediateEnumerableCommand.cs:18)
UnityEngine.TestTools.BeforeAfterTestCommandBase`1/<ExecuteEnumerable>d__14<System.Reflection.MethodInfo>:MoveNext () (at ./Library/PackageCache/com.unity.test-framework@1.3.9/UnityEngine.TestRunner/NUnitExtensions/Commands/BeforeAfterTestCommandBase.cs:181)
UnityEngine.TestTools.BeforeAfterTestCommandBase`1/<ExecuteEnumerable>d__14<System.Reflection.MethodInfo>:MoveNext () (at ./Library/PackageCache/com.unity.test-framework@1.3.9/UnityEngine.TestRunner/NUnitExtensions/Commands/BeforeAfterTestCommandBase.cs:173)
UnityEngine.TestTools.BeforeAfterTestCommandBase`1/<ExecuteEnumerable>d__14<UnityEngine.TestTools.IOuterUnityTestAction>:MoveNext () (at ./Library/PackageCache/com.unity.test-framework@1.3.9/UnityEngine.TestRunner/NUnitExtensions/Commands/BeforeAfterTestCommandBase.cs:173)
UnityEngine.TestTools.RetryCommand/<ExecuteEnumerable>d__2:MoveNext () (at ./Library/PackageCache/com.unity.test-framework@1.3.9/UnityEngine.TestRunner/NUnitExtensions/Commands/RetryCommand.cs:37)
UnityEngine.TestTools.RepeatCommand/<ExecuteEnumerable>d__2:MoveNext () (at ./Library/PackageCache/com.unity.test-framework@1.3.9/UnityEngine.TestRunner/NUnitExtensions/Commands/RepeatCommand.cs:36)
UnityEngine.TestTools.TimeoutCommand/<ExecuteEnumerable>d__3:MoveNext () (at ./Library/PackageCache/com.unity.test-framework@1.3.9/UnityEngine.TestRunner/NUnitExtensions/Commands/TimeoutCommand.cs:33)
UnityEngine.TestTools.IgnoreTestCommand/<ExecuteEnumerable>d__3:MoveNext () (at ./Library/PackageCache/com.unity.test-framework@1.3.9/UnityEngine.TestRunner/NUnitExtensions/Commands/IgnoreTestCommand.cs:42)
UnityEngine.TestTools.StrictCheckCommand/<ExecuteEnumerable>d__2:MoveNext () (at ./Library/PackageCache/com.unity.test-framework@1.3.9/UnityEngine.TestRunner/NUnitExtensions/Commands/StrictCheckCommand.cs:29)
UnityEngine.TestRunner.NUnitExtensions.Runner.DefaultTestWorkItem/<PerformWork>d__2:MoveNext () (at ./Library/PackageCache/com.unity.test-framework@1.3.9/UnityEngine.TestRunner/NUnitExtensions/Runner/DefaultTestWorkItem.cs:50)
UnityEngine.TestRunner.NUnitExtensions.Runner.CompositeWorkItem/<RunChildren>d__16:MoveNext () (at ./Library/PackageCache/com.unity.test-framework@1.3.9/UnityEngine.TestRunner/NUnitExtensions/Runner/CompositeWorkItem.cs:197)
UnityEngine.TestRunner.NUnitExtensions.Runner.CompositeWorkItem/<PerformWork>d__12:MoveNext () (at ./Library/PackageCache/com.unity.test-framework@1.3.9/UnityEngine.TestRunner/NUnitExtensions/Runner/CompositeWorkItem.cs:76)
UnityEngine.TestRunner.NUnitExtensions.Runner.CompositeWorkItem/<RunChildren>d__16:MoveNext () (at ./Library/PackageCache/com.unity.test-framework@1.3.9/UnityEngine.TestRunner/NUnitExtensions/Runner/CompositeWorkItem.cs:197)
UnityEngine.TestRunner.NUnitExtensions.Runner.CompositeWorkItem/<PerformWork>d__12:MoveNext () (at ./Library/PackageCache/com.unity.test-framework@1.3.9/UnityEngine.TestRunner/NUnitExtensions/Runner/CompositeWorkItem.cs:76)
UnityEngine.TestRunner.NUnitExtensions.Runner.CompositeWorkItem/<RunChildren>d__16:MoveNext () (at ./Library/PackageCache/com.unity.test-framework@1.3.9/UnityEngine.TestRunner/NUnitExtensions/Runner/CompositeWorkItem.cs:197)
UnityEngine.TestRunner.NUnitExtensions.Runner.CompositeWorkItem/<PerformWork>d__12:MoveNext () (at ./Library/PackageCache/com.unity.test-framework@1.3.9/UnityEngine.TestRunner/NUnitExtensions/Runner/CompositeWorkItem.cs:76)
UnityEngine.TestRunner.NUnitExtensions.Runner.CompositeWorkItem/<RunChildren>d__16:MoveNext () (at ./Library/PackageCache/com.unity.test-framework@1.3.9/UnityEngine.TestRunner/NUnitExtensions/Runner/CompositeWorkItem.cs:197)
UnityEngine.TestRunner.NUnitExtensions.Runner.CompositeWorkItem/<PerformWork>d__12:MoveNext () (at ./Library/PackageCache/com.unity.test-framework@1.3.9/UnityEngine.TestRunner/NUnitExtensions/Runner/CompositeWorkItem.cs:76)
UnityEngine.TestRunner.NUnitExtensions.Runner.CompositeWorkItem/<RunChildren>d__16:MoveNext () (at ./Library/PackageCache/com.unity.test-framework@1.3.9/UnityEngine.TestRunner/NUnitExtensions/Runner/CompositeWorkItem.cs:197)
UnityEngine.TestRunner.NUnitExtensions.Runner.CompositeWorkItem/<PerformWork>d__12:MoveNext () (at ./Library/PackageCache/com.unity.test-framework@1.3.9/UnityEngine.TestRunner/NUnitExtensions/Runner/CompositeWorkItem.cs:76)
UnityEngine.TestRunner.NUnitExtensions.Runner.CompositeWorkItem/<RunChildren>d__16:MoveNext () (at ./Library/PackageCache/com.unity.test-framework@1.3.9/UnityEngine.TestRunner/NUnitExtensions/Runner/CompositeWorkItem.cs:197)
UnityEngine.TestRunner.NUnitExtensions.Runner.CompositeWorkItem/<PerformWork>d__12:MoveNext () (at ./Library/PackageCache/com.unity.test-framework@1.3.9/UnityEngine.TestRunner/NUnitExtensions/Runner/CompositeWorkItem.cs:76)
UnityEditor.TestTools.TestRunner.EditModeRunner:MoveNextAndUpdateYieldObject () (at ./Library/PackageCache/com.unity.test-framework@1.3.9/UnityEditor.TestRunner/TestRunner/EditModeRunner.cs:164)
UnityEditor.TestTools.TestRunner.EditModeRunner:TestConsumer (UnityEditor.TestTools.TestRunner.TestRunnerStateSerializer) (at ./Library/PackageCache/com.unity.test-framework@1.3.9/UnityEditor.TestRunner/TestRunner/EditModeRunner.cs:197)
UnityEditor.TestTools.TestRunner.TestRun.Tasks.EditModeRunTask/<Execute>d__1:MoveNext () (at ./Library/PackageCache/com.unity.test-framework@1.3.9/UnityEditor.TestRunner/TestRun/Tasks/EditModeRunTask.cs:47)
UnityEditor.TestTools.TestRunner.TestRun.TestJobRunner:ExecuteStep () (at ./Library/PackageCache/com.unity.test-framework@1.3.9/UnityEditor.TestRunner/TestRun/TestJobRunner.cs:172)
UnityEditor.TestTools.TestRunner.TestRun.TestJobRunner:ExecuteCallback () (at ./Library/PackageCache/com.unity.test-framework@1.3.9/UnityEditor.TestRunner/TestRun/TestJobRunner.cs:108)
UnityEditor.EditorApplication:Internal_CallUpdateFunctions ()

(Filename: Assets/_Project/Scripts/BSM/Transitions/TransitionTable.cs Line: 62)

[TransitionTable] Rule matched: ThreatAudit -> Litigious (P:999) -> Litigious
UnityEngine.StackTraceUtility:ExtractStackTrace ()
UnityEngine.DebugLogHandler:LogFormat (UnityEngine.LogType,UnityEngine.Object,string,object[])
UnityEngine.Logger:Log (UnityEngine.LogType,object)
UnityEngine.Debug:Log (object)
Desk42.BSM.Transitions.TransitionTable:Resolve (Desk42.BSM.Transitions.TransitionContext) (at Assets/_Project/Scripts/BSM/Transitions/TransitionTable.cs:62)
Desk42.Tests.EditMode.BSMTests:TransitionTable_RuntimeRuleOutprioritisesBase () (at Assets/_Project/Tests/EditMode/BSMTests.cs:565)
System.Reflection.RuntimeMethodInfo:Invoke (object,System.Reflection.BindingFlags,System.Reflection.Binder,object[],System.Globalization.CultureInfo)
System.Reflection.MethodBase:Invoke (object,object[])
NUnit.Framework.Internal.Reflect:InvokeMethod (System.Reflection.MethodInfo,object,object[])
NUnit.Framework.Internal.MethodWrapper:Invoke (object,object[])
NUnit.Framework.Internal.Commands.TestMethodCommand:RunNonAsyncTestMethod (NUnit.Framework.Internal.ITestExecutionContext)
NUnit.Framework.Internal.Commands.TestMethodCommand:RunTestMethod (NUnit.Framework.Internal.ITestExecutionContext)
NUnit.Framework.Internal.Commands.TestMethodCommand:Execute (NUnit.Framework.Internal.ITestExecutionContext)
UnityEngine.TestTools.UnityTestMethodCommand:Execute (NUnit.Framework.Internal.ITestExecutionContext) (at ./Library/PackageCache/com.unity.test-framework@1.3.9/UnityEngine.TestRunner/NUnitExtensions/Commands/UnityTestMethodCommand.cs:16)
UnityEngine.TestRunner.NUnitExtensions.Runner.UnityLogCheckDelegatingCommand/<>c__DisplayClass2_0:<Execute>b__0 () (at ./Library/PackageCache/com.unity.test-framework@1.3.9/UnityEngine.TestRunner/NUnitExtensions/Runner/UnityLogCheckDelegatingCommand.cs:24)
UnityEngine.TestRunner.NUnitExtensions.Runner.UnityLogCheckDelegatingCommand:CaptureException (NUnit.Framework.Internal.TestResult,System.Action) (at ./Library/PackageCache/com.unity.test-framework@1.3.9/UnityEngine.TestRunner/NUnitExtensions/Runner/UnityLogCheckDelegatingCommand.cs:68)
UnityEngine.TestRunner.NUnitExtensions.Runner.UnityLogCheckDelegatingCommand:ExecuteAndCheckLog (UnityEngine.TestTools.Logging.LogScope,NUnit.Framework.Internal.TestResult,System.Action) (at ./Library/PackageCache/com.unity.test-framework@1.3.9/UnityEngine.TestRunner/NUnitExtensions/Runner/UnityLogCheckDelegatingCommand.cs:79)
UnityEngine.TestRunner.NUnitExtensions.Runner.UnityLogCheckDelegatingCommand:Execute (NUnit.Framework.Internal.ITestExecutionContext) (at ./Library/PackageCache/com.unity.test-framework@1.3.9/UnityEngine.TestRunner/NUnitExtensions/Runner/UnityLogCheckDelegatingCommand.cs:24)
UnityEngine.TestRunner.NUnitExtensions.Runner.UnityLogCheckDelegatingCommand/<ExecuteEnumerable>d__3:MoveNext () (at ./Library/PackageCache/com.unity.test-framework@1.3.9/UnityEngine.TestRunner/NUnitExtensions/Runner/UnityLogCheckDelegatingCommand.cs:35)
UnityEngine.TestTools.BeforeAfterTestCommandBase`1/<ExecuteEnumerable>d__14<NUnit.Framework.ITestAction>:MoveNext () (at ./Library/PackageCache/com.unity.test-framework@1.3.9/UnityEngine.TestRunner/NUnitExtensions/Commands/BeforeAfterTestCommandBase.cs:173)
UnityEngine.TestTools.ImmediateEnumerableCommand:Execute (NUnit.Framework.Internal.ITestExecutionContext) (at ./Library/PackageCache/com.unity.test-framework@1.3.9/UnityEngine.TestRunner/NUnitExtensions/Commands/ImmediateEnumerableCommand.cs:18)
UnityEngine.TestTools.BeforeAfterTestCommandBase`1/<ExecuteEnumerable>d__14<System.Reflection.MethodInfo>:MoveNext () (at ./Library/PackageCache/com.unity.test-framework@1.3.9/UnityEngine.TestRunner/NUnitExtensions/Commands/BeforeAfterTestCommandBase.cs:181)
UnityEngine.TestTools.BeforeAfterTestCommandBase`1/<ExecuteEnumerable>d__14<System.Reflection.MethodInfo>:MoveNext () (at ./Library/PackageCache/com.unity.test-framework@1.3.9/UnityEngine.TestRunner/NUnitExtensions/Commands/BeforeAfterTestCommandBase.cs:173)
UnityEngine.TestTools.BeforeAfterTestCommandBase`1/<ExecuteEnumerable>d__14<UnityEngine.TestTools.IOuterUnityTestAction>:MoveNext () (at ./Library/PackageCache/com.unity.test-framework@1.3.9/UnityEngine.TestRunner/NUnitExtensions/Commands/BeforeAfterTestCommandBase.cs:173)
UnityEngine.TestTools.RetryCommand/<ExecuteEnumerable>d__2:MoveNext () (at ./Library/PackageCache/com.unity.test-framework@1.3.9/UnityEngine.TestRunner/NUnitExtensions/Commands/RetryCommand.cs:37)
UnityEngine.TestTools.RepeatCommand/<ExecuteEnumerable>d__2:MoveNext () (at ./Library/PackageCache/com.unity.test-framework@1.3.9/UnityEngine.TestRunner/NUnitExtensions/Commands/RepeatCommand.cs:36)
UnityEngine.TestTools.TimeoutCommand/<ExecuteEnumerable>d__3:MoveNext () (at ./Library/PackageCache/com.unity.test-framework@1.3.9/UnityEngine.TestRunner/NUnitExtensions/Commands/TimeoutCommand.cs:33)
UnityEngine.TestTools.IgnoreTestCommand/<ExecuteEnumerable>d__3:MoveNext () (at ./Library/PackageCache/com.unity.test-framework@1.3.9/UnityEngine.TestRunner/NUnitExtensions/Commands/IgnoreTestCommand.cs:42)
UnityEngine.TestTools.StrictCheckCommand/<ExecuteEnumerable>d__2:MoveNext () (at ./Library/PackageCache/com.unity.test-framework@1.3.9/UnityEngine.TestRunner/NUnitExtensions/Commands/StrictCheckCommand.cs:29)
UnityEngine.TestRunner.NUnitExtensions.Runner.DefaultTestWorkItem/<PerformWork>d__2:MoveNext () (at ./Library/PackageCache/com.unity.test-framework@1.3.9/UnityEngine.TestRunner/NUnitExtensions/Runner/DefaultTestWorkItem.cs:50)
UnityEngine.TestRunner.NUnitExtensions.Runner.CompositeWorkItem/<RunChildren>d__16:MoveNext () (at ./Library/PackageCache/com.unity.test-framework@1.3.9/UnityEngine.TestRunner/NUnitExtensions/Runner/CompositeWorkItem.cs:197)
UnityEngine.TestRunner.NUnitExtensions.Runner.CompositeWorkItem/<PerformWork>d__12:MoveNext () (at ./Library/PackageCache/com.unity.test-framework@1.3.9/UnityEngine.TestRunner/NUnitExtensions/Runner/CompositeWorkItem.cs:76)
UnityEngine.TestRunner.NUnitExtensions.Runner.CompositeWorkItem/<RunChildren>d__16:MoveNext () (at ./Library/PackageCache/com.unity.test-framework@1.3.9/UnityEngine.TestRunner/NUnitExtensions/Runner/CompositeWorkItem.cs:197)
UnityEngine.TestRunner.NUnitExtensions.Runner.CompositeWorkItem/<PerformWork>d__12:MoveNext () (at ./Library/PackageCache/com.unity.test-framework@1.3.9/UnityEngine.TestRunner/NUnitExtensions/Runner/CompositeWorkItem.cs:76)
UnityEngine.TestRunner.NUnitExtensions.Runner.CompositeWorkItem/<RunChildren>d__16:MoveNext () (at ./Library/PackageCache/com.unity.test-framework@1.3.9/UnityEngine.TestRunner/NUnitExtensions/Runner/CompositeWorkItem.cs:197)
UnityEngine.TestRunner.NUnitExtensions.Runner.CompositeWorkItem/<PerformWork>d__12:MoveNext () (at ./Library/PackageCache/com.unity.test-framework@1.3.9/UnityEngine.TestRunner/NUnitExtensions/Runner/CompositeWorkItem.cs:76)
UnityEngine.TestRunner.NUnitExtensions.Runner.CompositeWorkItem/<RunChildren>d__16:MoveNext () (at ./Library/PackageCache/com.unity.test-framework@1.3.9/UnityEngine.TestRunner/NUnitExtensions/Runner/CompositeWorkItem.cs:197)
UnityEngine.TestRunner.NUnitExtensions.Runner.CompositeWorkItem/<PerformWork>d__12:MoveNext () (at ./Library/PackageCache/com.unity.test-framework@1.3.9/UnityEngine.TestRunner/NUnitExtensions/Runner/CompositeWorkItem.cs:76)
UnityEngine.TestRunner.NUnitExtensions.Runner.CompositeWorkItem/<RunChildren>d__16:MoveNext () (at ./Library/PackageCache/com.unity.test-framework@1.3.9/UnityEngine.TestRunner/NUnitExtensions/Runner/CompositeWorkItem.cs:197)
UnityEngine.TestRunner.NUnitExtensions.Runner.CompositeWorkItem/<PerformWork>d__12:MoveNext () (at ./Library/PackageCache/com.unity.test-framework@1.3.9/UnityEngine.TestRunner/NUnitExtensions/Runner/CompositeWorkItem.cs:76)
UnityEngine.TestRunner.NUnitExtensions.Runner.CompositeWorkItem/<RunChildren>d__16:MoveNext () (at ./Library/PackageCache/com.unity.test-framework@1.3.9/UnityEngine.TestRunner/NUnitExtensions/Runner/CompositeWorkItem.cs:197)
UnityEngine.TestRunner.NUnitExtensions.Runner.CompositeWorkItem/<PerformWork>d__12:MoveNext () (at ./Library/PackageCache/com.unity.test-framework@1.3.9/UnityEngine.TestRunner/NUnitExtensions/Runner/CompositeWorkItem.cs:76)
UnityEditor.TestTools.TestRunner.EditModeRunner:MoveNextAndUpdateYieldObject () (at ./Library/PackageCache/com.unity.test-framework@1.3.9/UnityEditor.TestRunner/TestRunner/EditModeRunner.cs:164)
UnityEditor.TestTools.TestRunner.EditModeRunner:TestConsumer (UnityEditor.TestTools.TestRunner.TestRunnerStateSerializer) (at ./Library/PackageCache/com.unity.test-framework@1.3.9/UnityEditor.TestRunner/TestRunner/EditModeRunner.cs:197)
UnityEditor.TestTools.TestRunner.TestRun.Tasks.EditModeRunTask/<Execute>d__1:MoveNext () (at ./Library/PackageCache/com.unity.test-framework@1.3.9/UnityEditor.TestRunner/TestRun/Tasks/EditModeRunTask.cs:47)
UnityEditor.TestTools.TestRunner.TestRun.TestJobRunner:ExecuteStep () (at ./Library/PackageCache/com.unity.test-framework@1.3.9/UnityEditor.TestRunner/TestRun/TestJobRunner.cs:172)
UnityEditor.TestTools.TestRunner.TestRun.TestJobRunner:ExecuteCallback () (at ./Library/PackageCache/com.unity.test-framework@1.3.9/UnityEditor.TestRunner/TestRun/TestJobRunner.cs:108)
UnityEditor.EditorApplication:Internal_CallUpdateFunctions ()

(Filename: Assets/_Project/Scripts/BSM/Transitions/TransitionTable.cs Line: 62)

[SeedEngine] Initialised with seed 12345 (AAANB3).
UnityEngine.StackTraceUtility:ExtractStackTrace ()
UnityEngine.DebugLogHandler:LogFormat (UnityEngine.LogType,UnityEngine.Object,string,object[])
UnityEngine.Logger:Log (UnityEngine.LogType,object)
UnityEngine.Debug:Log (object)
Desk42.Core.SeedEngine:Init (int) (at Assets/_Project/Scripts/Core/SeedEngine/SeedEngine.cs:88)
Desk42.Tests.EditMode.ExpenseUnmetEventTests:SetUp () (at Assets/_Project/Tests/EditMode/ExpenseUnmetEventTests.cs:27)
System.Reflection.RuntimeMethodInfo:Invoke (object,System.Reflection.BindingFlags,System.Reflection.Binder,object[],System.Globalization.CultureInfo)
System.Reflection.MethodBase:Invoke (object,object[])
NUnit.Framework.Internal.Reflect:InvokeMethod (System.Reflection.MethodInfo,object,object[])
NUnit.Framework.Internal.Reflect:InvokeMethod (System.Reflection.MethodInfo,object)
UnityEngine.TestTools.SetUpTearDownCommand/<InvokeBefore>d__4:MoveNext () (at ./Library/PackageCache/com.unity.test-framework@1.3.9/UnityEngine.TestRunner/NUnitExtensions/Commands/SetUpTearDownCommand.cs:59)
UnityEngine.TestTools.BeforeAfterTestCommandBase`1/<ExecuteEnumerable>d__14<System.Reflection.MethodInfo>:MoveNext () (at ./Library/PackageCache/com.unity.test-framework@1.3.9/UnityEngine.TestRunner/NUnitExtensions/Commands/BeforeAfterTestCommandBase.cs:130)
UnityEngine.TestTools.BeforeAfterTestCommandBase`1/<ExecuteEnumerable>d__14<System.Reflection.MethodInfo>:MoveNext () (at ./Library/PackageCache/com.unity.test-framework@1.3.9/UnityEngine.TestRunner/NUnitExtensions/Commands/BeforeAfterTestCommandBase.cs:173)
UnityEngine.TestTools.BeforeAfterTestCommandBase`1/<ExecuteEnumerable>d__14<UnityEngine.TestTools.IOuterUnityTestAction>:MoveNext () (at ./Library/PackageCache/com.unity.test-framework@1.3.9/UnityEngine.TestRunner/NUnitExtensions/Commands/BeforeAfterTestCommandBase.cs:173)
UnityEngine.TestTools.RetryCommand/<ExecuteEnumerable>d__2:MoveNext () (at ./Library/PackageCache/com.unity.test-framework@1.3.9/UnityEngine.TestRunner/NUnitExtensions/Commands/RetryCommand.cs:37)
UnityEngine.TestTools.RepeatCommand/<ExecuteEnumerable>d__2:MoveNext () (at ./Library/PackageCache/com.unity.test-framework@1.3.9/UnityEngine.TestRunner/NUnitExtensions/Commands/RepeatCommand.cs:36)
UnityEngine.TestTools.TimeoutCommand/<ExecuteEnumerable>d__3:MoveNext () (at ./Library/PackageCache/com.unity.test-framework@1.3.9/UnityEngine.TestRunner/NUnitExtensions/Commands/TimeoutCommand.cs:33)
UnityEngine.TestTools.IgnoreTestCommand/<ExecuteEnumerable>d__3:MoveNext () (at ./Library/PackageCache/com.unity.test-framework@1.3.9/UnityEngine.TestRunner/NUnitExtensions/Commands/IgnoreTestCommand.cs:42)
UnityEngine.TestTools.StrictCheckCommand/<ExecuteEnumerable>d__2:MoveNext () (at ./Library/PackageCache/com.unity.test-framework@1.3.9/UnityEngine.TestRunner/NUnitExtensions/Commands/StrictCheckCommand.cs:29)
UnityEngine.TestRunner.NUnitExtensions.Runner.DefaultTestWorkItem/<PerformWork>d__2:MoveNext () (at ./Library/PackageCache/com.unity.test-framework@1.3.9/UnityEngine.TestRunner/NUnitExtensions/Runner/DefaultTestWorkItem.cs:50)
UnityEngine.TestRunner.NUnitExtensions.Runner.CompositeWorkItem/<RunChildren>d__16:MoveNext () (at ./Library/PackageCache/com.unity.test-framework@1.3.9/UnityEngine.TestRunner/NUnitExtensions/Runner/CompositeWorkItem.cs:197)
UnityEngine.TestRunner.NUnitExtensions.Runner.CompositeWorkItem/<PerformWork>d__12:MoveNext () (at ./Library/PackageCache/com.unity.test-framework@1.3.9/UnityEngine.TestRunner/NUnitExtensions/Runner/CompositeWorkItem.cs:76)
UnityEngine.TestRunner.NUnitExtensions.Runner.CompositeWorkItem/<RunChildren>d__16:MoveNext () (at ./Library/PackageCache/com.unity.test-framework@1.3.9/UnityEngine.TestRunner/NUnitExtensions/Runner/CompositeWorkItem.cs:197)
UnityEngine.TestRunner.NUnitExtensions.Runner.CompositeWorkItem/<PerformWork>d__12:MoveNext () (at ./Library/PackageCache/com.unity.test-framework@1.3.9/UnityEngine.TestRunner/NUnitExtensions/Runner/CompositeWorkItem.cs:76)
UnityEngine.TestRunner.NUnitExtensions.Runner.CompositeWorkItem/<RunChildren>d__16:MoveNext () (at ./Library/PackageCache/com.unity.test-framework@1.3.9/UnityEngine.TestRunner/NUnitExtensions/Runner/CompositeWorkItem.cs:197)
UnityEngine.TestRunner.NUnitExtensions.Runner.CompositeWorkItem/<PerformWork>d__12:MoveNext () (at ./Library/PackageCache/com.unity.test-framework@1.3.9/UnityEngine.TestRunner/NUnitExtensions/Runner/CompositeWorkItem.cs:76)
UnityEngine.TestRunner.NUnitExtensions.Runner.CompositeWorkItem/<RunChildren>d__16:MoveNext () (at ./Library/PackageCache/com.unity.test-framework@1.3.9/UnityEngine.TestRunner/NUnitExtensions/Runner/CompositeWorkItem.cs:197)
UnityEngine.TestRunner.NUnitExtensions.Runner.CompositeWorkItem/<PerformWork>d__12:MoveNext () (at ./Library/PackageCache/com.unity.test-framework@1.3.9/UnityEngine.TestRunner/NUnitExtensions/Runner/CompositeWorkItem.cs:76)
UnityEngine.TestRunner.NUnitExtensions.Runner.CompositeWorkItem/<RunChildren>d__16:MoveNext () (at ./Library/PackageCache/com.unity.test-framework@1.3.9/UnityEngine.TestRunner/NUnitExtensions/Runner/CompositeWorkItem.cs:197)
UnityEngine.TestRunner.NUnitExtensions.Runner.CompositeWorkItem/<PerformWork>d__12:MoveNext () (at ./Library/PackageCache/com.unity.test-framework@1.3.9/UnityEngine.TestRunner/NUnitExtensions/Runner/CompositeWorkItem.cs:76)
UnityEngine.TestRunner.NUnitExtensions.Runner.CompositeWorkItem/<RunChildren>d__16:MoveNext () (at ./Library/PackageCache/com.unity.test-framework@1.3.9/UnityEngine.TestRunner/NUnitExtensions/Runner/CompositeWorkItem.cs:197)
UnityEngine.TestRunner.NUnitExtensions.Runner.CompositeWorkItem/<PerformWork>d__12:MoveNext () (at ./Library/PackageCache/com.unity.test-framework@1.3.9/UnityEngine.TestRunner/NUnitExtensions/Runner/CompositeWorkItem.cs:76)
UnityEditor.TestTools.TestRunner.EditModeRunner:MoveNextAndUpdateYieldObject () (at ./Library/PackageCache/com.unity.test-framework@1.3.9/UnityEditor.TestRunner/TestRunner/EditModeRunner.cs:164)
UnityEditor.TestTools.TestRunner.EditModeRunner:TestConsumer (UnityEditor.TestTools.TestRunner.TestRunnerStateSerializer) (at ./Library/PackageCache/com.unity.test-framework@1.3.9/UnityEditor.TestRunner/TestRunner/EditModeRunner.cs:197)
UnityEditor.TestTools.TestRunner.TestRun.Tasks.EditModeRunTask/<Execute>d__1:MoveNext () (at ./Library/PackageCache/com.unity.test-framework@1.3.9/UnityEditor.TestRunner/TestRun/Tasks/EditModeRunTask.cs:47)
UnityEditor.TestTools.TestRunner.TestRun.TestJobRunner:ExecuteStep () (at ./Library/PackageCache/com.unity.test-framework@1.3.9/UnityEditor.TestRunner/TestRun/TestJobRunner.cs:172)
UnityEditor.TestTools.TestRunner.TestRun.TestJobRunner:ExecuteCallback () (at ./Library/PackageCache/com.unity.test-framework@1.3.9/UnityEditor.TestRunner/TestRun/TestJobRunner.cs:108)
UnityEditor.EditorApplication:Internal_CallUpdateFunctions ()

(Filename: Assets/_Project/Scripts/Core/SeedEngine/SeedEngine.cs Line: 88)

[PersonalExpenses] Cannot afford Medical Copay: ¢12 (short ¢12). Debt accumulating.
UnityEngine.StackTraceUtility:ExtractStackTrace ()
UnityEngine.DebugLogHandler:LogFormat (UnityEngine.LogType,UnityEngine.Object,string,object[])
UnityEngine.Logger:Log (UnityEngine.LogType,object)
UnityEngine.Debug:Log (object)
Desk42.Core.PersonalExpenseGenerator:ProcessEndOfShiftExpenses (Desk42.Core.RunData,Desk42.Core.MetaProgressData) (at Assets/_Project/Scripts/Core/PersonalExpenseGenerator.cs:71)
Desk42.Tests.EditMode.ExpenseUnmetEventTests:InsufficientCredits_PublishesExpenseUnmetEvent_AndAccumulatesDebt () (at Assets/_Project/Tests/EditMode/ExpenseUnmetEventTests.cs:56)
System.Reflection.RuntimeMethodInfo:Invoke (object,System.Reflection.BindingFlags,System.Reflection.Binder,object[],System.Globalization.CultureInfo)
System.Reflection.MethodBase:Invoke (object,object[])
NUnit.Framework.Internal.Reflect:InvokeMethod (System.Reflection.MethodInfo,object,object[])
NUnit.Framework.Internal.MethodWrapper:Invoke (object,object[])
NUnit.Framework.Internal.Commands.TestMethodCommand:RunNonAsyncTestMethod (NUnit.Framework.Internal.ITestExecutionContext)
NUnit.Framework.Internal.Commands.TestMethodCommand:RunTestMethod (NUnit.Framework.Internal.ITestExecutionContext)
NUnit.Framework.Internal.Commands.TestMethodCommand:Execute (NUnit.Framework.Internal.ITestExecutionContext)
UnityEngine.TestTools.UnityTestMethodCommand:Execute (NUnit.Framework.Internal.ITestExecutionContext) (at ./Library/PackageCache/com.unity.test-framework@1.3.9/UnityEngine.TestRunner/NUnitExtensions/Commands/UnityTestMethodCommand.cs:16)
UnityEngine.TestRunner.NUnitExtensions.Runner.UnityLogCheckDelegatingCommand/<>c__DisplayClass2_0:<Execute>b__0 () (at ./Library/PackageCache/com.unity.test-framework@1.3.9/UnityEngine.TestRunner/NUnitExtensions/Runner/UnityLogCheckDelegatingCommand.cs:24)
UnityEngine.TestRunner.NUnitExtensions.Runner.UnityLogCheckDelegatingCommand:CaptureException (NUnit.Framework.Internal.TestResult,System.Action) (at ./Library/PackageCache/com.unity.test-framework@1.3.9/UnityEngine.TestRunner/NUnitExtensions/Runner/UnityLogCheckDelegatingCommand.cs:68)
UnityEngine.TestRunner.NUnitExtensions.Runner.UnityLogCheckDelegatingCommand:ExecuteAndCheckLog (UnityEngine.TestTools.Logging.LogScope,NUnit.Framework.Internal.TestResult,System.Action) (at ./Library/PackageCache/com.unity.test-framework@1.3.9/UnityEngine.TestRunner/NUnitExtensions/Runner/UnityLogCheckDelegatingCommand.cs:79)
UnityEngine.TestRunner.NUnitExtensions.Runner.UnityLogCheckDelegatingCommand:Execute (NUnit.Framework.Internal.ITestExecutionContext) (at ./Library/PackageCache/com.unity.test-framework@1.3.9/UnityEngine.TestRunner/NUnitExtensions/Runner/UnityLogCheckDelegatingCommand.cs:24)
UnityEngine.TestRunner.NUnitExtensions.Runner.UnityLogCheckDelegatingCommand/<ExecuteEnumerable>d__3:MoveNext () (at ./Library/PackageCache/com.unity.test-framework@1.3.9/UnityEngine.TestRunner/NUnitExtensions/Runner/UnityLogCheckDelegatingCommand.cs:35)
UnityEngine.TestTools.BeforeAfterTestCommandBase`1/<ExecuteEnumerable>d__14<NUnit.Framework.ITestAction>:MoveNext () (at ./Library/PackageCache/com.unity.test-framework@1.3.9/UnityEngine.TestRunner/NUnitExtensions/Commands/BeforeAfterTestCommandBase.cs:173)
UnityEngine.TestTools.ImmediateEnumerableCommand:Execute (NUnit.Framework.Internal.ITestExecutionContext) (at ./Library/PackageCache/com.unity.test-framework@1.3.9/UnityEngine.TestRunner/NUnitExtensions/Commands/ImmediateEnumerableCommand.cs:18)
UnityEngine.TestTools.BeforeAfterTestCommandBase`1/<ExecuteEnumerable>d__14<System.Reflection.MethodInfo>:MoveNext () (at ./Library/PackageCache/com.unity.test-framework@1.3.9/UnityEngine.TestRunner/NUnitExtensions/Commands/BeforeAfterTestCommandBase.cs:181)
UnityEngine.TestTools.BeforeAfterTestCommandBase`1/<ExecuteEnumerable>d__14<System.Reflection.MethodInfo>:MoveNext () (at ./Library/PackageCache/com.unity.test-framework@1.3.9/UnityEngine.TestRunner/NUnitExtensions/Commands/BeforeAfterTestCommandBase.cs:173)
UnityEngine.TestTools.BeforeAfterTestCommandBase`1/<ExecuteEnumerable>d__14<UnityEngine.TestTools.IOuterUnityTestAction>:MoveNext () (at ./Library/PackageCache/com.unity.test-framework@1.3.9/UnityEngine.TestRunner/NUnitExtensions/Commands/BeforeAfterTestCommandBase.cs:173)
UnityEngine.TestTools.RetryCommand/<ExecuteEnumerable>d__2:MoveNext () (at ./Library/PackageCache/com.unity.test-framework@1.3.9/UnityEngine.TestRunner/NUnitExtensions/Commands/RetryCommand.cs:37)
UnityEngine.TestTools.RepeatCommand/<ExecuteEnumerable>d__2:MoveNext () (at ./Library/PackageCache/com.unity.test-framework@1.3.9/UnityEngine.TestRunner/NUnitExtensions/Commands/RepeatCommand.cs:36)
UnityEngine.TestTools.TimeoutCommand/<ExecuteEnumerable>d__3:MoveNext () (at ./Library/PackageCache/com.unity.test-framework@1.3.9/UnityEngine.TestRunner/NUnitExtensions/Commands/TimeoutCommand.cs:33)
UnityEngine.TestTools.IgnoreTestCommand/<ExecuteEnumerable>d__3:MoveNext () (at ./Library/PackageCache/com.unity.test-framework@1.3.9/UnityEngine.TestRunner/NUnitExtensions/Commands/IgnoreTestCommand.cs:42)
UnityEngine.TestTools.StrictCheckCommand/<ExecuteEnumerable>d__2:MoveNext () (at ./Library/PackageCache/com.unity.test-framework@1.3.9/UnityEngine.TestRunner/NUnitExtensions/Commands/StrictCheckCommand.cs:29)
UnityEngine.TestRunner.NUnitExtensions.Runner.DefaultTestWorkItem/<PerformWork>d__2:MoveNext () (at ./Library/PackageCache/com.unity.test-framework@1.3.9/UnityEngine.TestRunner/NUnitExtensions/Runner/DefaultTestWorkItem.cs:50)
UnityEngine.TestRunner.NUnitExtensions.Runner.CompositeWorkItem/<RunChildren>d__16:MoveNext () (at ./Library/PackageCache/com.unity.test-framework@1.3.9/UnityEngine.TestRunner/NUnitExtensions/Runner/CompositeWorkItem.cs:197)
UnityEngine.TestRunner.NUnitExtensions.Runner.CompositeWorkItem/<PerformWork>d__12:MoveNext () (at ./Library/PackageCache/com.unity.test-framework@1.3.9/UnityEngine.TestRunner/NUnitExtensions/Runner/CompositeWorkItem.cs:76)
UnityEngine.TestRunner.NUnitExtensions.Runner.CompositeWorkItem/<RunChildren>d__16:MoveNext () (at ./Library/PackageCache/com.unity.test-framework@1.3.9/UnityEngine.TestRunner/NUnitExtensions/Runner/CompositeWorkItem.cs:197)
UnityEngine.TestRunner.NUnitExtensions.Runner.CompositeWorkItem/<PerformWork>d__12:MoveNext () (at ./Library/PackageCache/com.unity.test-framework@1.3.9/UnityEngine.TestRunner/NUnitExtensions/Runner/CompositeWorkItem.cs:76)
UnityEngine.TestRunner.NUnitExtensions.Runner.CompositeWorkItem/<RunChildren>d__16:MoveNext () (at ./Library/PackageCache/com.unity.test-framework@1.3.9/UnityEngine.TestRunner/NUnitExtensions/Runner/CompositeWorkItem.cs:197)
UnityEngine.TestRunner.NUnitExtensions.Runner.CompositeWorkItem/<PerformWork>d__12:MoveNext () (at ./Library/PackageCache/com.unity.test-framework@1.3.9/UnityEngine.TestRunner/NUnitExtensions/Runner/CompositeWorkItem.cs:76)
UnityEngine.TestRunner.NUnitExtensions.Runner.CompositeWorkItem/<RunChildren>d__16:MoveNext () (at ./Library/PackageCache/com.unity.test-framework@1.3.9/UnityEngine.TestRunner/NUnitExtensions/Runner/CompositeWorkItem.cs:197)
UnityEngine.TestRunner.NUnitExtensions.Runner.CompositeWorkItem/<PerformWork>d__12:MoveNext () (at ./Library/PackageCache/com.unity.test-framework@1.3.9/UnityEngine.TestRunner/NUnitExtensions/Runner/CompositeWorkItem.cs:76)
UnityEngine.TestRunner.NUnitExtensions.Runner.CompositeWorkItem/<RunChildren>d__16:MoveNext () (at ./Library/PackageCache/com.unity.test-framework@1.3.9/UnityEngine.TestRunner/NUnitExtensions/Runner/CompositeWorkItem.cs:197)
UnityEngine.TestRunner.NUnitExtensions.Runner.CompositeWorkItem/<PerformWork>d__12:MoveNext () (at ./Library/PackageCache/com.unity.test-framework@1.3.9/UnityEngine.TestRunner/NUnitExtensions/Runner/CompositeWorkItem.cs:76)
UnityEngine.TestRunner.NUnitExtensions.Runner.CompositeWorkItem/<RunChildren>d__16:MoveNext () (at ./Library/PackageCache/com.unity.test-framework@1.3.9/UnityEngine.TestRunner/NUnitExtensions/Runner/CompositeWorkItem.cs:197)
UnityEngine.TestRunner.NUnitExtensions.Runner.CompositeWorkItem/<PerformWork>d__12:MoveNext () (at ./Library/PackageCache/com.unity.test-framework@1.3.9/UnityEngine.TestRunner/NUnitExtensions/Runner/CompositeWorkItem.cs:76)
UnityEditor.TestTools.TestRunner.EditModeRunner:MoveNextAndUpdateYieldObject () (at ./Library/PackageCache/com.unity.test-framework@1.3.9/UnityEditor.TestRunner/TestRunner/EditModeRunner.cs:164)
UnityEditor.TestTools.TestRunner.EditModeRunner:TestConsumer (UnityEditor.TestTools.TestRunner.TestRunnerStateSerializer) (at ./Library/PackageCache/com.unity.test-framework@1.3.9/UnityEditor.TestRunner/TestRunner/EditModeRunner.cs:197)
UnityEditor.TestTools.TestRunner.TestRun.Tasks.EditModeRunTask/<Execute>d__1:MoveNext () (at ./Library/PackageCache/com.unity.test-framework@1.3.9/UnityEditor.TestRunner/TestRun/Tasks/EditModeRunTask.cs:47)
UnityEditor.TestTools.TestRunner.TestRun.TestJobRunner:ExecuteStep () (at ./Library/PackageCache/com.unity.test-framework@1.3.9/UnityEditor.TestRunner/TestRun/TestJobRunner.cs:172)
UnityEditor.TestTools.TestRunner.TestRun.TestJobRunner:ExecuteCallback () (at ./Library/PackageCache/com.unity.test-framework@1.3.9/UnityEditor.TestRunner/TestRun/TestJobRunner.cs:108)
UnityEditor.EditorApplication:Internal_CallUpdateFunctions ()

(Filename: Assets/_Project/Scripts/Core/PersonalExpenseGenerator.cs Line: 71)

[PersonalExpenses] Cannot afford Rent: ¢18 (short ¢18). Debt accumulating.
UnityEngine.StackTraceUtility:ExtractStackTrace ()
UnityEngine.DebugLogHandler:LogFormat (UnityEngine.LogType,UnityEngine.Object,string,object[])
UnityEngine.Logger:Log (UnityEngine.LogType,object)
UnityEngine.Debug:Log (object)
Desk42.Core.PersonalExpenseGenerator:ProcessEndOfShiftExpenses (Desk42.Core.RunData,Desk42.Core.MetaProgressData) (at Assets/_Project/Scripts/Core/PersonalExpenseGenerator.cs:71)
Desk42.Tests.EditMode.ExpenseUnmetEventTests:InsufficientCredits_PublishesExpenseUnmetEvent_AndAccumulatesDebt () (at Assets/_Project/Tests/EditMode/ExpenseUnmetEventTests.cs:56)
System.Reflection.RuntimeMethodInfo:Invoke (object,System.Reflection.BindingFlags,System.Reflection.Binder,object[],System.Globalization.CultureInfo)
System.Reflection.MethodBase:Invoke (object,object[])
NUnit.Framework.Internal.Reflect:InvokeMethod (System.Reflection.MethodInfo,object,object[])
NUnit.Framework.Internal.MethodWrapper:Invoke (object,object[])
NUnit.Framework.Internal.Commands.TestMethodCommand:RunNonAsyncTestMethod (NUnit.Framework.Internal.ITestExecutionContext)
NUnit.Framework.Internal.Commands.TestMethodCommand:RunTestMethod (NUnit.Framework.Internal.ITestExecutionContext)
NUnit.Framework.Internal.Commands.TestMethodCommand:Execute (NUnit.Framework.Internal.ITestExecutionContext)
UnityEngine.TestTools.UnityTestMethodCommand:Execute (NUnit.Framework.Internal.ITestExecutionContext) (at ./Library/PackageCache/com.unity.test-framework@1.3.9/UnityEngine.TestRunner/NUnitExtensions/Commands/UnityTestMethodCommand.cs:16)
UnityEngine.TestRunner.NUnitExtensions.Runner.UnityLogCheckDelegatingCommand/<>c__DisplayClass2_0:<Execute>b__0 () (at ./Library/PackageCache/com.unity.test-framework@1.3.9/UnityEngine.TestRunner/NUnitExtensions/Runner/UnityLogCheckDelegatingCommand.cs:24)
UnityEngine.TestRunner.NUnitExtensions.Runner.UnityLogCheckDelegatingCommand:CaptureException (NUnit.Framework.Internal.TestResult,System.Action) (at ./Library/PackageCache/com.unity.test-framework@1.3.9/UnityEngine.TestRunner/NUnitExtensions/Runner/UnityLogCheckDelegatingCommand.cs:68)
UnityEngine.TestRunner.NUnitExtensions.Runner.UnityLogCheckDelegatingCommand:ExecuteAndCheckLog (UnityEngine.TestTools.Logging.LogScope,NUnit.Framework.Internal.TestResult,System.Action) (at ./Library/PackageCache/com.unity.test-framework@1.3.9/UnityEngine.TestRunner/NUnitExtensions/Runner/UnityLogCheckDelegatingCommand.cs:79)
UnityEngine.TestRunner.NUnitExtensions.Runner.UnityLogCheckDelegatingCommand:Execute (NUnit.Framework.Internal.ITestExecutionContext) (at ./Library/PackageCache/com.unity.test-framework@1.3.9/UnityEngine.TestRunner/NUnitExtensions/Runner/UnityLogCheckDelegatingCommand.cs:24)
UnityEngine.TestRunner.NUnitExtensions.Runner.UnityLogCheckDelegatingCommand/<ExecuteEnumerable>d__3:MoveNext () (at ./Library/PackageCache/com.unity.test-framework@1.3.9/UnityEngine.TestRunner/NUnitExtensions/Runner/UnityLogCheckDelegatingCommand.cs:35)
UnityEngine.TestTools.BeforeAfterTestCommandBase`1/<ExecuteEnumerable>d__14<NUnit.Framework.ITestAction>:MoveNext () (at ./Library/PackageCache/com.unity.test-framework@1.3.9/UnityEngine.TestRunner/NUnitExtensions/Commands/BeforeAfterTestCommandBase.cs:173)
UnityEngine.TestTools.ImmediateEnumerableCommand:Execute (NUnit.Framework.Internal.ITestExecutionContext) (at ./Library/PackageCache/com.unity.test-framework@1.3.9/UnityEngine.TestRunner/NUnitExtensions/Commands/ImmediateEnumerableCommand.cs:18)
UnityEngine.TestTools.BeforeAfterTestCommandBase`1/<ExecuteEnumerable>d__14<System.Reflection.MethodInfo>:MoveNext () (at ./Library/PackageCache/com.unity.test-framework@1.3.9/UnityEngine.TestRunner/NUnitExtensions/Commands/BeforeAfterTestCommandBase.cs:181)
UnityEngine.TestTools.BeforeAfterTestCommandBase`1/<ExecuteEnumerable>d__14<System.Reflection.MethodInfo>:MoveNext () (at ./Library/PackageCache/com.unity.test-framework@1.3.9/UnityEngine.TestRunner/NUnitExtensions/Commands/BeforeAfterTestCommandBase.cs:173)
UnityEngine.TestTools.BeforeAfterTestCommandBase`1/<ExecuteEnumerable>d__14<UnityEngine.TestTools.IOuterUnityTestAction>:MoveNext () (at ./Library/PackageCache/com.unity.test-framework@1.3.9/UnityEngine.TestRunner/NUnitExtensions/Commands/BeforeAfterTestCommandBase.cs:173)
UnityEngine.TestTools.RetryCommand/<ExecuteEnumerable>d__2:MoveNext () (at ./Library/PackageCache/com.unity.test-framework@1.3.9/UnityEngine.TestRunner/NUnitExtensions/Commands/RetryCommand.cs:37)
UnityEngine.TestTools.RepeatCommand/<ExecuteEnumerable>d__2:MoveNext () (at ./Library/PackageCache/com.unity.test-framework@1.3.9/UnityEngine.TestRunner/NUnitExtensions/Commands/RepeatCommand.cs:36)
UnityEngine.TestTools.TimeoutCommand/<ExecuteEnumerable>d__3:MoveNext () (at ./Library/PackageCache/com.unity.test-framework@1.3.9/UnityEngine.TestRunner/NUnitExtensions/Commands/TimeoutCommand.cs:33)
UnityEngine.TestTools.IgnoreTestCommand/<ExecuteEnumerable>d__3:MoveNext () (at ./Library/PackageCache/com.unity.test-framework@1.3.9/UnityEngine.TestRunner/NUnitExtensions/Commands/IgnoreTestCommand.cs:42)
UnityEngine.TestTools.StrictCheckCommand/<ExecuteEnumerable>d__2:MoveNext () (at ./Library/PackageCache/com.unity.test-framework@1.3.9/UnityEngine.TestRunner/NUnitExtensions/Commands/StrictCheckCommand.cs:29)
UnityEngine.TestRunner.NUnitExtensions.Runner.DefaultTestWorkItem/<PerformWork>d__2:MoveNext () (at ./Library/PackageCache/com.unity.test-framework@1.3.9/UnityEngine.TestRunner/NUnitExtensions/Runner/DefaultTestWorkItem.cs:50)
UnityEngine.TestRunner.NUnitExtensions.Runner.CompositeWorkItem/<RunChildren>d__16:MoveNext () (at ./Library/PackageCache/com.unity.test-framework@1.3.9/UnityEngine.TestRunner/NUnitExtensions/Runner/CompositeWorkItem.cs:197)
UnityEngine.TestRunner.NUnitExtensions.Runner.CompositeWorkItem/<PerformWork>d__12:MoveNext () (at ./Library/PackageCache/com.unity.test-framework@1.3.9/UnityEngine.TestRunner/NUnitExtensions/Runner/CompositeWorkItem.cs:76)
UnityEngine.TestRunner.NUnitExtensions.Runner.CompositeWorkItem/<RunChildren>d__16:MoveNext () (at ./Library/PackageCache/com.unity.test-framework@1.3.9/UnityEngine.TestRunner/NUnitExtensions/Runner/CompositeWorkItem.cs:197)
UnityEngine.TestRunner.NUnitExtensions.Runner.CompositeWorkItem/<PerformWork>d__12:MoveNext () (at ./Library/PackageCache/com.unity.test-framework@1.3.9/UnityEngine.TestRunner/NUnitExtensions/Runner/CompositeWorkItem.cs:76)
UnityEngine.TestRunner.NUnitExtensions.Runner.CompositeWorkItem/<RunChildren>d__16:MoveNext () (at ./Library/PackageCache/com.unity.test-framework@1.3.9/UnityEngine.TestRunner/NUnitExtensions/Runner/CompositeWorkItem.cs:197)
UnityEngine.TestRunner.NUnitExtensions.Runner.CompositeWorkItem/<PerformWork>d__12:MoveNext () (at ./Library/PackageCache/com.unity.test-framework@1.3.9/UnityEngine.TestRunner/NUnitExtensions/Runner/CompositeWorkItem.cs:76)
UnityEngine.TestRunner.NUnitExtensions.Runner.CompositeWorkItem/<RunChildren>d__16:MoveNext () (at ./Library/PackageCache/com.unity.test-framework@1.3.9/UnityEngine.TestRunner/NUnitExtensions/Runner/CompositeWorkItem.cs:197)
UnityEngine.TestRunner.NUnitExtensions.Runner.CompositeWorkItem/<PerformWork>d__12:MoveNext () (at ./Library/PackageCache/com.unity.test-framework@1.3.9/UnityEngine.TestRunner/NUnitExtensions/Runner/CompositeWorkItem.cs:76)
UnityEngine.TestRunner.NUnitExtensions.Runner.CompositeWorkItem/<RunChildren>d__16:MoveNext () (at ./Library/PackageCache/com.unity.test-framework@1.3.9/UnityEngine.TestRunner/NUnitExtensions/Runner/CompositeWorkItem.cs:197)
UnityEngine.TestRunner.NUnitExtensions.Runner.CompositeWorkItem/<PerformWork>d__12:MoveNext () (at ./Library/PackageCache/com.unity.test-framework@1.3.9/UnityEngine.TestRunner/NUnitExtensions/Runner/CompositeWorkItem.cs:76)
UnityEngine.TestRunner.NUnitExtensions.Runner.CompositeWorkItem/<RunChildren>d__16:MoveNext () (at ./Library/PackageCache/com.unity.test-framework@1.3.9/UnityEngine.TestRunner/NUnitExtensions/Runner/CompositeWorkItem.cs:197)
UnityEngine.TestRunner.NUnitExtensions.Runner.CompositeWorkItem/<PerformWork>d__12:MoveNext () (at ./Library/PackageCache/com.unity.test-framework@1.3.9/UnityEngine.TestRunner/NUnitExtensions/Runner/CompositeWorkItem.cs:76)
UnityEditor.TestTools.TestRunner.EditModeRunner:MoveNextAndUpdateYieldObject () (at ./Library/PackageCache/com.unity.test-framework@1.3.9/UnityEditor.TestRunner/TestRunner/EditModeRunner.cs:164)
UnityEditor.TestTools.TestRunner.EditModeRunner:TestConsumer (UnityEditor.TestTools.TestRunner.TestRunnerStateSerializer) (at ./Library/PackageCache/com.unity.test-framework@1.3.9/UnityEditor.TestRunner/TestRunner/EditModeRunner.cs:197)
UnityEditor.TestTools.TestRunner.TestRun.Tasks.EditModeRunTask/<Execute>d__1:MoveNext () (at ./Library/PackageCache/com.unity.test-framework@1.3.9/UnityEditor.TestRunner/TestRun/Tasks/EditModeRunTask.cs:47)
UnityEditor.TestTools.TestRunner.TestRun.TestJobRunner:ExecuteStep () (at ./Library/PackageCache/com.unity.test-framework@1.3.9/UnityEditor.TestRunner/TestRun/TestJobRunner.cs:172)
UnityEditor.TestTools.TestRunner.TestRun.TestJobRunner:ExecuteCallback () (at ./Library/PackageCache/com.unity.test-framework@1.3.9/UnityEditor.TestRunner/TestRun/TestJobRunner.cs:108)
UnityEditor.EditorApplication:Internal_CallUpdateFunctions ()

(Filename: Assets/_Project/Scripts/Core/PersonalExpenseGenerator.cs Line: 71)

[SeedEngine] Initialised with seed 12345 (AAANB3).
UnityEngine.StackTraceUtility:ExtractStackTrace ()
UnityEngine.DebugLogHandler:LogFormat (UnityEngine.LogType,UnityEngine.Object,string,object[])
UnityEngine.Logger:Log (UnityEngine.LogType,object)
UnityEngine.Debug:Log (object)
Desk42.Core.SeedEngine:Init (int) (at Assets/_Project/Scripts/Core/SeedEngine/SeedEngine.cs:88)
Desk42.Tests.EditMode.ExpenseUnmetEventTests:SetUp () (at Assets/_Project/Tests/EditMode/ExpenseUnmetEventTests.cs:27)
System.Reflection.RuntimeMethodInfo:Invoke (object,System.Reflection.BindingFlags,System.Reflection.Binder,object[],System.Globalization.CultureInfo)
System.Reflection.MethodBase:Invoke (object,object[])
NUnit.Framework.Internal.Reflect:InvokeMethod (System.Reflection.MethodInfo,object,object[])
NUnit.Framework.Internal.Reflect:InvokeMethod (System.Reflection.MethodInfo,object)
UnityEngine.TestTools.SetUpTearDownCommand/<InvokeBefore>d__4:MoveNext () (at ./Library/PackageCache/com.unity.test-framework@1.3.9/UnityEngine.TestRunner/NUnitExtensions/Commands/SetUpTearDownCommand.cs:59)
UnityEngine.TestTools.BeforeAfterTestCommandBase`1/<ExecuteEnumerable>d__14<System.Reflection.MethodInfo>:MoveNext () (at ./Library/PackageCache/com.unity.test-framework@1.3.9/UnityEngine.TestRunner/NUnitExtensions/Commands/BeforeAfterTestCommandBase.cs:130)
UnityEngine.TestTools.BeforeAfterTestCommandBase`1/<ExecuteEnumerable>d__14<System.Reflection.MethodInfo>:MoveNext () (at ./Library/PackageCache/com.unity.test-framework@1.3.9/UnityEngine.TestRunner/NUnitExtensions/Commands/BeforeAfterTestCommandBase.cs:173)
UnityEngine.TestTools.BeforeAfterTestCommandBase`1/<ExecuteEnumerable>d__14<UnityEngine.TestTools.IOuterUnityTestAction>:MoveNext () (at ./Library/PackageCache/com.unity.test-framework@1.3.9/UnityEngine.TestRunner/NUnitExtensions/Commands/BeforeAfterTestCommandBase.cs:173)
UnityEngine.TestTools.RetryCommand/<ExecuteEnumerable>d__2:MoveNext () (at ./Library/PackageCache/com.unity.test-framework@1.3.9/UnityEngine.TestRunner/NUnitExtensions/Commands/RetryCommand.cs:37)
UnityEngine.TestTools.RepeatCommand/<ExecuteEnumerable>d__2:MoveNext () (at ./Library/PackageCache/com.unity.test-framework@1.3.9/UnityEngine.TestRunner/NUnitExtensions/Commands/RepeatCommand.cs:36)
UnityEngine.TestTools.TimeoutCommand/<ExecuteEnumerable>d__3:MoveNext () (at ./Library/PackageCache/com.unity.test-framework@1.3.9/UnityEngine.TestRunner/NUnitExtensions/Commands/TimeoutCommand.cs:33)
UnityEngine.TestTools.IgnoreTestCommand/<ExecuteEnumerable>d__3:MoveNext () (at ./Library/PackageCache/com.unity.test-framework@1.3.9/UnityEngine.TestRunner/NUnitExtensions/Commands/IgnoreTestCommand.cs:42)
UnityEngine.TestTools.StrictCheckCommand/<ExecuteEnumerable>d__2:MoveNext () (at ./Library/PackageCache/com.unity.test-framework@1.3.9/UnityEngine.TestRunner/NUnitExtensions/Commands/StrictCheckCommand.cs:29)
UnityEngine.TestRunner.NUnitExtensions.Runner.DefaultTestWorkItem/<PerformWork>d__2:MoveNext () (at ./Library/PackageCache/com.unity.test-framework@1.3.9/UnityEngine.TestRunner/NUnitExtensions/Runner/DefaultTestWorkItem.cs:50)
UnityEngine.TestRunner.NUnitExtensions.Runner.CompositeWorkItem/<RunChildren>d__16:MoveNext () (at ./Library/PackageCache/com.unity.test-framework@1.3.9/UnityEngine.TestRunner/NUnitExtensions/Runner/CompositeWorkItem.cs:197)
UnityEngine.TestRunner.NUnitExtensions.Runner.CompositeWorkItem/<PerformWork>d__12:MoveNext () (at ./Library/PackageCache/com.unity.test-framework@1.3.9/UnityEngine.TestRunner/NUnitExtensions/Runner/CompositeWorkItem.cs:76)
UnityEngine.TestRunner.NUnitExtensions.Runner.CompositeWorkItem/<RunChildren>d__16:MoveNext () (at ./Library/PackageCache/com.unity.test-framework@1.3.9/UnityEngine.TestRunner/NUnitExtensions/Runner/CompositeWorkItem.cs:197)
UnityEngine.TestRunner.NUnitExtensions.Runner.CompositeWorkItem/<PerformWork>d__12:MoveNext () (at ./Library/PackageCache/com.unity.test-framework@1.3.9/UnityEngine.TestRunner/NUnitExtensions/Runner/CompositeWorkItem.cs:76)
UnityEngine.TestRunner.NUnitExtensions.Runner.CompositeWorkItem/<RunChildren>d__16:MoveNext () (at ./Library/PackageCache/com.unity.test-framework@1.3.9/UnityEngine.TestRunner/NUnitExtensions/Runner/CompositeWorkItem.cs:197)
UnityEngine.TestRunner.NUnitExtensions.Runner.CompositeWorkItem/<PerformWork>d__12:MoveNext () (at ./Library/PackageCache/com.unity.test-framework@1.3.9/UnityEngine.TestRunner/NUnitExtensions/Runner/CompositeWorkItem.cs:76)
UnityEngine.TestRunner.NUnitExtensions.Runner.CompositeWorkItem/<RunChildren>d__16:MoveNext () (at ./Library/PackageCache/com.unity.test-framework@1.3.9/UnityEngine.TestRunner/NUnitExtensions/Runner/CompositeWorkItem.cs:197)
UnityEngine.TestRunner.NUnitExtensions.Runner.CompositeWorkItem/<PerformWork>d__12:MoveNext () (at ./Library/PackageCache/com.unity.test-framework@1.3.9/UnityEngine.TestRunner/NUnitExtensions/Runner/CompositeWorkItem.cs:76)
UnityEngine.TestRunner.NUnitExtensions.Runner.CompositeWorkItem/<RunChildren>d__16:MoveNext () (at ./Library/PackageCache/com.unity.test-framework@1.3.9/UnityEngine.TestRunner/NUnitExtensions/Runner/CompositeWorkItem.cs:197)
UnityEngine.TestRunner.NUnitExtensions.Runner.CompositeWorkItem/<PerformWork>d__12:MoveNext () (at ./Library/PackageCache/com.unity.test-framework@1.3.9/UnityEngine.TestRunner/NUnitExtensions/Runner/CompositeWorkItem.cs:76)
UnityEngine.TestRunner.NUnitExtensions.Runner.CompositeWorkItem/<RunChildren>d__16:MoveNext () (at ./Library/PackageCache/com.unity.test-framework@1.3.9/UnityEngine.TestRunner/NUnitExtensions/Runner/CompositeWorkItem.cs:197)
UnityEngine.TestRunner.NUnitExtensions.Runner.CompositeWorkItem/<PerformWork>d__12:MoveNext () (at ./Library/PackageCache/com.unity.test-framework@1.3.9/UnityEngine.TestRunner/NUnitExtensions/Runner/CompositeWorkItem.cs:76)
UnityEditor.TestTools.TestRunner.EditModeRunner:MoveNextAndUpdateYieldObject () (at ./Library/PackageCache/com.unity.test-framework@1.3.9/UnityEditor.TestRunner/TestRunner/EditModeRunner.cs:164)
UnityEditor.TestTools.TestRunner.EditModeRunner:TestConsumer (UnityEditor.TestTools.TestRunner.TestRunnerStateSerializer) (at ./Library/PackageCache/com.unity.test-framework@1.3.9/UnityEditor.TestRunner/TestRunner/EditModeRunner.cs:197)
UnityEditor.TestTools.TestRunner.TestRun.Tasks.EditModeRunTask/<Execute>d__1:MoveNext () (at ./Library/PackageCache/com.unity.test-framework@1.3.9/UnityEditor.TestRunner/TestRun/Tasks/EditModeRunTask.cs:47)
UnityEditor.TestTools.TestRunner.TestRun.TestJobRunner:ExecuteStep () (at ./Library/PackageCache/com.unity.test-framework@1.3.9/UnityEditor.TestRunner/TestRun/TestJobRunner.cs:172)
UnityEditor.TestTools.TestRunner.TestRun.TestJobRunner:ExecuteCallback () (at ./Library/PackageCache/com.unity.test-framework@1.3.9/UnityEditor.TestRunner/TestRun/TestJobRunner.cs:108)
UnityEditor.EditorApplication:Internal_CallUpdateFunctions ()

(Filename: Assets/_Project/Scripts/Core/SeedEngine/SeedEngine.cs Line: 88)

[SeedEngine] Initialised with seed 12345 (AAANB3).
UnityEngine.StackTraceUtility:ExtractStackTrace ()
UnityEngine.DebugLogHandler:LogFormat (UnityEngine.LogType,UnityEngine.Object,string,object[])
UnityEngine.Logger:Log (UnityEngine.LogType,object)
UnityEngine.Debug:Log (object)
Desk42.Core.SeedEngine:Init (int) (at Assets/_Project/Scripts/Core/SeedEngine/SeedEngine.cs:88)
Desk42.Tests.EditMode.ExpenseUnmetEventTests:SetUp () (at Assets/_Project/Tests/EditMode/ExpenseUnmetEventTests.cs:27)
System.Reflection.RuntimeMethodInfo:Invoke (object,System.Reflection.BindingFlags,System.Reflection.Binder,object[],System.Globalization.CultureInfo)
System.Reflection.MethodBase:Invoke (object,object[])
NUnit.Framework.Internal.Reflect:InvokeMethod (System.Reflection.MethodInfo,object,object[])
NUnit.Framework.Internal.Reflect:InvokeMethod (System.Reflection.MethodInfo,object)
UnityEngine.TestTools.SetUpTearDownCommand/<InvokeBefore>d__4:MoveNext () (at ./Library/PackageCache/com.unity.test-framework@1.3.9/UnityEngine.TestRunner/NUnitExtensions/Commands/SetUpTearDownCommand.cs:59)
UnityEngine.TestTools.BeforeAfterTestCommandBase`1/<ExecuteEnumerable>d__14<System.Reflection.MethodInfo>:MoveNext () (at ./Library/PackageCache/com.unity.test-framework@1.3.9/UnityEngine.TestRunner/NUnitExtensions/Commands/BeforeAfterTestCommandBase.cs:130)
UnityEngine.TestTools.BeforeAfterTestCommandBase`1/<ExecuteEnumerable>d__14<System.Reflection.MethodInfo>:MoveNext () (at ./Library/PackageCache/com.unity.test-framework@1.3.9/UnityEngine.TestRunner/NUnitExtensions/Commands/BeforeAfterTestCommandBase.cs:173)
UnityEngine.TestTools.BeforeAfterTestCommandBase`1/<ExecuteEnumerable>d__14<UnityEngine.TestTools.IOuterUnityTestAction>:MoveNext () (at ./Library/PackageCache/com.unity.test-framework@1.3.9/UnityEngine.TestRunner/NUnitExtensions/Commands/BeforeAfterTestCommandBase.cs:173)
UnityEngine.TestTools.RetryCommand/<ExecuteEnumerable>d__2:MoveNext () (at ./Library/PackageCache/com.unity.test-framework@1.3.9/UnityEngine.TestRunner/NUnitExtensions/Commands/RetryCommand.cs:37)
UnityEngine.TestTools.RepeatCommand/<ExecuteEnumerable>d__2:MoveNext () (at ./Library/PackageCache/com.unity.test-framework@1.3.9/UnityEngine.TestRunner/NUnitExtensions/Commands/RepeatCommand.cs:36)
UnityEngine.TestTools.TimeoutCommand/<ExecuteEnumerable>d__3:MoveNext () (at ./Library/PackageCache/com.unity.test-framework@1.3.9/UnityEngine.TestRunner/NUnitExtensions/Commands/TimeoutCommand.cs:33)
UnityEngine.TestTools.IgnoreTestCommand/<ExecuteEnumerable>d__3:MoveNext () (at ./Library/PackageCache/com.unity.test-framework@1.3.9/UnityEngine.TestRunner/NUnitExtensions/Commands/IgnoreTestCommand.cs:42)
UnityEngine.TestTools.StrictCheckCommand/<ExecuteEnumerable>d__2:MoveNext () (at ./Library/PackageCache/com.unity.test-framework@1.3.9/UnityEngine.TestRunner/NUnitExtensions/Commands/StrictCheckCommand.cs:29)
UnityEngine.TestRunner.NUnitExtensions.Runner.DefaultTestWorkItem/<PerformWork>d__2:MoveNext () (at ./Library/PackageCache/com.unity.test-framework@1.3.9/UnityEngine.TestRunner/NUnitExtensions/Runner/DefaultTestWorkItem.cs:50)
UnityEngine.TestRunner.NUnitExtensions.Runner.CompositeWorkItem/<RunChildren>d__16:MoveNext () (at ./Library/PackageCache/com.unity.test-framework@1.3.9/UnityEngine.TestRunner/NUnitExtensions/Runner/CompositeWorkItem.cs:197)
UnityEngine.TestRunner.NUnitExtensions.Runner.CompositeWorkItem/<PerformWork>d__12:MoveNext () (at ./Library/PackageCache/com.unity.test-framework@1.3.9/UnityEngine.TestRunner/NUnitExtensions/Runner/CompositeWorkItem.cs:76)
UnityEngine.TestRunner.NUnitExtensions.Runner.CompositeWorkItem/<RunChildren>d__16:MoveNext () (at ./Library/PackageCache/com.unity.test-framework@1.3.9/UnityEngine.TestRunner/NUnitExtensions/Runner/CompositeWorkItem.cs:197)
UnityEngine.TestRunner.NUnitExtensions.Runner.CompositeWorkItem/<PerformWork>d__12:MoveNext () (at ./Library/PackageCache/com.unity.test-framework@1.3.9/UnityEngine.TestRunner/NUnitExtensions/Runner/CompositeWorkItem.cs:76)
UnityEngine.TestRunner.NUnitExtensions.Runner.CompositeWorkItem/<RunChildren>d__16:MoveNext () (at ./Library/PackageCache/com.unity.test-framework@1.3.9/UnityEngine.TestRunner/NUnitExtensions/Runner/CompositeWorkItem.cs:197)
UnityEngine.TestRunner.NUnitExtensions.Runner.CompositeWorkItem/<PerformWork>d__12:MoveNext () (at ./Library/PackageCache/com.unity.test-framework@1.3.9/UnityEngine.TestRunner/NUnitExtensions/Runner/CompositeWorkItem.cs:76)
UnityEngine.TestRunner.NUnitExtensions.Runner.CompositeWorkItem/<RunChildren>d__16:MoveNext () (at ./Library/PackageCache/com.unity.test-framework@1.3.9/UnityEngine.TestRunner/NUnitExtensions/Runner/CompositeWorkItem.cs:197)
UnityEngine.TestRunner.NUnitExtensions.Runner.CompositeWorkItem/<PerformWork>d__12:MoveNext () (at ./Library/PackageCache/com.unity.test-framework@1.3.9/UnityEngine.TestRunner/NUnitExtensions/Runner/CompositeWorkItem.cs:76)
UnityEngine.TestRunner.NUnitExtensions.Runner.CompositeWorkItem/<RunChildren>d__16:MoveNext () (at ./Library/PackageCache/com.unity.test-framework@1.3.9/UnityEngine.TestRunner/NUnitExtensions/Runner/CompositeWorkItem.cs:197)
UnityEngine.TestRunner.NUnitExtensions.Runner.CompositeWorkItem/<PerformWork>d__12:MoveNext () (at ./Library/PackageCache/com.unity.test-framework@1.3.9/UnityEngine.TestRunner/NUnitExtensions/Runner/CompositeWorkItem.cs:76)
UnityEngine.TestRunner.NUnitExtensions.Runner.CompositeWorkItem/<RunChildren>d__16:MoveNext () (at ./Library/PackageCache/com.unity.test-framework@1.3.9/UnityEngine.TestRunner/NUnitExtensions/Runner/CompositeWorkItem.cs:197)
UnityEngine.TestRunner.NUnitExtensions.Runner.CompositeWorkItem/<PerformWork>d__12:MoveNext () (at ./Library/PackageCache/com.unity.test-framework@1.3.9/UnityEngine.TestRunner/NUnitExtensions/Runner/CompositeWorkItem.cs:76)
UnityEditor.TestTools.TestRunner.EditModeRunner:MoveNextAndUpdateYieldObject () (at ./Library/PackageCache/com.unity.test-framework@1.3.9/UnityEditor.TestRunner/TestRunner/EditModeRunner.cs:164)
UnityEditor.TestTools.TestRunner.EditModeRunner:TestConsumer (UnityEditor.TestTools.TestRunner.TestRunnerStateSerializer) (at ./Library/PackageCache/com.unity.test-framework@1.3.9/UnityEditor.TestRunner/TestRunner/EditModeRunner.cs:197)
UnityEditor.TestTools.TestRunner.TestRun.Tasks.EditModeRunTask/<Execute>d__1:MoveNext () (at ./Library/PackageCache/com.unity.test-framework@1.3.9/UnityEditor.TestRunner/TestRun/Tasks/EditModeRunTask.cs:47)
UnityEditor.TestTools.TestRunner.TestRun.TestJobRunner:ExecuteStep () (at ./Library/PackageCache/com.unity.test-framework@1.3.9/UnityEditor.TestRunner/TestRun/TestJobRunner.cs:172)
UnityEditor.TestTools.TestRunner.TestRun.TestJobRunner:ExecuteCallback () (at ./Library/PackageCache/com.unity.test-framework@1.3.9/UnityEditor.TestRunner/TestRun/TestJobRunner.cs:108)
UnityEditor.EditorApplication:Internal_CallUpdateFunctions ()

(Filename: Assets/_Project/Scripts/Core/SeedEngine/SeedEngine.cs Line: 88)

[SeedEngine] Initialised with seed 12345 (AAANB3).
UnityEngine.StackTraceUtility:ExtractStackTrace ()
UnityEngine.DebugLogHandler:LogFormat (UnityEngine.LogType,UnityEngine.Object,string,object[])
UnityEngine.Logger:Log (UnityEngine.LogType,object)
UnityEngine.Debug:Log (object)
Desk42.Core.SeedEngine:Init (int) (at Assets/_Project/Scripts/Core/SeedEngine/SeedEngine.cs:88)
Desk42.Tests.EditMode.ExpenseUnmetEventTests:SetUp () (at Assets/_Project/Tests/EditMode/ExpenseUnmetEventTests.cs:27)
System.Reflection.RuntimeMethodInfo:Invoke (object,System.Reflection.BindingFlags,System.Reflection.Binder,object[],System.Globalization.CultureInfo)
System.Reflection.MethodBase:Invoke (object,object[])
NUnit.Framework.Internal.Reflect:InvokeMethod (System.Reflection.MethodInfo,object,object[])
NUnit.Framework.Internal.Reflect:InvokeMethod (System.Reflection.MethodInfo,object)
UnityEngine.TestTools.SetUpTearDownCommand/<InvokeBefore>d__4:MoveNext () (at ./Library/PackageCache/com.unity.test-framework@1.3.9/UnityEngine.TestRunner/NUnitExtensions/Commands/SetUpTearDownCommand.cs:59)
UnityEngine.TestTools.BeforeAfterTestCommandBase`1/<ExecuteEnumerable>d__14<System.Reflection.MethodInfo>:MoveNext () (at ./Library/PackageCache/com.unity.test-framework@1.3.9/UnityEngine.TestRunner/NUnitExtensions/Commands/BeforeAfterTestCommandBase.cs:130)
UnityEngine.TestTools.BeforeAfterTestCommandBase`1/<ExecuteEnumerable>d__14<System.Reflection.MethodInfo>:MoveNext () (at ./Library/PackageCache/com.unity.test-framework@1.3.9/UnityEngine.TestRunner/NUnitExtensions/Commands/BeforeAfterTestCommandBase.cs:173)
UnityEngine.TestTools.BeforeAfterTestCommandBase`1/<ExecuteEnumerable>d__14<UnityEngine.TestTools.IOuterUnityTestAction>:MoveNext () (at ./Library/PackageCache/com.unity.test-framework@1.3.9/UnityEngine.TestRunner/NUnitExtensions/Commands/BeforeAfterTestCommandBase.cs:173)
UnityEngine.TestTools.RetryCommand/<ExecuteEnumerable>d__2:MoveNext () (at ./Library/PackageCache/com.unity.test-framework@1.3.9/UnityEngine.TestRunner/NUnitExtensions/Commands/RetryCommand.cs:37)
UnityEngine.TestTools.RepeatCommand/<ExecuteEnumerable>d__2:MoveNext () (at ./Library/PackageCache/com.unity.test-framework@1.3.9/UnityEngine.TestRunner/NUnitExtensions/Commands/RepeatCommand.cs:36)
UnityEngine.TestTools.TimeoutCommand/<ExecuteEnumerable>d__3:MoveNext () (at ./Library/PackageCache/com.unity.test-framework@1.3.9/UnityEngine.TestRunner/NUnitExtensions/Commands/TimeoutCommand.cs:33)
UnityEngine.TestTools.IgnoreTestCommand/<ExecuteEnumerable>d__3:MoveNext () (at ./Library/PackageCache/com.unity.test-framework@1.3.9/UnityEngine.TestRunner/NUnitExtensions/Commands/IgnoreTestCommand.cs:42)
UnityEngine.TestTools.StrictCheckCommand/<ExecuteEnumerable>d__2:MoveNext () (at ./Library/PackageCache/com.unity.test-framework@1.3.9/UnityEngine.TestRunner/NUnitExtensions/Commands/StrictCheckCommand.cs:29)
UnityEngine.TestRunner.NUnitExtensions.Runner.DefaultTestWorkItem/<PerformWork>d__2:MoveNext () (at ./Library/PackageCache/com.unity.test-framework@1.3.9/UnityEngine.TestRunner/NUnitExtensions/Runner/DefaultTestWorkItem.cs:50)
UnityEngine.TestRunner.NUnitExtensions.Runner.CompositeWorkItem/<RunChildren>d__16:MoveNext () (at ./Library/PackageCache/com.unity.test-framework@1.3.9/UnityEngine.TestRunner/NUnitExtensions/Runner/CompositeWorkItem.cs:197)
UnityEngine.TestRunner.NUnitExtensions.Runner.CompositeWorkItem/<PerformWork>d__12:MoveNext () (at ./Library/PackageCache/com.unity.test-framework@1.3.9/UnityEngine.TestRunner/NUnitExtensions/Runner/CompositeWorkItem.cs:76)
UnityEngine.TestRunner.NUnitExtensions.Runner.CompositeWorkItem/<RunChildren>d__16:MoveNext () (at ./Library/PackageCache/com.unity.test-framework@1.3.9/UnityEngine.TestRunner/NUnitExtensions/Runner/CompositeWorkItem.cs:197)
UnityEngine.TestRunner.NUnitExtensions.Runner.CompositeWorkItem/<PerformWork>d__12:MoveNext () (at ./Library/PackageCache/com.unity.test-framework@1.3.9/UnityEngine.TestRunner/NUnitExtensions/Runner/CompositeWorkItem.cs:76)
UnityEngine.TestRunner.NUnitExtensions.Runner.CompositeWorkItem/<RunChildren>d__16:MoveNext () (at ./Library/PackageCache/com.unity.test-framework@1.3.9/UnityEngine.TestRunner/NUnitExtensions/Runner/CompositeWorkItem.cs:197)
UnityEngine.TestRunner.NUnitExtensions.Runner.CompositeWorkItem/<PerformWork>d__12:MoveNext () (at ./Library/PackageCache/com.unity.test-framework@1.3.9/UnityEngine.TestRunner/NUnitExtensions/Runner/CompositeWorkItem.cs:76)
UnityEngine.TestRunner.NUnitExtensions.Runner.CompositeWorkItem/<RunChildren>d__16:MoveNext () (at ./Library/PackageCache/com.unity.test-framework@1.3.9/UnityEngine.TestRunner/NUnitExtensions/Runner/CompositeWorkItem.cs:197)
UnityEngine.TestRunner.NUnitExtensions.Runner.CompositeWorkItem/<PerformWork>d__12:MoveNext () (at ./Library/PackageCache/com.unity.test-framework@1.3.9/UnityEngine.TestRunner/NUnitExtensions/Runner/CompositeWorkItem.cs:76)
UnityEngine.TestRunner.NUnitExtensions.Runner.CompositeWorkItem/<RunChildren>d__16:MoveNext () (at ./Library/PackageCache/com.unity.test-framework@1.3.9/UnityEngine.TestRunner/NUnitExtensions/Runner/CompositeWorkItem.cs:197)
UnityEngine.TestRunner.NUnitExtensions.Runner.CompositeWorkItem/<PerformWork>d__12:MoveNext () (at ./Library/PackageCache/com.unity.test-framework@1.3.9/UnityEngine.TestRunner/NUnitExtensions/Runner/CompositeWorkItem.cs:76)
UnityEngine.TestRunner.NUnitExtensions.Runner.CompositeWorkItem/<RunChildren>d__16:MoveNext () (at ./Library/PackageCache/com.unity.test-framework@1.3.9/UnityEngine.TestRunner/NUnitExtensions/Runner/CompositeWorkItem.cs:197)
UnityEngine.TestRunner.NUnitExtensions.Runner.CompositeWorkItem/<PerformWork>d__12:MoveNext () (at ./Library/PackageCache/com.unity.test-framework@1.3.9/UnityEngine.TestRunner/NUnitExtensions/Runner/CompositeWorkItem.cs:76)
UnityEditor.TestTools.TestRunner.EditModeRunner:MoveNextAndUpdateYieldObject () (at ./Library/PackageCache/com.unity.test-framework@1.3.9/UnityEditor.TestRunner/TestRunner/EditModeRunner.cs:164)
UnityEditor.TestTools.TestRunner.EditModeRunner:TestConsumer (UnityEditor.TestTools.TestRunner.TestRunnerStateSerializer) (at ./Library/PackageCache/com.unity.test-framework@1.3.9/UnityEditor.TestRunner/TestRunner/EditModeRunner.cs:197)
UnityEditor.TestTools.TestRunner.TestRun.Tasks.EditModeRunTask/<Execute>d__1:MoveNext () (at ./Library/PackageCache/com.unity.test-framework@1.3.9/UnityEditor.TestRunner/TestRun/Tasks/EditModeRunTask.cs:47)
UnityEditor.TestTools.TestRunner.TestRun.TestJobRunner:ExecuteStep () (at ./Library/PackageCache/com.unity.test-framework@1.3.9/UnityEditor.TestRunner/TestRun/TestJobRunner.cs:172)
UnityEditor.TestTools.TestRunner.TestRun.TestJobRunner:ExecuteCallback () (at ./Library/PackageCache/com.unity.test-framework@1.3.9/UnityEditor.TestRunner/TestRun/TestJobRunner.cs:108)
UnityEditor.EditorApplication:Internal_CallUpdateFunctions ()

(Filename: Assets/_Project/Scripts/Core/SeedEngine/SeedEngine.cs Line: 88)

[PersonalExpenses] Paid Medical Copay: ¢12. Remaining: ¢99988.
UnityEngine.StackTraceUtility:ExtractStackTrace ()
UnityEngine.DebugLogHandler:LogFormat (UnityEngine.LogType,UnityEngine.Object,string,object[])
UnityEngine.Logger:Log (UnityEngine.LogType,object)
UnityEngine.Debug:Log (object)
Desk42.Core.PersonalExpenseGenerator:ProcessEndOfShiftExpenses (Desk42.Core.RunData,Desk42.Core.MetaProgressData) (at Assets/_Project/Scripts/Core/PersonalExpenseGenerator.cs:57)
Desk42.Tests.EditMode.ExpenseUnmetEventTests:SufficientCredits_NeverPublishesExpenseUnmetEvent () (at Assets/_Project/Tests/EditMode/ExpenseUnmetEventTests.cs:75)
System.Reflection.RuntimeMethodInfo:Invoke (object,System.Reflection.BindingFlags,System.Reflection.Binder,object[],System.Globalization.CultureInfo)
System.Reflection.MethodBase:Invoke (object,object[])
NUnit.Framework.Internal.Reflect:InvokeMethod (System.Reflection.MethodInfo,object,object[])
NUnit.Framework.Internal.MethodWrapper:Invoke (object,object[])
NUnit.Framework.Internal.Commands.TestMethodCommand:RunNonAsyncTestMethod (NUnit.Framework.Internal.ITestExecutionContext)
NUnit.Framework.Internal.Commands.TestMethodCommand:RunTestMethod (NUnit.Framework.Internal.ITestExecutionContext)
NUnit.Framework.Internal.Commands.TestMethodCommand:Execute (NUnit.Framework.Internal.ITestExecutionContext)
UnityEngine.TestTools.UnityTestMethodCommand:Execute (NUnit.Framework.Internal.ITestExecutionContext) (at ./Library/PackageCache/com.unity.test-framework@1.3.9/UnityEngine.TestRunner/NUnitExtensions/Commands/UnityTestMethodCommand.cs:16)
UnityEngine.TestRunner.NUnitExtensions.Runner.UnityLogCheckDelegatingCommand/<>c__DisplayClass2_0:<Execute>b__0 () (at ./Library/PackageCache/com.unity.test-framework@1.3.9/UnityEngine.TestRunner/NUnitExtensions/Runner/UnityLogCheckDelegatingCommand.cs:24)
UnityEngine.TestRunner.NUnitExtensions.Runner.UnityLogCheckDelegatingCommand:CaptureException (NUnit.Framework.Internal.TestResult,System.Action) (at ./Library/PackageCache/com.unity.test-framework@1.3.9/UnityEngine.TestRunner/NUnitExtensions/Runner/UnityLogCheckDelegatingCommand.cs:68)
UnityEngine.TestRunner.NUnitExtensions.Runner.UnityLogCheckDelegatingCommand:ExecuteAndCheckLog (UnityEngine.TestTools.Logging.LogScope,NUnit.Framework.Internal.TestResult,System.Action) (at ./Library/PackageCache/com.unity.test-framework@1.3.9/UnityEngine.TestRunner/NUnitExtensions/Runner/UnityLogCheckDelegatingCommand.cs:79)
UnityEngine.TestRunner.NUnitExtensions.Runner.UnityLogCheckDelegatingCommand:Execute (NUnit.Framework.Internal.ITestExecutionContext) (at ./Library/PackageCache/com.unity.test-framework@1.3.9/UnityEngine.TestRunner/NUnitExtensions/Runner/UnityLogCheckDelegatingCommand.cs:24)
UnityEngine.TestRunner.NUnitExtensions.Runner.UnityLogCheckDelegatingCommand/<ExecuteEnumerable>d__3:MoveNext () (at ./Library/PackageCache/com.unity.test-framework@1.3.9/UnityEngine.TestRunner/NUnitExtensions/Runner/UnityLogCheckDelegatingCommand.cs:35)
UnityEngine.TestTools.BeforeAfterTestCommandBase`1/<ExecuteEnumerable>d__14<NUnit.Framework.ITestAction>:MoveNext () (at ./Library/PackageCache/com.unity.test-framework@1.3.9/UnityEngine.TestRunner/NUnitExtensions/Commands/BeforeAfterTestCommandBase.cs:173)
UnityEngine.TestTools.ImmediateEnumerableCommand:Execute (NUnit.Framework.Internal.ITestExecutionContext) (at ./Library/PackageCache/com.unity.test-framework@1.3.9/UnityEngine.TestRunner/NUnitExtensions/Commands/ImmediateEnumerableCommand.cs:18)
UnityEngine.TestTools.BeforeAfterTestCommandBase`1/<ExecuteEnumerable>d__14<System.Reflection.MethodInfo>:MoveNext () (at ./Library/PackageCache/com.unity.test-framework@1.3.9/UnityEngine.TestRunner/NUnitExtensions/Commands/BeforeAfterTestCommandBase.cs:181)
UnityEngine.TestTools.BeforeAfterTestCommandBase`1/<ExecuteEnumerable>d__14<System.Reflection.MethodInfo>:MoveNext () (at ./Library/PackageCache/com.unity.test-framework@1.3.9/UnityEngine.TestRunner/NUnitExtensions/Commands/BeforeAfterTestCommandBase.cs:173)
UnityEngine.TestTools.BeforeAfterTestCommandBase`1/<ExecuteEnumerable>d__14<UnityEngine.TestTools.IOuterUnityTestAction>:MoveNext () (at ./Library/PackageCache/com.unity.test-framework@1.3.9/UnityEngine.TestRunner/NUnitExtensions/Commands/BeforeAfterTestCommandBase.cs:173)
UnityEngine.TestTools.RetryCommand/<ExecuteEnumerable>d__2:MoveNext () (at ./Library/PackageCache/com.unity.test-framework@1.3.9/UnityEngine.TestRunner/NUnitExtensions/Commands/RetryCommand.cs:37)
UnityEngine.TestTools.RepeatCommand/<ExecuteEnumerable>d__2:MoveNext () (at ./Library/PackageCache/com.unity.test-framework@1.3.9/UnityEngine.TestRunner/NUnitExtensions/Commands/RepeatCommand.cs:36)
UnityEngine.TestTools.TimeoutCommand/<ExecuteEnumerable>d__3:MoveNext () (at ./Library/PackageCache/com.unity.test-framework@1.3.9/UnityEngine.TestRunner/NUnitExtensions/Commands/TimeoutCommand.cs:33)
UnityEngine.TestTools.IgnoreTestCommand/<ExecuteEnumerable>d__3:MoveNext () (at ./Library/PackageCache/com.unity.test-framework@1.3.9/UnityEngine.TestRunner/NUnitExtensions/Commands/IgnoreTestCommand.cs:42)
UnityEngine.TestTools.StrictCheckCommand/<ExecuteEnumerable>d__2:MoveNext () (at ./Library/PackageCache/com.unity.test-framework@1.3.9/UnityEngine.TestRunner/NUnitExtensions/Commands/StrictCheckCommand.cs:29)
UnityEngine.TestRunner.NUnitExtensions.Runner.DefaultTestWorkItem/<PerformWork>d__2:MoveNext () (at ./Library/PackageCache/com.unity.test-framework@1.3.9/UnityEngine.TestRunner/NUnitExtensions/Runner/DefaultTestWorkItem.cs:50)
UnityEngine.TestRunner.NUnitExtensions.Runner.CompositeWorkItem/<RunChildren>d__16:MoveNext () (at ./Library/PackageCache/com.unity.test-framework@1.3.9/UnityEngine.TestRunner/NUnitExtensions/Runner/CompositeWorkItem.cs:197)
UnityEngine.TestRunner.NUnitExtensions.Runner.CompositeWorkItem/<PerformWork>d__12:MoveNext () (at ./Library/PackageCache/com.unity.test-framework@1.3.9/UnityEngine.TestRunner/NUnitExtensions/Runner/CompositeWorkItem.cs:76)
UnityEngine.TestRunner.NUnitExtensions.Runner.CompositeWorkItem/<RunChildren>d__16:MoveNext () (at ./Library/PackageCache/com.unity.test-framework@1.3.9/UnityEngine.TestRunner/NUnitExtensions/Runner/CompositeWorkItem.cs:197)
UnityEngine.TestRunner.NUnitExtensions.Runner.CompositeWorkItem/<PerformWork>d__12:MoveNext () (at ./Library/PackageCache/com.unity.test-framework@1.3.9/UnityEngine.TestRunner/NUnitExtensions/Runner/CompositeWorkItem.cs:76)
UnityEngine.TestRunner.NUnitExtensions.Runner.CompositeWorkItem/<RunChildren>d__16:MoveNext () (at ./Library/PackageCache/com.unity.test-framework@1.3.9/UnityEngine.TestRunner/NUnitExtensions/Runner/CompositeWorkItem.cs:197)
UnityEngine.TestRunner.NUnitExtensions.Runner.CompositeWorkItem/<PerformWork>d__12:MoveNext () (at ./Library/PackageCache/com.unity.test-framework@1.3.9/UnityEngine.TestRunner/NUnitExtensions/Runner/CompositeWorkItem.cs:76)
UnityEngine.TestRunner.NUnitExtensions.Runner.CompositeWorkItem/<RunChildren>d__16:MoveNext () (at ./Library/PackageCache/com.unity.test-framework@1.3.9/UnityEngine.TestRunner/NUnitExtensions/Runner/CompositeWorkItem.cs:197)
UnityEngine.TestRunner.NUnitExtensions.Runner.CompositeWorkItem/<PerformWork>d__12:MoveNext () (at ./Library/PackageCache/com.unity.test-framework@1.3.9/UnityEngine.TestRunner/NUnitExtensions/Runner/CompositeWorkItem.cs:76)
UnityEngine.TestRunner.NUnitExtensions.Runner.CompositeWorkItem/<RunChildren>d__16:MoveNext () (at ./Library/PackageCache/com.unity.test-framework@1.3.9/UnityEngine.TestRunner/NUnitExtensions/Runner/CompositeWorkItem.cs:197)
UnityEngine.TestRunner.NUnitExtensions.Runner.CompositeWorkItem/<PerformWork>d__12:MoveNext () (at ./Library/PackageCache/com.unity.test-framework@1.3.9/UnityEngine.TestRunner/NUnitExtensions/Runner/CompositeWorkItem.cs:76)
UnityEngine.TestRunner.NUnitExtensions.Runner.CompositeWorkItem/<RunChildren>d__16:MoveNext () (at ./Library/PackageCache/com.unity.test-framework@1.3.9/UnityEngine.TestRunner/NUnitExtensions/Runner/CompositeWorkItem.cs:197)
UnityEngine.TestRunner.NUnitExtensions.Runner.CompositeWorkItem/<PerformWork>d__12:MoveNext () (at ./Library/PackageCache/com.unity.test-framework@1.3.9/UnityEngine.TestRunner/NUnitExtensions/Runner/CompositeWorkItem.cs:76)
UnityEditor.TestTools.TestRunner.EditModeRunner:MoveNextAndUpdateYieldObject () (at ./Library/PackageCache/com.unity.test-framework@1.3.9/UnityEditor.TestRunner/TestRunner/EditModeRunner.cs:164)
UnityEditor.TestTools.TestRunner.EditModeRunner:TestConsumer (UnityEditor.TestTools.TestRunner.TestRunnerStateSerializer) (at ./Library/PackageCache/com.unity.test-framework@1.3.9/UnityEditor.TestRunner/TestRunner/EditModeRunner.cs:197)
UnityEditor.TestTools.TestRunner.TestRun.Tasks.EditModeRunTask/<Execute>d__1:MoveNext () (at ./Library/PackageCache/com.unity.test-framework@1.3.9/UnityEditor.TestRunner/TestRun/Tasks/EditModeRunTask.cs:47)
UnityEditor.TestTools.TestRunner.TestRun.TestJobRunner:ExecuteStep () (at ./Library/PackageCache/com.unity.test-framework@1.3.9/UnityEditor.TestRunner/TestRun/TestJobRunner.cs:172)
UnityEditor.TestTools.TestRunner.TestRun.TestJobRunner:ExecuteCallback () (at ./Library/PackageCache/com.unity.test-framework@1.3.9/UnityEditor.TestRunner/TestRun/TestJobRunner.cs:108)
UnityEditor.EditorApplication:Internal_CallUpdateFunctions ()

(Filename: Assets/_Project/Scripts/Core/PersonalExpenseGenerator.cs Line: 57)

[PersonalExpenses] Paid Rent: ¢18. Remaining: ¢99970.
UnityEngine.StackTraceUtility:ExtractStackTrace ()
UnityEngine.DebugLogHandler:LogFormat (UnityEngine.LogType,UnityEngine.Object,string,object[])
UnityEngine.Logger:Log (UnityEngine.LogType,object)
UnityEngine.Debug:Log (object)
Desk42.Core.PersonalExpenseGenerator:ProcessEndOfShiftExpenses (Desk42.Core.RunData,Desk42.Core.MetaProgressData) (at Assets/_Project/Scripts/Core/PersonalExpenseGenerator.cs:57)
Desk42.Tests.EditMode.ExpenseUnmetEventTests:SufficientCredits_NeverPublishesExpenseUnmetEvent () (at Assets/_Project/Tests/EditMode/ExpenseUnmetEventTests.cs:75)
System.Reflection.RuntimeMethodInfo:Invoke (object,System.Reflection.BindingFlags,System.Reflection.Binder,object[],System.Globalization.CultureInfo)
System.Reflection.MethodBase:Invoke (object,object[])
NUnit.Framework.Internal.Reflect:InvokeMethod (System.Reflection.MethodInfo,object,object[])
NUnit.Framework.Internal.MethodWrapper:Invoke (object,object[])
NUnit.Framework.Internal.Commands.TestMethodCommand:RunNonAsyncTestMethod (NUnit.Framework.Internal.ITestExecutionContext)
NUnit.Framework.Internal.Commands.TestMethodCommand:RunTestMethod (NUnit.Framework.Internal.ITestExecutionContext)
NUnit.Framework.Internal.Commands.TestMethodCommand:Execute (NUnit.Framework.Internal.ITestExecutionContext)
UnityEngine.TestTools.UnityTestMethodCommand:Execute (NUnit.Framework.Internal.ITestExecutionContext) (at ./Library/PackageCache/com.unity.test-framework@1.3.9/UnityEngine.TestRunner/NUnitExtensions/Commands/UnityTestMethodCommand.cs:16)
UnityEngine.TestRunner.NUnitExtensions.Runner.UnityLogCheckDelegatingCommand/<>c__DisplayClass2_0:<Execute>b__0 () (at ./Library/PackageCache/com.unity.test-framework@1.3.9/UnityEngine.TestRunner/NUnitExtensions/Runner/UnityLogCheckDelegatingCommand.cs:24)
UnityEngine.TestRunner.NUnitExtensions.Runner.UnityLogCheckDelegatingCommand:CaptureException (NUnit.Framework.Internal.TestResult,System.Action) (at ./Library/PackageCache/com.unity.test-framework@1.3.9/UnityEngine.TestRunner/NUnitExtensions/Runner/UnityLogCheckDelegatingCommand.cs:68)
UnityEngine.TestRunner.NUnitExtensions.Runner.UnityLogCheckDelegatingCommand:ExecuteAndCheckLog (UnityEngine.TestTools.Logging.LogScope,NUnit.Framework.Internal.TestResult,System.Action) (at ./Library/PackageCache/com.unity.test-framework@1.3.9/UnityEngine.TestRunner/NUnitExtensions/Runner/UnityLogCheckDelegatingCommand.cs:79)
UnityEngine.TestRunner.NUnitExtensions.Runner.UnityLogCheckDelegatingCommand:Execute (NUnit.Framework.Internal.ITestExecutionContext) (at ./Library/PackageCache/com.unity.test-framework@1.3.9/UnityEngine.TestRunner/NUnitExtensions/Runner/UnityLogCheckDelegatingCommand.cs:24)
UnityEngine.TestRunner.NUnitExtensions.Runner.UnityLogCheckDelegatingCommand/<ExecuteEnumerable>d__3:MoveNext () (at ./Library/PackageCache/com.unity.test-framework@1.3.9/UnityEngine.TestRunner/NUnitExtensions/Runner/UnityLogCheckDelegatingCommand.cs:35)
UnityEngine.TestTools.BeforeAfterTestCommandBase`1/<ExecuteEnumerable>d__14<NUnit.Framework.ITestAction>:MoveNext () (at ./Library/PackageCache/com.unity.test-framework@1.3.9/UnityEngine.TestRunner/NUnitExtensions/Commands/BeforeAfterTestCommandBase.cs:173)
UnityEngine.TestTools.ImmediateEnumerableCommand:Execute (NUnit.Framework.Internal.ITestExecutionContext) (at ./Library/PackageCache/com.unity.test-framework@1.3.9/UnityEngine.TestRunner/NUnitExtensions/Commands/ImmediateEnumerableCommand.cs:18)
UnityEngine.TestTools.BeforeAfterTestCommandBase`1/<ExecuteEnumerable>d__14<System.Reflection.MethodInfo>:MoveNext () (at ./Library/PackageCache/com.unity.test-framework@1.3.9/UnityEngine.TestRunner/NUnitExtensions/Commands/BeforeAfterTestCommandBase.cs:181)
UnityEngine.TestTools.BeforeAfterTestCommandBase`1/<ExecuteEnumerable>d__14<System.Reflection.MethodInfo>:MoveNext () (at ./Library/PackageCache/com.unity.test-framework@1.3.9/UnityEngine.TestRunner/NUnitExtensions/Commands/BeforeAfterTestCommandBase.cs:173)
UnityEngine.TestTools.BeforeAfterTestCommandBase`1/<ExecuteEnumerable>d__14<UnityEngine.TestTools.IOuterUnityTestAction>:MoveNext () (at ./Library/PackageCache/com.unity.test-framework@1.3.9/UnityEngine.TestRunner/NUnitExtensions/Commands/BeforeAfterTestCommandBase.cs:173)
UnityEngine.TestTools.RetryCommand/<ExecuteEnumerable>d__2:MoveNext () (at ./Library/PackageCache/com.unity.test-framework@1.3.9/UnityEngine.TestRunner/NUnitExtensions/Commands/RetryCommand.cs:37)
UnityEngine.TestTools.RepeatCommand/<ExecuteEnumerable>d__2:MoveNext () (at ./Library/PackageCache/com.unity.test-framework@1.3.9/UnityEngine.TestRunner/NUnitExtensions/Commands/RepeatCommand.cs:36)
UnityEngine.TestTools.TimeoutCommand/<ExecuteEnumerable>d__3:MoveNext () (at ./Library/PackageCache/com.unity.test-framework@1.3.9/UnityEngine.TestRunner/NUnitExtensions/Commands/TimeoutCommand.cs:33)
UnityEngine.TestTools.IgnoreTestCommand/<ExecuteEnumerable>d__3:MoveNext () (at ./Library/PackageCache/com.unity.test-framework@1.3.9/UnityEngine.TestRunner/NUnitExtensions/Commands/IgnoreTestCommand.cs:42)
UnityEngine.TestTools.StrictCheckCommand/<ExecuteEnumerable>d__2:MoveNext () (at ./Library/PackageCache/com.unity.test-framework@1.3.9/UnityEngine.TestRunner/NUnitExtensions/Commands/StrictCheckCommand.cs:29)
UnityEngine.TestRunner.NUnitExtensions.Runner.DefaultTestWorkItem/<PerformWork>d__2:MoveNext () (at ./Library/PackageCache/com.unity.test-framework@1.3.9/UnityEngine.TestRunner/NUnitExtensions/Runner/DefaultTestWorkItem.cs:50)
UnityEngine.TestRunner.NUnitExtensions.Runner.CompositeWorkItem/<RunChildren>d__16:MoveNext () (at ./Library/PackageCache/com.unity.test-framework@1.3.9/UnityEngine.TestRunner/NUnitExtensions/Runner/CompositeWorkItem.cs:197)
UnityEngine.TestRunner.NUnitExtensions.Runner.CompositeWorkItem/<PerformWork>d__12:MoveNext () (at ./Library/PackageCache/com.unity.test-framework@1.3.9/UnityEngine.TestRunner/NUnitExtensions/Runner/CompositeWorkItem.cs:76)
UnityEngine.TestRunner.NUnitExtensions.Runner.CompositeWorkItem/<RunChildren>d__16:MoveNext () (at ./Library/PackageCache/com.unity.test-framework@1.3.9/UnityEngine.TestRunner/NUnitExtensions/Runner/CompositeWorkItem.cs:197)
UnityEngine.TestRunner.NUnitExtensions.Runner.CompositeWorkItem/<PerformWork>d__12:MoveNext () (at ./Library/PackageCache/com.unity.test-framework@1.3.9/UnityEngine.TestRunner/NUnitExtensions/Runner/CompositeWorkItem.cs:76)
UnityEngine.TestRunner.NUnitExtensions.Runner.CompositeWorkItem/<RunChildren>d__16:MoveNext () (at ./Library/PackageCache/com.unity.test-framework@1.3.9/UnityEngine.TestRunner/NUnitExtensions/Runner/CompositeWorkItem.cs:197)
UnityEngine.TestRunner.NUnitExtensions.Runner.CompositeWorkItem/<PerformWork>d__12:MoveNext () (at ./Library/PackageCache/com.unity.test-framework@1.3.9/UnityEngine.TestRunner/NUnitExtensions/Runner/CompositeWorkItem.cs:76)
UnityEngine.TestRunner.NUnitExtensions.Runner.CompositeWorkItem/<RunChildren>d__16:MoveNext () (at ./Library/PackageCache/com.unity.test-framework@1.3.9/UnityEngine.TestRunner/NUnitExtensions/Runner/CompositeWorkItem.cs:197)
UnityEngine.TestRunner.NUnitExtensions.Runner.CompositeWorkItem/<PerformWork>d__12:MoveNext () (at ./Library/PackageCache/com.unity.test-framework@1.3.9/UnityEngine.TestRunner/NUnitExtensions/Runner/CompositeWorkItem.cs:76)
UnityEngine.TestRunner.NUnitExtensions.Runner.CompositeWorkItem/<RunChildren>d__16:MoveNext () (at ./Library/PackageCache/com.unity.test-framework@1.3.9/UnityEngine.TestRunner/NUnitExtensions/Runner/CompositeWorkItem.cs:197)
UnityEngine.TestRunner.NUnitExtensions.Runner.CompositeWorkItem/<PerformWork>d__12:MoveNext () (at ./Library/PackageCache/com.unity.test-framework@1.3.9/UnityEngine.TestRunner/NUnitExtensions/Runner/CompositeWorkItem.cs:76)
UnityEngine.TestRunner.NUnitExtensions.Runner.CompositeWorkItem/<RunChildren>d__16:MoveNext () (at ./Library/PackageCache/com.unity.test-framework@1.3.9/UnityEngine.TestRunner/NUnitExtensions/Runner/CompositeWorkItem.cs:197)
UnityEngine.TestRunner.NUnitExtensions.Runner.CompositeWorkItem/<PerformWork>d__12:MoveNext () (at ./Library/PackageCache/com.unity.test-framework@1.3.9/UnityEngine.TestRunner/NUnitExtensions/Runner/CompositeWorkItem.cs:76)
UnityEditor.TestTools.TestRunner.EditModeRunner:MoveNextAndUpdateYieldObject () (at ./Library/PackageCache/com.unity.test-framework@1.3.9/UnityEditor.TestRunner/TestRunner/EditModeRunner.cs:164)
UnityEditor.TestTools.TestRunner.EditModeRunner:TestConsumer (UnityEditor.TestTools.TestRunner.TestRunnerStateSerializer) (at ./Library/PackageCache/com.unity.test-framework@1.3.9/UnityEditor.TestRunner/TestRunner/EditModeRunner.cs:197)
UnityEditor.TestTools.TestRunner.TestRun.Tasks.EditModeRunTask/<Execute>d__1:MoveNext () (at ./Library/PackageCache/com.unity.test-framework@1.3.9/UnityEditor.TestRunner/TestRun/Tasks/EditModeRunTask.cs:47)
UnityEditor.TestTools.TestRunner.TestRun.TestJobRunner:ExecuteStep () (at ./Library/PackageCache/com.unity.test-framework@1.3.9/UnityEditor.TestRunner/TestRun/TestJobRunner.cs:172)
UnityEditor.TestTools.TestRunner.TestRun.TestJobRunner:ExecuteCallback () (at ./Library/PackageCache/com.unity.test-framework@1.3.9/UnityEditor.TestRunner/TestRun/TestJobRunner.cs:108)
UnityEditor.EditorApplication:Internal_CallUpdateFunctions ()

(Filename: Assets/_Project/Scripts/Core/PersonalExpenseGenerator.cs Line: 57)

[SeedEngine] Initialised with seed 9090 (AAAJ6C).
UnityEngine.StackTraceUtility:ExtractStackTrace ()
UnityEngine.DebugLogHandler:LogFormat (UnityEngine.LogType,UnityEngine.Object,string,object[])
UnityEngine.Logger:Log (UnityEngine.LogType,object)
UnityEngine.Debug:Log (object)
Desk42.Core.SeedEngine:Init (int) (at Assets/_Project/Scripts/Core/SeedEngine/SeedEngine.cs:88)
Desk42.Tests.EditMode.InstitutionalAgentSimulationTests:Simulation_SameSeedAndInputs_ProducesIdenticalDecisionTrace () (at Assets/_Project/Tests/EditMode/InstitutionalAgentSimulationTests.cs:55)
System.Reflection.RuntimeMethodInfo:Invoke (object,System.Reflection.BindingFlags,System.Reflection.Binder,object[],System.Globalization.CultureInfo)
System.Reflection.MethodBase:Invoke (object,object[])
NUnit.Framework.Internal.Reflect:InvokeMethod (System.Reflection.MethodInfo,object,object[])
NUnit.Framework.Internal.MethodWrapper:Invoke (object,object[])
NUnit.Framework.Internal.Commands.TestMethodCommand:RunNonAsyncTestMethod (NUnit.Framework.Internal.ITestExecutionContext)
NUnit.Framework.Internal.Commands.TestMethodCommand:RunTestMethod (NUnit.Framework.Internal.ITestExecutionContext)
NUnit.Framework.Internal.Commands.TestMethodCommand:Execute (NUnit.Framework.Internal.ITestExecutionContext)
UnityEngine.TestTools.UnityTestMethodCommand:Execute (NUnit.Framework.Internal.ITestExecutionContext) (at ./Library/PackageCache/com.unity.test-framework@1.3.9/UnityEngine.TestRunner/NUnitExtensions/Commands/UnityTestMethodCommand.cs:16)
UnityEngine.TestRunner.NUnitExtensions.Runner.UnityLogCheckDelegatingCommand/<>c__DisplayClass2_0:<Execute>b__0 () (at ./Library/PackageCache/com.unity.test-framework@1.3.9/UnityEngine.TestRunner/NUnitExtensions/Runner/UnityLogCheckDelegatingCommand.cs:24)
UnityEngine.TestRunner.NUnitExtensions.Runner.UnityLogCheckDelegatingCommand:CaptureException (NUnit.Framework.Internal.TestResult,System.Action) (at ./Library/PackageCache/com.unity.test-framework@1.3.9/UnityEngine.TestRunner/NUnitExtensions/Runner/UnityLogCheckDelegatingCommand.cs:68)
UnityEngine.TestRunner.NUnitExtensions.Runner.UnityLogCheckDelegatingCommand:ExecuteAndCheckLog (UnityEngine.TestTools.Logging.LogScope,NUnit.Framework.Internal.TestResult,System.Action) (at ./Library/PackageCache/com.unity.test-framework@1.3.9/UnityEngine.TestRunner/NUnitExtensions/Runner/UnityLogCheckDelegatingCommand.cs:79)
UnityEngine.TestRunner.NUnitExtensions.Runner.UnityLogCheckDelegatingCommand:Execute (NUnit.Framework.Internal.ITestExecutionContext) (at ./Library/PackageCache/com.unity.test-framework@1.3.9/UnityEngine.TestRunner/NUnitExtensions/Runner/UnityLogCheckDelegatingCommand.cs:24)
UnityEngine.TestRunner.NUnitExtensions.Runner.UnityLogCheckDelegatingCommand/<ExecuteEnumerable>d__3:MoveNext () (at ./Library/PackageCache/com.unity.test-framework@1.3.9/UnityEngine.TestRunner/NUnitExtensions/Runner/UnityLogCheckDelegatingCommand.cs:35)
UnityEngine.TestTools.BeforeAfterTestCommandBase`1/<ExecuteEnumerable>d__14<NUnit.Framework.ITestAction>:MoveNext () (at ./Library/PackageCache/com.unity.test-framework@1.3.9/UnityEngine.TestRunner/NUnitExtensions/Commands/BeforeAfterTestCommandBase.cs:173)
UnityEngine.TestTools.ImmediateEnumerableCommand:Execute (NUnit.Framework.Internal.ITestExecutionContext) (at ./Library/PackageCache/com.unity.test-framework@1.3.9/UnityEngine.TestRunner/NUnitExtensions/Commands/ImmediateEnumerableCommand.cs:18)
UnityEngine.TestTools.BeforeAfterTestCommandBase`1/<ExecuteEnumerable>d__14<System.Reflection.MethodInfo>:MoveNext () (at ./Library/PackageCache/com.unity.test-framework@1.3.9/UnityEngine.TestRunner/NUnitExtensions/Commands/BeforeAfterTestCommandBase.cs:181)
UnityEngine.TestTools.BeforeAfterTestCommandBase`1/<ExecuteEnumerable>d__14<System.Reflection.MethodInfo>:MoveNext () (at ./Library/PackageCache/com.unity.test-framework@1.3.9/UnityEngine.TestRunner/NUnitExtensions/Commands/BeforeAfterTestCommandBase.cs:173)
UnityEngine.TestTools.BeforeAfterTestCommandBase`1/<ExecuteEnumerable>d__14<UnityEngine.TestTools.IOuterUnityTestAction>:MoveNext () (at ./Library/PackageCache/com.unity.test-framework@1.3.9/UnityEngine.TestRunner/NUnitExtensions/Commands/BeforeAfterTestCommandBase.cs:173)
UnityEngine.TestTools.RetryCommand/<ExecuteEnumerable>d__2:MoveNext () (at ./Library/PackageCache/com.unity.test-framework@1.3.9/UnityEngine.TestRunner/NUnitExtensions/Commands/RetryCommand.cs:37)
UnityEngine.TestTools.RepeatCommand/<ExecuteEnumerable>d__2:MoveNext () (at ./Library/PackageCache/com.unity.test-framework@1.3.9/UnityEngine.TestRunner/NUnitExtensions/Commands/RepeatCommand.cs:36)
UnityEngine.TestTools.TimeoutCommand/<ExecuteEnumerable>d__3:MoveNext () (at ./Library/PackageCache/com.unity.test-framework@1.3.9/UnityEngine.TestRunner/NUnitExtensions/Commands/TimeoutCommand.cs:33)
UnityEngine.TestTools.IgnoreTestCommand/<ExecuteEnumerable>d__3:MoveNext () (at ./Library/PackageCache/com.unity.test-framework@1.3.9/UnityEngine.TestRunner/NUnitExtensions/Commands/IgnoreTestCommand.cs:42)
UnityEngine.TestTools.StrictCheckCommand/<ExecuteEnumerable>d__2:MoveNext () (at ./Library/PackageCache/com.unity.test-framework@1.3.9/UnityEngine.TestRunner/NUnitExtensions/Commands/StrictCheckCommand.cs:29)
UnityEngine.TestRunner.NUnitExtensions.Runner.DefaultTestWorkItem/<PerformWork>d__2:MoveNext () (at ./Library/PackageCache/com.unity.test-framework@1.3.9/UnityEngine.TestRunner/NUnitExtensions/Runner/DefaultTestWorkItem.cs:50)
UnityEngine.TestRunner.NUnitExtensions.Runner.CompositeWorkItem/<RunChildren>d__16:MoveNext () (at ./Library/PackageCache/com.unity.test-framework@1.3.9/UnityEngine.TestRunner/NUnitExtensions/Runner/CompositeWorkItem.cs:197)
UnityEngine.TestRunner.NUnitExtensions.Runner.CompositeWorkItem/<PerformWork>d__12:MoveNext () (at ./Library/PackageCache/com.unity.test-framework@1.3.9/UnityEngine.TestRunner/NUnitExtensions/Runner/CompositeWorkItem.cs:76)
UnityEngine.TestRunner.NUnitExtensions.Runner.CompositeWorkItem/<RunChildren>d__16:MoveNext () (at ./Library/PackageCache/com.unity.test-framework@1.3.9/UnityEngine.TestRunner/NUnitExtensions/Runner/CompositeWorkItem.cs:197)
UnityEngine.TestRunner.NUnitExtensions.Runner.CompositeWorkItem/<PerformWork>d__12:MoveNext () (at ./Library/PackageCache/com.unity.test-framework@1.3.9/UnityEngine.TestRunner/NUnitExtensions/Runner/CompositeWorkItem.cs:76)
UnityEngine.TestRunner.NUnitExtensions.Runner.CompositeWorkItem/<RunChildren>d__16:MoveNext () (at ./Library/PackageCache/com.unity.test-framework@1.3.9/UnityEngine.TestRunner/NUnitExtensions/Runner/CompositeWorkItem.cs:197)
UnityEngine.TestRunner.NUnitExtensions.Runner.CompositeWorkItem/<PerformWork>d__12:MoveNext () (at ./Library/PackageCache/com.unity.test-framework@1.3.9/UnityEngine.TestRunner/NUnitExtensions/Runner/CompositeWorkItem.cs:76)
UnityEngine.TestRunner.NUnitExtensions.Runner.CompositeWorkItem/<RunChildren>d__16:MoveNext () (at ./Library/PackageCache/com.unity.test-framework@1.3.9/UnityEngine.TestRunner/NUnitExtensions/Runner/CompositeWorkItem.cs:197)
UnityEngine.TestRunner.NUnitExtensions.Runner.CompositeWorkItem/<PerformWork>d__12:MoveNext () (at ./Library/PackageCache/com.unity.test-framework@1.3.9/UnityEngine.TestRunner/NUnitExtensions/Runner/CompositeWorkItem.cs:76)
UnityEngine.TestRunner.NUnitExtensions.Runner.CompositeWorkItem/<RunChildren>d__16:MoveNext () (at ./Library/PackageCache/com.unity.test-framework@1.3.9/UnityEngine.TestRunner/NUnitExtensions/Runner/CompositeWorkItem.cs:197)
UnityEngine.TestRunner.NUnitExtensions.Runner.CompositeWorkItem/<PerformWork>d__12:MoveNext () (at ./Library/PackageCache/com.unity.test-framework@1.3.9/UnityEngine.TestRunner/NUnitExtensions/Runner/CompositeWorkItem.cs:76)
UnityEngine.TestRunner.NUnitExtensions.Runner.CompositeWorkItem/<RunChildren>d__16:MoveNext () (at ./Library/PackageCache/com.unity.test-framework@1.3.9/UnityEngine.TestRunner/NUnitExtensions/Runner/CompositeWorkItem.cs:197)
UnityEngine.TestRunner.NUnitExtensions.Runner.CompositeWorkItem/<PerformWork>d__12:MoveNext () (at ./Library/PackageCache/com.unity.test-framework@1.3.9/UnityEngine.TestRunner/NUnitExtensions/Runner/CompositeWorkItem.cs:76)
UnityEditor.TestTools.TestRunner.EditModeRunner:MoveNextAndUpdateYieldObject () (at ./Library/PackageCache/com.unity.test-framework@1.3.9/UnityEditor.TestRunner/TestRunner/EditModeRunner.cs:164)
UnityEditor.TestTools.TestRunner.EditModeRunner:TestConsumer (UnityEditor.TestTools.TestRunner.TestRunnerStateSerializer) (at ./Library/PackageCache/com.unity.test-framework@1.3.9/UnityEditor.TestRunner/TestRunner/EditModeRunner.cs:197)
UnityEditor.TestTools.TestRunner.TestRun.Tasks.EditModeRunTask/<Execute>d__1:MoveNext () (at ./Library/PackageCache/com.unity.test-framework@1.3.9/UnityEditor.TestRunner/TestRun/Tasks/EditModeRunTask.cs:47)
UnityEditor.TestTools.TestRunner.TestRun.TestJobRunner:ExecuteStep () (at ./Library/PackageCache/com.unity.test-framework@1.3.9/UnityEditor.TestRunner/TestRun/TestJobRunner.cs:172)
UnityEditor.TestTools.TestRunner.TestRun.TestJobRunner:ExecuteCallback () (at ./Library/PackageCache/com.unity.test-framework@1.3.9/UnityEditor.TestRunner/TestRun/TestJobRunner.cs:108)
UnityEditor.EditorApplication:Internal_CallUpdateFunctions ()

(Filename: Assets/_Project/Scripts/Core/SeedEngine/SeedEngine.cs Line: 88)

[SaveSystem] ⚠ All save data wiped.
UnityEngine.StackTraceUtility:ExtractStackTrace ()
UnityEngine.DebugLogHandler:LogFormat (UnityEngine.LogType,UnityEngine.Object,string,object[])
UnityEngine.Logger:Log (UnityEngine.LogType,object)
UnityEngine.Debug:LogWarning (object)
Desk42.Core.SaveSystem:WipeAllSaveData () (at Assets/_Project/Scripts/Persistence/SaveSystem.cs:238)
Desk42.Tests.EditMode.SaveSystemTests:LoadMeta_WhenNoFileExists_ReturnsDefaultInstance () (at Assets/_Project/Tests/EditMode/SaveSystemTests.cs:49)
System.Reflection.RuntimeMethodInfo:Invoke (object,System.Reflection.BindingFlags,System.Reflection.Binder,object[],System.Globalization.CultureInfo)
System.Reflection.MethodBase:Invoke (object,object[])
NUnit.Framework.Internal.Reflect:InvokeMethod (System.Reflection.MethodInfo,object,object[])
NUnit.Framework.Internal.MethodWrapper:Invoke (object,object[])
NUnit.Framework.Internal.Commands.TestMethodCommand:RunNonAsyncTestMethod (NUnit.Framework.Internal.ITestExecutionContext)
NUnit.Framework.Internal.Commands.TestMethodCommand:RunTestMethod (NUnit.Framework.Internal.ITestExecutionContext)
NUnit.Framework.Internal.Commands.TestMethodCommand:Execute (NUnit.Framework.Internal.ITestExecutionContext)
UnityEngine.TestTools.UnityTestMethodCommand:Execute (NUnit.Framework.Internal.ITestExecutionContext) (at ./Library/PackageCache/com.unity.test-framework@1.3.9/UnityEngine.TestRunner/NUnitExtensions/Commands/UnityTestMethodCommand.cs:16)
UnityEngine.TestRunner.NUnitExtensions.Runner.UnityLogCheckDelegatingCommand/<>c__DisplayClass2_0:<Execute>b__0 () (at ./Library/PackageCache/com.unity.test-framework@1.3.9/UnityEngine.TestRunner/NUnitExtensions/Runner/UnityLogCheckDelegatingCommand.cs:24)
UnityEngine.TestRunner.NUnitExtensions.Runner.UnityLogCheckDelegatingCommand:CaptureException (NUnit.Framework.Internal.TestResult,System.Action) (at ./Library/PackageCache/com.unity.test-framework@1.3.9/UnityEngine.TestRunner/NUnitExtensions/Runner/UnityLogCheckDelegatingCommand.cs:68)
UnityEngine.TestRunner.NUnitExtensions.Runner.UnityLogCheckDelegatingCommand:ExecuteAndCheckLog (UnityEngine.TestTools.Logging.LogScope,NUnit.Framework.Internal.TestResult,System.Action) (at ./Library/PackageCache/com.unity.test-framework@1.3.9/UnityEngine.TestRunner/NUnitExtensions/Runner/UnityLogCheckDelegatingCommand.cs:79)
UnityEngine.TestRunner.NUnitExtensions.Runner.UnityLogCheckDelegatingCommand:Execute (NUnit.Framework.Internal.ITestExecutionContext) (at ./Library/PackageCache/com.unity.test-framework@1.3.9/UnityEngine.TestRunner/NUnitExtensions/Runner/UnityLogCheckDelegatingCommand.cs:24)
UnityEngine.TestRunner.NUnitExtensions.Runner.UnityLogCheckDelegatingCommand/<ExecuteEnumerable>d__3:MoveNext () (at ./Library/PackageCache/com.unity.test-framework@1.3.9/UnityEngine.TestRunner/NUnitExtensions/Runner/UnityLogCheckDelegatingCommand.cs:35)
UnityEngine.TestTools.BeforeAfterTestCommandBase`1/<ExecuteEnumerable>d__14<NUnit.Framework.ITestAction>:MoveNext () (at ./Library/PackageCache/com.unity.test-framework@1.3.9/UnityEngine.TestRunner/NUnitExtensions/Commands/BeforeAfterTestCommandBase.cs:173)
UnityEngine.TestTools.ImmediateEnumerableCommand:Execute (NUnit.Framework.Internal.ITestExecutionContext) (at ./Library/PackageCache/com.unity.test-framework@1.3.9/UnityEngine.TestRunner/NUnitExtensions/Commands/ImmediateEnumerableCommand.cs:18)
UnityEngine.TestTools.BeforeAfterTestCommandBase`1/<ExecuteEnumerable>d__14<System.Reflection.MethodInfo>:MoveNext () (at ./Library/PackageCache/com.unity.test-framework@1.3.9/UnityEngine.TestRunner/NUnitExtensions/Commands/BeforeAfterTestCommandBase.cs:181)
UnityEngine.TestTools.BeforeAfterTestCommandBase`1/<ExecuteEnumerable>d__14<System.Reflection.MethodInfo>:MoveNext () (at ./Library/PackageCache/com.unity.test-framework@1.3.9/UnityEngine.TestRunner/NUnitExtensions/Commands/BeforeAfterTestCommandBase.cs:173)
UnityEngine.TestTools.BeforeAfterTestCommandBase`1/<ExecuteEnumerable>d__14<UnityEngine.TestTools.IOuterUnityTestAction>:MoveNext () (at ./Library/PackageCache/com.unity.test-framework@1.3.9/UnityEngine.TestRunner/NUnitExtensions/Commands/BeforeAfterTestCommandBase.cs:173)
UnityEngine.TestTools.RetryCommand/<ExecuteEnumerable>d__2:MoveNext () (at ./Library/PackageCache/com.unity.test-framework@1.3.9/UnityEngine.TestRunner/NUnitExtensions/Commands/RetryCommand.cs:37)
UnityEngine.TestTools.RepeatCommand/<ExecuteEnumerable>d__2:MoveNext () (at ./Library/PackageCache/com.unity.test-framework@1.3.9/UnityEngine.TestRunner/NUnitExtensions/Commands/RepeatCommand.cs:36)
UnityEngine.TestTools.TimeoutCommand/<ExecuteEnumerable>d__3:MoveNext () (at ./Library/PackageCache/com.unity.test-framework@1.3.9/UnityEngine.TestRunner/NUnitExtensions/Commands/TimeoutCommand.cs:33)
UnityEngine.TestTools.IgnoreTestCommand/<ExecuteEnumerable>d__3:MoveNext () (at ./Library/PackageCache/com.unity.test-framework@1.3.9/UnityEngine.TestRunner/NUnitExtensions/Commands/IgnoreTestCommand.cs:42)
UnityEngine.TestTools.StrictCheckCommand/<ExecuteEnumerable>d__2:MoveNext () (at ./Library/PackageCache/com.unity.test-framework@1.3.9/UnityEngine.TestRunner/NUnitExtensions/Commands/StrictCheckCommand.cs:29)
UnityEngine.TestRunner.NUnitExtensions.Runner.DefaultTestWorkItem/<PerformWork>d__2:MoveNext () (at ./Library/PackageCache/com.unity.test-framework@1.3.9/UnityEngine.TestRunner/NUnitExtensions/Runner/DefaultTestWorkItem.cs:50)
UnityEngine.TestRunner.NUnitExtensions.Runner.CompositeWorkItem/<RunChildren>d__16:MoveNext () (at ./Library/PackageCache/com.unity.test-framework@1.3.9/UnityEngine.TestRunner/NUnitExtensions/Runner/CompositeWorkItem.cs:197)
UnityEngine.TestRunner.NUnitExtensions.Runner.CompositeWorkItem/<PerformWork>d__12:MoveNext () (at ./Library/PackageCache/com.unity.test-framework@1.3.9/UnityEngine.TestRunner/NUnitExtensions/Runner/CompositeWorkItem.cs:76)
UnityEngine.TestRunner.NUnitExtensions.Runner.CompositeWorkItem/<RunChildren>d__16:MoveNext () (at ./Library/PackageCache/com.unity.test-framework@1.3.9/UnityEngine.TestRunner/NUnitExtensions/Runner/CompositeWorkItem.cs:197)
UnityEngine.TestRunner.NUnitExtensions.Runner.CompositeWorkItem/<PerformWork>d__12:MoveNext () (at ./Library/PackageCache/com.unity.test-framework@1.3.9/UnityEngine.TestRunner/NUnitExtensions/Runner/CompositeWorkItem.cs:76)
UnityEngine.TestRunner.NUnitExtensions.Runner.CompositeWorkItem/<RunChildren>d__16:MoveNext () (at ./Library/PackageCache/com.unity.test-framework@1.3.9/UnityEngine.TestRunner/NUnitExtensions/Runner/CompositeWorkItem.cs:197)
UnityEngine.TestRunner.NUnitExtensions.Runner.CompositeWorkItem/<PerformWork>d__12:MoveNext () (at ./Library/PackageCache/com.unity.test-framework@1.3.9/UnityEngine.TestRunner/NUnitExtensions/Runner/CompositeWorkItem.cs:76)
UnityEngine.TestRunner.NUnitExtensions.Runner.CompositeWorkItem/<RunChildren>d__16:MoveNext () (at ./Library/PackageCache/com.unity.test-framework@1.3.9/UnityEngine.TestRunner/NUnitExtensions/Runner/CompositeWorkItem.cs:197)
UnityEngine.TestRunner.NUnitExtensions.Runner.CompositeWorkItem/<PerformWork>d__12:MoveNext () (at ./Library/PackageCache/com.unity.test-framework@1.3.9/UnityEngine.TestRunner/NUnitExtensions/Runner/CompositeWorkItem.cs:76)
UnityEngine.TestRunner.NUnitExtensions.Runner.CompositeWorkItem/<RunChildren>d__16:MoveNext () (at ./Library/PackageCache/com.unity.test-framework@1.3.9/UnityEngine.TestRunner/NUnitExtensions/Runner/CompositeWorkItem.cs:197)
UnityEngine.TestRunner.NUnitExtensions.Runner.CompositeWorkItem/<PerformWork>d__12:MoveNext () (at ./Library/PackageCache/com.unity.test-framework@1.3.9/UnityEngine.TestRunner/NUnitExtensions/Runner/CompositeWorkItem.cs:76)
UnityEngine.TestRunner.NUnitExtensions.Runner.CompositeWorkItem/<RunChildren>d__16:MoveNext () (at ./Library/PackageCache/com.unity.test-framework@1.3.9/UnityEngine.TestRunner/NUnitExtensions/Runner/CompositeWorkItem.cs:197)
UnityEngine.TestRunner.NUnitExtensions.Runner.CompositeWorkItem/<PerformWork>d__12:MoveNext () (at ./Library/PackageCache/com.unity.test-framework@1.3.9/UnityEngine.TestRunner/NUnitExtensions/Runner/CompositeWorkItem.cs:76)
UnityEditor.TestTools.TestRunner.EditModeRunner:MoveNextAndUpdateYieldObject () (at ./Library/PackageCache/com.unity.test-framework@1.3.9/UnityEditor.TestRunner/TestRunner/EditModeRunner.cs:164)
UnityEditor.TestTools.TestRunner.EditModeRunner:TestConsumer (UnityEditor.TestTools.TestRunner.TestRunnerStateSerializer) (at ./Library/PackageCache/com.unity.test-framework@1.3.9/UnityEditor.TestRunner/TestRunner/EditModeRunner.cs:197)
UnityEditor.TestTools.TestRunner.TestRun.Tasks.EditModeRunTask/<Execute>d__1:MoveNext () (at ./Library/PackageCache/com.unity.test-framework@1.3.9/UnityEditor.TestRunner/TestRun/Tasks/EditModeRunTask.cs:47)
UnityEditor.TestTools.TestRunner.TestRun.TestJobRunner:ExecuteStep () (at ./Library/PackageCache/com.unity.test-framework@1.3.9/UnityEditor.TestRunner/TestRun/TestJobRunner.cs:172)
UnityEditor.TestTools.TestRunner.TestRun.TestJobRunner:ExecuteCallback () (at ./Library/PackageCache/com.unity.test-framework@1.3.9/UnityEditor.TestRunner/TestRun/TestJobRunner.cs:108)
UnityEditor.EditorApplication:Internal_CallUpdateFunctions ()

(Filename: Assets/_Project/Scripts/Persistence/SaveSystem.cs Line: 238)

[SeedEngine] Initialised with seed 12345 (AAANB3).
UnityEngine.StackTraceUtility:ExtractStackTrace ()
UnityEngine.DebugLogHandler:LogFormat (UnityEngine.LogType,UnityEngine.Object,string,object[])
UnityEngine.Logger:Log (UnityEngine.LogType,object)
UnityEngine.Debug:Log (object)
Desk42.Core.SeedEngine:Init (int) (at Assets/_Project/Scripts/Core/SeedEngine/SeedEngine.cs:88)
Desk42.Tests.EditMode.SeedEngineTests:SetUp () (at Assets/_Project/Tests/EditMode/SeedEngineTests.cs:14)
System.Reflection.RuntimeMethodInfo:Invoke (object,System.Reflection.BindingFlags,System.Reflection.Binder,object[],System.Globalization.CultureInfo)
System.Reflection.MethodBase:Invoke (object,object[])
NUnit.Framework.Internal.Reflect:InvokeMethod (System.Reflection.MethodInfo,object,object[])
NUnit.Framework.Internal.Reflect:InvokeMethod (System.Reflection.MethodInfo,object)
UnityEngine.TestTools.SetUpTearDownCommand/<InvokeBefore>d__4:MoveNext () (at ./Library/PackageCache/com.unity.test-framework@1.3.9/UnityEngine.TestRunner/NUnitExtensions/Commands/SetUpTearDownCommand.cs:59)
UnityEngine.TestTools.BeforeAfterTestCommandBase`1/<ExecuteEnumerable>d__14<System.Reflection.MethodInfo>:MoveNext () (at ./Library/PackageCache/com.unity.test-framework@1.3.9/UnityEngine.TestRunner/NUnitExtensions/Commands/BeforeAfterTestCommandBase.cs:130)
UnityEngine.TestTools.BeforeAfterTestCommandBase`1/<ExecuteEnumerable>d__14<System.Reflection.MethodInfo>:MoveNext () (at ./Library/PackageCache/com.unity.test-framework@1.3.9/UnityEngine.TestRunner/NUnitExtensions/Commands/BeforeAfterTestCommandBase.cs:173)
UnityEngine.TestTools.BeforeAfterTestCommandBase`1/<ExecuteEnumerable>d__14<UnityEngine.TestTools.IOuterUnityTestAction>:MoveNext () (at ./Library/PackageCache/com.unity.test-framework@1.3.9/UnityEngine.TestRunner/NUnitExtensions/Commands/BeforeAfterTestCommandBase.cs:173)
UnityEngine.TestTools.RetryCommand/<ExecuteEnumerable>d__2:MoveNext () (at ./Library/PackageCache/com.unity.test-framework@1.3.9/UnityEngine.TestRunner/NUnitExtensions/Commands/RetryCommand.cs:37)
UnityEngine.TestTools.RepeatCommand/<ExecuteEnumerable>d__2:MoveNext () (at ./Library/PackageCache/com.unity.test-framework@1.3.9/UnityEngine.TestRunner/NUnitExtensions/Commands/RepeatCommand.cs:36)
UnityEngine.TestTools.TimeoutCommand/<ExecuteEnumerable>d__3:MoveNext () (at ./Library/PackageCache/com.unity.test-framework@1.3.9/UnityEngine.TestRunner/NUnitExtensions/Commands/TimeoutCommand.cs:33)
UnityEngine.TestTools.IgnoreTestCommand/<ExecuteEnumerable>d__3:MoveNext () (at ./Library/PackageCache/com.unity.test-framework@1.3.9/UnityEngine.TestRunner/NUnitExtensions/Commands/IgnoreTestCommand.cs:42)
UnityEngine.TestTools.StrictCheckCommand/<ExecuteEnumerable>d__2:MoveNext () (at ./Library/PackageCache/com.unity.test-framework@1.3.9/UnityEngine.TestRunner/NUnitExtensions/Commands/StrictCheckCommand.cs:29)
UnityEngine.TestRunner.NUnitExtensions.Runner.DefaultTestWorkItem/<PerformWork>d__2:MoveNext () (at ./Library/PackageCache/com.unity.test-framework@1.3.9/UnityEngine.TestRunner/NUnitExtensions/Runner/DefaultTestWorkItem.cs:50)
UnityEngine.TestRunner.NUnitExtensions.Runner.CompositeWorkItem/<RunChildren>d__16:MoveNext () (at ./Library/PackageCache/com.unity.test-framework@1.3.9/UnityEngine.TestRunner/NUnitExtensions/Runner/CompositeWorkItem.cs:197)
UnityEngine.TestRunner.NUnitExtensions.Runner.CompositeWorkItem/<PerformWork>d__12:MoveNext () (at ./Library/PackageCache/com.unity.test-framework@1.3.9/UnityEngine.TestRunner/NUnitExtensions/Runner/CompositeWorkItem.cs:76)
UnityEngine.TestRunner.NUnitExtensions.Runner.CompositeWorkItem/<RunChildren>d__16:MoveNext () (at ./Library/PackageCache/com.unity.test-framework@1.3.9/UnityEngine.TestRunner/NUnitExtensions/Runner/CompositeWorkItem.cs:197)
UnityEngine.TestRunner.NUnitExtensions.Runner.CompositeWorkItem/<PerformWork>d__12:MoveNext () (at ./Library/PackageCache/com.unity.test-framework@1.3.9/UnityEngine.TestRunner/NUnitExtensions/Runner/CompositeWorkItem.cs:76)
UnityEngine.TestRunner.NUnitExtensions.Runner.CompositeWorkItem/<RunChildren>d__16:MoveNext () (at ./Library/PackageCache/com.unity.test-framework@1.3.9/UnityEngine.TestRunner/NUnitExtensions/Runner/CompositeWorkItem.cs:197)
UnityEngine.TestRunner.NUnitExtensions.Runner.CompositeWorkItem/<PerformWork>d__12:MoveNext () (at ./Library/PackageCache/com.unity.test-framework@1.3.9/UnityEngine.TestRunner/NUnitExtensions/Runner/CompositeWorkItem.cs:76)
UnityEngine.TestRunner.NUnitExtensions.Runner.CompositeWorkItem/<RunChildren>d__16:MoveNext () (at ./Library/PackageCache/com.unity.test-framework@1.3.9/UnityEngine.TestRunner/NUnitExtensions/Runner/CompositeWorkItem.cs:197)
UnityEngine.TestRunner.NUnitExtensions.Runner.CompositeWorkItem/<PerformWork>d__12:MoveNext () (at ./Library/PackageCache/com.unity.test-framework@1.3.9/UnityEngine.TestRunner/NUnitExtensions/Runner/CompositeWorkItem.cs:76)
UnityEngine.TestRunner.NUnitExtensions.Runner.CompositeWorkItem/<RunChildren>d__16:MoveNext () (at ./Library/PackageCache/com.unity.test-framework@1.3.9/UnityEngine.TestRunner/NUnitExtensions/Runner/CompositeWorkItem.cs:197)
UnityEngine.TestRunner.NUnitExtensions.Runner.CompositeWorkItem/<PerformWork>d__12:MoveNext () (at ./Library/PackageCache/com.unity.test-framework@1.3.9/UnityEngine.TestRunner/NUnitExtensions/Runner/CompositeWorkItem.cs:76)
UnityEngine.TestRunner.NUnitExtensions.Runner.CompositeWorkItem/<RunChildren>d__16:MoveNext () (at ./Library/PackageCache/com.unity.test-framework@1.3.9/UnityEngine.TestRunner/NUnitExtensions/Runner/CompositeWorkItem.cs:197)
UnityEngine.TestRunner.NUnitExtensions.Runner.CompositeWorkItem/<PerformWork>d__12:MoveNext () (at ./Library/PackageCache/com.unity.test-framework@1.3.9/UnityEngine.TestRunner/NUnitExtensions/Runner/CompositeWorkItem.cs:76)
UnityEditor.TestTools.TestRunner.EditModeRunner:MoveNextAndUpdateYieldObject () (at ./Library/PackageCache/com.unity.test-framework@1.3.9/UnityEditor.TestRunner/TestRunner/EditModeRunner.cs:164)
UnityEditor.TestTools.TestRunner.EditModeRunner:TestConsumer (UnityEditor.TestTools.TestRunner.TestRunnerStateSerializer) (at ./Library/PackageCache/com.unity.test-framework@1.3.9/UnityEditor.TestRunner/TestRunner/EditModeRunner.cs:197)
UnityEditor.TestTools.TestRunner.TestRun.Tasks.EditModeRunTask/<Execute>d__1:MoveNext () (at ./Library/PackageCache/com.unity.test-framework@1.3.9/UnityEditor.TestRunner/TestRun/Tasks/EditModeRunTask.cs:47)
UnityEditor.TestTools.TestRunner.TestRun.TestJobRunner:ExecuteStep () (at ./Library/PackageCache/com.unity.test-framework@1.3.9/UnityEditor.TestRunner/TestRun/TestJobRunner.cs:172)
UnityEditor.TestTools.TestRunner.TestRun.TestJobRunner:ExecuteCallback () (at ./Library/PackageCache/com.unity.test-framework@1.3.9/UnityEditor.TestRunner/TestRun/TestJobRunner.cs:108)
UnityEditor.EditorApplication:Internal_CallUpdateFunctions ()

(Filename: Assets/_Project/Scripts/Core/SeedEngine/SeedEngine.cs Line: 88)

[SeedEngine] Initialised with seed 1 (AAAAAB).
UnityEngine.StackTraceUtility:ExtractStackTrace ()
UnityEngine.DebugLogHandler:LogFormat (UnityEngine.LogType,UnityEngine.Object,string,object[])
UnityEngine.Logger:Log (UnityEngine.LogType,object)
UnityEngine.Debug:Log (object)
Desk42.Core.SeedEngine:Init (int) (at Assets/_Project/Scripts/Core/SeedEngine/SeedEngine.cs:88)
Desk42.Tests.EditMode.SeedEngineTests:DifferentSeeds_ProduceDifferentSequences () (at Assets/_Project/Tests/EditMode/SeedEngineTests.cs:36)
System.Reflection.RuntimeMethodInfo:Invoke (object,System.Reflection.BindingFlags,System.Reflection.Binder,object[],System.Globalization.CultureInfo)
System.Reflection.MethodBase:Invoke (object,object[])
NUnit.Framework.Internal.Reflect:InvokeMethod (System.Reflection.MethodInfo,object,object[])
NUnit.Framework.Internal.MethodWrapper:Invoke (object,object[])
NUnit.Framework.Internal.Commands.TestMethodCommand:RunNonAsyncTestMethod (NUnit.Framework.Internal.ITestExecutionContext)
NUnit.Framework.Internal.Commands.TestMethodCommand:RunTestMethod (NUnit.Framework.Internal.ITestExecutionContext)
NUnit.Framework.Internal.Commands.TestMethodCommand:Execute (NUnit.Framework.Internal.ITestExecutionContext)
UnityEngine.TestTools.UnityTestMethodCommand:Execute (NUnit.Framework.Internal.ITestExecutionContext) (at ./Library/PackageCache/com.unity.test-framework@1.3.9/UnityEngine.TestRunner/NUnitExtensions/Commands/UnityTestMethodCommand.cs:16)
UnityEngine.TestRunner.NUnitExtensions.Runner.UnityLogCheckDelegatingCommand/<>c__DisplayClass2_0:<Execute>b__0 () (at ./Library/PackageCache/com.unity.test-framework@1.3.9/UnityEngine.TestRunner/NUnitExtensions/Runner/UnityLogCheckDelegatingCommand.cs:24)
UnityEngine.TestRunner.NUnitExtensions.Runner.UnityLogCheckDelegatingCommand:CaptureException (NUnit.Framework.Internal.TestResult,System.Action) (at ./Library/PackageCache/com.unity.test-framework@1.3.9/UnityEngine.TestRunner/NUnitExtensions/Runner/UnityLogCheckDelegatingCommand.cs:68)
UnityEngine.TestRunner.NUnitExtensions.Runner.UnityLogCheckDelegatingCommand:ExecuteAndCheckLog (UnityEngine.TestTools.Logging.LogScope,NUnit.Framework.Internal.TestResult,System.Action) (at ./Library/PackageCache/com.unity.test-framework@1.3.9/UnityEngine.TestRunner/NUnitExtensions/Runner/UnityLogCheckDelegatingCommand.cs:79)
UnityEngine.TestRunner.NUnitExtensions.Runner.UnityLogCheckDelegatingCommand:Execute (NUnit.Framework.Internal.ITestExecutionContext) (at ./Library/PackageCache/com.unity.test-framework@1.3.9/UnityEngine.TestRunner/NUnitExtensions/Runner/UnityLogCheckDelegatingCommand.cs:24)
UnityEngine.TestRunner.NUnitExtensions.Runner.UnityLogCheckDelegatingCommand/<ExecuteEnumerable>d__3:MoveNext () (at ./Library/PackageCache/com.unity.test-framework@1.3.9/UnityEngine.TestRunner/NUnitExtensions/Runner/UnityLogCheckDelegatingCommand.cs:35)
UnityEngine.TestTools.BeforeAfterTestCommandBase`1/<ExecuteEnumerable>d__14<NUnit.Framework.ITestAction>:MoveNext () (at ./Library/PackageCache/com.unity.test-framework@1.3.9/UnityEngine.TestRunner/NUnitExtensions/Commands/BeforeAfterTestCommandBase.cs:173)
UnityEngine.TestTools.ImmediateEnumerableCommand:Execute (NUnit.Framework.Internal.ITestExecutionContext) (at ./Library/PackageCache/com.unity.test-framework@1.3.9/UnityEngine.TestRunner/NUnitExtensions/Commands/ImmediateEnumerableCommand.cs:18)
UnityEngine.TestTools.BeforeAfterTestCommandBase`1/<ExecuteEnumerable>d__14<System.Reflection.MethodInfo>:MoveNext () (at ./Library/PackageCache/com.unity.test-framework@1.3.9/UnityEngine.TestRunner/NUnitExtensions/Commands/BeforeAfterTestCommandBase.cs:181)
UnityEngine.TestTools.BeforeAfterTestCommandBase`1/<ExecuteEnumerable>d__14<System.Reflection.MethodInfo>:MoveNext () (at ./Library/PackageCache/com.unity.test-framework@1.3.9/UnityEngine.TestRunner/NUnitExtensions/Commands/BeforeAfterTestCommandBase.cs:173)
UnityEngine.TestTools.BeforeAfterTestCommandBase`1/<ExecuteEnumerable>d__14<UnityEngine.TestTools.IOuterUnityTestAction>:MoveNext () (at ./Library/PackageCache/com.unity.test-framework@1.3.9/UnityEngine.TestRunner/NUnitExtensions/Commands/BeforeAfterTestCommandBase.cs:173)
UnityEngine.TestTools.RetryCommand/<ExecuteEnumerable>d__2:MoveNext () (at ./Library/PackageCache/com.unity.test-framework@1.3.9/UnityEngine.TestRunner/NUnitExtensions/Commands/RetryCommand.cs:37)
UnityEngine.TestTools.RepeatCommand/<ExecuteEnumerable>d__2:MoveNext () (at ./Library/PackageCache/com.unity.test-framework@1.3.9/UnityEngine.TestRunner/NUnitExtensions/Commands/RepeatCommand.cs:36)
UnityEngine.TestTools.TimeoutCommand/<ExecuteEnumerable>d__3:MoveNext () (at ./Library/PackageCache/com.unity.test-framework@1.3.9/UnityEngine.TestRunner/NUnitExtensions/Commands/TimeoutCommand.cs:33)
UnityEngine.TestTools.IgnoreTestCommand/<ExecuteEnumerable>d__3:MoveNext () (at ./Library/PackageCache/com.unity.test-framework@1.3.9/UnityEngine.TestRunner/NUnitExtensions/Commands/IgnoreTestCommand.cs:42)
UnityEngine.TestTools.StrictCheckCommand/<ExecuteEnumerable>d__2:MoveNext () (at ./Library/PackageCache/com.unity.test-framework@1.3.9/UnityEngine.TestRunner/NUnitExtensions/Commands/StrictCheckCommand.cs:29)
UnityEngine.TestRunner.NUnitExtensions.Runner.DefaultTestWorkItem/<PerformWork>d__2:MoveNext () (at ./Library/PackageCache/com.unity.test-framework@1.3.9/UnityEngine.TestRunner/NUnitExtensions/Runner/DefaultTestWorkItem.cs:50)
UnityEngine.TestRunner.NUnitExtensions.Runner.CompositeWorkItem/<RunChildren>d__16:MoveNext () (at ./Library/PackageCache/com.unity.test-framework@1.3.9/UnityEngine.TestRunner/NUnitExtensions/Runner/CompositeWorkItem.cs:197)
UnityEngine.TestRunner.NUnitExtensions.Runner.CompositeWorkItem/<PerformWork>d__12:MoveNext () (at ./Library/PackageCache/com.unity.test-framework@1.3.9/UnityEngine.TestRunner/NUnitExtensions/Runner/CompositeWorkItem.cs:76)
UnityEngine.TestRunner.NUnitExtensions.Runner.CompositeWorkItem/<RunChildren>d__16:MoveNext () (at ./Library/PackageCache/com.unity.test-framework@1.3.9/UnityEngine.TestRunner/NUnitExtensions/Runner/CompositeWorkItem.cs:197)
UnityEngine.TestRunner.NUnitExtensions.Runner.CompositeWorkItem/<PerformWork>d__12:MoveNext () (at ./Library/PackageCache/com.unity.test-framework@1.3.9/UnityEngine.TestRunner/NUnitExtensions/Runner/CompositeWorkItem.cs:76)
UnityEngine.TestRunner.NUnitExtensions.Runner.CompositeWorkItem/<RunChildren>d__16:MoveNext () (at ./Library/PackageCache/com.unity.test-framework@1.3.9/UnityEngine.TestRunner/NUnitExtensions/Runner/CompositeWorkItem.cs:197)
UnityEngine.TestRunner.NUnitExtensions.Runner.CompositeWorkItem/<PerformWork>d__12:MoveNext () (at ./Library/PackageCache/com.unity.test-framework@1.3.9/UnityEngine.TestRunner/NUnitExtensions/Runner/CompositeWorkItem.cs:76)
UnityEngine.TestRunner.NUnitExtensions.Runner.CompositeWorkItem/<RunChildren>d__16:MoveNext () (at ./Library/PackageCache/com.unity.test-framework@1.3.9/UnityEngine.TestRunner/NUnitExtensions/Runner/CompositeWorkItem.cs:197)
UnityEngine.TestRunner.NUnitExtensions.Runner.CompositeWorkItem/<PerformWork>d__12:MoveNext () (at ./Library/PackageCache/com.unity.test-framework@1.3.9/UnityEngine.TestRunner/NUnitExtensions/Runner/CompositeWorkItem.cs:76)
UnityEngine.TestRunner.NUnitExtensions.Runner.CompositeWorkItem/<RunChildren>d__16:MoveNext () (at ./Library/PackageCache/com.unity.test-framework@1.3.9/UnityEngine.TestRunner/NUnitExtensions/Runner/CompositeWorkItem.cs:197)
UnityEngine.TestRunner.NUnitExtensions.Runner.CompositeWorkItem/<PerformWork>d__12:MoveNext () (at ./Library/PackageCache/com.unity.test-framework@1.3.9/UnityEngine.TestRunner/NUnitExtensions/Runner/CompositeWorkItem.cs:76)
UnityEngine.TestRunner.NUnitExtensions.Runner.CompositeWorkItem/<RunChildren>d__16:MoveNext () (at ./Library/PackageCache/com.unity.test-framework@1.3.9/UnityEngine.TestRunner/NUnitExtensions/Runner/CompositeWorkItem.cs:197)
UnityEngine.TestRunner.NUnitExtensions.Runner.CompositeWorkItem/<PerformWork>d__12:MoveNext () (at ./Library/PackageCache/com.unity.test-framework@1.3.9/UnityEngine.TestRunner/NUnitExtensions/Runner/CompositeWorkItem.cs:76)
UnityEditor.TestTools.TestRunner.EditModeRunner:MoveNextAndUpdateYieldObject () (at ./Library/PackageCache/com.unity.test-framework@1.3.9/UnityEditor.TestRunner/TestRunner/EditModeRunner.cs:164)
UnityEditor.TestTools.TestRunner.EditModeRunner:TestConsumer (UnityEditor.TestTools.TestRunner.TestRunnerStateSerializer) (at ./Library/PackageCache/com.unity.test-framework@1.3.9/UnityEditor.TestRunner/TestRunner/EditModeRunner.cs:197)
UnityEditor.TestTools.TestRunner.TestRun.Tasks.EditModeRunTask/<Execute>d__1:MoveNext () (at ./Library/PackageCache/com.unity.test-framework@1.3.9/UnityEditor.TestRunner/TestRun/Tasks/EditModeRunTask.cs:47)
UnityEditor.TestTools.TestRunner.TestRun.TestJobRunner:ExecuteStep () (at ./Library/PackageCache/com.unity.test-framework@1.3.9/UnityEditor.TestRunner/TestRun/TestJobRunner.cs:172)
UnityEditor.TestTools.TestRunner.TestRun.TestJobRunner:ExecuteCallback () (at ./Library/PackageCache/com.unity.test-framework@1.3.9/UnityEditor.TestRunner/TestRun/TestJobRunner.cs:108)
UnityEditor.EditorApplication:Internal_CallUpdateFunctions ()

(Filename: Assets/_Project/Scripts/Core/SeedEngine/SeedEngine.cs Line: 88)

[SeedEngine] Initialised with seed 2 (AAAAAC).
UnityEngine.StackTraceUtility:ExtractStackTrace ()
UnityEngine.DebugLogHandler:LogFormat (UnityEngine.LogType,UnityEngine.Object,string,object[])
UnityEngine.Logger:Log (UnityEngine.LogType,object)
UnityEngine.Debug:Log (object)
Desk42.Core.SeedEngine:Init (int) (at Assets/_Project/Scripts/Core/SeedEngine/SeedEngine.cs:88)
Desk42.Tests.EditMode.SeedEngineTests:DifferentSeeds_ProduceDifferentSequences () (at Assets/_Project/Tests/EditMode/SeedEngineTests.cs:39)
System.Reflection.RuntimeMethodInfo:Invoke (object,System.Reflection.BindingFlags,System.Reflection.Binder,object[],System.Globalization.CultureInfo)
System.Reflection.MethodBase:Invoke (object,object[])
NUnit.Framework.Internal.Reflect:InvokeMethod (System.Reflection.MethodInfo,object,object[])
NUnit.Framework.Internal.MethodWrapper:Invoke (object,object[])
NUnit.Framework.Internal.Commands.TestMethodCommand:RunNonAsyncTestMethod (NUnit.Framework.Internal.ITestExecutionContext)
NUnit.Framework.Internal.Commands.TestMethodCommand:RunTestMethod (NUnit.Framework.Internal.ITestExecutionContext)
NUnit.Framework.Internal.Commands.TestMethodCommand:Execute (NUnit.Framework.Internal.ITestExecutionContext)
UnityEngine.TestTools.UnityTestMethodCommand:Execute (NUnit.Framework.Internal.ITestExecutionContext) (at ./Library/PackageCache/com.unity.test-framework@1.3.9/UnityEngine.TestRunner/NUnitExtensions/Commands/UnityTestMethodCommand.cs:16)
UnityEngine.TestRunner.NUnitExtensions.Runner.UnityLogCheckDelegatingCommand/<>c__DisplayClass2_0:<Execute>b__0 () (at ./Library/PackageCache/com.unity.test-framework@1.3.9/UnityEngine.TestRunner/NUnitExtensions/Runner/UnityLogCheckDelegatingCommand.cs:24)
UnityEngine.TestRunner.NUnitExtensions.Runner.UnityLogCheckDelegatingCommand:CaptureException (NUnit.Framework.Internal.TestResult,System.Action) (at ./Library/PackageCache/com.unity.test-framework@1.3.9/UnityEngine.TestRunner/NUnitExtensions/Runner/UnityLogCheckDelegatingCommand.cs:68)
UnityEngine.TestRunner.NUnitExtensions.Runner.UnityLogCheckDelegatingCommand:ExecuteAndCheckLog (UnityEngine.TestTools.Logging.LogScope,NUnit.Framework.Internal.TestResult,System.Action) (at ./Library/PackageCache/com.unity.test-framework@1.3.9/UnityEngine.TestRunner/NUnitExtensions/Runner/UnityLogCheckDelegatingCommand.cs:79)
UnityEngine.TestRunner.NUnitExtensions.Runner.UnityLogCheckDelegatingCommand:Execute (NUnit.Framework.Internal.ITestExecutionContext) (at ./Library/PackageCache/com.unity.test-framework@1.3.9/UnityEngine.TestRunner/NUnitExtensions/Runner/UnityLogCheckDelegatingCommand.cs:24)
UnityEngine.TestRunner.NUnitExtensions.Runner.UnityLogCheckDelegatingCommand/<ExecuteEnumerable>d__3:MoveNext () (at ./Library/PackageCache/com.unity.test-framework@1.3.9/UnityEngine.TestRunner/NUnitExtensions/Runner/UnityLogCheckDelegatingCommand.cs:35)
UnityEngine.TestTools.BeforeAfterTestCommandBase`1/<ExecuteEnumerable>d__14<NUnit.Framework.ITestAction>:MoveNext () (at ./Library/PackageCache/com.unity.test-framework@1.3.9/UnityEngine.TestRunner/NUnitExtensions/Commands/BeforeAfterTestCommandBase.cs:173)
UnityEngine.TestTools.ImmediateEnumerableCommand:Execute (NUnit.Framework.Internal.ITestExecutionContext) (at ./Library/PackageCache/com.unity.test-framework@1.3.9/UnityEngine.TestRunner/NUnitExtensions/Commands/ImmediateEnumerableCommand.cs:18)
UnityEngine.TestTools.BeforeAfterTestCommandBase`1/<ExecuteEnumerable>d__14<System.Reflection.MethodInfo>:MoveNext () (at ./Library/PackageCache/com.unity.test-framework@1.3.9/UnityEngine.TestRunner/NUnitExtensions/Commands/BeforeAfterTestCommandBase.cs:181)
UnityEngine.TestTools.BeforeAfterTestCommandBase`1/<ExecuteEnumerable>d__14<System.Reflection.MethodInfo>:MoveNext () (at ./Library/PackageCache/com.unity.test-framework@1.3.9/UnityEngine.TestRunner/NUnitExtensions/Commands/BeforeAfterTestCommandBase.cs:173)
UnityEngine.TestTools.BeforeAfterTestCommandBase`1/<ExecuteEnumerable>d__14<UnityEngine.TestTools.IOuterUnityTestAction>:MoveNext () (at ./Library/PackageCache/com.unity.test-framework@1.3.9/UnityEngine.TestRunner/NUnitExtensions/Commands/BeforeAfterTestCommandBase.cs:173)
UnityEngine.TestTools.RetryCommand/<ExecuteEnumerable>d__2:MoveNext () (at ./Library/PackageCache/com.unity.test-framework@1.3.9/UnityEngine.TestRunner/NUnitExtensions/Commands/RetryCommand.cs:37)
UnityEngine.TestTools.RepeatCommand/<ExecuteEnumerable>d__2:MoveNext () (at ./Library/PackageCache/com.unity.test-framework@1.3.9/UnityEngine.TestRunner/NUnitExtensions/Commands/RepeatCommand.cs:36)
UnityEngine.TestTools.TimeoutCommand/<ExecuteEnumerable>d__3:MoveNext () (at ./Library/PackageCache/com.unity.test-framework@1.3.9/UnityEngine.TestRunner/NUnitExtensions/Commands/TimeoutCommand.cs:33)
UnityEngine.TestTools.IgnoreTestCommand/<ExecuteEnumerable>d__3:MoveNext () (at ./Library/PackageCache/com.unity.test-framework@1.3.9/UnityEngine.TestRunner/NUnitExtensions/Commands/IgnoreTestCommand.cs:42)
UnityEngine.TestTools.StrictCheckCommand/<ExecuteEnumerable>d__2:MoveNext () (at ./Library/PackageCache/com.unity.test-framework@1.3.9/UnityEngine.TestRunner/NUnitExtensions/Commands/StrictCheckCommand.cs:29)
UnityEngine.TestRunner.NUnitExtensions.Runner.DefaultTestWorkItem/<PerformWork>d__2:MoveNext () (at ./Library/PackageCache/com.unity.test-framework@1.3.9/UnityEngine.TestRunner/NUnitExtensions/Runner/DefaultTestWorkItem.cs:50)
UnityEngine.TestRunner.NUnitExtensions.Runner.CompositeWorkItem/<RunChildren>d__16:MoveNext () (at ./Library/PackageCache/com.unity.test-framework@1.3.9/UnityEngine.TestRunner/NUnitExtensions/Runner/CompositeWorkItem.cs:197)
UnityEngine.TestRunner.NUnitExtensions.Runner.CompositeWorkItem/<PerformWork>d__12:MoveNext () (at ./Library/PackageCache/com.unity.test-framework@1.3.9/UnityEngine.TestRunner/NUnitExtensions/Runner/CompositeWorkItem.cs:76)
UnityEngine.TestRunner.NUnitExtensions.Runner.CompositeWorkItem/<RunChildren>d__16:MoveNext () (at ./Library/PackageCache/com.unity.test-framework@1.3.9/UnityEngine.TestRunner/NUnitExtensions/Runner/CompositeWorkItem.cs:197)
UnityEngine.TestRunner.NUnitExtensions.Runner.CompositeWorkItem/<PerformWork>d__12:MoveNext () (at ./Library/PackageCache/com.unity.test-framework@1.3.9/UnityEngine.TestRunner/NUnitExtensions/Runner/CompositeWorkItem.cs:76)
UnityEngine.TestRunner.NUnitExtensions.Runner.CompositeWorkItem/<RunChildren>d__16:MoveNext () (at ./Library/PackageCache/com.unity.test-framework@1.3.9/UnityEngine.TestRunner/NUnitExtensions/Runner/CompositeWorkItem.cs:197)
UnityEngine.TestRunner.NUnitExtensions.Runner.CompositeWorkItem/<PerformWork>d__12:MoveNext () (at ./Library/PackageCache/com.unity.test-framework@1.3.9/UnityEngine.TestRunner/NUnitExtensions/Runner/CompositeWorkItem.cs:76)
UnityEngine.TestRunner.NUnitExtensions.Runner.CompositeWorkItem/<RunChildren>d__16:MoveNext () (at ./Library/PackageCache/com.unity.test-framework@1.3.9/UnityEngine.TestRunner/NUnitExtensions/Runner/CompositeWorkItem.cs:197)
UnityEngine.TestRunner.NUnitExtensions.Runner.CompositeWorkItem/<PerformWork>d__12:MoveNext () (at ./Library/PackageCache/com.unity.test-framework@1.3.9/UnityEngine.TestRunner/NUnitExtensions/Runner/CompositeWorkItem.cs:76)
UnityEngine.TestRunner.NUnitExtensions.Runner.CompositeWorkItem/<RunChildren>d__16:MoveNext () (at ./Library/PackageCache/com.unity.test-framework@1.3.9/UnityEngine.TestRunner/NUnitExtensions/Runner/CompositeWorkItem.cs:197)
UnityEngine.TestRunner.NUnitExtensions.Runner.CompositeWorkItem/<PerformWork>d__12:MoveNext () (at ./Library/PackageCache/com.unity.test-framework@1.3.9/UnityEngine.TestRunner/NUnitExtensions/Runner/CompositeWorkItem.cs:76)
UnityEngine.TestRunner.NUnitExtensions.Runner.CompositeWorkItem/<RunChildren>d__16:MoveNext () (at ./Library/PackageCache/com.unity.test-framework@1.3.9/UnityEngine.TestRunner/NUnitExtensions/Runner/CompositeWorkItem.cs:197)
UnityEngine.TestRunner.NUnitExtensions.Runner.CompositeWorkItem/<PerformWork>d__12:MoveNext () (at ./Library/PackageCache/com.unity.test-framework@1.3.9/UnityEngine.TestRunner/NUnitExtensions/Runner/CompositeWorkItem.cs:76)
UnityEditor.TestTools.TestRunner.EditModeRunner:MoveNextAndUpdateYieldObject () (at ./Library/PackageCache/com.unity.test-framework@1.3.9/UnityEditor.TestRunner/TestRunner/EditModeRunner.cs:164)
UnityEditor.TestTools.TestRunner.EditModeRunner:TestConsumer (UnityEditor.TestTools.TestRunner.TestRunnerStateSerializer) (at ./Library/PackageCache/com.unity.test-framework@1.3.9/UnityEditor.TestRunner/TestRunner/EditModeRunner.cs:197)
UnityEditor.TestTools.TestRunner.TestRun.Tasks.EditModeRunTask/<Execute>d__1:MoveNext () (at ./Library/PackageCache/com.unity.test-framework@1.3.9/UnityEditor.TestRunner/TestRun/Tasks/EditModeRunTask.cs:47)
UnityEditor.TestTools.TestRunner.TestRun.TestJobRunner:ExecuteStep () (at ./Library/PackageCache/com.unity.test-framework@1.3.9/UnityEditor.TestRunner/TestRun/TestJobRunner.cs:172)
UnityEditor.TestTools.TestRunner.TestRun.TestJobRunner:ExecuteCallback () (at ./Library/PackageCache/com.unity.test-framework@1.3.9/UnityEditor.TestRunner/TestRun/TestJobRunner.cs:108)
UnityEditor.EditorApplication:Internal_CallUpdateFunctions ()

(Filename: Assets/_Project/Scripts/Core/SeedEngine/SeedEngine.cs Line: 88)

[SeedEngine] Initialised with seed 12345 (AAANB3).
UnityEngine.StackTraceUtility:ExtractStackTrace ()
UnityEngine.DebugLogHandler:LogFormat (UnityEngine.LogType,UnityEngine.Object,string,object[])
UnityEngine.Logger:Log (UnityEngine.LogType,object)
UnityEngine.Debug:Log (object)
Desk42.Core.SeedEngine:Init (int) (at Assets/_Project/Scripts/Core/SeedEngine/SeedEngine.cs:88)
Desk42.Tests.EditMode.SeedEngineTests:SetUp () (at Assets/_Project/Tests/EditMode/SeedEngineTests.cs:14)
System.Reflection.RuntimeMethodInfo:Invoke (object,System.Reflection.BindingFlags,System.Reflection.Binder,object[],System.Globalization.CultureInfo)
System.Reflection.MethodBase:Invoke (object,object[])
NUnit.Framework.Internal.Reflect:InvokeMethod (System.Reflection.MethodInfo,object,object[])
NUnit.Framework.Internal.Reflect:InvokeMethod (System.Reflection.MethodInfo,object)
UnityEngine.TestTools.SetUpTearDownCommand/<InvokeBefore>d__4:MoveNext () (at ./Library/PackageCache/com.unity.test-framework@1.3.9/UnityEngine.TestRunner/NUnitExtensions/Commands/SetUpTearDownCommand.cs:59)
UnityEngine.TestTools.BeforeAfterTestCommandBase`1/<ExecuteEnumerable>d__14<System.Reflection.MethodInfo>:MoveNext () (at ./Library/PackageCache/com.unity.test-framework@1.3.9/UnityEngine.TestRunner/NUnitExtensions/Commands/BeforeAfterTestCommandBase.cs:130)
UnityEngine.TestTools.BeforeAfterTestCommandBase`1/<ExecuteEnumerable>d__14<System.Reflection.MethodInfo>:MoveNext () (at ./Library/PackageCache/com.unity.test-framework@1.3.9/UnityEngine.TestRunner/NUnitExtensions/Commands/BeforeAfterTestCommandBase.cs:173)
UnityEngine.TestTools.BeforeAfterTestCommandBase`1/<ExecuteEnumerable>d__14<UnityEngine.TestTools.IOuterUnityTestAction>:MoveNext () (at ./Library/PackageCache/com.unity.test-framework@1.3.9/UnityEngine.TestRunner/NUnitExtensions/Commands/BeforeAfterTestCommandBase.cs:173)
UnityEngine.TestTools.RetryCommand/<ExecuteEnumerable>d__2:MoveNext () (at ./Library/PackageCache/com.unity.test-framework@1.3.9/UnityEngine.TestRunner/NUnitExtensions/Commands/RetryCommand.cs:37)
UnityEngine.TestTools.RepeatCommand/<ExecuteEnumerable>d__2:MoveNext () (at ./Library/PackageCache/com.unity.test-framework@1.3.9/UnityEngine.TestRunner/NUnitExtensions/Commands/RepeatCommand.cs:36)
UnityEngine.TestTools.TimeoutCommand/<ExecuteEnumerable>d__3:MoveNext () (at ./Library/PackageCache/com.unity.test-framework@1.3.9/UnityEngine.TestRunner/NUnitExtensions/Commands/TimeoutCommand.cs:33)
UnityEngine.TestTools.IgnoreTestCommand/<ExecuteEnumerable>d__3:MoveNext () (at ./Library/PackageCache/com.unity.test-framework@1.3.9/UnityEngine.TestRunner/NUnitExtensions/Commands/IgnoreTestCommand.cs:42)
UnityEngine.TestTools.StrictCheckCommand/<ExecuteEnumerable>d__2:MoveNext () (at ./Library/PackageCache/com.unity.test-framework@1.3.9/UnityEngine.TestRunner/NUnitExtensions/Commands/StrictCheckCommand.cs:29)
UnityEngine.TestRunner.NUnitExtensions.Runner.DefaultTestWorkItem/<PerformWork>d__2:MoveNext () (at ./Library/PackageCache/com.unity.test-framework@1.3.9/UnityEngine.TestRunner/NUnitExtensions/Runner/DefaultTestWorkItem.cs:50)
UnityEngine.TestRunner.NUnitExtensions.Runner.CompositeWorkItem/<RunChildren>d__16:MoveNext () (at ./Library/PackageCache/com.unity.test-framework@1.3.9/UnityEngine.TestRunner/NUnitExtensions/Runner/CompositeWorkItem.cs:197)
UnityEngine.TestRunner.NUnitExtensions.Runner.CompositeWorkItem/<PerformWork>d__12:MoveNext () (at ./Library/PackageCache/com.unity.test-framework@1.3.9/UnityEngine.TestRunner/NUnitExtensions/Runner/CompositeWorkItem.cs:76)
UnityEngine.TestRunner.NUnitExtensions.Runner.CompositeWorkItem/<RunChildren>d__16:MoveNext () (at ./Library/PackageCache/com.unity.test-framework@1.3.9/UnityEngine.TestRunner/NUnitExtensions/Runner/CompositeWorkItem.cs:197)
UnityEngine.TestRunner.NUnitExtensions.Runner.CompositeWorkItem/<PerformWork>d__12:MoveNext () (at ./Library/PackageCache/com.unity.test-framework@1.3.9/UnityEngine.TestRunner/NUnitExtensions/Runner/CompositeWorkItem.cs:76)
UnityEngine.TestRunner.NUnitExtensions.Runner.CompositeWorkItem/<RunChildren>d__16:MoveNext () (at ./Library/PackageCache/com.unity.test-framework@1.3.9/UnityEngine.TestRunner/NUnitExtensions/Runner/CompositeWorkItem.cs:197)
UnityEngine.TestRunner.NUnitExtensions.Runner.CompositeWorkItem/<PerformWork>d__12:MoveNext () (at ./Library/PackageCache/com.unity.test-framework@1.3.9/UnityEngine.TestRunner/NUnitExtensions/Runner/CompositeWorkItem.cs:76)
UnityEngine.TestRunner.NUnitExtensions.Runner.CompositeWorkItem/<RunChildren>d__16:MoveNext () (at ./Library/PackageCache/com.unity.test-framework@1.3.9/UnityEngine.TestRunner/NUnitExtensions/Runner/CompositeWorkItem.cs:197)
UnityEngine.TestRunner.NUnitExtensions.Runner.CompositeWorkItem/<PerformWork>d__12:MoveNext () (at ./Library/PackageCache/com.unity.test-framework@1.3.9/UnityEngine.TestRunner/NUnitExtensions/Runner/CompositeWorkItem.cs:76)
UnityEngine.TestRunner.NUnitExtensions.Runner.CompositeWorkItem/<RunChildren>d__16:MoveNext () (at ./Library/PackageCache/com.unity.test-framework@1.3.9/UnityEngine.TestRunner/NUnitExtensions/Runner/CompositeWorkItem.cs:197)
UnityEngine.TestRunner.NUnitExtensions.Runner.CompositeWorkItem/<PerformWork>d__12:MoveNext () (at ./Library/PackageCache/com.unity.test-framework@1.3.9/UnityEngine.TestRunner/NUnitExtensions/Runner/CompositeWorkItem.cs:76)
UnityEngine.TestRunner.NUnitExtensions.Runner.CompositeWorkItem/<RunChildren>d__16:MoveNext () (at ./Library/PackageCache/com.unity.test-framework@1.3.9/UnityEngine.TestRunner/NUnitExtensions/Runner/CompositeWorkItem.cs:197)
UnityEngine.TestRunner.NUnitExtensions.Runner.CompositeWorkItem/<PerformWork>d__12:MoveNext () (at ./Library/PackageCache/com.unity.test-framework@1.3.9/UnityEngine.TestRunner/NUnitExtensions/Runner/CompositeWorkItem.cs:76)
UnityEditor.TestTools.TestRunner.EditModeRunner:MoveNextAndUpdateYieldObject () (at ./Library/PackageCache/com.unity.test-framework@1.3.9/UnityEditor.TestRunner/TestRunner/EditModeRunner.cs:164)
UnityEditor.TestTools.TestRunner.EditModeRunner:TestConsumer (UnityEditor.TestTools.TestRunner.TestRunnerStateSerializer) (at ./Library/PackageCache/com.unity.test-framework@1.3.9/UnityEditor.TestRunner/TestRunner/EditModeRunner.cs:197)
UnityEditor.TestTools.TestRunner.TestRun.Tasks.EditModeRunTask/<Execute>d__1:MoveNext () (at ./Library/PackageCache/com.unity.test-framework@1.3.9/UnityEditor.TestRunner/TestRun/Tasks/EditModeRunTask.cs:47)
UnityEditor.TestTools.TestRunner.TestRun.TestJobRunner:ExecuteStep () (at ./Library/PackageCache/com.unity.test-framework@1.3.9/UnityEditor.TestRunner/TestRun/TestJobRunner.cs:172)
UnityEditor.TestTools.TestRunner.TestRun.TestJobRunner:ExecuteCallback () (at ./Library/PackageCache/com.unity.test-framework@1.3.9/UnityEditor.TestRunner/TestRun/TestJobRunner.cs:108)
UnityEditor.EditorApplication:Internal_CallUpdateFunctions ()

(Filename: Assets/_Project/Scripts/Core/SeedEngine/SeedEngine.cs Line: 88)

[SeedEngine] Initialised with seed 0 (AAAAAA).
UnityEngine.StackTraceUtility:ExtractStackTrace ()
UnityEngine.DebugLogHandler:LogFormat (UnityEngine.LogType,UnityEngine.Object,string,object[])
UnityEngine.Logger:Log (UnityEngine.LogType,object)
UnityEngine.Debug:Log (object)
Desk42.Core.SeedEngine:Init (int) (at Assets/_Project/Scripts/Core/SeedEngine/SeedEngine.cs:88)
Desk42.Tests.EditMode.SeedEngineTests:Next_RespectsRange () (at Assets/_Project/Tests/EditMode/SeedEngineTests.cs:70)
System.Reflection.RuntimeMethodInfo:Invoke (object,System.Reflection.BindingFlags,System.Reflection.Binder,object[],System.Globalization.CultureInfo)
System.Reflection.MethodBase:Invoke (object,object[])
NUnit.Framework.Internal.Reflect:InvokeMethod (System.Reflection.MethodInfo,object,object[])
NUnit.Framework.Internal.MethodWrapper:Invoke (object,object[])
NUnit.Framework.Internal.Commands.TestMethodCommand:RunNonAsyncTestMethod (NUnit.Framework.Internal.ITestExecutionContext)
NUnit.Framework.Internal.Commands.TestMethodCommand:RunTestMethod (NUnit.Framework.Internal.ITestExecutionContext)
NUnit.Framework.Internal.Commands.TestMethodCommand:Execute (NUnit.Framework.Internal.ITestExecutionContext)
UnityEngine.TestTools.UnityTestMethodCommand:Execute (NUnit.Framework.Internal.ITestExecutionContext) (at ./Library/PackageCache/com.unity.test-framework@1.3.9/UnityEngine.TestRunner/NUnitExtensions/Commands/UnityTestMethodCommand.cs:16)
UnityEngine.TestRunner.NUnitExtensions.Runner.UnityLogCheckDelegatingCommand/<>c__DisplayClass2_0:<Execute>b__0 () (at ./Library/PackageCache/com.unity.test-framework@1.3.9/UnityEngine.TestRunner/NUnitExtensions/Runner/UnityLogCheckDelegatingCommand.cs:24)
UnityEngine.TestRunner.NUnitExtensions.Runner.UnityLogCheckDelegatingCommand:CaptureException (NUnit.Framework.Internal.TestResult,System.Action) (at ./Library/PackageCache/com.unity.test-framework@1.3.9/UnityEngine.TestRunner/NUnitExtensions/Runner/UnityLogCheckDelegatingCommand.cs:68)
UnityEngine.TestRunner.NUnitExtensions.Runner.UnityLogCheckDelegatingCommand:ExecuteAndCheckLog (UnityEngine.TestTools.Logging.LogScope,NUnit.Framework.Internal.TestResult,System.Action) (at ./Library/PackageCache/com.unity.test-framework@1.3.9/UnityEngine.TestRunner/NUnitExtensions/Runner/UnityLogCheckDelegatingCommand.cs:79)
UnityEngine.TestRunner.NUnitExtensions.Runner.UnityLogCheckDelegatingCommand:Execute (NUnit.Framework.Internal.ITestExecutionContext) (at ./Library/PackageCache/com.unity.test-framework@1.3.9/UnityEngine.TestRunner/NUnitExtensions/Runner/UnityLogCheckDelegatingCommand.cs:24)
UnityEngine.TestRunner.NUnitExtensions.Runner.UnityLogCheckDelegatingCommand/<ExecuteEnumerable>d__3:MoveNext () (at ./Library/PackageCache/com.unity.test-framework@1.3.9/UnityEngine.TestRunner/NUnitExtensions/Runner/UnityLogCheckDelegatingCommand.cs:35)
UnityEngine.TestTools.BeforeAfterTestCommandBase`1/<ExecuteEnumerable>d__14<NUnit.Framework.ITestAction>:MoveNext () (at ./Library/PackageCache/com.unity.test-framework@1.3.9/UnityEngine.TestRunner/NUnitExtensions/Commands/BeforeAfterTestCommandBase.cs:173)
UnityEngine.TestTools.ImmediateEnumerableCommand:Execute (NUnit.Framework.Internal.ITestExecutionContext) (at ./Library/PackageCache/com.unity.test-framework@1.3.9/UnityEngine.TestRunner/NUnitExtensions/Commands/ImmediateEnumerableCommand.cs:18)
UnityEngine.TestTools.BeforeAfterTestCommandBase`1/<ExecuteEnumerable>d__14<System.Reflection.MethodInfo>:MoveNext () (at ./Library/PackageCache/com.unity.test-framework@1.3.9/UnityEngine.TestRunner/NUnitExtensions/Commands/BeforeAfterTestCommandBase.cs:181)
UnityEngine.TestTools.BeforeAfterTestCommandBase`1/<ExecuteEnumerable>d__14<System.Reflection.MethodInfo>:MoveNext () (at ./Library/PackageCache/com.unity.test-framework@1.3.9/UnityEngine.TestRunner/NUnitExtensions/Commands/BeforeAfterTestCommandBase.cs:173)
UnityEngine.TestTools.BeforeAfterTestCommandBase`1/<ExecuteEnumerable>d__14<UnityEngine.TestTools.IOuterUnityTestAction>:MoveNext () (at ./Library/PackageCache/com.unity.test-framework@1.3.9/UnityEngine.TestRunner/NUnitExtensions/Commands/BeforeAfterTestCommandBase.cs:173)
UnityEngine.TestTools.RetryCommand/<ExecuteEnumerable>d__2:MoveNext () (at ./Library/PackageCache/com.unity.test-framework@1.3.9/UnityEngine.TestRunner/NUnitExtensions/Commands/RetryCommand.cs:37)
UnityEngine.TestTools.RepeatCommand/<ExecuteEnumerable>d__2:MoveNext () (at ./Library/PackageCache/com.unity.test-framework@1.3.9/UnityEngine.TestRunner/NUnitExtensions/Commands/RepeatCommand.cs:36)
UnityEngine.TestTools.TimeoutCommand/<ExecuteEnumerable>d__3:MoveNext () (at ./Library/PackageCache/com.unity.test-framework@1.3.9/UnityEngine.TestRunner/NUnitExtensions/Commands/TimeoutCommand.cs:33)
UnityEngine.TestTools.IgnoreTestCommand/<ExecuteEnumerable>d__3:MoveNext () (at ./Library/PackageCache/com.unity.test-framework@1.3.9/UnityEngine.TestRunner/NUnitExtensions/Commands/IgnoreTestCommand.cs:42)
UnityEngine.TestTools.StrictCheckCommand/<ExecuteEnumerable>d__2:MoveNext () (at ./Library/PackageCache/com.unity.test-framework@1.3.9/UnityEngine.TestRunner/NUnitExtensions/Commands/StrictCheckCommand.cs:29)
UnityEngine.TestRunner.NUnitExtensions.Runner.DefaultTestWorkItem/<PerformWork>d__2:MoveNext () (at ./Library/PackageCache/com.unity.test-framework@1.3.9/UnityEngine.TestRunner/NUnitExtensions/Runner/DefaultTestWorkItem.cs:50)
UnityEngine.TestRunner.NUnitExtensions.Runner.CompositeWorkItem/<RunChildren>d__16:MoveNext () (at ./Library/PackageCache/com.unity.test-framework@1.3.9/UnityEngine.TestRunner/NUnitExtensions/Runner/CompositeWorkItem.cs:197)
UnityEngine.TestRunner.NUnitExtensions.Runner.CompositeWorkItem/<PerformWork>d__12:MoveNext () (at ./Library/PackageCache/com.unity.test-framework@1.3.9/UnityEngine.TestRunner/NUnitExtensions/Runner/CompositeWorkItem.cs:76)
UnityEngine.TestRunner.NUnitExtensions.Runner.CompositeWorkItem/<RunChildren>d__16:MoveNext () (at ./Library/PackageCache/com.unity.test-framework@1.3.9/UnityEngine.TestRunner/NUnitExtensions/Runner/CompositeWorkItem.cs:197)
UnityEngine.TestRunner.NUnitExtensions.Runner.CompositeWorkItem/<PerformWork>d__12:MoveNext () (at ./Library/PackageCache/com.unity.test-framework@1.3.9/UnityEngine.TestRunner/NUnitExtensions/Runner/CompositeWorkItem.cs:76)
UnityEngine.TestRunner.NUnitExtensions.Runner.CompositeWorkItem/<RunChildren>d__16:MoveNext () (at ./Library/PackageCache/com.unity.test-framework@1.3.9/UnityEngine.TestRunner/NUnitExtensions/Runner/CompositeWorkItem.cs:197)
UnityEngine.TestRunner.NUnitExtensions.Runner.CompositeWorkItem/<PerformWork>d__12:MoveNext () (at ./Library/PackageCache/com.unity.test-framework@1.3.9/UnityEngine.TestRunner/NUnitExtensions/Runner/CompositeWorkItem.cs:76)
UnityEngine.TestRunner.NUnitExtensions.Runner.CompositeWorkItem/<RunChildren>d__16:MoveNext () (at ./Library/PackageCache/com.unity.test-framework@1.3.9/UnityEngine.TestRunner/NUnitExtensions/Runner/CompositeWorkItem.cs:197)
UnityEngine.TestRunner.NUnitExtensions.Runner.CompositeWorkItem/<PerformWork>d__12:MoveNext () (at ./Library/PackageCache/com.unity.test-framework@1.3.9/UnityEngine.TestRunner/NUnitExtensions/Runner/CompositeWorkItem.cs:76)
UnityEngine.TestRunner.NUnitExtensions.Runner.CompositeWorkItem/<RunChildren>d__16:MoveNext () (at ./Library/PackageCache/com.unity.test-framework@1.3.9/UnityEngine.TestRunner/NUnitExtensions/Runner/CompositeWorkItem.cs:197)
UnityEngine.TestRunner.NUnitExtensions.Runner.CompositeWorkItem/<PerformWork>d__12:MoveNext () (at ./Library/PackageCache/com.unity.test-framework@1.3.9/UnityEngine.TestRunner/NUnitExtensions/Runner/CompositeWorkItem.cs:76)
UnityEngine.TestRunner.NUnitExtensions.Runner.CompositeWorkItem/<RunChildren>d__16:MoveNext () (at ./Library/PackageCache/com.unity.test-framework@1.3.9/UnityEngine.TestRunner/NUnitExtensions/Runner/CompositeWorkItem.cs:197)
UnityEngine.TestRunner.NUnitExtensions.Runner.CompositeWorkItem/<PerformWork>d__12:MoveNext () (at ./Library/PackageCache/com.unity.test-framework@1.3.9/UnityEngine.TestRunner/NUnitExtensions/Runner/CompositeWorkItem.cs:76)
UnityEditor.TestTools.TestRunner.EditModeRunner:MoveNextAndUpdateYieldObject () (at ./Library/PackageCache/com.unity.test-framework@1.3.9/UnityEditor.TestRunner/TestRunner/EditModeRunner.cs:164)
UnityEditor.TestTools.TestRunner.EditModeRunner:TestConsumer (UnityEditor.TestTools.TestRunner.TestRunnerStateSerializer) (at ./Library/PackageCache/com.unity.test-framework@1.3.9/UnityEditor.TestRunner/TestRunner/EditModeRunner.cs:197)
UnityEditor.TestTools.TestRunner.TestRun.Tasks.EditModeRunTask/<Execute>d__1:MoveNext () (at ./Library/PackageCache/com.unity.test-framework@1.3.9/UnityEditor.TestRunner/TestRun/Tasks/EditModeRunTask.cs:47)
UnityEditor.TestTools.TestRunner.TestRun.TestJobRunner:ExecuteStep () (at ./Library/PackageCache/com.unity.test-framework@1.3.9/UnityEditor.TestRunner/TestRun/TestJobRunner.cs:172)
UnityEditor.TestTools.TestRunner.TestRun.TestJobRunner:ExecuteCallback () (at ./Library/PackageCache/com.unity.test-framework@1.3.9/UnityEditor.TestRunner/TestRun/TestJobRunner.cs:108)
UnityEditor.EditorApplication:Internal_CallUpdateFunctions ()

(Filename: Assets/_Project/Scripts/Core/SeedEngine/SeedEngine.cs Line: 88)

[SeedEngine] Initialised with seed 12345 (AAANB3).
UnityEngine.StackTraceUtility:ExtractStackTrace ()
UnityEngine.DebugLogHandler:LogFormat (UnityEngine.LogType,UnityEngine.Object,string,object[])
UnityEngine.Logger:Log (UnityEngine.LogType,object)
UnityEngine.Debug:Log (object)
Desk42.Core.SeedEngine:Init (int) (at Assets/_Project/Scripts/Core/SeedEngine/SeedEngine.cs:88)
Desk42.Tests.EditMode.SeedEngineTests:SetUp () (at Assets/_Project/Tests/EditMode/SeedEngineTests.cs:14)
System.Reflection.RuntimeMethodInfo:Invoke (object,System.Reflection.BindingFlags,System.Reflection.Binder,object[],System.Globalization.CultureInfo)
System.Reflection.MethodBase:Invoke (object,object[])
NUnit.Framework.Internal.Reflect:InvokeMethod (System.Reflection.MethodInfo,object,object[])
NUnit.Framework.Internal.Reflect:InvokeMethod (System.Reflection.MethodInfo,object)
UnityEngine.TestTools.SetUpTearDownCommand/<InvokeBefore>d__4:MoveNext () (at ./Library/PackageCache/com.unity.test-framework@1.3.9/UnityEngine.TestRunner/NUnitExtensions/Commands/SetUpTearDownCommand.cs:59)
UnityEngine.TestTools.BeforeAfterTestCommandBase`1/<ExecuteEnumerable>d__14<System.Reflection.MethodInfo>:MoveNext () (at ./Library/PackageCache/com.unity.test-framework@1.3.9/UnityEngine.TestRunner/NUnitExtensions/Commands/BeforeAfterTestCommandBase.cs:130)
UnityEngine.TestTools.BeforeAfterTestCommandBase`1/<ExecuteEnumerable>d__14<System.Reflection.MethodInfo>:MoveNext () (at ./Library/PackageCache/com.unity.test-framework@1.3.9/UnityEngine.TestRunner/NUnitExtensions/Commands/BeforeAfterTestCommandBase.cs:173)
UnityEngine.TestTools.BeforeAfterTestCommandBase`1/<ExecuteEnumerable>d__14<UnityEngine.TestTools.IOuterUnityTestAction>:MoveNext () (at ./Library/PackageCache/com.unity.test-framework@1.3.9/UnityEngine.TestRunner/NUnitExtensions/Commands/BeforeAfterTestCommandBase.cs:173)
UnityEngine.TestTools.RetryCommand/<ExecuteEnumerable>d__2:MoveNext () (at ./Library/PackageCache/com.unity.test-framework@1.3.9/UnityEngine.TestRunner/NUnitExtensions/Commands/RetryCommand.cs:37)
UnityEngine.TestTools.RepeatCommand/<ExecuteEnumerable>d__2:MoveNext () (at ./Library/PackageCache/com.unity.test-framework@1.3.9/UnityEngine.TestRunner/NUnitExtensions/Commands/RepeatCommand.cs:36)
UnityEngine.TestTools.TimeoutCommand/<ExecuteEnumerable>d__3:MoveNext () (at ./Library/PackageCache/com.unity.test-framework@1.3.9/UnityEngine.TestRunner/NUnitExtensions/Commands/TimeoutCommand.cs:33)
UnityEngine.TestTools.IgnoreTestCommand/<ExecuteEnumerable>d__3:MoveNext () (at ./Library/PackageCache/com.unity.test-framework@1.3.9/UnityEngine.TestRunner/NUnitExtensions/Commands/IgnoreTestCommand.cs:42)
UnityEngine.TestTools.StrictCheckCommand/<ExecuteEnumerable>d__2:MoveNext () (at ./Library/PackageCache/com.unity.test-framework@1.3.9/UnityEngine.TestRunner/NUnitExtensions/Commands/StrictCheckCommand.cs:29)
UnityEngine.TestRunner.NUnitExtensions.Runner.DefaultTestWorkItem/<PerformWork>d__2:MoveNext () (at ./Library/PackageCache/com.unity.test-framework@1.3.9/UnityEngine.TestRunner/NUnitExtensions/Runner/DefaultTestWorkItem.cs:50)
UnityEngine.TestRunner.NUnitExtensions.Runner.CompositeWorkItem/<RunChildren>d__16:MoveNext () (at ./Library/PackageCache/com.unity.test-framework@1.3.9/UnityEngine.TestRunner/NUnitExtensions/Runner/CompositeWorkItem.cs:197)
UnityEngine.TestRunner.NUnitExtensions.Runner.CompositeWorkItem/<PerformWork>d__12:MoveNext () (at ./Library/PackageCache/com.unity.test-framework@1.3.9/UnityEngine.TestRunner/NUnitExtensions/Runner/CompositeWorkItem.cs:76)
UnityEngine.TestRunner.NUnitExtensions.Runner.CompositeWorkItem/<RunChildren>d__16:MoveNext () (at ./Library/PackageCache/com.unity.test-framework@1.3.9/UnityEngine.TestRunner/NUnitExtensions/Runner/CompositeWorkItem.cs:197)
UnityEngine.TestRunner.NUnitExtensions.Runner.CompositeWorkItem/<PerformWork>d__12:MoveNext () (at ./Library/PackageCache/com.unity.test-framework@1.3.9/UnityEngine.TestRunner/NUnitExtensions/Runner/CompositeWorkItem.cs:76)
UnityEngine.TestRunner.NUnitExtensions.Runner.CompositeWorkItem/<RunChildren>d__16:MoveNext () (at ./Library/PackageCache/com.unity.test-framework@1.3.9/UnityEngine.TestRunner/NUnitExtensions/Runner/CompositeWorkItem.cs:197)
UnityEngine.TestRunner.NUnitExtensions.Runner.CompositeWorkItem/<PerformWork>d__12:MoveNext () (at ./Library/PackageCache/com.unity.test-framework@1.3.9/UnityEngine.TestRunner/NUnitExtensions/Runner/CompositeWorkItem.cs:76)
UnityEngine.TestRunner.NUnitExtensions.Runner.CompositeWorkItem/<RunChildren>d__16:MoveNext () (at ./Library/PackageCache/com.unity.test-framework@1.3.9/UnityEngine.TestRunner/NUnitExtensions/Runner/CompositeWorkItem.cs:197)
UnityEngine.TestRunner.NUnitExtensions.Runner.CompositeWorkItem/<PerformWork>d__12:MoveNext () (at ./Library/PackageCache/com.unity.test-framework@1.3.9/UnityEngine.TestRunner/NUnitExtensions/Runner/CompositeWorkItem.cs:76)
UnityEngine.TestRunner.NUnitExtensions.Runner.CompositeWorkItem/<RunChildren>d__16:MoveNext () (at ./Library/PackageCache/com.unity.test-framework@1.3.9/UnityEngine.TestRunner/NUnitExtensions/Runner/CompositeWorkItem.cs:197)
UnityEngine.TestRunner.NUnitExtensions.Runner.CompositeWorkItem/<PerformWork>d__12:MoveNext () (at ./Library/PackageCache/com.unity.test-framework@1.3.9/UnityEngine.TestRunner/NUnitExtensions/Runner/CompositeWorkItem.cs:76)
UnityEngine.TestRunner.NUnitExtensions.Runner.CompositeWorkItem/<RunChildren>d__16:MoveNext () (at ./Library/PackageCache/com.unity.test-framework@1.3.9/UnityEngine.TestRunner/NUnitExtensions/Runner/CompositeWorkItem.cs:197)
UnityEngine.TestRunner.NUnitExtensions.Runner.CompositeWorkItem/<PerformWork>d__12:MoveNext () (at ./Library/PackageCache/com.unity.test-framework@1.3.9/UnityEngine.TestRunner/NUnitExtensions/Runner/CompositeWorkItem.cs:76)
UnityEditor.TestTools.TestRunner.EditModeRunner:MoveNextAndUpdateYieldObject () (at ./Library/PackageCache/com.unity.test-framework@1.3.9/UnityEditor.TestRunner/TestRunner/EditModeRunner.cs:164)
UnityEditor.TestTools.TestRunner.EditModeRunner:TestConsumer (UnityEditor.TestTools.TestRunner.TestRunnerStateSerializer) (at ./Library/PackageCache/com.unity.test-framework@1.3.9/UnityEditor.TestRunner/TestRunner/EditModeRunner.cs:197)
UnityEditor.TestTools.TestRunner.TestRun.Tasks.EditModeRunTask/<Execute>d__1:MoveNext () (at ./Library/PackageCache/com.unity.test-framework@1.3.9/UnityEditor.TestRunner/TestRun/Tasks/EditModeRunTask.cs:47)
UnityEditor.TestTools.TestRunner.TestRun.TestJobRunner:ExecuteStep () (at ./Library/PackageCache/com.unity.test-framework@1.3.9/UnityEditor.TestRunner/TestRun/TestJobRunner.cs:172)
UnityEditor.TestTools.TestRunner.TestRun.TestJobRunner:ExecuteCallback () (at ./Library/PackageCache/com.unity.test-framework@1.3.9/UnityEditor.TestRunner/TestRun/TestJobRunner.cs:108)
UnityEditor.EditorApplication:Internal_CallUpdateFunctions ()

(Filename: Assets/_Project/Scripts/Core/SeedEngine/SeedEngine.cs Line: 88)

[SeedEngine] Initialised with seed 0 (AAAAAA).
UnityEngine.StackTraceUtility:ExtractStackTrace ()
UnityEngine.DebugLogHandler:LogFormat (UnityEngine.LogType,UnityEngine.Object,string,object[])
UnityEngine.Logger:Log (UnityEngine.LogType,object)
UnityEngine.Debug:Log (object)
Desk42.Core.SeedEngine:Init (int) (at Assets/_Project/Scripts/Core/SeedEngine/SeedEngine.cs:88)
Desk42.Tests.EditMode.SeedEngineTests:NextBool_OneProbability_AlwaysTrue () (at Assets/_Project/Tests/EditMode/SeedEngineTests.cs:104)
System.Reflection.RuntimeMethodInfo:Invoke (object,System.Reflection.BindingFlags,System.Reflection.Binder,object[],System.Globalization.CultureInfo)
System.Reflection.MethodBase:Invoke (object,object[])
NUnit.Framework.Internal.Reflect:InvokeMethod (System.Reflection.MethodInfo,object,object[])
NUnit.Framework.Internal.MethodWrapper:Invoke (object,object[])
NUnit.Framework.Internal.Commands.TestMethodCommand:RunNonAsyncTestMethod (NUnit.Framework.Internal.ITestExecutionContext)
NUnit.Framework.Internal.Commands.TestMethodCommand:RunTestMethod (NUnit.Framework.Internal.ITestExecutionContext)
NUnit.Framework.Internal.Commands.TestMethodCommand:Execute (NUnit.Framework.Internal.ITestExecutionContext)
UnityEngine.TestTools.UnityTestMethodCommand:Execute (NUnit.Framework.Internal.ITestExecutionContext) (at ./Library/PackageCache/com.unity.test-framework@1.3.9/UnityEngine.TestRunner/NUnitExtensions/Commands/UnityTestMethodCommand.cs:16)
UnityEngine.TestRunner.NUnitExtensions.Runner.UnityLogCheckDelegatingCommand/<>c__DisplayClass2_0:<Execute>b__0 () (at ./Library/PackageCache/com.unity.test-framework@1.3.9/UnityEngine.TestRunner/NUnitExtensions/Runner/UnityLogCheckDelegatingCommand.cs:24)
UnityEngine.TestRunner.NUnitExtensions.Runner.UnityLogCheckDelegatingCommand:CaptureException (NUnit.Framework.Internal.TestResult,System.Action) (at ./Library/PackageCache/com.unity.test-framework@1.3.9/UnityEngine.TestRunner/NUnitExtensions/Runner/UnityLogCheckDelegatingCommand.cs:68)
UnityEngine.TestRunner.NUnitExtensions.Runner.UnityLogCheckDelegatingCommand:ExecuteAndCheckLog (UnityEngine.TestTools.Logging.LogScope,NUnit.Framework.Internal.TestResult,System.Action) (at ./Library/PackageCache/com.unity.test-framework@1.3.9/UnityEngine.TestRunner/NUnitExtensions/Runner/UnityLogCheckDelegatingCommand.cs:79)
UnityEngine.TestRunner.NUnitExtensions.Runner.UnityLogCheckDelegatingCommand:Execute (NUnit.Framework.Internal.ITestExecutionContext) (at ./Library/PackageCache/com.unity.test-framework@1.3.9/UnityEngine.TestRunner/NUnitExtensions/Runner/UnityLogCheckDelegatingCommand.cs:24)
UnityEngine.TestRunner.NUnitExtensions.Runner.UnityLogCheckDelegatingCommand/<ExecuteEnumerable>d__3:MoveNext () (at ./Library/PackageCache/com.unity.test-framework@1.3.9/UnityEngine.TestRunner/NUnitExtensions/Runner/UnityLogCheckDelegatingCommand.cs:35)
UnityEngine.TestTools.BeforeAfterTestCommandBase`1/<ExecuteEnumerable>d__14<NUnit.Framework.ITestAction>:MoveNext () (at ./Library/PackageCache/com.unity.test-framework@1.3.9/UnityEngine.TestRunner/NUnitExtensions/Commands/BeforeAfterTestCommandBase.cs:173)
UnityEngine.TestTools.ImmediateEnumerableCommand:Execute (NUnit.Framework.Internal.ITestExecutionContext) (at ./Library/PackageCache/com.unity.test-framework@1.3.9/UnityEngine.TestRunner/NUnitExtensions/Commands/ImmediateEnumerableCommand.cs:18)
UnityEngine.TestTools.BeforeAfterTestCommandBase`1/<ExecuteEnumerable>d__14<System.Reflection.MethodInfo>:MoveNext () (at ./Library/PackageCache/com.unity.test-framework@1.3.9/UnityEngine.TestRunner/NUnitExtensions/Commands/BeforeAfterTestCommandBase.cs:181)
UnityEngine.TestTools.BeforeAfterTestCommandBase`1/<ExecuteEnumerable>d__14<System.Reflection.MethodInfo>:MoveNext () (at ./Library/PackageCache/com.unity.test-framework@1.3.9/UnityEngine.TestRunner/NUnitExtensions/Commands/BeforeAfterTestCommandBase.cs:173)
UnityEngine.TestTools.BeforeAfterTestCommandBase`1/<ExecuteEnumerable>d__14<UnityEngine.TestTools.IOuterUnityTestAction>:MoveNext () (at ./Library/PackageCache/com.unity.test-framework@1.3.9/UnityEngine.TestRunner/NUnitExtensions/Commands/BeforeAfterTestCommandBase.cs:173)
UnityEngine.TestTools.RetryCommand/<ExecuteEnumerable>d__2:MoveNext () (at ./Library/PackageCache/com.unity.test-framework@1.3.9/UnityEngine.TestRunner/NUnitExtensions/Commands/RetryCommand.cs:37)
UnityEngine.TestTools.RepeatCommand/<ExecuteEnumerable>d__2:MoveNext () (at ./Library/PackageCache/com.unity.test-framework@1.3.9/UnityEngine.TestRunner/NUnitExtensions/Commands/RepeatCommand.cs:36)
UnityEngine.TestTools.TimeoutCommand/<ExecuteEnumerable>d__3:MoveNext () (at ./Library/PackageCache/com.unity.test-framework@1.3.9/UnityEngine.TestRunner/NUnitExtensions/Commands/TimeoutCommand.cs:33)
UnityEngine.TestTools.IgnoreTestCommand/<ExecuteEnumerable>d__3:MoveNext () (at ./Library/PackageCache/com.unity.test-framework@1.3.9/UnityEngine.TestRunner/NUnitExtensions/Commands/IgnoreTestCommand.cs:42)
UnityEngine.TestTools.StrictCheckCommand/<ExecuteEnumerable>d__2:MoveNext () (at ./Library/PackageCache/com.unity.test-framework@1.3.9/UnityEngine.TestRunner/NUnitExtensions/Commands/StrictCheckCommand.cs:29)
UnityEngine.TestRunner.NUnitExtensions.Runner.DefaultTestWorkItem/<PerformWork>d__2:MoveNext () (at ./Library/PackageCache/com.unity.test-framework@1.3.9/UnityEngine.TestRunner/NUnitExtensions/Runner/DefaultTestWorkItem.cs:50)
UnityEngine.TestRunner.NUnitExtensions.Runner.CompositeWorkItem/<RunChildren>d__16:MoveNext () (at ./Library/PackageCache/com.unity.test-framework@1.3.9/UnityEngine.TestRunner/NUnitExtensions/Runner/CompositeWorkItem.cs:197)
UnityEngine.TestRunner.NUnitExtensions.Runner.CompositeWorkItem/<PerformWork>d__12:MoveNext () (at ./Library/PackageCache/com.unity.test-framework@1.3.9/UnityEngine.TestRunner/NUnitExtensions/Runner/CompositeWorkItem.cs:76)
UnityEngine.TestRunner.NUnitExtensions.Runner.CompositeWorkItem/<RunChildren>d__16:MoveNext () (at ./Library/PackageCache/com.unity.test-framework@1.3.9/UnityEngine.TestRunner/NUnitExtensions/Runner/CompositeWorkItem.cs:197)
UnityEngine.TestRunner.NUnitExtensions.Runner.CompositeWorkItem/<PerformWork>d__12:MoveNext () (at ./Library/PackageCache/com.unity.test-framework@1.3.9/UnityEngine.TestRunner/NUnitExtensions/Runner/CompositeWorkItem.cs:76)
UnityEngine.TestRunner.NUnitExtensions.Runner.CompositeWorkItem/<RunChildren>d__16:MoveNext () (at ./Library/PackageCache/com.unity.test-framework@1.3.9/UnityEngine.TestRunner/NUnitExtensions/Runner/CompositeWorkItem.cs:197)
UnityEngine.TestRunner.NUnitExtensions.Runner.CompositeWorkItem/<PerformWork>d__12:MoveNext () (at ./Library/PackageCache/com.unity.test-framework@1.3.9/UnityEngine.TestRunner/NUnitExtensions/Runner/CompositeWorkItem.cs:76)
UnityEngine.TestRunner.NUnitExtensions.Runner.CompositeWorkItem/<RunChildren>d__16:MoveNext () (at ./Library/PackageCache/com.unity.test-framework@1.3.9/UnityEngine.TestRunner/NUnitExtensions/Runner/CompositeWorkItem.cs:197)
UnityEngine.TestRunner.NUnitExtensions.Runner.CompositeWorkItem/<PerformWork>d__12:MoveNext () (at ./Library/PackageCache/com.unity.test-framework@1.3.9/UnityEngine.TestRunner/NUnitExtensions/Runner/CompositeWorkItem.cs:76)
UnityEngine.TestRunner.NUnitExtensions.Runner.CompositeWorkItem/<RunChildren>d__16:MoveNext () (at ./Library/PackageCache/com.unity.test-framework@1.3.9/UnityEngine.TestRunner/NUnitExtensions/Runner/CompositeWorkItem.cs:197)
UnityEngine.TestRunner.NUnitExtensions.Runner.CompositeWorkItem/<PerformWork>d__12:MoveNext () (at ./Library/PackageCache/com.unity.test-framework@1.3.9/UnityEngine.TestRunner/NUnitExtensions/Runner/CompositeWorkItem.cs:76)
UnityEngine.TestRunner.NUnitExtensions.Runner.CompositeWorkItem/<RunChildren>d__16:MoveNext () (at ./Library/PackageCache/com.unity.test-framework@1.3.9/UnityEngine.TestRunner/NUnitExtensions/Runner/CompositeWorkItem.cs:197)
UnityEngine.TestRunner.NUnitExtensions.Runner.CompositeWorkItem/<PerformWork>d__12:MoveNext () (at ./Library/PackageCache/com.unity.test-framework@1.3.9/UnityEngine.TestRunner/NUnitExtensions/Runner/CompositeWorkItem.cs:76)
UnityEditor.TestTools.TestRunner.EditModeRunner:MoveNextAndUpdateYieldObject () (at ./Library/PackageCache/com.unity.test-framework@1.3.9/UnityEditor.TestRunner/TestRunner/EditModeRunner.cs:164)
UnityEditor.TestTools.TestRunner.EditModeRunner:TestConsumer (UnityEditor.TestTools.TestRunner.TestRunnerStateSerializer) (at ./Library/PackageCache/com.unity.test-framework@1.3.9/UnityEditor.TestRunner/TestRunner/EditModeRunner.cs:197)
UnityEditor.TestTools.TestRunner.TestRun.Tasks.EditModeRunTask/<Execute>d__1:MoveNext () (at ./Library/PackageCache/com.unity.test-framework@1.3.9/UnityEditor.TestRunner/TestRun/Tasks/EditModeRunTask.cs:47)
UnityEditor.TestTools.TestRunner.TestRun.TestJobRunner:ExecuteStep () (at ./Library/PackageCache/com.unity.test-framework@1.3.9/UnityEditor.TestRunner/TestRun/TestJobRunner.cs:172)
UnityEditor.TestTools.TestRunner.TestRun.TestJobRunner:ExecuteCallback () (at ./Library/PackageCache/com.unity.test-framework@1.3.9/UnityEditor.TestRunner/TestRun/TestJobRunner.cs:108)
UnityEditor.EditorApplication:Internal_CallUpdateFunctions ()

(Filename: Assets/_Project/Scripts/Core/SeedEngine/SeedEngine.cs Line: 88)

[SeedEngine] Initialised with seed 12345 (AAANB3).
UnityEngine.StackTraceUtility:ExtractStackTrace ()
UnityEngine.DebugLogHandler:LogFormat (UnityEngine.LogType,UnityEngine.Object,string,object[])
UnityEngine.Logger:Log (UnityEngine.LogType,object)
UnityEngine.Debug:Log (object)
Desk42.Core.SeedEngine:Init (int) (at Assets/_Project/Scripts/Core/SeedEngine/SeedEngine.cs:88)
Desk42.Tests.EditMode.SeedEngineTests:SetUp () (at Assets/_Project/Tests/EditMode/SeedEngineTests.cs:14)
System.Reflection.RuntimeMethodInfo:Invoke (object,System.Reflection.BindingFlags,System.Reflection.Binder,object[],System.Globalization.CultureInfo)
System.Reflection.MethodBase:Invoke (object,object[])
NUnit.Framework.Internal.Reflect:InvokeMethod (System.Reflection.MethodInfo,object,object[])
NUnit.Framework.Internal.Reflect:InvokeMethod (System.Reflection.MethodInfo,object)
UnityEngine.TestTools.SetUpTearDownCommand/<InvokeBefore>d__4:MoveNext () (at ./Library/PackageCache/com.unity.test-framework@1.3.9/UnityEngine.TestRunner/NUnitExtensions/Commands/SetUpTearDownCommand.cs:59)
UnityEngine.TestTools.BeforeAfterTestCommandBase`1/<ExecuteEnumerable>d__14<System.Reflection.MethodInfo>:MoveNext () (at ./Library/PackageCache/com.unity.test-framework@1.3.9/UnityEngine.TestRunner/NUnitExtensions/Commands/BeforeAfterTestCommandBase.cs:130)
UnityEngine.TestTools.BeforeAfterTestCommandBase`1/<ExecuteEnumerable>d__14<System.Reflection.MethodInfo>:MoveNext () (at ./Library/PackageCache/com.unity.test-framework@1.3.9/UnityEngine.TestRunner/NUnitExtensions/Commands/BeforeAfterTestCommandBase.cs:173)
UnityEngine.TestTools.BeforeAfterTestCommandBase`1/<ExecuteEnumerable>d__14<UnityEngine.TestTools.IOuterUnityTestAction>:MoveNext () (at ./Library/PackageCache/com.unity.test-framework@1.3.9/UnityEngine.TestRunner/NUnitExtensions/Commands/BeforeAfterTestCommandBase.cs:173)
UnityEngine.TestTools.RetryCommand/<ExecuteEnumerable>d__2:MoveNext () (at ./Library/PackageCache/com.unity.test-framework@1.3.9/UnityEngine.TestRunner/NUnitExtensions/Commands/RetryCommand.cs:37)
UnityEngine.TestTools.RepeatCommand/<ExecuteEnumerable>d__2:MoveNext () (at ./Library/PackageCache/com.unity.test-framework@1.3.9/UnityEngine.TestRunner/NUnitExtensions/Commands/RepeatCommand.cs:36)
UnityEngine.TestTools.TimeoutCommand/<ExecuteEnumerable>d__3:MoveNext () (at ./Library/PackageCache/com.unity.test-framework@1.3.9/UnityEngine.TestRunner/NUnitExtensions/Commands/TimeoutCommand.cs:33)
UnityEngine.TestTools.IgnoreTestCommand/<ExecuteEnumerable>d__3:MoveNext () (at ./Library/PackageCache/com.unity.test-framework@1.3.9/UnityEngine.TestRunner/NUnitExtensions/Commands/IgnoreTestCommand.cs:42)
UnityEngine.TestTools.StrictCheckCommand/<ExecuteEnumerable>d__2:MoveNext () (at ./Library/PackageCache/com.unity.test-framework@1.3.9/UnityEngine.TestRunner/NUnitExtensions/Commands/StrictCheckCommand.cs:29)
UnityEngine.TestRunner.NUnitExtensions.Runner.DefaultTestWorkItem/<PerformWork>d__2:MoveNext () (at ./Library/PackageCache/com.unity.test-framework@1.3.9/UnityEngine.TestRunner/NUnitExtensions/Runner/DefaultTestWorkItem.cs:50)
UnityEngine.TestRunner.NUnitExtensions.Runner.CompositeWorkItem/<RunChildren>d__16:MoveNext () (at ./Library/PackageCache/com.unity.test-framework@1.3.9/UnityEngine.TestRunner/NUnitExtensions/Runner/CompositeWorkItem.cs:197)
UnityEngine.TestRunner.NUnitExtensions.Runner.CompositeWorkItem/<PerformWork>d__12:MoveNext () (at ./Library/PackageCache/com.unity.test-framework@1.3.9/UnityEngine.TestRunner/NUnitExtensions/Runner/CompositeWorkItem.cs:76)
UnityEngine.TestRunner.NUnitExtensions.Runner.CompositeWorkItem/<RunChildren>d__16:MoveNext () (at ./Library/PackageCache/com.unity.test-framework@1.3.9/UnityEngine.TestRunner/NUnitExtensions/Runner/CompositeWorkItem.cs:197)
UnityEngine.TestRunner.NUnitExtensions.Runner.CompositeWorkItem/<PerformWork>d__12:MoveNext () (at ./Library/PackageCache/com.unity.test-framework@1.3.9/UnityEngine.TestRunner/NUnitExtensions/Runner/CompositeWorkItem.cs:76)
UnityEngine.TestRunner.NUnitExtensions.Runner.CompositeWorkItem/<RunChildren>d__16:MoveNext () (at ./Library/PackageCache/com.unity.test-framework@1.3.9/UnityEngine.TestRunner/NUnitExtensions/Runner/CompositeWorkItem.cs:197)
UnityEngine.TestRunner.NUnitExtensions.Runner.CompositeWorkItem/<PerformWork>d__12:MoveNext () (at ./Library/PackageCache/com.unity.test-framework@1.3.9/UnityEngine.TestRunner/NUnitExtensions/Runner/CompositeWorkItem.cs:76)
UnityEngine.TestRunner.NUnitExtensions.Runner.CompositeWorkItem/<RunChildren>d__16:MoveNext () (at ./Library/PackageCache/com.unity.test-framework@1.3.9/UnityEngine.TestRunner/NUnitExtensions/Runner/CompositeWorkItem.cs:197)
UnityEngine.TestRunner.NUnitExtensions.Runner.CompositeWorkItem/<PerformWork>d__12:MoveNext () (at ./Library/PackageCache/com.unity.test-framework@1.3.9/UnityEngine.TestRunner/NUnitExtensions/Runner/CompositeWorkItem.cs:76)
UnityEngine.TestRunner.NUnitExtensions.Runner.CompositeWorkItem/<RunChildren>d__16:MoveNext () (at ./Library/PackageCache/com.unity.test-framework@1.3.9/UnityEngine.TestRunner/NUnitExtensions/Runner/CompositeWorkItem.cs:197)
UnityEngine.TestRunner.NUnitExtensions.Runner.CompositeWorkItem/<PerformWork>d__12:MoveNext () (at ./Library/PackageCache/com.unity.test-framework@1.3.9/UnityEngine.TestRunner/NUnitExtensions/Runner/CompositeWorkItem.cs:76)
UnityEngine.TestRunner.NUnitExtensions.Runner.CompositeWorkItem/<RunChildren>d__16:MoveNext () (at ./Library/PackageCache/com.unity.test-framework@1.3.9/UnityEngine.TestRunner/NUnitExtensions/Runner/CompositeWorkItem.cs:197)
UnityEngine.TestRunner.NUnitExtensions.Runner.CompositeWorkItem/<PerformWork>d__12:MoveNext () (at ./Library/PackageCache/com.unity.test-framework@1.3.9/UnityEngine.TestRunner/NUnitExtensions/Runner/CompositeWorkItem.cs:76)
UnityEditor.TestTools.TestRunner.EditModeRunner:MoveNextAndUpdateYieldObject () (at ./Library/PackageCache/com.unity.test-framework@1.3.9/UnityEditor.TestRunner/TestRunner/EditModeRunner.cs:164)
UnityEditor.TestTools.TestRunner.EditModeRunner:TestConsumer (UnityEditor.TestTools.TestRunner.TestRunnerStateSerializer) (at ./Library/PackageCache/com.unity.test-framework@1.3.9/UnityEditor.TestRunner/TestRunner/EditModeRunner.cs:197)
UnityEditor.TestTools.TestRunner.TestRun.Tasks.EditModeRunTask/<Execute>d__1:MoveNext () (at ./Library/PackageCache/com.unity.test-framework@1.3.9/UnityEditor.TestRunner/TestRun/Tasks/EditModeRunTask.cs:47)
UnityEditor.TestTools.TestRunner.TestRun.TestJobRunner:ExecuteStep () (at ./Library/PackageCache/com.unity.test-framework@1.3.9/UnityEditor.TestRunner/TestRun/TestJobRunner.cs:172)
UnityEditor.TestTools.TestRunner.TestRun.TestJobRunner:ExecuteCallback () (at ./Library/PackageCache/com.unity.test-framework@1.3.9/UnityEditor.TestRunner/TestRun/TestJobRunner.cs:108)
UnityEditor.EditorApplication:Internal_CallUpdateFunctions ()

(Filename: Assets/_Project/Scripts/Core/SeedEngine/SeedEngine.cs Line: 88)

[SeedEngine] Initialised with seed 0 (AAAAAA).
UnityEngine.StackTraceUtility:ExtractStackTrace ()
UnityEngine.DebugLogHandler:LogFormat (UnityEngine.LogType,UnityEngine.Object,string,object[])
UnityEngine.Logger:Log (UnityEngine.LogType,object)
UnityEngine.Debug:Log (object)
Desk42.Core.SeedEngine:Init (int) (at Assets/_Project/Scripts/Core/SeedEngine/SeedEngine.cs:88)
Desk42.Tests.EditMode.SeedEngineTests:NextBool_ZeroProbability_AlwaysFalse () (at Assets/_Project/Tests/EditMode/SeedEngineTests.cs:96)
System.Reflection.RuntimeMethodInfo:Invoke (object,System.Reflection.BindingFlags,System.Reflection.Binder,object[],System.Globalization.CultureInfo)
System.Reflection.MethodBase:Invoke (object,object[])
NUnit.Framework.Internal.Reflect:InvokeMethod (System.Reflection.MethodInfo,object,object[])
NUnit.Framework.Internal.MethodWrapper:Invoke (object,object[])
NUnit.Framework.Internal.Commands.TestMethodCommand:RunNonAsyncTestMethod (NUnit.Framework.Internal.ITestExecutionContext)
NUnit.Framework.Internal.Commands.TestMethodCommand:RunTestMethod (NUnit.Framework.Internal.ITestExecutionContext)
NUnit.Framework.Internal.Commands.TestMethodCommand:Execute (NUnit.Framework.Internal.ITestExecutionContext)
UnityEngine.TestTools.UnityTestMethodCommand:Execute (NUnit.Framework.Internal.ITestExecutionContext) (at ./Library/PackageCache/com.unity.test-framework@1.3.9/UnityEngine.TestRunner/NUnitExtensions/Commands/UnityTestMethodCommand.cs:16)
UnityEngine.TestRunner.NUnitExtensions.Runner.UnityLogCheckDelegatingCommand/<>c__DisplayClass2_0:<Execute>b__0 () (at ./Library/PackageCache/com.unity.test-framework@1.3.9/UnityEngine.TestRunner/NUnitExtensions/Runner/UnityLogCheckDelegatingCommand.cs:24)
UnityEngine.TestRunner.NUnitExtensions.Runner.UnityLogCheckDelegatingCommand:CaptureException (NUnit.Framework.Internal.TestResult,System.Action) (at ./Library/PackageCache/com.unity.test-framework@1.3.9/UnityEngine.TestRunner/NUnitExtensions/Runner/UnityLogCheckDelegatingCommand.cs:68)
UnityEngine.TestRunner.NUnitExtensions.Runner.UnityLogCheckDelegatingCommand:ExecuteAndCheckLog (UnityEngine.TestTools.Logging.LogScope,NUnit.Framework.Internal.TestResult,System.Action) (at ./Library/PackageCache/com.unity.test-framework@1.3.9/UnityEngine.TestRunner/NUnitExtensions/Runner/UnityLogCheckDelegatingCommand.cs:79)
UnityEngine.TestRunner.NUnitExtensions.Runner.UnityLogCheckDelegatingCommand:Execute (NUnit.Framework.Internal.ITestExecutionContext) (at ./Library/PackageCache/com.unity.test-framework@1.3.9/UnityEngine.TestRunner/NUnitExtensions/Runner/UnityLogCheckDelegatingCommand.cs:24)
UnityEngine.TestRunner.NUnitExtensions.Runner.UnityLogCheckDelegatingCommand/<ExecuteEnumerable>d__3:MoveNext () (at ./Library/PackageCache/com.unity.test-framework@1.3.9/UnityEngine.TestRunner/NUnitExtensions/Runner/UnityLogCheckDelegatingCommand.cs:35)
UnityEngine.TestTools.BeforeAfterTestCommandBase`1/<ExecuteEnumerable>d__14<NUnit.Framework.ITestAction>:MoveNext () (at ./Library/PackageCache/com.unity.test-framework@1.3.9/UnityEngine.TestRunner/NUnitExtensions/Commands/BeforeAfterTestCommandBase.cs:173)
UnityEngine.TestTools.ImmediateEnumerableCommand:Execute (NUnit.Framework.Internal.ITestExecutionContext) (at ./Library/PackageCache/com.unity.test-framework@1.3.9/UnityEngine.TestRunner/NUnitExtensions/Commands/ImmediateEnumerableCommand.cs:18)
UnityEngine.TestTools.BeforeAfterTestCommandBase`1/<ExecuteEnumerable>d__14<System.Reflection.MethodInfo>:MoveNext () (at ./Library/PackageCache/com.unity.test-framework@1.3.9/UnityEngine.TestRunner/NUnitExtensions/Commands/BeforeAfterTestCommandBase.cs:181)
UnityEngine.TestTools.BeforeAfterTestCommandBase`1/<ExecuteEnumerable>d__14<System.Reflection.MethodInfo>:MoveNext () (at ./Library/PackageCache/com.unity.test-framework@1.3.9/UnityEngine.TestRunner/NUnitExtensions/Commands/BeforeAfterTestCommandBase.cs:173)
UnityEngine.TestTools.BeforeAfterTestCommandBase`1/<ExecuteEnumerable>d__14<UnityEngine.TestTools.IOuterUnityTestAction>:MoveNext () (at ./Library/PackageCache/com.unity.test-framework@1.3.9/UnityEngine.TestRunner/NUnitExtensions/Commands/BeforeAfterTestCommandBase.cs:173)
UnityEngine.TestTools.RetryCommand/<ExecuteEnumerable>d__2:MoveNext () (at ./Library/PackageCache/com.unity.test-framework@1.3.9/UnityEngine.TestRunner/NUnitExtensions/Commands/RetryCommand.cs:37)
UnityEngine.TestTools.RepeatCommand/<ExecuteEnumerable>d__2:MoveNext () (at ./Library/PackageCache/com.unity.test-framework@1.3.9/UnityEngine.TestRunner/NUnitExtensions/Commands/RepeatCommand.cs:36)
UnityEngine.TestTools.TimeoutCommand/<ExecuteEnumerable>d__3:MoveNext () (at ./Library/PackageCache/com.unity.test-framework@1.3.9/UnityEngine.TestRunner/NUnitExtensions/Commands/TimeoutCommand.cs:33)
UnityEngine.TestTools.IgnoreTestCommand/<ExecuteEnumerable>d__3:MoveNext () (at ./Library/PackageCache/com.unity.test-framework@1.3.9/UnityEngine.TestRunner/NUnitExtensions/Commands/IgnoreTestCommand.cs:42)
UnityEngine.TestTools.StrictCheckCommand/<ExecuteEnumerable>d__2:MoveNext () (at ./Library/PackageCache/com.unity.test-framework@1.3.9/UnityEngine.TestRunner/NUnitExtensions/Commands/StrictCheckCommand.cs:29)
UnityEngine.TestRunner.NUnitExtensions.Runner.DefaultTestWorkItem/<PerformWork>d__2:MoveNext () (at ./Library/PackageCache/com.unity.test-framework@1.3.9/UnityEngine.TestRunner/NUnitExtensions/Runner/DefaultTestWorkItem.cs:50)
UnityEngine.TestRunner.NUnitExtensions.Runner.CompositeWorkItem/<RunChildren>d__16:MoveNext () (at ./Library/PackageCache/com.unity.test-framework@1.3.9/UnityEngine.TestRunner/NUnitExtensions/Runner/CompositeWorkItem.cs:197)
UnityEngine.TestRunner.NUnitExtensions.Runner.CompositeWorkItem/<PerformWork>d__12:MoveNext () (at ./Library/PackageCache/com.unity.test-framework@1.3.9/UnityEngine.TestRunner/NUnitExtensions/Runner/CompositeWorkItem.cs:76)
UnityEngine.TestRunner.NUnitExtensions.Runner.CompositeWorkItem/<RunChildren>d__16:MoveNext () (at ./Library/PackageCache/com.unity.test-framework@1.3.9/UnityEngine.TestRunner/NUnitExtensions/Runner/CompositeWorkItem.cs:197)
UnityEngine.TestRunner.NUnitExtensions.Runner.CompositeWorkItem/<PerformWork>d__12:MoveNext () (at ./Library/PackageCache/com.unity.test-framework@1.3.9/UnityEngine.TestRunner/NUnitExtensions/Runner/CompositeWorkItem.cs:76)
UnityEngine.TestRunner.NUnitExtensions.Runner.CompositeWorkItem/<RunChildren>d__16:MoveNext () (at ./Library/PackageCache/com.unity.test-framework@1.3.9/UnityEngine.TestRunner/NUnitExtensions/Runner/CompositeWorkItem.cs:197)
UnityEngine.TestRunner.NUnitExtensions.Runner.CompositeWorkItem/<PerformWork>d__12:MoveNext () (at ./Library/PackageCache/com.unity.test-framework@1.3.9/UnityEngine.TestRunner/NUnitExtensions/Runner/CompositeWorkItem.cs:76)
UnityEngine.TestRunner.NUnitExtensions.Runner.CompositeWorkItem/<RunChildren>d__16:MoveNext () (at ./Library/PackageCache/com.unity.test-framework@1.3.9/UnityEngine.TestRunner/NUnitExtensions/Runner/CompositeWorkItem.cs:197)
UnityEngine.TestRunner.NUnitExtensions.Runner.CompositeWorkItem/<PerformWork>d__12:MoveNext () (at ./Library/PackageCache/com.unity.test-framework@1.3.9/UnityEngine.TestRunner/NUnitExtensions/Runner/CompositeWorkItem.cs:76)
UnityEngine.TestRunner.NUnitExtensions.Runner.CompositeWorkItem/<RunChildren>d__16:MoveNext () (at ./Library/PackageCache/com.unity.test-framework@1.3.9/UnityEngine.TestRunner/NUnitExtensions/Runner/CompositeWorkItem.cs:197)
UnityEngine.TestRunner.NUnitExtensions.Runner.CompositeWorkItem/<PerformWork>d__12:MoveNext () (at ./Library/PackageCache/com.unity.test-framework@1.3.9/UnityEngine.TestRunner/NUnitExtensions/Runner/CompositeWorkItem.cs:76)
UnityEngine.TestRunner.NUnitExtensions.Runner.CompositeWorkItem/<RunChildren>d__16:MoveNext () (at ./Library/PackageCache/com.unity.test-framework@1.3.9/UnityEngine.TestRunner/NUnitExtensions/Runner/CompositeWorkItem.cs:197)
UnityEngine.TestRunner.NUnitExtensions.Runner.CompositeWorkItem/<PerformWork>d__12:MoveNext () (at ./Library/PackageCache/com.unity.test-framework@1.3.9/UnityEngine.TestRunner/NUnitExtensions/Runner/CompositeWorkItem.cs:76)
UnityEditor.TestTools.TestRunner.EditModeRunner:MoveNextAndUpdateYieldObject () (at ./Library/PackageCache/com.unity.test-framework@1.3.9/UnityEditor.TestRunner/TestRunner/EditModeRunner.cs:164)
UnityEditor.TestTools.TestRunner.EditModeRunner:TestConsumer (UnityEditor.TestTools.TestRunner.TestRunnerStateSerializer) (at ./Library/PackageCache/com.unity.test-framework@1.3.9/UnityEditor.TestRunner/TestRunner/EditModeRunner.cs:197)
UnityEditor.TestTools.TestRunner.TestRun.Tasks.EditModeRunTask/<Execute>d__1:MoveNext () (at ./Library/PackageCache/com.unity.test-framework@1.3.9/UnityEditor.TestRunner/TestRun/Tasks/EditModeRunTask.cs:47)
UnityEditor.TestTools.TestRunner.TestRun.TestJobRunner:ExecuteStep () (at ./Library/PackageCache/com.unity.test-framework@1.3.9/UnityEditor.TestRunner/TestRun/TestJobRunner.cs:172)
UnityEditor.TestTools.TestRunner.TestRun.TestJobRunner:ExecuteCallback () (at ./Library/PackageCache/com.unity.test-framework@1.3.9/UnityEditor.TestRunner/TestRun/TestJobRunner.cs:108)
UnityEditor.EditorApplication:Internal_CallUpdateFunctions ()

(Filename: Assets/_Project/Scripts/Core/SeedEngine/SeedEngine.cs Line: 88)

[SeedEngine] Initialised with seed 12345 (AAANB3).
UnityEngine.StackTraceUtility:ExtractStackTrace ()
UnityEngine.DebugLogHandler:LogFormat (UnityEngine.LogType,UnityEngine.Object,string,object[])
UnityEngine.Logger:Log (UnityEngine.LogType,object)
UnityEngine.Debug:Log (object)
Desk42.Core.SeedEngine:Init (int) (at Assets/_Project/Scripts/Core/SeedEngine/SeedEngine.cs:88)
Desk42.Tests.EditMode.SeedEngineTests:SetUp () (at Assets/_Project/Tests/EditMode/SeedEngineTests.cs:14)
System.Reflection.RuntimeMethodInfo:Invoke (object,System.Reflection.BindingFlags,System.Reflection.Binder,object[],System.Globalization.CultureInfo)
System.Reflection.MethodBase:Invoke (object,object[])
NUnit.Framework.Internal.Reflect:InvokeMethod (System.Reflection.MethodInfo,object,object[])
NUnit.Framework.Internal.Reflect:InvokeMethod (System.Reflection.MethodInfo,object)
UnityEngine.TestTools.SetUpTearDownCommand/<InvokeBefore>d__4:MoveNext () (at ./Library/PackageCache/com.unity.test-framework@1.3.9/UnityEngine.TestRunner/NUnitExtensions/Commands/SetUpTearDownCommand.cs:59)
UnityEngine.TestTools.BeforeAfterTestCommandBase`1/<ExecuteEnumerable>d__14<System.Reflection.MethodInfo>:MoveNext () (at ./Library/PackageCache/com.unity.test-framework@1.3.9/UnityEngine.TestRunner/NUnitExtensions/Commands/BeforeAfterTestCommandBase.cs:130)
UnityEngine.TestTools.BeforeAfterTestCommandBase`1/<ExecuteEnumerable>d__14<System.Reflection.MethodInfo>:MoveNext () (at ./Library/PackageCache/com.unity.test-framework@1.3.9/UnityEngine.TestRunner/NUnitExtensions/Commands/BeforeAfterTestCommandBase.cs:173)
UnityEngine.TestTools.BeforeAfterTestCommandBase`1/<ExecuteEnumerable>d__14<UnityEngine.TestTools.IOuterUnityTestAction>:MoveNext () (at ./Library/PackageCache/com.unity.test-framework@1.3.9/UnityEngine.TestRunner/NUnitExtensions/Commands/BeforeAfterTestCommandBase.cs:173)
UnityEngine.TestTools.RetryCommand/<ExecuteEnumerable>d__2:MoveNext () (at ./Library/PackageCache/com.unity.test-framework@1.3.9/UnityEngine.TestRunner/NUnitExtensions/Commands/RetryCommand.cs:37)
UnityEngine.TestTools.RepeatCommand/<ExecuteEnumerable>d__2:MoveNext () (at ./Library/PackageCache/com.unity.test-framework@1.3.9/UnityEngine.TestRunner/NUnitExtensions/Commands/RepeatCommand.cs:36)
UnityEngine.TestTools.TimeoutCommand/<ExecuteEnumerable>d__3:MoveNext () (at ./Library/PackageCache/com.unity.test-framework@1.3.9/UnityEngine.TestRunner/NUnitExtensions/Commands/TimeoutCommand.cs:33)
UnityEngine.TestTools.IgnoreTestCommand/<ExecuteEnumerable>d__3:MoveNext () (at ./Library/PackageCache/com.unity.test-framework@1.3.9/UnityEngine.TestRunner/NUnitExtensions/Commands/IgnoreTestCommand.cs:42)
UnityEngine.TestTools.StrictCheckCommand/<ExecuteEnumerable>d__2:MoveNext () (at ./Library/PackageCache/com.unity.test-framework@1.3.9/UnityEngine.TestRunner/NUnitExtensions/Commands/StrictCheckCommand.cs:29)
UnityEngine.TestRunner.NUnitExtensions.Runner.DefaultTestWorkItem/<PerformWork>d__2:MoveNext () (at ./Library/PackageCache/com.unity.test-framework@1.3.9/UnityEngine.TestRunner/NUnitExtensions/Runner/DefaultTestWorkItem.cs:50)
UnityEngine.TestRunner.NUnitExtensions.Runner.CompositeWorkItem/<RunChildren>d__16:MoveNext () (at ./Library/PackageCache/com.unity.test-framework@1.3.9/UnityEngine.TestRunner/NUnitExtensions/Runner/CompositeWorkItem.cs:197)
UnityEngine.TestRunner.NUnitExtensions.Runner.CompositeWorkItem/<PerformWork>d__12:MoveNext () (at ./Library/PackageCache/com.unity.test-framework@1.3.9/UnityEngine.TestRunner/NUnitExtensions/Runner/CompositeWorkItem.cs:76)
UnityEngine.TestRunner.NUnitExtensions.Runner.CompositeWorkItem/<RunChildren>d__16:MoveNext () (at ./Library/PackageCache/com.unity.test-framework@1.3.9/UnityEngine.TestRunner/NUnitExtensions/Runner/CompositeWorkItem.cs:197)
UnityEngine.TestRunner.NUnitExtensions.Runner.CompositeWorkItem/<PerformWork>d__12:MoveNext () (at ./Library/PackageCache/com.unity.test-framework@1.3.9/UnityEngine.TestRunner/NUnitExtensions/Runner/CompositeWorkItem.cs:76)
UnityEngine.TestRunner.NUnitExtensions.Runner.CompositeWorkItem/<RunChildren>d__16:MoveNext () (at ./Library/PackageCache/com.unity.test-framework@1.3.9/UnityEngine.TestRunner/NUnitExtensions/Runner/CompositeWorkItem.cs:197)
UnityEngine.TestRunner.NUnitExtensions.Runner.CompositeWorkItem/<PerformWork>d__12:MoveNext () (at ./Library/PackageCache/com.unity.test-framework@1.3.9/UnityEngine.TestRunner/NUnitExtensions/Runner/CompositeWorkItem.cs:76)
UnityEngine.TestRunner.NUnitExtensions.Runner.CompositeWorkItem/<RunChildren>d__16:MoveNext () (at ./Library/PackageCache/com.unity.test-framework@1.3.9/UnityEngine.TestRunner/NUnitExtensions/Runner/CompositeWorkItem.cs:197)
UnityEngine.TestRunner.NUnitExtensions.Runner.CompositeWorkItem/<PerformWork>d__12:MoveNext () (at ./Library/PackageCache/com.unity.test-framework@1.3.9/UnityEngine.TestRunner/NUnitExtensions/Runner/CompositeWorkItem.cs:76)
UnityEngine.TestRunner.NUnitExtensions.Runner.CompositeWorkItem/<RunChildren>d__16:MoveNext () (at ./Library/PackageCache/com.unity.test-framework@1.3.9/UnityEngine.TestRunner/NUnitExtensions/Runner/CompositeWorkItem.cs:197)
UnityEngine.TestRunner.NUnitExtensions.Runner.CompositeWorkItem/<PerformWork>d__12:MoveNext () (at ./Library/PackageCache/com.unity.test-framework@1.3.9/UnityEngine.TestRunner/NUnitExtensions/Runner/CompositeWorkItem.cs:76)
UnityEngine.TestRunner.NUnitExtensions.Runner.CompositeWorkItem/<RunChildren>d__16:MoveNext () (at ./Library/PackageCache/com.unity.test-framework@1.3.9/UnityEngine.TestRunner/NUnitExtensions/Runner/CompositeWorkItem.cs:197)
UnityEngine.TestRunner.NUnitExtensions.Runner.CompositeWorkItem/<PerformWork>d__12:MoveNext () (at ./Library/PackageCache/com.unity.test-framework@1.3.9/UnityEngine.TestRunner/NUnitExtensions/Runner/CompositeWorkItem.cs:76)
UnityEditor.TestTools.TestRunner.EditModeRunner:MoveNextAndUpdateYieldObject () (at ./Library/PackageCache/com.unity.test-framework@1.3.9/UnityEditor.TestRunner/TestRunner/EditModeRunner.cs:164)
UnityEditor.TestTools.TestRunner.EditModeRunner:TestConsumer (UnityEditor.TestTools.TestRunner.TestRunnerStateSerializer) (at ./Library/PackageCache/com.unity.test-framework@1.3.9/UnityEditor.TestRunner/TestRunner/EditModeRunner.cs:197)
UnityEditor.TestTools.TestRunner.TestRun.Tasks.EditModeRunTask/<Execute>d__1:MoveNext () (at ./Library/PackageCache/com.unity.test-framework@1.3.9/UnityEditor.TestRunner/TestRun/Tasks/EditModeRunTask.cs:47)
UnityEditor.TestTools.TestRunner.TestRun.TestJobRunner:ExecuteStep () (at ./Library/PackageCache/com.unity.test-framework@1.3.9/UnityEditor.TestRunner/TestRun/TestJobRunner.cs:172)
UnityEditor.TestTools.TestRunner.TestRun.TestJobRunner:ExecuteCallback () (at ./Library/PackageCache/com.unity.test-framework@1.3.9/UnityEditor.TestRunner/TestRun/TestJobRunner.cs:108)
UnityEditor.EditorApplication:Internal_CallUpdateFunctions ()

(Filename: Assets/_Project/Scripts/Core/SeedEngine/SeedEngine.cs Line: 88)

[SeedEngine] Initialised with seed 0 (AAAAAA).
UnityEngine.StackTraceUtility:ExtractStackTrace ()
UnityEngine.DebugLogHandler:LogFormat (UnityEngine.LogType,UnityEngine.Object,string,object[])
UnityEngine.Logger:Log (UnityEngine.LogType,object)
UnityEngine.Debug:Log (object)
Desk42.Core.SeedEngine:Init (int) (at Assets/_Project/Scripts/Core/SeedEngine/SeedEngine.cs:88)
Desk42.Tests.EditMode.SeedEngineTests:NextFloat_RespectsRange () (at Assets/_Project/Tests/EditMode/SeedEngineTests.cs:82)
System.Reflection.RuntimeMethodInfo:Invoke (object,System.Reflection.BindingFlags,System.Reflection.Binder,object[],System.Globalization.CultureInfo)
System.Reflection.MethodBase:Invoke (object,object[])
NUnit.Framework.Internal.Reflect:InvokeMethod (System.Reflection.MethodInfo,object,object[])
NUnit.Framework.Internal.MethodWrapper:Invoke (object,object[])
NUnit.Framework.Internal.Commands.TestMethodCommand:RunNonAsyncTestMethod (NUnit.Framework.Internal.ITestExecutionContext)
NUnit.Framework.Internal.Commands.TestMethodCommand:RunTestMethod (NUnit.Framework.Internal.ITestExecutionContext)
NUnit.Framework.Internal.Commands.TestMethodCommand:Execute (NUnit.Framework.Internal.ITestExecutionContext)
UnityEngine.TestTools.UnityTestMethodCommand:Execute (NUnit.Framework.Internal.ITestExecutionContext) (at ./Library/PackageCache/com.unity.test-framework@1.3.9/UnityEngine.TestRunner/NUnitExtensions/Commands/UnityTestMethodCommand.cs:16)
UnityEngine.TestRunner.NUnitExtensions.Runner.UnityLogCheckDelegatingCommand/<>c__DisplayClass2_0:<Execute>b__0 () (at ./Library/PackageCache/com.unity.test-framework@1.3.9/UnityEngine.TestRunner/NUnitExtensions/Runner/UnityLogCheckDelegatingCommand.cs:24)
UnityEngine.TestRunner.NUnitExtensions.Runner.UnityLogCheckDelegatingCommand:CaptureException (NUnit.Framework.Internal.TestResult,System.Action) (at ./Library/PackageCache/com.unity.test-framework@1.3.9/UnityEngine.TestRunner/NUnitExtensions/Runner/UnityLogCheckDelegatingCommand.cs:68)
UnityEngine.TestRunner.NUnitExtensions.Runner.UnityLogCheckDelegatingCommand:ExecuteAndCheckLog (UnityEngine.TestTools.Logging.LogScope,NUnit.Framework.Internal.TestResult,System.Action) (at ./Library/PackageCache/com.unity.test-framework@1.3.9/UnityEngine.TestRunner/NUnitExtensions/Runner/UnityLogCheckDelegatingCommand.cs:79)
UnityEngine.TestRunner.NUnitExtensions.Runner.UnityLogCheckDelegatingCommand:Execute (NUnit.Framework.Internal.ITestExecutionContext) (at ./Library/PackageCache/com.unity.test-framework@1.3.9/UnityEngine.TestRunner/NUnitExtensions/Runner/UnityLogCheckDelegatingCommand.cs:24)
UnityEngine.TestRunner.NUnitExtensions.Runner.UnityLogCheckDelegatingCommand/<ExecuteEnumerable>d__3:MoveNext () (at ./Library/PackageCache/com.unity.test-framework@1.3.9/UnityEngine.TestRunner/NUnitExtensions/Runner/UnityLogCheckDelegatingCommand.cs:35)
UnityEngine.TestTools.BeforeAfterTestCommandBase`1/<ExecuteEnumerable>d__14<NUnit.Framework.ITestAction>:MoveNext () (at ./Library/PackageCache/com.unity.test-framework@1.3.9/UnityEngine.TestRunner/NUnitExtensions/Commands/BeforeAfterTestCommandBase.cs:173)
UnityEngine.TestTools.ImmediateEnumerableCommand:Execute (NUnit.Framework.Internal.ITestExecutionContext) (at ./Library/PackageCache/com.unity.test-framework@1.3.9/UnityEngine.TestRunner/NUnitExtensions/Commands/ImmediateEnumerableCommand.cs:18)
UnityEngine.TestTools.BeforeAfterTestCommandBase`1/<ExecuteEnumerable>d__14<System.Reflection.MethodInfo>:MoveNext () (at ./Library/PackageCache/com.unity.test-framework@1.3.9/UnityEngine.TestRunner/NUnitExtensions/Commands/BeforeAfterTestCommandBase.cs:181)
UnityEngine.TestTools.BeforeAfterTestCommandBase`1/<ExecuteEnumerable>d__14<System.Reflection.MethodInfo>:MoveNext () (at ./Library/PackageCache/com.unity.test-framework@1.3.9/UnityEngine.TestRunner/NUnitExtensions/Commands/BeforeAfterTestCommandBase.cs:173)
UnityEngine.TestTools.BeforeAfterTestCommandBase`1/<ExecuteEnumerable>d__14<UnityEngine.TestTools.IOuterUnityTestAction>:MoveNext () (at ./Library/PackageCache/com.unity.test-framework@1.3.9/UnityEngine.TestRunner/NUnitExtensions/Commands/BeforeAfterTestCommandBase.cs:173)
UnityEngine.TestTools.RetryCommand/<ExecuteEnumerable>d__2:MoveNext () (at ./Library/PackageCache/com.unity.test-framework@1.3.9/UnityEngine.TestRunner/NUnitExtensions/Commands/RetryCommand.cs:37)
UnityEngine.TestTools.RepeatCommand/<ExecuteEnumerable>d__2:MoveNext () (at ./Library/PackageCache/com.unity.test-framework@1.3.9/UnityEngine.TestRunner/NUnitExtensions/Commands/RepeatCommand.cs:36)
UnityEngine.TestTools.TimeoutCommand/<ExecuteEnumerable>d__3:MoveNext () (at ./Library/PackageCache/com.unity.test-framework@1.3.9/UnityEngine.TestRunner/NUnitExtensions/Commands/TimeoutCommand.cs:33)
UnityEngine.TestTools.IgnoreTestCommand/<ExecuteEnumerable>d__3:MoveNext () (at ./Library/PackageCache/com.unity.test-framework@1.3.9/UnityEngine.TestRunner/NUnitExtensions/Commands/IgnoreTestCommand.cs:42)
UnityEngine.TestTools.StrictCheckCommand/<ExecuteEnumerable>d__2:MoveNext () (at ./Library/PackageCache/com.unity.test-framework@1.3.9/UnityEngine.TestRunner/NUnitExtensions/Commands/StrictCheckCommand.cs:29)
UnityEngine.TestRunner.NUnitExtensions.Runner.DefaultTestWorkItem/<PerformWork>d__2:MoveNext () (at ./Library/PackageCache/com.unity.test-framework@1.3.9/UnityEngine.TestRunner/NUnitExtensions/Runner/DefaultTestWorkItem.cs:50)
UnityEngine.TestRunner.NUnitExtensions.Runner.CompositeWorkItem/<RunChildren>d__16:MoveNext () (at ./Library/PackageCache/com.unity.test-framework@1.3.9/UnityEngine.TestRunner/NUnitExtensions/Runner/CompositeWorkItem.cs:197)
UnityEngine.TestRunner.NUnitExtensions.Runner.CompositeWorkItem/<PerformWork>d__12:MoveNext () (at ./Library/PackageCache/com.unity.test-framework@1.3.9/UnityEngine.TestRunner/NUnitExtensions/Runner/CompositeWorkItem.cs:76)
UnityEngine.TestRunner.NUnitExtensions.Runner.CompositeWorkItem/<RunChildren>d__16:MoveNext () (at ./Library/PackageCache/com.unity.test-framework@1.3.9/UnityEngine.TestRunner/NUnitExtensions/Runner/CompositeWorkItem.cs:197)
UnityEngine.TestRunner.NUnitExtensions.Runner.CompositeWorkItem/<PerformWork>d__12:MoveNext () (at ./Library/PackageCache/com.unity.test-framework@1.3.9/UnityEngine.TestRunner/NUnitExtensions/Runner/CompositeWorkItem.cs:76)
UnityEngine.TestRunner.NUnitExtensions.Runner.CompositeWorkItem/<RunChildren>d__16:MoveNext () (at ./Library/PackageCache/com.unity.test-framework@1.3.9/UnityEngine.TestRunner/NUnitExtensions/Runner/CompositeWorkItem.cs:197)
UnityEngine.TestRunner.NUnitExtensions.Runner.CompositeWorkItem/<PerformWork>d__12:MoveNext () (at ./Library/PackageCache/com.unity.test-framework@1.3.9/UnityEngine.TestRunner/NUnitExtensions/Runner/CompositeWorkItem.cs:76)
UnityEngine.TestRunner.NUnitExtensions.Runner.CompositeWorkItem/<RunChildren>d__16:MoveNext () (at ./Library/PackageCache/com.unity.test-framework@1.3.9/UnityEngine.TestRunner/NUnitExtensions/Runner/CompositeWorkItem.cs:197)
UnityEngine.TestRunner.NUnitExtensions.Runner.CompositeWorkItem/<PerformWork>d__12:MoveNext () (at ./Library/PackageCache/com.unity.test-framework@1.3.9/UnityEngine.TestRunner/NUnitExtensions/Runner/CompositeWorkItem.cs:76)
UnityEngine.TestRunner.NUnitExtensions.Runner.CompositeWorkItem/<RunChildren>d__16:MoveNext () (at ./Library/PackageCache/com.unity.test-framework@1.3.9/UnityEngine.TestRunner/NUnitExtensions/Runner/CompositeWorkItem.cs:197)
UnityEngine.TestRunner.NUnitExtensions.Runner.CompositeWorkItem/<PerformWork>d__12:MoveNext () (at ./Library/PackageCache/com.unity.test-framework@1.3.9/UnityEngine.TestRunner/NUnitExtensions/Runner/CompositeWorkItem.cs:76)
UnityEngine.TestRunner.NUnitExtensions.Runner.CompositeWorkItem/<RunChildren>d__16:MoveNext () (at ./Library/PackageCache/com.unity.test-framework@1.3.9/UnityEngine.TestRunner/NUnitExtensions/Runner/CompositeWorkItem.cs:197)
UnityEngine.TestRunner.NUnitExtensions.Runner.CompositeWorkItem/<PerformWork>d__12:MoveNext () (at ./Library/PackageCache/com.unity.test-framework@1.3.9/UnityEngine.TestRunner/NUnitExtensions/Runner/CompositeWorkItem.cs:76)
UnityEditor.TestTools.TestRunner.EditModeRunner:MoveNextAndUpdateYieldObject () (at ./Library/PackageCache/com.unity.test-framework@1.3.9/UnityEditor.TestRunner/TestRunner/EditModeRunner.cs:164)
UnityEditor.TestTools.TestRunner.EditModeRunner:TestConsumer (UnityEditor.TestTools.TestRunner.TestRunnerStateSerializer) (at ./Library/PackageCache/com.unity.test-framework@1.3.9/UnityEditor.TestRunner/TestRunner/EditModeRunner.cs:197)
UnityEditor.TestTools.TestRunner.TestRun.Tasks.EditModeRunTask/<Execute>d__1:MoveNext () (at ./Library/PackageCache/com.unity.test-framework@1.3.9/UnityEditor.TestRunner/TestRun/Tasks/EditModeRunTask.cs:47)
UnityEditor.TestTools.TestRunner.TestRun.TestJobRunner:ExecuteStep () (at ./Library/PackageCache/com.unity.test-framework@1.3.9/UnityEditor.TestRunner/TestRun/TestJobRunner.cs:172)
UnityEditor.TestTools.TestRunner.TestRun.TestJobRunner:ExecuteCallback () (at ./Library/PackageCache/com.unity.test-framework@1.3.9/UnityEditor.TestRunner/TestRun/TestJobRunner.cs:108)
UnityEditor.EditorApplication:Internal_CallUpdateFunctions ()

(Filename: Assets/_Project/Scripts/Core/SeedEngine/SeedEngine.cs Line: 88)

[SeedEngine] Initialised with seed 12345 (AAANB3).
UnityEngine.StackTraceUtility:ExtractStackTrace ()
UnityEngine.DebugLogHandler:LogFormat (UnityEngine.LogType,UnityEngine.Object,string,object[])
UnityEngine.Logger:Log (UnityEngine.LogType,object)
UnityEngine.Debug:Log (object)
Desk42.Core.SeedEngine:Init (int) (at Assets/_Project/Scripts/Core/SeedEngine/SeedEngine.cs:88)
Desk42.Tests.EditMode.SeedEngineTests:SetUp () (at Assets/_Project/Tests/EditMode/SeedEngineTests.cs:14)
System.Reflection.RuntimeMethodInfo:Invoke (object,System.Reflection.BindingFlags,System.Reflection.Binder,object[],System.Globalization.CultureInfo)
System.Reflection.MethodBase:Invoke (object,object[])
NUnit.Framework.Internal.Reflect:InvokeMethod (System.Reflection.MethodInfo,object,object[])
NUnit.Framework.Internal.Reflect:InvokeMethod (System.Reflection.MethodInfo,object)
UnityEngine.TestTools.SetUpTearDownCommand/<InvokeBefore>d__4:MoveNext () (at ./Library/PackageCache/com.unity.test-framework@1.3.9/UnityEngine.TestRunner/NUnitExtensions/Commands/SetUpTearDownCommand.cs:59)
UnityEngine.TestTools.BeforeAfterTestCommandBase`1/<ExecuteEnumerable>d__14<System.Reflection.MethodInfo>:MoveNext () (at ./Library/PackageCache/com.unity.test-framework@1.3.9/UnityEngine.TestRunner/NUnitExtensions/Commands/BeforeAfterTestCommandBase.cs:130)
UnityEngine.TestTools.BeforeAfterTestCommandBase`1/<ExecuteEnumerable>d__14<System.Reflection.MethodInfo>:MoveNext () (at ./Library/PackageCache/com.unity.test-framework@1.3.9/UnityEngine.TestRunner/NUnitExtensions/Commands/BeforeAfterTestCommandBase.cs:173)
UnityEngine.TestTools.BeforeAfterTestCommandBase`1/<ExecuteEnumerable>d__14<UnityEngine.TestTools.IOuterUnityTestAction>:MoveNext () (at ./Library/PackageCache/com.unity.test-framework@1.3.9/UnityEngine.TestRunner/NUnitExtensions/Commands/BeforeAfterTestCommandBase.cs:173)
UnityEngine.TestTools.RetryCommand/<ExecuteEnumerable>d__2:MoveNext () (at ./Library/PackageCache/com.unity.test-framework@1.3.9/UnityEngine.TestRunner/NUnitExtensions/Commands/RetryCommand.cs:37)
UnityEngine.TestTools.RepeatCommand/<ExecuteEnumerable>d__2:MoveNext () (at ./Library/PackageCache/com.unity.test-framework@1.3.9/UnityEngine.TestRunner/NUnitExtensions/Commands/RepeatCommand.cs:36)
UnityEngine.TestTools.TimeoutCommand/<ExecuteEnumerable>d__3:MoveNext () (at ./Library/PackageCache/com.unity.test-framework@1.3.9/UnityEngine.TestRunner/NUnitExtensions/Commands/TimeoutCommand.cs:33)
UnityEngine.TestTools.IgnoreTestCommand/<ExecuteEnumerable>d__3:MoveNext () (at ./Library/PackageCache/com.unity.test-framework@1.3.9/UnityEngine.TestRunner/NUnitExtensions/Commands/IgnoreTestCommand.cs:42)
UnityEngine.TestTools.StrictCheckCommand/<ExecuteEnumerable>d__2:MoveNext () (at ./Library/PackageCache/com.unity.test-framework@1.3.9/UnityEngine.TestRunner/NUnitExtensions/Commands/StrictCheckCommand.cs:29)
UnityEngine.TestRunner.NUnitExtensions.Runner.DefaultTestWorkItem/<PerformWork>d__2:MoveNext () (at ./Library/PackageCache/com.unity.test-framework@1.3.9/UnityEngine.TestRunner/NUnitExtensions/Runner/DefaultTestWorkItem.cs:50)
UnityEngine.TestRunner.NUnitExtensions.Runner.CompositeWorkItem/<RunChildren>d__16:MoveNext () (at ./Library/PackageCache/com.unity.test-framework@1.3.9/UnityEngine.TestRunner/NUnitExtensions/Runner/CompositeWorkItem.cs:197)
UnityEngine.TestRunner.NUnitExtensions.Runner.CompositeWorkItem/<PerformWork>d__12:MoveNext () (at ./Library/PackageCache/com.unity.test-framework@1.3.9/UnityEngine.TestRunner/NUnitExtensions/Runner/CompositeWorkItem.cs:76)
UnityEngine.TestRunner.NUnitExtensions.Runner.CompositeWorkItem/<RunChildren>d__16:MoveNext () (at ./Library/PackageCache/com.unity.test-framework@1.3.9/UnityEngine.TestRunner/NUnitExtensions/Runner/CompositeWorkItem.cs:197)
UnityEngine.TestRunner.NUnitExtensions.Runner.CompositeWorkItem/<PerformWork>d__12:MoveNext () (at ./Library/PackageCache/com.unity.test-framework@1.3.9/UnityEngine.TestRunner/NUnitExtensions/Runner/CompositeWorkItem.cs:76)
UnityEngine.TestRunner.NUnitExtensions.Runner.CompositeWorkItem/<RunChildren>d__16:MoveNext () (at ./Library/PackageCache/com.unity.test-framework@1.3.9/UnityEngine.TestRunner/NUnitExtensions/Runner/CompositeWorkItem.cs:197)
UnityEngine.TestRunner.NUnitExtensions.Runner.CompositeWorkItem/<PerformWork>d__12:MoveNext () (at ./Library/PackageCache/com.unity.test-framework@1.3.9/UnityEngine.TestRunner/NUnitExtensions/Runner/CompositeWorkItem.cs:76)
UnityEngine.TestRunner.NUnitExtensions.Runner.CompositeWorkItem/<RunChildren>d__16:MoveNext () (at ./Library/PackageCache/com.unity.test-framework@1.3.9/UnityEngine.TestRunner/NUnitExtensions/Runner/CompositeWorkItem.cs:197)
UnityEngine.TestRunner.NUnitExtensions.Runner.CompositeWorkItem/<PerformWork>d__12:MoveNext () (at ./Library/PackageCache/com.unity.test-framework@1.3.9/UnityEngine.TestRunner/NUnitExtensions/Runner/CompositeWorkItem.cs:76)
UnityEngine.TestRunner.NUnitExtensions.Runner.CompositeWorkItem/<RunChildren>d__16:MoveNext () (at ./Library/PackageCache/com.unity.test-framework@1.3.9/UnityEngine.TestRunner/NUnitExtensions/Runner/CompositeWorkItem.cs:197)
UnityEngine.TestRunner.NUnitExtensions.Runner.CompositeWorkItem/<PerformWork>d__12:MoveNext () (at ./Library/PackageCache/com.unity.test-framework@1.3.9/UnityEngine.TestRunner/NUnitExtensions/Runner/CompositeWorkItem.cs:76)
UnityEngine.TestRunner.NUnitExtensions.Runner.CompositeWorkItem/<RunChildren>d__16:MoveNext () (at ./Library/PackageCache/com.unity.test-framework@1.3.9/UnityEngine.TestRunner/NUnitExtensions/Runner/CompositeWorkItem.cs:197)
UnityEngine.TestRunner.NUnitExtensions.Runner.CompositeWorkItem/<PerformWork>d__12:MoveNext () (at ./Library/PackageCache/com.unity.test-framework@1.3.9/UnityEngine.TestRunner/NUnitExtensions/Runner/CompositeWorkItem.cs:76)
UnityEditor.TestTools.TestRunner.EditModeRunner:MoveNextAndUpdateYieldObject () (at ./Library/PackageCache/com.unity.test-framework@1.3.9/UnityEditor.TestRunner/TestRunner/EditModeRunner.cs:164)
UnityEditor.TestTools.TestRunner.EditModeRunner:TestConsumer (UnityEditor.TestTools.TestRunner.TestRunnerStateSerializer) (at ./Library/PackageCache/com.unity.test-framework@1.3.9/UnityEditor.TestRunner/TestRunner/EditModeRunner.cs:197)
UnityEditor.TestTools.TestRunner.TestRun.Tasks.EditModeRunTask/<Execute>d__1:MoveNext () (at ./Library/PackageCache/com.unity.test-framework@1.3.9/UnityEditor.TestRunner/TestRun/Tasks/EditModeRunTask.cs:47)
UnityEditor.TestTools.TestRunner.TestRun.TestJobRunner:ExecuteStep () (at ./Library/PackageCache/com.unity.test-framework@1.3.9/UnityEditor.TestRunner/TestRun/TestJobRunner.cs:172)
UnityEditor.TestTools.TestRunner.TestRun.TestJobRunner:ExecuteCallback () (at ./Library/PackageCache/com.unity.test-framework@1.3.9/UnityEditor.TestRunner/TestRun/TestJobRunner.cs:108)
UnityEditor.EditorApplication:Internal_CallUpdateFunctions ()

(Filename: Assets/_Project/Scripts/Core/SeedEngine/SeedEngine.cs Line: 88)

[SeedEngine] Initialised with seed 99999 (AADBW9).
UnityEngine.StackTraceUtility:ExtractStackTrace ()
UnityEngine.DebugLogHandler:LogFormat (UnityEngine.LogType,UnityEngine.Object,string,object[])
UnityEngine.Logger:Log (UnityEngine.LogType,object)
UnityEngine.Debug:Log (object)
Desk42.Core.SeedEngine:Init (int) (at Assets/_Project/Scripts/Core/SeedEngine/SeedEngine.cs:88)
Desk42.Tests.EditMode.SeedEngineTests:SameSeed_ProducesSameSequence () (at Assets/_Project/Tests/EditMode/SeedEngineTests.cs:21)
System.Reflection.RuntimeMethodInfo:Invoke (object,System.Reflection.BindingFlags,System.Reflection.Binder,object[],System.Globalization.CultureInfo)
System.Reflection.MethodBase:Invoke (object,object[])
NUnit.Framework.Internal.Reflect:InvokeMethod (System.Reflection.MethodInfo,object,object[])
NUnit.Framework.Internal.MethodWrapper:Invoke (object,object[])
NUnit.Framework.Internal.Commands.TestMethodCommand:RunNonAsyncTestMethod (NUnit.Framework.Internal.ITestExecutionContext)
NUnit.Framework.Internal.Commands.TestMethodCommand:RunTestMethod (NUnit.Framework.Internal.ITestExecutionContext)
NUnit.Framework.Internal.Commands.TestMethodCommand:Execute (NUnit.Framework.Internal.ITestExecutionContext)
UnityEngine.TestTools.UnityTestMethodCommand:Execute (NUnit.Framework.Internal.ITestExecutionContext) (at ./Library/PackageCache/com.unity.test-framework@1.3.9/UnityEngine.TestRunner/NUnitExtensions/Commands/UnityTestMethodCommand.cs:16)
UnityEngine.TestRunner.NUnitExtensions.Runner.UnityLogCheckDelegatingCommand/<>c__DisplayClass2_0:<Execute>b__0 () (at ./Library/PackageCache/com.unity.test-framework@1.3.9/UnityEngine.TestRunner/NUnitExtensions/Runner/UnityLogCheckDelegatingCommand.cs:24)
UnityEngine.TestRunner.NUnitExtensions.Runner.UnityLogCheckDelegatingCommand:CaptureException (NUnit.Framework.Internal.TestResult,System.Action) (at ./Library/PackageCache/com.unity.test-framework@1.3.9/UnityEngine.TestRunner/NUnitExtensions/Runner/UnityLogCheckDelegatingCommand.cs:68)
UnityEngine.TestRunner.NUnitExtensions.Runner.UnityLogCheckDelegatingCommand:ExecuteAndCheckLog (UnityEngine.TestTools.Logging.LogScope,NUnit.Framework.Internal.TestResult,System.Action) (at ./Library/PackageCache/com.unity.test-framework@1.3.9/UnityEngine.TestRunner/NUnitExtensions/Runner/UnityLogCheckDelegatingCommand.cs:79)
UnityEngine.TestRunner.NUnitExtensions.Runner.UnityLogCheckDelegatingCommand:Execute (NUnit.Framework.Internal.ITestExecutionContext) (at ./Library/PackageCache/com.unity.test-framework@1.3.9/UnityEngine.TestRunner/NUnitExtensions/Runner/UnityLogCheckDelegatingCommand.cs:24)
UnityEngine.TestRunner.NUnitExtensions.Runner.UnityLogCheckDelegatingCommand/<ExecuteEnumerable>d__3:MoveNext () (at ./Library/PackageCache/com.unity.test-framework@1.3.9/UnityEngine.TestRunner/NUnitExtensions/Runner/UnityLogCheckDelegatingCommand.cs:35)
UnityEngine.TestTools.BeforeAfterTestCommandBase`1/<ExecuteEnumerable>d__14<NUnit.Framework.ITestAction>:MoveNext () (at ./Library/PackageCache/com.unity.test-framework@1.3.9/UnityEngine.TestRunner/NUnitExtensions/Commands/BeforeAfterTestCommandBase.cs:173)
UnityEngine.TestTools.ImmediateEnumerableCommand:Execute (NUnit.Framework.Internal.ITestExecutionContext) (at ./Library/PackageCache/com.unity.test-framework@1.3.9/UnityEngine.TestRunner/NUnitExtensions/Commands/ImmediateEnumerableCommand.cs:18)
UnityEngine.TestTools.BeforeAfterTestCommandBase`1/<ExecuteEnumerable>d__14<System.Reflection.MethodInfo>:MoveNext () (at ./Library/PackageCache/com.unity.test-framework@1.3.9/UnityEngine.TestRunner/NUnitExtensions/Commands/BeforeAfterTestCommandBase.cs:181)
UnityEngine.TestTools.BeforeAfterTestCommandBase`1/<ExecuteEnumerable>d__14<System.Reflection.MethodInfo>:MoveNext () (at ./Library/PackageCache/com.unity.test-framework@1.3.9/UnityEngine.TestRunner/NUnitExtensions/Commands/BeforeAfterTestCommandBase.cs:173)
UnityEngine.TestTools.BeforeAfterTestCommandBase`1/<ExecuteEnumerable>d__14<UnityEngine.TestTools.IOuterUnityTestAction>:MoveNext () (at ./Library/PackageCache/com.unity.test-framework@1.3.9/UnityEngine.TestRunner/NUnitExtensions/Commands/BeforeAfterTestCommandBase.cs:173)
UnityEngine.TestTools.RetryCommand/<ExecuteEnumerable>d__2:MoveNext () (at ./Library/PackageCache/com.unity.test-framework@1.3.9/UnityEngine.TestRunner/NUnitExtensions/Commands/RetryCommand.cs:37)
UnityEngine.TestTools.RepeatCommand/<ExecuteEnumerable>d__2:MoveNext () (at ./Library/PackageCache/com.unity.test-framework@1.3.9/UnityEngine.TestRunner/NUnitExtensions/Commands/RepeatCommand.cs:36)
UnityEngine.TestTools.TimeoutCommand/<ExecuteEnumerable>d__3:MoveNext () (at ./Library/PackageCache/com.unity.test-framework@1.3.9/UnityEngine.TestRunner/NUnitExtensions/Commands/TimeoutCommand.cs:33)
UnityEngine.TestTools.IgnoreTestCommand/<ExecuteEnumerable>d__3:MoveNext () (at ./Library/PackageCache/com.unity.test-framework@1.3.9/UnityEngine.TestRunner/NUnitExtensions/Commands/IgnoreTestCommand.cs:42)
UnityEngine.TestTools.StrictCheckCommand/<ExecuteEnumerable>d__2:MoveNext () (at ./Library/PackageCache/com.unity.test-framework@1.3.9/UnityEngine.TestRunner/NUnitExtensions/Commands/StrictCheckCommand.cs:29)
UnityEngine.TestRunner.NUnitExtensions.Runner.DefaultTestWorkItem/<PerformWork>d__2:MoveNext () (at ./Library/PackageCache/com.unity.test-framework@1.3.9/UnityEngine.TestRunner/NUnitExtensions/Runner/DefaultTestWorkItem.cs:50)
UnityEngine.TestRunner.NUnitExtensions.Runner.CompositeWorkItem/<RunChildren>d__16:MoveNext () (at ./Library/PackageCache/com.unity.test-framework@1.3.9/UnityEngine.TestRunner/NUnitExtensions/Runner/CompositeWorkItem.cs:197)
UnityEngine.TestRunner.NUnitExtensions.Runner.CompositeWorkItem/<PerformWork>d__12:MoveNext () (at ./Library/PackageCache/com.unity.test-framework@1.3.9/UnityEngine.TestRunner/NUnitExtensions/Runner/CompositeWorkItem.cs:76)
UnityEngine.TestRunner.NUnitExtensions.Runner.CompositeWorkItem/<RunChildren>d__16:MoveNext () (at ./Library/PackageCache/com.unity.test-framework@1.3.9/UnityEngine.TestRunner/NUnitExtensions/Runner/CompositeWorkItem.cs:197)
UnityEngine.TestRunner.NUnitExtensions.Runner.CompositeWorkItem/<PerformWork>d__12:MoveNext () (at ./Library/PackageCache/com.unity.test-framework@1.3.9/UnityEngine.TestRunner/NUnitExtensions/Runner/CompositeWorkItem.cs:76)
UnityEngine.TestRunner.NUnitExtensions.Runner.CompositeWorkItem/<RunChildren>d__16:MoveNext () (at ./Library/PackageCache/com.unity.test-framework@1.3.9/UnityEngine.TestRunner/NUnitExtensions/Runner/CompositeWorkItem.cs:197)
UnityEngine.TestRunner.NUnitExtensions.Runner.CompositeWorkItem/<PerformWork>d__12:MoveNext () (at ./Library/PackageCache/com.unity.test-framework@1.3.9/UnityEngine.TestRunner/NUnitExtensions/Runner/CompositeWorkItem.cs:76)
UnityEngine.TestRunner.NUnitExtensions.Runner.CompositeWorkItem/<RunChildren>d__16:MoveNext () (at ./Library/PackageCache/com.unity.test-framework@1.3.9/UnityEngine.TestRunner/NUnitExtensions/Runner/CompositeWorkItem.cs:197)
UnityEngine.TestRunner.NUnitExtensions.Runner.CompositeWorkItem/<PerformWork>d__12:MoveNext () (at ./Library/PackageCache/com.unity.test-framework@1.3.9/UnityEngine.TestRunner/NUnitExtensions/Runner/CompositeWorkItem.cs:76)
UnityEngine.TestRunner.NUnitExtensions.Runner.CompositeWorkItem/<RunChildren>d__16:MoveNext () (at ./Library/PackageCache/com.unity.test-framework@1.3.9/UnityEngine.TestRunner/NUnitExtensions/Runner/CompositeWorkItem.cs:197)
UnityEngine.TestRunner.NUnitExtensions.Runner.CompositeWorkItem/<PerformWork>d__12:MoveNext () (at ./Library/PackageCache/com.unity.test-framework@1.3.9/UnityEngine.TestRunner/NUnitExtensions/Runner/CompositeWorkItem.cs:76)
UnityEngine.TestRunner.NUnitExtensions.Runner.CompositeWorkItem/<RunChildren>d__16:MoveNext () (at ./Library/PackageCache/com.unity.test-framework@1.3.9/UnityEngine.TestRunner/NUnitExtensions/Runner/CompositeWorkItem.cs:197)
UnityEngine.TestRunner.NUnitExtensions.Runner.CompositeWorkItem/<PerformWork>d__12:MoveNext () (at ./Library/PackageCache/com.unity.test-framework@1.3.9/UnityEngine.TestRunner/NUnitExtensions/Runner/CompositeWorkItem.cs:76)
UnityEditor.TestTools.TestRunner.EditModeRunner:MoveNextAndUpdateYieldObject () (at ./Library/PackageCache/com.unity.test-framework@1.3.9/UnityEditor.TestRunner/TestRunner/EditModeRunner.cs:164)
UnityEditor.TestTools.TestRunner.EditModeRunner:TestConsumer (UnityEditor.TestTools.TestRunner.TestRunnerStateSerializer) (at ./Library/PackageCache/com.unity.test-framework@1.3.9/UnityEditor.TestRunner/TestRunner/EditModeRunner.cs:197)
UnityEditor.TestTools.TestRunner.TestRun.Tasks.EditModeRunTask/<Execute>d__1:MoveNext () (at ./Library/PackageCache/com.unity.test-framework@1.3.9/UnityEditor.TestRunner/TestRun/Tasks/EditModeRunTask.cs:47)
UnityEditor.TestTools.TestRunner.TestRun.TestJobRunner:ExecuteStep () (at ./Library/PackageCache/com.unity.test-framework@1.3.9/UnityEditor.TestRunner/TestRun/TestJobRunner.cs:172)
UnityEditor.TestTools.TestRunner.TestRun.TestJobRunner:ExecuteCallback () (at ./Library/PackageCache/com.unity.test-framework@1.3.9/UnityEditor.TestRunner/TestRun/TestJobRunner.cs:108)
UnityEditor.EditorApplication:Internal_CallUpdateFunctions ()

(Filename: Assets/_Project/Scripts/Core/SeedEngine/SeedEngine.cs Line: 88)

[SeedEngine] Initialised with seed 99999 (AADBW9).
UnityEngine.StackTraceUtility:ExtractStackTrace ()
UnityEngine.DebugLogHandler:LogFormat (UnityEngine.LogType,UnityEngine.Object,string,object[])
UnityEngine.Logger:Log (UnityEngine.LogType,object)
UnityEngine.Debug:Log (object)
Desk42.Core.SeedEngine:Init (int) (at Assets/_Project/Scripts/Core/SeedEngine/SeedEngine.cs:88)
Desk42.Tests.EditMode.SeedEngineTests:SameSeed_ProducesSameSequence () (at Assets/_Project/Tests/EditMode/SeedEngineTests.cs:25)
System.Reflection.RuntimeMethodInfo:Invoke (object,System.Reflection.BindingFlags,System.Reflection.Binder,object[],System.Globalization.CultureInfo)
System.Reflection.MethodBase:Invoke (object,object[])
NUnit.Framework.Internal.Reflect:InvokeMethod (System.Reflection.MethodInfo,object,object[])
NUnit.Framework.Internal.MethodWrapper:Invoke (object,object[])
NUnit.Framework.Internal.Commands.TestMethodCommand:RunNonAsyncTestMethod (NUnit.Framework.Internal.ITestExecutionContext)
NUnit.Framework.Internal.Commands.TestMethodCommand:RunTestMethod (NUnit.Framework.Internal.ITestExecutionContext)
NUnit.Framework.Internal.Commands.TestMethodCommand:Execute (NUnit.Framework.Internal.ITestExecutionContext)
UnityEngine.TestTools.UnityTestMethodCommand:Execute (NUnit.Framework.Internal.ITestExecutionContext) (at ./Library/PackageCache/com.unity.test-framework@1.3.9/UnityEngine.TestRunner/NUnitExtensions/Commands/UnityTestMethodCommand.cs:16)
UnityEngine.TestRunner.NUnitExtensions.Runner.UnityLogCheckDelegatingCommand/<>c__DisplayClass2_0:<Execute>b__0 () (at ./Library/PackageCache/com.unity.test-framework@1.3.9/UnityEngine.TestRunner/NUnitExtensions/Runner/UnityLogCheckDelegatingCommand.cs:24)
UnityEngine.TestRunner.NUnitExtensions.Runner.UnityLogCheckDelegatingCommand:CaptureException (NUnit.Framework.Internal.TestResult,System.Action) (at ./Library/PackageCache/com.unity.test-framework@1.3.9/UnityEngine.TestRunner/NUnitExtensions/Runner/UnityLogCheckDelegatingCommand.cs:68)
UnityEngine.TestRunner.NUnitExtensions.Runner.UnityLogCheckDelegatingCommand:ExecuteAndCheckLog (UnityEngine.TestTools.Logging.LogScope,NUnit.Framework.Internal.TestResult,System.Action) (at ./Library/PackageCache/com.unity.test-framework@1.3.9/UnityEngine.TestRunner/NUnitExtensions/Runner/UnityLogCheckDelegatingCommand.cs:79)
UnityEngine.TestRunner.NUnitExtensions.Runner.UnityLogCheckDelegatingCommand:Execute (NUnit.Framework.Internal.ITestExecutionContext) (at ./Library/PackageCache/com.unity.test-framework@1.3.9/UnityEngine.TestRunner/NUnitExtensions/Runner/UnityLogCheckDelegatingCommand.cs:24)
UnityEngine.TestRunner.NUnitExtensions.Runner.UnityLogCheckDelegatingCommand/<ExecuteEnumerable>d__3:MoveNext () (at ./Library/PackageCache/com.unity.test-framework@1.3.9/UnityEngine.TestRunner/NUnitExtensions/Runner/UnityLogCheckDelegatingCommand.cs:35)
UnityEngine.TestTools.BeforeAfterTestCommandBase`1/<ExecuteEnumerable>d__14<NUnit.Framework.ITestAction>:MoveNext () (at ./Library/PackageCache/com.unity.test-framework@1.3.9/UnityEngine.TestRunner/NUnitExtensions/Commands/BeforeAfterTestCommandBase.cs:173)
UnityEngine.TestTools.ImmediateEnumerableCommand:Execute (NUnit.Framework.Internal.ITestExecutionContext) (at ./Library/PackageCache/com.unity.test-framework@1.3.9/UnityEngine.TestRunner/NUnitExtensions/Commands/ImmediateEnumerableCommand.cs:18)
UnityEngine.TestTools.BeforeAfterTestCommandBase`1/<ExecuteEnumerable>d__14<System.Reflection.MethodInfo>:MoveNext () (at ./Library/PackageCache/com.unity.test-framework@1.3.9/UnityEngine.TestRunner/NUnitExtensions/Commands/BeforeAfterTestCommandBase.cs:181)
UnityEngine.TestTools.BeforeAfterTestCommandBase`1/<ExecuteEnumerable>d__14<System.Reflection.MethodInfo>:MoveNext () (at ./Library/PackageCache/com.unity.test-framework@1.3.9/UnityEngine.TestRunner/NUnitExtensions/Commands/BeforeAfterTestCommandBase.cs:173)
UnityEngine.TestTools.BeforeAfterTestCommandBase`1/<ExecuteEnumerable>d__14<UnityEngine.TestTools.IOuterUnityTestAction>:MoveNext () (at ./Library/PackageCache/com.unity.test-framework@1.3.9/UnityEngine.TestRunner/NUnitExtensions/Commands/BeforeAfterTestCommandBase.cs:173)
UnityEngine.TestTools.RetryCommand/<ExecuteEnumerable>d__2:MoveNext () (at ./Library/PackageCache/com.unity.test-framework@1.3.9/UnityEngine.TestRunner/NUnitExtensions/Commands/RetryCommand.cs:37)
UnityEngine.TestTools.RepeatCommand/<ExecuteEnumerable>d__2:MoveNext () (at ./Library/PackageCache/com.unity.test-framework@1.3.9/UnityEngine.TestRunner/NUnitExtensions/Commands/RepeatCommand.cs:36)
UnityEngine.TestTools.TimeoutCommand/<ExecuteEnumerable>d__3:MoveNext () (at ./Library/PackageCache/com.unity.test-framework@1.3.9/UnityEngine.TestRunner/NUnitExtensions/Commands/TimeoutCommand.cs:33)
UnityEngine.TestTools.IgnoreTestCommand/<ExecuteEnumerable>d__3:MoveNext () (at ./Library/PackageCache/com.unity.test-framework@1.3.9/UnityEngine.TestRunner/NUnitExtensions/Commands/IgnoreTestCommand.cs:42)
UnityEngine.TestTools.StrictCheckCommand/<ExecuteEnumerable>d__2:MoveNext () (at ./Library/PackageCache/com.unity.test-framework@1.3.9/UnityEngine.TestRunner/NUnitExtensions/Commands/StrictCheckCommand.cs:29)
UnityEngine.TestRunner.NUnitExtensions.Runner.DefaultTestWorkItem/<PerformWork>d__2:MoveNext () (at ./Library/PackageCache/com.unity.test-framework@1.3.9/UnityEngine.TestRunner/NUnitExtensions/Runner/DefaultTestWorkItem.cs:50)
UnityEngine.TestRunner.NUnitExtensions.Runner.CompositeWorkItem/<RunChildren>d__16:MoveNext () (at ./Library/PackageCache/com.unity.test-framework@1.3.9/UnityEngine.TestRunner/NUnitExtensions/Runner/CompositeWorkItem.cs:197)
UnityEngine.TestRunner.NUnitExtensions.Runner.CompositeWorkItem/<PerformWork>d__12:MoveNext () (at ./Library/PackageCache/com.unity.test-framework@1.3.9/UnityEngine.TestRunner/NUnitExtensions/Runner/CompositeWorkItem.cs:76)
UnityEngine.TestRunner.NUnitExtensions.Runner.CompositeWorkItem/<RunChildren>d__16:MoveNext () (at ./Library/PackageCache/com.unity.test-framework@1.3.9/UnityEngine.TestRunner/NUnitExtensions/Runner/CompositeWorkItem.cs:197)
UnityEngine.TestRunner.NUnitExtensions.Runner.CompositeWorkItem/<PerformWork>d__12:MoveNext () (at ./Library/PackageCache/com.unity.test-framework@1.3.9/UnityEngine.TestRunner/NUnitExtensions/Runner/CompositeWorkItem.cs:76)
UnityEngine.TestRunner.NUnitExtensions.Runner.CompositeWorkItem/<RunChildren>d__16:MoveNext () (at ./Library/PackageCache/com.unity.test-framework@1.3.9/UnityEngine.TestRunner/NUnitExtensions/Runner/CompositeWorkItem.cs:197)
UnityEngine.TestRunner.NUnitExtensions.Runner.CompositeWorkItem/<PerformWork>d__12:MoveNext () (at ./Library/PackageCache/com.unity.test-framework@1.3.9/UnityEngine.TestRunner/NUnitExtensions/Runner/CompositeWorkItem.cs:76)
UnityEngine.TestRunner.NUnitExtensions.Runner.CompositeWorkItem/<RunChildren>d__16:MoveNext () (at ./Library/PackageCache/com.unity.test-framework@1.3.9/UnityEngine.TestRunner/NUnitExtensions/Runner/CompositeWorkItem.cs:197)
UnityEngine.TestRunner.NUnitExtensions.Runner.CompositeWorkItem/<PerformWork>d__12:MoveNext () (at ./Library/PackageCache/com.unity.test-framework@1.3.9/UnityEngine.TestRunner/NUnitExtensions/Runner/CompositeWorkItem.cs:76)
UnityEngine.TestRunner.NUnitExtensions.Runner.CompositeWorkItem/<RunChildren>d__16:MoveNext () (at ./Library/PackageCache/com.unity.test-framework@1.3.9/UnityEngine.TestRunner/NUnitExtensions/Runner/CompositeWorkItem.cs:197)
UnityEngine.TestRunner.NUnitExtensions.Runner.CompositeWorkItem/<PerformWork>d__12:MoveNext () (at ./Library/PackageCache/com.unity.test-framework@1.3.9/UnityEngine.TestRunner/NUnitExtensions/Runner/CompositeWorkItem.cs:76)
UnityEngine.TestRunner.NUnitExtensions.Runner.CompositeWorkItem/<RunChildren>d__16:MoveNext () (at ./Library/PackageCache/com.unity.test-framework@1.3.9/UnityEngine.TestRunner/NUnitExtensions/Runner/CompositeWorkItem.cs:197)
UnityEngine.TestRunner.NUnitExtensions.Runner.CompositeWorkItem/<PerformWork>d__12:MoveNext () (at ./Library/PackageCache/com.unity.test-framework@1.3.9/UnityEngine.TestRunner/NUnitExtensions/Runner/CompositeWorkItem.cs:76)
UnityEditor.TestTools.TestRunner.EditModeRunner:MoveNextAndUpdateYieldObject () (at ./Library/PackageCache/com.unity.test-framework@1.3.9/UnityEditor.TestRunner/TestRunner/EditModeRunner.cs:164)
UnityEditor.TestTools.TestRunner.EditModeRunner:TestConsumer (UnityEditor.TestTools.TestRunner.TestRunnerStateSerializer) (at ./Library/PackageCache/com.unity.test-framework@1.3.9/UnityEditor.TestRunner/TestRunner/EditModeRunner.cs:197)
UnityEditor.TestTools.TestRunner.TestRun.Tasks.EditModeRunTask/<Execute>d__1:MoveNext () (at ./Library/PackageCache/com.unity.test-framework@1.3.9/UnityEditor.TestRunner/TestRun/Tasks/EditModeRunTask.cs:47)
UnityEditor.TestTools.TestRunner.TestRun.TestJobRunner:ExecuteStep () (at ./Library/PackageCache/com.unity.test-framework@1.3.9/UnityEditor.TestRunner/TestRun/TestJobRunner.cs:172)
UnityEditor.TestTools.TestRunner.TestRun.TestJobRunner:ExecuteCallback () (at ./Library/PackageCache/com.unity.test-framework@1.3.9/UnityEditor.TestRunner/TestRun/TestJobRunner.cs:108)
UnityEditor.EditorApplication:Internal_CallUpdateFunctions ()

(Filename: Assets/_Project/Scripts/Core/SeedEngine/SeedEngine.cs Line: 88)

[SeedEngine] Initialised with seed 12345 (AAANB3).
UnityEngine.StackTraceUtility:ExtractStackTrace ()
UnityEngine.DebugLogHandler:LogFormat (UnityEngine.LogType,UnityEngine.Object,string,object[])
UnityEngine.Logger:Log (UnityEngine.LogType,object)
UnityEngine.Debug:Log (object)
Desk42.Core.SeedEngine:Init (int) (at Assets/_Project/Scripts/Core/SeedEngine/SeedEngine.cs:88)
Desk42.Tests.EditMode.SeedEngineTests:SetUp () (at Assets/_Project/Tests/EditMode/SeedEngineTests.cs:14)
System.Reflection.RuntimeMethodInfo:Invoke (object,System.Reflection.BindingFlags,System.Reflection.Binder,object[],System.Globalization.CultureInfo)
System.Reflection.MethodBase:Invoke (object,object[])
NUnit.Framework.Internal.Reflect:InvokeMethod (System.Reflection.MethodInfo,object,object[])
NUnit.Framework.Internal.Reflect:InvokeMethod (System.Reflection.MethodInfo,object)
UnityEngine.TestTools.SetUpTearDownCommand/<InvokeBefore>d__4:MoveNext () (at ./Library/PackageCache/com.unity.test-framework@1.3.9/UnityEngine.TestRunner/NUnitExtensions/Commands/SetUpTearDownCommand.cs:59)
UnityEngine.TestTools.BeforeAfterTestCommandBase`1/<ExecuteEnumerable>d__14<System.Reflection.MethodInfo>:MoveNext () (at ./Library/PackageCache/com.unity.test-framework@1.3.9/UnityEngine.TestRunner/NUnitExtensions/Commands/BeforeAfterTestCommandBase.cs:130)
UnityEngine.TestTools.BeforeAfterTestCommandBase`1/<ExecuteEnumerable>d__14<System.Reflection.MethodInfo>:MoveNext () (at ./Library/PackageCache/com.unity.test-framework@1.3.9/UnityEngine.TestRunner/NUnitExtensions/Commands/BeforeAfterTestCommandBase.cs:173)
UnityEngine.TestTools.BeforeAfterTestCommandBase`1/<ExecuteEnumerable>d__14<UnityEngine.TestTools.IOuterUnityTestAction>:MoveNext () (at ./Library/PackageCache/com.unity.test-framework@1.3.9/UnityEngine.TestRunner/NUnitExtensions/Commands/BeforeAfterTestCommandBase.cs:173)
UnityEngine.TestTools.RetryCommand/<ExecuteEnumerable>d__2:MoveNext () (at ./Library/PackageCache/com.unity.test-framework@1.3.9/UnityEngine.TestRunner/NUnitExtensions/Commands/RetryCommand.cs:37)
UnityEngine.TestTools.RepeatCommand/<ExecuteEnumerable>d__2:MoveNext () (at ./Library/PackageCache/com.unity.test-framework@1.3.9/UnityEngine.TestRunner/NUnitExtensions/Commands/RepeatCommand.cs:36)
UnityEngine.TestTools.TimeoutCommand/<ExecuteEnumerable>d__3:MoveNext () (at ./Library/PackageCache/com.unity.test-framework@1.3.9/UnityEngine.TestRunner/NUnitExtensions/Commands/TimeoutCommand.cs:33)
UnityEngine.TestTools.IgnoreTestCommand/<ExecuteEnumerable>d__3:MoveNext () (at ./Library/PackageCache/com.unity.test-framework@1.3.9/UnityEngine.TestRunner/NUnitExtensions/Commands/IgnoreTestCommand.cs:42)
UnityEngine.TestTools.StrictCheckCommand/<ExecuteEnumerable>d__2:MoveNext () (at ./Library/PackageCache/com.unity.test-framework@1.3.9/UnityEngine.TestRunner/NUnitExtensions/Commands/StrictCheckCommand.cs:29)
UnityEngine.TestRunner.NUnitExtensions.Runner.DefaultTestWorkItem/<PerformWork>d__2:MoveNext () (at ./Library/PackageCache/com.unity.test-framework@1.3.9/UnityEngine.TestRunner/NUnitExtensions/Runner/DefaultTestWorkItem.cs:50)
UnityEngine.TestRunner.NUnitExtensions.Runner.CompositeWorkItem/<RunChildren>d__16:MoveNext () (at ./Library/PackageCache/com.unity.test-framework@1.3.9/UnityEngine.TestRunner/NUnitExtensions/Runner/CompositeWorkItem.cs:197)
UnityEngine.TestRunner.NUnitExtensions.Runner.CompositeWorkItem/<PerformWork>d__12:MoveNext () (at ./Library/PackageCache/com.unity.test-framework@1.3.9/UnityEngine.TestRunner/NUnitExtensions/Runner/CompositeWorkItem.cs:76)
UnityEngine.TestRunner.NUnitExtensions.Runner.CompositeWorkItem/<RunChildren>d__16:MoveNext () (at ./Library/PackageCache/com.unity.test-framework@1.3.9/UnityEngine.TestRunner/NUnitExtensions/Runner/CompositeWorkItem.cs:197)
UnityEngine.TestRunner.NUnitExtensions.Runner.CompositeWorkItem/<PerformWork>d__12:MoveNext () (at ./Library/PackageCache/com.unity.test-framework@1.3.9/UnityEngine.TestRunner/NUnitExtensions/Runner/CompositeWorkItem.cs:76)
UnityEngine.TestRunner.NUnitExtensions.Runner.CompositeWorkItem/<RunChildren>d__16:MoveNext () (at ./Library/PackageCache/com.unity.test-framework@1.3.9/UnityEngine.TestRunner/NUnitExtensions/Runner/CompositeWorkItem.cs:197)
UnityEngine.TestRunner.NUnitExtensions.Runner.CompositeWorkItem/<PerformWork>d__12:MoveNext () (at ./Library/PackageCache/com.unity.test-framework@1.3.9/UnityEngine.TestRunner/NUnitExtensions/Runner/CompositeWorkItem.cs:76)
UnityEngine.TestRunner.NUnitExtensions.Runner.CompositeWorkItem/<RunChildren>d__16:MoveNext () (at ./Library/PackageCache/com.unity.test-framework@1.3.9/UnityEngine.TestRunner/NUnitExtensions/Runner/CompositeWorkItem.cs:197)
UnityEngine.TestRunner.NUnitExtensions.Runner.CompositeWorkItem/<PerformWork>d__12:MoveNext () (at ./Library/PackageCache/com.unity.test-framework@1.3.9/UnityEngine.TestRunner/NUnitExtensions/Runner/CompositeWorkItem.cs:76)
UnityEngine.TestRunner.NUnitExtensions.Runner.CompositeWorkItem/<RunChildren>d__16:MoveNext () (at ./Library/PackageCache/com.unity.test-framework@1.3.9/UnityEngine.TestRunner/NUnitExtensions/Runner/CompositeWorkItem.cs:197)
UnityEngine.TestRunner.NUnitExtensions.Runner.CompositeWorkItem/<PerformWork>d__12:MoveNext () (at ./Library/PackageCache/com.unity.test-framework@1.3.9/UnityEngine.TestRunner/NUnitExtensions/Runner/CompositeWorkItem.cs:76)
UnityEngine.TestRunner.NUnitExtensions.Runner.CompositeWorkItem/<RunChildren>d__16:MoveNext () (at ./Library/PackageCache/com.unity.test-framework@1.3.9/UnityEngine.TestRunner/NUnitExtensions/Runner/CompositeWorkItem.cs:197)
UnityEngine.TestRunner.NUnitExtensions.Runner.CompositeWorkItem/<PerformWork>d__12:MoveNext () (at ./Library/PackageCache/com.unity.test-framework@1.3.9/UnityEngine.TestRunner/NUnitExtensions/Runner/CompositeWorkItem.cs:76)
UnityEditor.TestTools.TestRunner.EditModeRunner:MoveNextAndUpdateYieldObject () (at ./Library/PackageCache/com.unity.test-framework@1.3.9/UnityEditor.TestRunner/TestRunner/EditModeRunner.cs:164)
UnityEditor.TestTools.TestRunner.EditModeRunner:TestConsumer (UnityEditor.TestTools.TestRunner.TestRunnerStateSerializer) (at ./Library/PackageCache/com.unity.test-framework@1.3.9/UnityEditor.TestRunner/TestRunner/EditModeRunner.cs:197)
UnityEditor.TestTools.TestRunner.TestRun.Tasks.EditModeRunTask/<Execute>d__1:MoveNext () (at ./Library/PackageCache/com.unity.test-framework@1.3.9/UnityEditor.TestRunner/TestRun/Tasks/EditModeRunTask.cs:47)
UnityEditor.TestTools.TestRunner.TestRun.TestJobRunner:ExecuteStep () (at ./Library/PackageCache/com.unity.test-framework@1.3.9/UnityEditor.TestRunner/TestRun/TestJobRunner.cs:172)
UnityEditor.TestTools.TestRunner.TestRun.TestJobRunner:ExecuteCallback () (at ./Library/PackageCache/com.unity.test-framework@1.3.9/UnityEditor.TestRunner/TestRun/TestJobRunner.cs:108)
UnityEditor.EditorApplication:Internal_CallUpdateFunctions ()

(Filename: Assets/_Project/Scripts/Core/SeedEngine/SeedEngine.cs Line: 88)

[SeedEngine] Initialised with seed 12345 (AAANB3).
UnityEngine.StackTraceUtility:ExtractStackTrace ()
UnityEngine.DebugLogHandler:LogFormat (UnityEngine.LogType,UnityEngine.Object,string,object[])
UnityEngine.Logger:Log (UnityEngine.LogType,object)
UnityEngine.Debug:Log (object)
Desk42.Core.SeedEngine:Init (int) (at Assets/_Project/Scripts/Core/SeedEngine/SeedEngine.cs:88)
Desk42.Tests.EditMode.SeedEngineTests:SetUp () (at Assets/_Project/Tests/EditMode/SeedEngineTests.cs:14)
System.Reflection.RuntimeMethodInfo:Invoke (object,System.Reflection.BindingFlags,System.Reflection.Binder,object[],System.Globalization.CultureInfo)
System.Reflection.MethodBase:Invoke (object,object[])
NUnit.Framework.Internal.Reflect:InvokeMethod (System.Reflection.MethodInfo,object,object[])
NUnit.Framework.Internal.Reflect:InvokeMethod (System.Reflection.MethodInfo,object)
UnityEngine.TestTools.SetUpTearDownCommand/<InvokeBefore>d__4:MoveNext () (at ./Library/PackageCache/com.unity.test-framework@1.3.9/UnityEngine.TestRunner/NUnitExtensions/Commands/SetUpTearDownCommand.cs:59)
UnityEngine.TestTools.BeforeAfterTestCommandBase`1/<ExecuteEnumerable>d__14<System.Reflection.MethodInfo>:MoveNext () (at ./Library/PackageCache/com.unity.test-framework@1.3.9/UnityEngine.TestRunner/NUnitExtensions/Commands/BeforeAfterTestCommandBase.cs:130)
UnityEngine.TestTools.BeforeAfterTestCommandBase`1/<ExecuteEnumerable>d__14<System.Reflection.MethodInfo>:MoveNext () (at ./Library/PackageCache/com.unity.test-framework@1.3.9/UnityEngine.TestRunner/NUnitExtensions/Commands/BeforeAfterTestCommandBase.cs:173)
UnityEngine.TestTools.BeforeAfterTestCommandBase`1/<ExecuteEnumerable>d__14<UnityEngine.TestTools.IOuterUnityTestAction>:MoveNext () (at ./Library/PackageCache/com.unity.test-framework@1.3.9/UnityEngine.TestRunner/NUnitExtensions/Commands/BeforeAfterTestCommandBase.cs:173)
UnityEngine.TestTools.RetryCommand/<ExecuteEnumerable>d__2:MoveNext () (at ./Library/PackageCache/com.unity.test-framework@1.3.9/UnityEngine.TestRunner/NUnitExtensions/Commands/RetryCommand.cs:37)
UnityEngine.TestTools.RepeatCommand/<ExecuteEnumerable>d__2:MoveNext () (at ./Library/PackageCache/com.unity.test-framework@1.3.9/UnityEngine.TestRunner/NUnitExtensions/Commands/RepeatCommand.cs:36)
UnityEngine.TestTools.TimeoutCommand/<ExecuteEnumerable>d__3:MoveNext () (at ./Library/PackageCache/com.unity.test-framework@1.3.9/UnityEngine.TestRunner/NUnitExtensions/Commands/TimeoutCommand.cs:33)
UnityEngine.TestTools.IgnoreTestCommand/<ExecuteEnumerable>d__3:MoveNext () (at ./Library/PackageCache/com.unity.test-framework@1.3.9/UnityEngine.TestRunner/NUnitExtensions/Commands/IgnoreTestCommand.cs:42)
UnityEngine.TestTools.StrictCheckCommand/<ExecuteEnumerable>d__2:MoveNext () (at ./Library/PackageCache/com.unity.test-framework@1.3.9/UnityEngine.TestRunner/NUnitExtensions/Commands/StrictCheckCommand.cs:29)
UnityEngine.TestRunner.NUnitExtensions.Runner.DefaultTestWorkItem/<PerformWork>d__2:MoveNext () (at ./Library/PackageCache/com.unity.test-framework@1.3.9/UnityEngine.TestRunner/NUnitExtensions/Runner/DefaultTestWorkItem.cs:50)
UnityEngine.TestRunner.NUnitExtensions.Runner.CompositeWorkItem/<RunChildren>d__16:MoveNext () (at ./Library/PackageCache/com.unity.test-framework@1.3.9/UnityEngine.TestRunner/NUnitExtensions/Runner/CompositeWorkItem.cs:197)
UnityEngine.TestRunner.NUnitExtensions.Runner.CompositeWorkItem/<PerformWork>d__12:MoveNext () (at ./Library/PackageCache/com.unity.test-framework@1.3.9/UnityEngine.TestRunner/NUnitExtensions/Runner/CompositeWorkItem.cs:76)
UnityEngine.TestRunner.NUnitExtensions.Runner.CompositeWorkItem/<RunChildren>d__16:MoveNext () (at ./Library/PackageCache/com.unity.test-framework@1.3.9/UnityEngine.TestRunner/NUnitExtensions/Runner/CompositeWorkItem.cs:197)
UnityEngine.TestRunner.NUnitExtensions.Runner.CompositeWorkItem/<PerformWork>d__12:MoveNext () (at ./Library/PackageCache/com.unity.test-framework@1.3.9/UnityEngine.TestRunner/NUnitExtensions/Runner/CompositeWorkItem.cs:76)
UnityEngine.TestRunner.NUnitExtensions.Runner.CompositeWorkItem/<RunChildren>d__16:MoveNext () (at ./Library/PackageCache/com.unity.test-framework@1.3.9/UnityEngine.TestRunner/NUnitExtensions/Runner/CompositeWorkItem.cs:197)
UnityEngine.TestRunner.NUnitExtensions.Runner.CompositeWorkItem/<PerformWork>d__12:MoveNext () (at ./Library/PackageCache/com.unity.test-framework@1.3.9/UnityEngine.TestRunner/NUnitExtensions/Runner/CompositeWorkItem.cs:76)
UnityEngine.TestRunner.NUnitExtensions.Runner.CompositeWorkItem/<RunChildren>d__16:MoveNext () (at ./Library/PackageCache/com.unity.test-framework@1.3.9/UnityEngine.TestRunner/NUnitExtensions/Runner/CompositeWorkItem.cs:197)
UnityEngine.TestRunner.NUnitExtensions.Runner.CompositeWorkItem/<PerformWork>d__12:MoveNext () (at ./Library/PackageCache/com.unity.test-framework@1.3.9/UnityEngine.TestRunner/NUnitExtensions/Runner/CompositeWorkItem.cs:76)
UnityEngine.TestRunner.NUnitExtensions.Runner.CompositeWorkItem/<RunChildren>d__16:MoveNext () (at ./Library/PackageCache/com.unity.test-framework@1.3.9/UnityEngine.TestRunner/NUnitExtensions/Runner/CompositeWorkItem.cs:197)
UnityEngine.TestRunner.NUnitExtensions.Runner.CompositeWorkItem/<PerformWork>d__12:MoveNext () (at ./Library/PackageCache/com.unity.test-framework@1.3.9/UnityEngine.TestRunner/NUnitExtensions/Runner/CompositeWorkItem.cs:76)
UnityEngine.TestRunner.NUnitExtensions.Runner.CompositeWorkItem/<RunChildren>d__16:MoveNext () (at ./Library/PackageCache/com.unity.test-framework@1.3.9/UnityEngine.TestRunner/NUnitExtensions/Runner/CompositeWorkItem.cs:197)
UnityEngine.TestRunner.NUnitExtensions.Runner.CompositeWorkItem/<PerformWork>d__12:MoveNext () (at ./Library/PackageCache/com.unity.test-framework@1.3.9/UnityEngine.TestRunner/NUnitExtensions/Runner/CompositeWorkItem.cs:76)
UnityEditor.TestTools.TestRunner.EditModeRunner:MoveNextAndUpdateYieldObject () (at ./Library/PackageCache/com.unity.test-framework@1.3.9/UnityEditor.TestRunner/TestRunner/EditModeRunner.cs:164)
UnityEditor.TestTools.TestRunner.EditModeRunner:TestConsumer (UnityEditor.TestTools.TestRunner.TestRunnerStateSerializer) (at ./Library/PackageCache/com.unity.test-framework@1.3.9/UnityEditor.TestRunner/TestRunner/EditModeRunner.cs:197)
UnityEditor.TestTools.TestRunner.TestRun.Tasks.EditModeRunTask/<Execute>d__1:MoveNext () (at ./Library/PackageCache/com.unity.test-framework@1.3.9/UnityEditor.TestRunner/TestRun/Tasks/EditModeRunTask.cs:47)
UnityEditor.TestTools.TestRunner.TestRun.TestJobRunner:ExecuteStep () (at ./Library/PackageCache/com.unity.test-framework@1.3.9/UnityEditor.TestRunner/TestRun/TestJobRunner.cs:172)
UnityEditor.TestTools.TestRunner.TestRun.TestJobRunner:ExecuteCallback () (at ./Library/PackageCache/com.unity.test-framework@1.3.9/UnityEditor.TestRunner/TestRun/TestJobRunner.cs:108)
UnityEditor.EditorApplication:Internal_CallUpdateFunctions ()

(Filename: Assets/_Project/Scripts/Core/SeedEngine/SeedEngine.cs Line: 88)

[SeedEngine] Initialised with seed 987654321 (7P64FT).
UnityEngine.StackTraceUtility:ExtractStackTrace ()
UnityEngine.DebugLogHandler:LogFormat (UnityEngine.LogType,UnityEngine.Object,string,object[])
UnityEngine.Logger:Log (UnityEngine.LogType,object)
UnityEngine.Debug:Log (object)
Desk42.Core.SeedEngine:Init (int) (at Assets/_Project/Scripts/Core/SeedEngine/SeedEngine.cs:88)
Desk42.Tests.EditMode.SeedEngineTests:ShareCode_RoundTrips () (at Assets/_Project/Tests/EditMode/SeedEngineTests.cs:114)
System.Reflection.RuntimeMethodInfo:Invoke (object,System.Reflection.BindingFlags,System.Reflection.Binder,object[],System.Globalization.CultureInfo)
System.Reflection.MethodBase:Invoke (object,object[])
NUnit.Framework.Internal.Reflect:InvokeMethod (System.Reflection.MethodInfo,object,object[])
NUnit.Framework.Internal.MethodWrapper:Invoke (object,object[])
NUnit.Framework.Internal.Commands.TestMethodCommand:RunNonAsyncTestMethod (NUnit.Framework.Internal.ITestExecutionContext)
NUnit.Framework.Internal.Commands.TestMethodCommand:RunTestMethod (NUnit.Framework.Internal.ITestExecutionContext)
NUnit.Framework.Internal.Commands.TestMethodCommand:Execute (NUnit.Framework.Internal.ITestExecutionContext)
UnityEngine.TestTools.UnityTestMethodCommand:Execute (NUnit.Framework.Internal.ITestExecutionContext) (at ./Library/PackageCache/com.unity.test-framework@1.3.9/UnityEngine.TestRunner/NUnitExtensions/Commands/UnityTestMethodCommand.cs:16)
UnityEngine.TestRunner.NUnitExtensions.Runner.UnityLogCheckDelegatingCommand/<>c__DisplayClass2_0:<Execute>b__0 () (at ./Library/PackageCache/com.unity.test-framework@1.3.9/UnityEngine.TestRunner/NUnitExtensions/Runner/UnityLogCheckDelegatingCommand.cs:24)
UnityEngine.TestRunner.NUnitExtensions.Runner.UnityLogCheckDelegatingCommand:CaptureException (NUnit.Framework.Internal.TestResult,System.Action) (at ./Library/PackageCache/com.unity.test-framework@1.3.9/UnityEngine.TestRunner/NUnitExtensions/Runner/UnityLogCheckDelegatingCommand.cs:68)
UnityEngine.TestRunner.NUnitExtensions.Runner.UnityLogCheckDelegatingCommand:ExecuteAndCheckLog (UnityEngine.TestTools.Logging.LogScope,NUnit.Framework.Internal.TestResult,System.Action) (at ./Library/PackageCache/com.unity.test-framework@1.3.9/UnityEngine.TestRunner/NUnitExtensions/Runner/UnityLogCheckDelegatingCommand.cs:79)
UnityEngine.TestRunner.NUnitExtensions.Runner.UnityLogCheckDelegatingCommand:Execute (NUnit.Framework.Internal.ITestExecutionContext) (at ./Library/PackageCache/com.unity.test-framework@1.3.9/UnityEngine.TestRunner/NUnitExtensions/Runner/UnityLogCheckDelegatingCommand.cs:24)
UnityEngine.TestRunner.NUnitExtensions.Runner.UnityLogCheckDelegatingCommand/<ExecuteEnumerable>d__3:MoveNext () (at ./Library/PackageCache/com.unity.test-framework@1.3.9/UnityEngine.TestRunner/NUnitExtensions/Runner/UnityLogCheckDelegatingCommand.cs:35)
UnityEngine.TestTools.BeforeAfterTestCommandBase`1/<ExecuteEnumerable>d__14<NUnit.Framework.ITestAction>:MoveNext () (at ./Library/PackageCache/com.unity.test-framework@1.3.9/UnityEngine.TestRunner/NUnitExtensions/Commands/BeforeAfterTestCommandBase.cs:173)
UnityEngine.TestTools.ImmediateEnumerableCommand:Execute (NUnit.Framework.Internal.ITestExecutionContext) (at ./Library/PackageCache/com.unity.test-framework@1.3.9/UnityEngine.TestRunner/NUnitExtensions/Commands/ImmediateEnumerableCommand.cs:18)
UnityEngine.TestTools.BeforeAfterTestCommandBase`1/<ExecuteEnumerable>d__14<System.Reflection.MethodInfo>:MoveNext () (at ./Library/PackageCache/com.unity.test-framework@1.3.9/UnityEngine.TestRunner/NUnitExtensions/Commands/BeforeAfterTestCommandBase.cs:181)
UnityEngine.TestTools.BeforeAfterTestCommandBase`1/<ExecuteEnumerable>d__14<System.Reflection.MethodInfo>:MoveNext () (at ./Library/PackageCache/com.unity.test-framework@1.3.9/UnityEngine.TestRunner/NUnitExtensions/Commands/BeforeAfterTestCommandBase.cs:173)
UnityEngine.TestTools.BeforeAfterTestCommandBase`1/<ExecuteEnumerable>d__14<UnityEngine.TestTools.IOuterUnityTestAction>:MoveNext () (at ./Library/PackageCache/com.unity.test-framework@1.3.9/UnityEngine.TestRunner/NUnitExtensions/Commands/BeforeAfterTestCommandBase.cs:173)
UnityEngine.TestTools.RetryCommand/<ExecuteEnumerable>d__2:MoveNext () (at ./Library/PackageCache/com.unity.test-framework@1.3.9/UnityEngine.TestRunner/NUnitExtensions/Commands/RetryCommand.cs:37)
UnityEngine.TestTools.RepeatCommand/<ExecuteEnumerable>d__2:MoveNext () (at ./Library/PackageCache/com.unity.test-framework@1.3.9/UnityEngine.TestRunner/NUnitExtensions/Commands/RepeatCommand.cs:36)
UnityEngine.TestTools.TimeoutCommand/<ExecuteEnumerable>d__3:MoveNext () (at ./Library/PackageCache/com.unity.test-framework@1.3.9/UnityEngine.TestRunner/NUnitExtensions/Commands/TimeoutCommand.cs:33)
UnityEngine.TestTools.IgnoreTestCommand/<ExecuteEnumerable>d__3:MoveNext () (at ./Library/PackageCache/com.unity.test-framework@1.3.9/UnityEngine.TestRunner/NUnitExtensions/Commands/IgnoreTestCommand.cs:42)
UnityEngine.TestTools.StrictCheckCommand/<ExecuteEnumerable>d__2:MoveNext () (at ./Library/PackageCache/com.unity.test-framework@1.3.9/UnityEngine.TestRunner/NUnitExtensions/Commands/StrictCheckCommand.cs:29)
UnityEngine.TestRunner.NUnitExtensions.Runner.DefaultTestWorkItem/<PerformWork>d__2:MoveNext () (at ./Library/PackageCache/com.unity.test-framework@1.3.9/UnityEngine.TestRunner/NUnitExtensions/Runner/DefaultTestWorkItem.cs:50)
UnityEngine.TestRunner.NUnitExtensions.Runner.CompositeWorkItem/<RunChildren>d__16:MoveNext () (at ./Library/PackageCache/com.unity.test-framework@1.3.9/UnityEngine.TestRunner/NUnitExtensions/Runner/CompositeWorkItem.cs:197)
UnityEngine.TestRunner.NUnitExtensions.Runner.CompositeWorkItem/<PerformWork>d__12:MoveNext () (at ./Library/PackageCache/com.unity.test-framework@1.3.9/UnityEngine.TestRunner/NUnitExtensions/Runner/CompositeWorkItem.cs:76)
UnityEngine.TestRunner.NUnitExtensions.Runner.CompositeWorkItem/<RunChildren>d__16:MoveNext () (at ./Library/PackageCache/com.unity.test-framework@1.3.9/UnityEngine.TestRunner/NUnitExtensions/Runner/CompositeWorkItem.cs:197)
UnityEngine.TestRunner.NUnitExtensions.Runner.CompositeWorkItem/<PerformWork>d__12:MoveNext () (at ./Library/PackageCache/com.unity.test-framework@1.3.9/UnityEngine.TestRunner/NUnitExtensions/Runner/CompositeWorkItem.cs:76)
UnityEngine.TestRunner.NUnitExtensions.Runner.CompositeWorkItem/<RunChildren>d__16:MoveNext () (at ./Library/PackageCache/com.unity.test-framework@1.3.9/UnityEngine.TestRunner/NUnitExtensions/Runner/CompositeWorkItem.cs:197)
UnityEngine.TestRunner.NUnitExtensions.Runner.CompositeWorkItem/<PerformWork>d__12:MoveNext () (at ./Library/PackageCache/com.unity.test-framework@1.3.9/UnityEngine.TestRunner/NUnitExtensions/Runner/CompositeWorkItem.cs:76)
UnityEngine.TestRunner.NUnitExtensions.Runner.CompositeWorkItem/<RunChildren>d__16:MoveNext () (at ./Library/PackageCache/com.unity.test-framework@1.3.9/UnityEngine.TestRunner/NUnitExtensions/Runner/CompositeWorkItem.cs:197)
UnityEngine.TestRunner.NUnitExtensions.Runner.CompositeWorkItem/<PerformWork>d__12:MoveNext () (at ./Library/PackageCache/com.unity.test-framework@1.3.9/UnityEngine.TestRunner/NUnitExtensions/Runner/CompositeWorkItem.cs:76)
UnityEngine.TestRunner.NUnitExtensions.Runner.CompositeWorkItem/<RunChildren>d__16:MoveNext () (at ./Library/PackageCache/com.unity.test-framework@1.3.9/UnityEngine.TestRunner/NUnitExtensions/Runner/CompositeWorkItem.cs:197)
UnityEngine.TestRunner.NUnitExtensions.Runner.CompositeWorkItem/<PerformWork>d__12:MoveNext () (at ./Library/PackageCache/com.unity.test-framework@1.3.9/UnityEngine.TestRunner/NUnitExtensions/Runner/CompositeWorkItem.cs:76)
UnityEngine.TestRunner.NUnitExtensions.Runner.CompositeWorkItem/<RunChildren>d__16:MoveNext () (at ./Library/PackageCache/com.unity.test-framework@1.3.9/UnityEngine.TestRunner/NUnitExtensions/Runner/CompositeWorkItem.cs:197)
UnityEngine.TestRunner.NUnitExtensions.Runner.CompositeWorkItem/<PerformWork>d__12:MoveNext () (at ./Library/PackageCache/com.unity.test-framework@1.3.9/UnityEngine.TestRunner/NUnitExtensions/Runner/CompositeWorkItem.cs:76)
UnityEditor.TestTools.TestRunner.EditModeRunner:MoveNextAndUpdateYieldObject () (at ./Library/PackageCache/com.unity.test-framework@1.3.9/UnityEditor.TestRunner/TestRunner/EditModeRunner.cs:164)
UnityEditor.TestTools.TestRunner.EditModeRunner:TestConsumer (UnityEditor.TestTools.TestRunner.TestRunnerStateSerializer) (at ./Library/PackageCache/com.unity.test-framework@1.3.9/UnityEditor.TestRunner/TestRunner/EditModeRunner.cs:197)
UnityEditor.TestTools.TestRunner.TestRun.Tasks.EditModeRunTask/<Execute>d__1:MoveNext () (at ./Library/PackageCache/com.unity.test-framework@1.3.9/UnityEditor.TestRunner/TestRun/Tasks/EditModeRunTask.cs:47)
UnityEditor.TestTools.TestRunner.TestRun.TestJobRunner:ExecuteStep () (at ./Library/PackageCache/com.unity.test-framework@1.3.9/UnityEditor.TestRunner/TestRun/TestJobRunner.cs:172)
UnityEditor.TestTools.TestRunner.TestRun.TestJobRunner:ExecuteCallback () (at ./Library/PackageCache/com.unity.test-framework@1.3.9/UnityEditor.TestRunner/TestRun/TestJobRunner.cs:108)
UnityEditor.EditorApplication:Internal_CallUpdateFunctions ()

(Filename: Assets/_Project/Scripts/Core/SeedEngine/SeedEngine.cs Line: 88)

[SeedEngine] Initialised with seed 987654321 (7P64FT).
UnityEngine.StackTraceUtility:ExtractStackTrace ()
UnityEngine.DebugLogHandler:LogFormat (UnityEngine.LogType,UnityEngine.Object,string,object[])
UnityEngine.Logger:Log (UnityEngine.LogType,object)
UnityEngine.Debug:Log (object)
Desk42.Core.SeedEngine:Init (int) (at Assets/_Project/Scripts/Core/SeedEngine/SeedEngine.cs:88)
Desk42.Tests.EditMode.SeedEngineTests:ShareCode_RoundTrips () (at Assets/_Project/Tests/EditMode/SeedEngineTests.cs:122)
System.Reflection.RuntimeMethodInfo:Invoke (object,System.Reflection.BindingFlags,System.Reflection.Binder,object[],System.Globalization.CultureInfo)
System.Reflection.MethodBase:Invoke (object,object[])
NUnit.Framework.Internal.Reflect:InvokeMethod (System.Reflection.MethodInfo,object,object[])
NUnit.Framework.Internal.MethodWrapper:Invoke (object,object[])
NUnit.Framework.Internal.Commands.TestMethodCommand:RunNonAsyncTestMethod (NUnit.Framework.Internal.ITestExecutionContext)
NUnit.Framework.Internal.Commands.TestMethodCommand:RunTestMethod (NUnit.Framework.Internal.ITestExecutionContext)
NUnit.Framework.Internal.Commands.TestMethodCommand:Execute (NUnit.Framework.Internal.ITestExecutionContext)
UnityEngine.TestTools.UnityTestMethodCommand:Execute (NUnit.Framework.Internal.ITestExecutionContext) (at ./Library/PackageCache/com.unity.test-framework@1.3.9/UnityEngine.TestRunner/NUnitExtensions/Commands/UnityTestMethodCommand.cs:16)
UnityEngine.TestRunner.NUnitExtensions.Runner.UnityLogCheckDelegatingCommand/<>c__DisplayClass2_0:<Execute>b__0 () (at ./Library/PackageCache/com.unity.test-framework@1.3.9/UnityEngine.TestRunner/NUnitExtensions/Runner/UnityLogCheckDelegatingCommand.cs:24)
UnityEngine.TestRunner.NUnitExtensions.Runner.UnityLogCheckDelegatingCommand:CaptureException (NUnit.Framework.Internal.TestResult,System.Action) (at ./Library/PackageCache/com.unity.test-framework@1.3.9/UnityEngine.TestRunner/NUnitExtensions/Runner/UnityLogCheckDelegatingCommand.cs:68)
UnityEngine.TestRunner.NUnitExtensions.Runner.UnityLogCheckDelegatingCommand:ExecuteAndCheckLog (UnityEngine.TestTools.Logging.LogScope,NUnit.Framework.Internal.TestResult,System.Action) (at ./Library/PackageCache/com.unity.test-framework@1.3.9/UnityEngine.TestRunner/NUnitExtensions/Runner/UnityLogCheckDelegatingCommand.cs:79)
UnityEngine.TestRunner.NUnitExtensions.Runner.UnityLogCheckDelegatingCommand:Execute (NUnit.Framework.Internal.ITestExecutionContext) (at ./Library/PackageCache/com.unity.test-framework@1.3.9/UnityEngine.TestRunner/NUnitExtensions/Runner/UnityLogCheckDelegatingCommand.cs:24)
UnityEngine.TestRunner.NUnitExtensions.Runner.UnityLogCheckDelegatingCommand/<ExecuteEnumerable>d__3:MoveNext () (at ./Library/PackageCache/com.unity.test-framework@1.3.9/UnityEngine.TestRunner/NUnitExtensions/Runner/UnityLogCheckDelegatingCommand.cs:35)
UnityEngine.TestTools.BeforeAfterTestCommandBase`1/<ExecuteEnumerable>d__14<NUnit.Framework.ITestAction>:MoveNext () (at ./Library/PackageCache/com.unity.test-framework@1.3.9/UnityEngine.TestRunner/NUnitExtensions/Commands/BeforeAfterTestCommandBase.cs:173)
UnityEngine.TestTools.ImmediateEnumerableCommand:Execute (NUnit.Framework.Internal.ITestExecutionContext) (at ./Library/PackageCache/com.unity.test-framework@1.3.9/UnityEngine.TestRunner/NUnitExtensions/Commands/ImmediateEnumerableCommand.cs:18)
UnityEngine.TestTools.BeforeAfterTestCommandBase`1/<ExecuteEnumerable>d__14<System.Reflection.MethodInfo>:MoveNext () (at ./Library/PackageCache/com.unity.test-framework@1.3.9/UnityEngine.TestRunner/NUnitExtensions/Commands/BeforeAfterTestCommandBase.cs:181)
UnityEngine.TestTools.BeforeAfterTestCommandBase`1/<ExecuteEnumerable>d__14<System.Reflection.MethodInfo>:MoveNext () (at ./Library/PackageCache/com.unity.test-framework@1.3.9/UnityEngine.TestRunner/NUnitExtensions/Commands/BeforeAfterTestCommandBase.cs:173)
UnityEngine.TestTools.BeforeAfterTestCommandBase`1/<ExecuteEnumerable>d__14<UnityEngine.TestTools.IOuterUnityTestAction>:MoveNext () (at ./Library/PackageCache/com.unity.test-framework@1.3.9/UnityEngine.TestRunner/NUnitExtensions/Commands/BeforeAfterTestCommandBase.cs:173)
UnityEngine.TestTools.RetryCommand/<ExecuteEnumerable>d__2:MoveNext () (at ./Library/PackageCache/com.unity.test-framework@1.3.9/UnityEngine.TestRunner/NUnitExtensions/Commands/RetryCommand.cs:37)
UnityEngine.TestTools.RepeatCommand/<ExecuteEnumerable>d__2:MoveNext () (at ./Library/PackageCache/com.unity.test-framework@1.3.9/UnityEngine.TestRunner/NUnitExtensions/Commands/RepeatCommand.cs:36)
UnityEngine.TestTools.TimeoutCommand/<ExecuteEnumerable>d__3:MoveNext () (at ./Library/PackageCache/com.unity.test-framework@1.3.9/UnityEngine.TestRunner/NUnitExtensions/Commands/TimeoutCommand.cs:33)
UnityEngine.TestTools.IgnoreTestCommand/<ExecuteEnumerable>d__3:MoveNext () (at ./Library/PackageCache/com.unity.test-framework@1.3.9/UnityEngine.TestRunner/NUnitExtensions/Commands/IgnoreTestCommand.cs:42)
UnityEngine.TestTools.StrictCheckCommand/<ExecuteEnumerable>d__2:MoveNext () (at ./Library/PackageCache/com.unity.test-framework@1.3.9/UnityEngine.TestRunner/NUnitExtensions/Commands/StrictCheckCommand.cs:29)
UnityEngine.TestRunner.NUnitExtensions.Runner.DefaultTestWorkItem/<PerformWork>d__2:MoveNext () (at ./Library/PackageCache/com.unity.test-framework@1.3.9/UnityEngine.TestRunner/NUnitExtensions/Runner/DefaultTestWorkItem.cs:50)
UnityEngine.TestRunner.NUnitExtensions.Runner.CompositeWorkItem/<RunChildren>d__16:MoveNext () (at ./Library/PackageCache/com.unity.test-framework@1.3.9/UnityEngine.TestRunner/NUnitExtensions/Runner/CompositeWorkItem.cs:197)
UnityEngine.TestRunner.NUnitExtensions.Runner.CompositeWorkItem/<PerformWork>d__12:MoveNext () (at ./Library/PackageCache/com.unity.test-framework@1.3.9/UnityEngine.TestRunner/NUnitExtensions/Runner/CompositeWorkItem.cs:76)
UnityEngine.TestRunner.NUnitExtensions.Runner.CompositeWorkItem/<RunChildren>d__16:MoveNext () (at ./Library/PackageCache/com.unity.test-framework@1.3.9/UnityEngine.TestRunner/NUnitExtensions/Runner/CompositeWorkItem.cs:197)
UnityEngine.TestRunner.NUnitExtensions.Runner.CompositeWorkItem/<PerformWork>d__12:MoveNext () (at ./Library/PackageCache/com.unity.test-framework@1.3.9/UnityEngine.TestRunner/NUnitExtensions/Runner/CompositeWorkItem.cs:76)
UnityEngine.TestRunner.NUnitExtensions.Runner.CompositeWorkItem/<RunChildren>d__16:MoveNext () (at ./Library/PackageCache/com.unity.test-framework@1.3.9/UnityEngine.TestRunner/NUnitExtensions/Runner/CompositeWorkItem.cs:197)
UnityEngine.TestRunner.NUnitExtensions.Runner.CompositeWorkItem/<PerformWork>d__12:MoveNext () (at ./Library/PackageCache/com.unity.test-framework@1.3.9/UnityEngine.TestRunner/NUnitExtensions/Runner/CompositeWorkItem.cs:76)
UnityEngine.TestRunner.NUnitExtensions.Runner.CompositeWorkItem/<RunChildren>d__16:MoveNext () (at ./Library/PackageCache/com.unity.test-framework@1.3.9/UnityEngine.TestRunner/NUnitExtensions/Runner/CompositeWorkItem.cs:197)
UnityEngine.TestRunner.NUnitExtensions.Runner.CompositeWorkItem/<PerformWork>d__12:MoveNext () (at ./Library/PackageCache/com.unity.test-framework@1.3.9/UnityEngine.TestRunner/NUnitExtensions/Runner/CompositeWorkItem.cs:76)
UnityEngine.TestRunner.NUnitExtensions.Runner.CompositeWorkItem/<RunChildren>d__16:MoveNext () (at ./Library/PackageCache/com.unity.test-framework@1.3.9/UnityEngine.TestRunner/NUnitExtensions/Runner/CompositeWorkItem.cs:197)
UnityEngine.TestRunner.NUnitExtensions.Runner.CompositeWorkItem/<PerformWork>d__12:MoveNext () (at ./Library/PackageCache/com.unity.test-framework@1.3.9/UnityEngine.TestRunner/NUnitExtensions/Runner/CompositeWorkItem.cs:76)
UnityEngine.TestRunner.NUnitExtensions.Runner.CompositeWorkItem/<RunChildren>d__16:MoveNext () (at ./Library/PackageCache/com.unity.test-framework@1.3.9/UnityEngine.TestRunner/NUnitExtensions/Runner/CompositeWorkItem.cs:197)
UnityEngine.TestRunner.NUnitExtensions.Runner.CompositeWorkItem/<PerformWork>d__12:MoveNext () (at ./Library/PackageCache/com.unity.test-framework@1.3.9/UnityEngine.TestRunner/NUnitExtensions/Runner/CompositeWorkItem.cs:76)
UnityEditor.TestTools.TestRunner.EditModeRunner:MoveNextAndUpdateYieldObject () (at ./Library/PackageCache/com.unity.test-framework@1.3.9/UnityEditor.TestRunner/TestRunner/EditModeRunner.cs:164)
UnityEditor.TestTools.TestRunner.EditModeRunner:TestConsumer (UnityEditor.TestTools.TestRunner.TestRunnerStateSerializer) (at ./Library/PackageCache/com.unity.test-framework@1.3.9/UnityEditor.TestRunner/TestRunner/EditModeRunner.cs:197)
UnityEditor.TestTools.TestRunner.TestRun.Tasks.EditModeRunTask/<Execute>d__1:MoveNext () (at ./Library/PackageCache/com.unity.test-framework@1.3.9/UnityEditor.TestRunner/TestRun/Tasks/EditModeRunTask.cs:47)
UnityEditor.TestTools.TestRunner.TestRun.TestJobRunner:ExecuteStep () (at ./Library/PackageCache/com.unity.test-framework@1.3.9/UnityEditor.TestRunner/TestRun/TestJobRunner.cs:172)
UnityEditor.TestTools.TestRunner.TestRun.TestJobRunner:ExecuteCallback () (at ./Library/PackageCache/com.unity.test-framework@1.3.9/UnityEditor.TestRunner/TestRun/TestJobRunner.cs:108)
UnityEditor.EditorApplication:Internal_CallUpdateFunctions ()

(Filename: Assets/_Project/Scripts/Core/SeedEngine/SeedEngine.cs Line: 88)

[SeedEngine] Initialised with seed 12345 (AAANB3).
UnityEngine.StackTraceUtility:ExtractStackTrace ()
UnityEngine.DebugLogHandler:LogFormat (UnityEngine.LogType,UnityEngine.Object,string,object[])
UnityEngine.Logger:Log (UnityEngine.LogType,object)
UnityEngine.Debug:Log (object)
Desk42.Core.SeedEngine:Init (int) (at Assets/_Project/Scripts/Core/SeedEngine/SeedEngine.cs:88)
Desk42.Tests.EditMode.SeedEngineTests:SetUp () (at Assets/_Project/Tests/EditMode/SeedEngineTests.cs:14)
System.Reflection.RuntimeMethodInfo:Invoke (object,System.Reflection.BindingFlags,System.Reflection.Binder,object[],System.Globalization.CultureInfo)
System.Reflection.MethodBase:Invoke (object,object[])
NUnit.Framework.Internal.Reflect:InvokeMethod (System.Reflection.MethodInfo,object,object[])
NUnit.Framework.Internal.Reflect:InvokeMethod (System.Reflection.MethodInfo,object)
UnityEngine.TestTools.SetUpTearDownCommand/<InvokeBefore>d__4:MoveNext () (at ./Library/PackageCache/com.unity.test-framework@1.3.9/UnityEngine.TestRunner/NUnitExtensions/Commands/SetUpTearDownCommand.cs:59)
UnityEngine.TestTools.BeforeAfterTestCommandBase`1/<ExecuteEnumerable>d__14<System.Reflection.MethodInfo>:MoveNext () (at ./Library/PackageCache/com.unity.test-framework@1.3.9/UnityEngine.TestRunner/NUnitExtensions/Commands/BeforeAfterTestCommandBase.cs:130)
UnityEngine.TestTools.BeforeAfterTestCommandBase`1/<ExecuteEnumerable>d__14<System.Reflection.MethodInfo>:MoveNext () (at ./Library/PackageCache/com.unity.test-framework@1.3.9/UnityEngine.TestRunner/NUnitExtensions/Commands/BeforeAfterTestCommandBase.cs:173)
UnityEngine.TestTools.BeforeAfterTestCommandBase`1/<ExecuteEnumerable>d__14<UnityEngine.TestTools.IOuterUnityTestAction>:MoveNext () (at ./Library/PackageCache/com.unity.test-framework@1.3.9/UnityEngine.TestRunner/NUnitExtensions/Commands/BeforeAfterTestCommandBase.cs:173)
UnityEngine.TestTools.RetryCommand/<ExecuteEnumerable>d__2:MoveNext () (at ./Library/PackageCache/com.unity.test-framework@1.3.9/UnityEngine.TestRunner/NUnitExtensions/Commands/RetryCommand.cs:37)
UnityEngine.TestTools.RepeatCommand/<ExecuteEnumerable>d__2:MoveNext () (at ./Library/PackageCache/com.unity.test-framework@1.3.9/UnityEngine.TestRunner/NUnitExtensions/Commands/RepeatCommand.cs:36)
UnityEngine.TestTools.TimeoutCommand/<ExecuteEnumerable>d__3:MoveNext () (at ./Library/PackageCache/com.unity.test-framework@1.3.9/UnityEngine.TestRunner/NUnitExtensions/Commands/TimeoutCommand.cs:33)
UnityEngine.TestTools.IgnoreTestCommand/<ExecuteEnumerable>d__3:MoveNext () (at ./Library/PackageCache/com.unity.test-framework@1.3.9/UnityEngine.TestRunner/NUnitExtensions/Commands/IgnoreTestCommand.cs:42)
UnityEngine.TestTools.StrictCheckCommand/<ExecuteEnumerable>d__2:MoveNext () (at ./Library/PackageCache/com.unity.test-framework@1.3.9/UnityEngine.TestRunner/NUnitExtensions/Commands/StrictCheckCommand.cs:29)
UnityEngine.TestRunner.NUnitExtensions.Runner.DefaultTestWorkItem/<PerformWork>d__2:MoveNext () (at ./Library/PackageCache/com.unity.test-framework@1.3.9/UnityEngine.TestRunner/NUnitExtensions/Runner/DefaultTestWorkItem.cs:50)
UnityEngine.TestRunner.NUnitExtensions.Runner.CompositeWorkItem/<RunChildren>d__16:MoveNext () (at ./Library/PackageCache/com.unity.test-framework@1.3.9/UnityEngine.TestRunner/NUnitExtensions/Runner/CompositeWorkItem.cs:197)
UnityEngine.TestRunner.NUnitExtensions.Runner.CompositeWorkItem/<PerformWork>d__12:MoveNext () (at ./Library/PackageCache/com.unity.test-framework@1.3.9/UnityEngine.TestRunner/NUnitExtensions/Runner/CompositeWorkItem.cs:76)
UnityEngine.TestRunner.NUnitExtensions.Runner.CompositeWorkItem/<RunChildren>d__16:MoveNext () (at ./Library/PackageCache/com.unity.test-framework@1.3.9/UnityEngine.TestRunner/NUnitExtensions/Runner/CompositeWorkItem.cs:197)
UnityEngine.TestRunner.NUnitExtensions.Runner.CompositeWorkItem/<PerformWork>d__12:MoveNext () (at ./Library/PackageCache/com.unity.test-framework@1.3.9/UnityEngine.TestRunner/NUnitExtensions/Runner/CompositeWorkItem.cs:76)
UnityEngine.TestRunner.NUnitExtensions.Runner.CompositeWorkItem/<RunChildren>d__16:MoveNext () (at ./Library/PackageCache/com.unity.test-framework@1.3.9/UnityEngine.TestRunner/NUnitExtensions/Runner/CompositeWorkItem.cs:197)
UnityEngine.TestRunner.NUnitExtensions.Runner.CompositeWorkItem/<PerformWork>d__12:MoveNext () (at ./Library/PackageCache/com.unity.test-framework@1.3.9/UnityEngine.TestRunner/NUnitExtensions/Runner/CompositeWorkItem.cs:76)
UnityEngine.TestRunner.NUnitExtensions.Runner.CompositeWorkItem/<RunChildren>d__16:MoveNext () (at ./Library/PackageCache/com.unity.test-framework@1.3.9/UnityEngine.TestRunner/NUnitExtensions/Runner/CompositeWorkItem.cs:197)
UnityEngine.TestRunner.NUnitExtensions.Runner.CompositeWorkItem/<PerformWork>d__12:MoveNext () (at ./Library/PackageCache/com.unity.test-framework@1.3.9/UnityEngine.TestRunner/NUnitExtensions/Runner/CompositeWorkItem.cs:76)
UnityEngine.TestRunner.NUnitExtensions.Runner.CompositeWorkItem/<RunChildren>d__16:MoveNext () (at ./Library/PackageCache/com.unity.test-framework@1.3.9/UnityEngine.TestRunner/NUnitExtensions/Runner/CompositeWorkItem.cs:197)
UnityEngine.TestRunner.NUnitExtensions.Runner.CompositeWorkItem/<PerformWork>d__12:MoveNext () (at ./Library/PackageCache/com.unity.test-framework@1.3.9/UnityEngine.TestRunner/NUnitExtensions/Runner/CompositeWorkItem.cs:76)
UnityEngine.TestRunner.NUnitExtensions.Runner.CompositeWorkItem/<RunChildren>d__16:MoveNext () (at ./Library/PackageCache/com.unity.test-framework@1.3.9/UnityEngine.TestRunner/NUnitExtensions/Runner/CompositeWorkItem.cs:197)
UnityEngine.TestRunner.NUnitExtensions.Runner.CompositeWorkItem/<PerformWork>d__12:MoveNext () (at ./Library/PackageCache/com.unity.test-framework@1.3.9/UnityEngine.TestRunner/NUnitExtensions/Runner/CompositeWorkItem.cs:76)
UnityEditor.TestTools.TestRunner.EditModeRunner:MoveNextAndUpdateYieldObject () (at ./Library/PackageCache/com.unity.test-framework@1.3.9/UnityEditor.TestRunner/TestRunner/EditModeRunner.cs:164)
UnityEditor.TestTools.TestRunner.EditModeRunner:TestConsumer (UnityEditor.TestTools.TestRunner.TestRunnerStateSerializer) (at ./Library/PackageCache/com.unity.test-framework@1.3.9/UnityEditor.TestRunner/TestRunner/EditModeRunner.cs:197)
UnityEditor.TestTools.TestRunner.TestRun.Tasks.EditModeRunTask/<Execute>d__1:MoveNext () (at ./Library/PackageCache/com.unity.test-framework@1.3.9/UnityEditor.TestRunner/TestRun/Tasks/EditModeRunTask.cs:47)
UnityEditor.TestTools.TestRunner.TestRun.TestJobRunner:ExecuteStep () (at ./Library/PackageCache/com.unity.test-framework@1.3.9/UnityEditor.TestRunner/TestRun/TestJobRunner.cs:172)
UnityEditor.TestTools.TestRunner.TestRun.TestJobRunner:ExecuteCallback () (at ./Library/PackageCache/com.unity.test-framework@1.3.9/UnityEditor.TestRunner/TestRun/TestJobRunner.cs:108)
UnityEditor.EditorApplication:Internal_CallUpdateFunctions ()

(Filename: Assets/_Project/Scripts/Core/SeedEngine/SeedEngine.cs Line: 88)

[SeedEngine] Initialised with seed 777 (AAAA2K).
UnityEngine.StackTraceUtility:ExtractStackTrace ()
UnityEngine.DebugLogHandler:LogFormat (UnityEngine.LogType,UnityEngine.Object,string,object[])
UnityEngine.Logger:Log (UnityEngine.LogType,object)
UnityEngine.Debug:Log (object)
Desk42.Core.SeedEngine:Init (int) (at Assets/_Project/Scripts/Core/SeedEngine/SeedEngine.cs:88)
Desk42.Tests.EditMode.SeedEngineTests:Shuffle_ProducesFullPermutation () (at Assets/_Project/Tests/EditMode/SeedEngineTests.cs:141)
System.Reflection.RuntimeMethodInfo:Invoke (object,System.Reflection.BindingFlags,System.Reflection.Binder,object[],System.Globalization.CultureInfo)
System.Reflection.MethodBase:Invoke (object,object[])
NUnit.Framework.Internal.Reflect:InvokeMethod (System.Reflection.MethodInfo,object,object[])
NUnit.Framework.Internal.MethodWrapper:Invoke (object,object[])
NUnit.Framework.Internal.Commands.TestMethodCommand:RunNonAsyncTestMethod (NUnit.Framework.Internal.ITestExecutionContext)
NUnit.Framework.Internal.Commands.TestMethodCommand:RunTestMethod (NUnit.Framework.Internal.ITestExecutionContext)
NUnit.Framework.Internal.Commands.TestMethodCommand:Execute (NUnit.Framework.Internal.ITestExecutionContext)
UnityEngine.TestTools.UnityTestMethodCommand:Execute (NUnit.Framework.Internal.ITestExecutionContext) (at ./Library/PackageCache/com.unity.test-framework@1.3.9/UnityEngine.TestRunner/NUnitExtensions/Commands/UnityTestMethodCommand.cs:16)
UnityEngine.TestRunner.NUnitExtensions.Runner.UnityLogCheckDelegatingCommand/<>c__DisplayClass2_0:<Execute>b__0 () (at ./Library/PackageCache/com.unity.test-framework@1.3.9/UnityEngine.TestRunner/NUnitExtensions/Runner/UnityLogCheckDelegatingCommand.cs:24)
UnityEngine.TestRunner.NUnitExtensions.Runner.UnityLogCheckDelegatingCommand:CaptureException (NUnit.Framework.Internal.TestResult,System.Action) (at ./Library/PackageCache/com.unity.test-framework@1.3.9/UnityEngine.TestRunner/NUnitExtensions/Runner/UnityLogCheckDelegatingCommand.cs:68)
UnityEngine.TestRunner.NUnitExtensions.Runner.UnityLogCheckDelegatingCommand:ExecuteAndCheckLog (UnityEngine.TestTools.Logging.LogScope,NUnit.Framework.Internal.TestResult,System.Action) (at ./Library/PackageCache/com.unity.test-framework@1.3.9/UnityEngine.TestRunner/NUnitExtensions/Runner/UnityLogCheckDelegatingCommand.cs:79)
UnityEngine.TestRunner.NUnitExtensions.Runner.UnityLogCheckDelegatingCommand:Execute (NUnit.Framework.Internal.ITestExecutionContext) (at ./Library/PackageCache/com.unity.test-framework@1.3.9/UnityEngine.TestRunner/NUnitExtensions/Runner/UnityLogCheckDelegatingCommand.cs:24)
UnityEngine.TestRunner.NUnitExtensions.Runner.UnityLogCheckDelegatingCommand/<ExecuteEnumerable>d__3:MoveNext () (at ./Library/PackageCache/com.unity.test-framework@1.3.9/UnityEngine.TestRunner/NUnitExtensions/Runner/UnityLogCheckDelegatingCommand.cs:35)
UnityEngine.TestTools.BeforeAfterTestCommandBase`1/<ExecuteEnumerable>d__14<NUnit.Framework.ITestAction>:MoveNext () (at ./Library/PackageCache/com.unity.test-framework@1.3.9/UnityEngine.TestRunner/NUnitExtensions/Commands/BeforeAfterTestCommandBase.cs:173)
UnityEngine.TestTools.ImmediateEnumerableCommand:Execute (NUnit.Framework.Internal.ITestExecutionContext) (at ./Library/PackageCache/com.unity.test-framework@1.3.9/UnityEngine.TestRunner/NUnitExtensions/Commands/ImmediateEnumerableCommand.cs:18)
UnityEngine.TestTools.BeforeAfterTestCommandBase`1/<ExecuteEnumerable>d__14<System.Reflection.MethodInfo>:MoveNext () (at ./Library/PackageCache/com.unity.test-framework@1.3.9/UnityEngine.TestRunner/NUnitExtensions/Commands/BeforeAfterTestCommandBase.cs:181)
UnityEngine.TestTools.BeforeAfterTestCommandBase`1/<ExecuteEnumerable>d__14<System.Reflection.MethodInfo>:MoveNext () (at ./Library/PackageCache/com.unity.test-framework@1.3.9/UnityEngine.TestRunner/NUnitExtensions/Commands/BeforeAfterTestCommandBase.cs:173)
UnityEngine.TestTools.BeforeAfterTestCommandBase`1/<ExecuteEnumerable>d__14<UnityEngine.TestTools.IOuterUnityTestAction>:MoveNext () (at ./Library/PackageCache/com.unity.test-framework@1.3.9/UnityEngine.TestRunner/NUnitExtensions/Commands/BeforeAfterTestCommandBase.cs:173)
UnityEngine.TestTools.RetryCommand/<ExecuteEnumerable>d__2:MoveNext () (at ./Library/PackageCache/com.unity.test-framework@1.3.9/UnityEngine.TestRunner/NUnitExtensions/Commands/RetryCommand.cs:37)
UnityEngine.TestTools.RepeatCommand/<ExecuteEnumerable>d__2:MoveNext () (at ./Library/PackageCache/com.unity.test-framework@1.3.9/UnityEngine.TestRunner/NUnitExtensions/Commands/RepeatCommand.cs:36)
UnityEngine.TestTools.TimeoutCommand/<ExecuteEnumerable>d__3:MoveNext () (at ./Library/PackageCache/com.unity.test-framework@1.3.9/UnityEngine.TestRunner/NUnitExtensions/Commands/TimeoutCommand.cs:33)
UnityEngine.TestTools.IgnoreTestCommand/<ExecuteEnumerable>d__3:MoveNext () (at ./Library/PackageCache/com.unity.test-framework@1.3.9/UnityEngine.TestRunner/NUnitExtensions/Commands/IgnoreTestCommand.cs:42)
UnityEngine.TestTools.StrictCheckCommand/<ExecuteEnumerable>d__2:MoveNext () (at ./Library/PackageCache/com.unity.test-framework@1.3.9/UnityEngine.TestRunner/NUnitExtensions/Commands/StrictCheckCommand.cs:29)
UnityEngine.TestRunner.NUnitExtensions.Runner.DefaultTestWorkItem/<PerformWork>d__2:MoveNext () (at ./Library/PackageCache/com.unity.test-framework@1.3.9/UnityEngine.TestRunner/NUnitExtensions/Runner/DefaultTestWorkItem.cs:50)
UnityEngine.TestRunner.NUnitExtensions.Runner.CompositeWorkItem/<RunChildren>d__16:MoveNext () (at ./Library/PackageCache/com.unity.test-framework@1.3.9/UnityEngine.TestRunner/NUnitExtensions/Runner/CompositeWorkItem.cs:197)
UnityEngine.TestRunner.NUnitExtensions.Runner.CompositeWorkItem/<PerformWork>d__12:MoveNext () (at ./Library/PackageCache/com.unity.test-framework@1.3.9/UnityEngine.TestRunner/NUnitExtensions/Runner/CompositeWorkItem.cs:76)
UnityEngine.TestRunner.NUnitExtensions.Runner.CompositeWorkItem/<RunChildren>d__16:MoveNext () (at ./Library/PackageCache/com.unity.test-framework@1.3.9/UnityEngine.TestRunner/NUnitExtensions/Runner/CompositeWorkItem.cs:197)
UnityEngine.TestRunner.NUnitExtensions.Runner.CompositeWorkItem/<PerformWork>d__12:MoveNext () (at ./Library/PackageCache/com.unity.test-framework@1.3.9/UnityEngine.TestRunner/NUnitExtensions/Runner/CompositeWorkItem.cs:76)
UnityEngine.TestRunner.NUnitExtensions.Runner.CompositeWorkItem/<RunChildren>d__16:MoveNext () (at ./Library/PackageCache/com.unity.test-framework@1.3.9/UnityEngine.TestRunner/NUnitExtensions/Runner/CompositeWorkItem.cs:197)
UnityEngine.TestRunner.NUnitExtensions.Runner.CompositeWorkItem/<PerformWork>d__12:MoveNext () (at ./Library/PackageCache/com.unity.test-framework@1.3.9/UnityEngine.TestRunner/NUnitExtensions/Runner/CompositeWorkItem.cs:76)
UnityEngine.TestRunner.NUnitExtensions.Runner.CompositeWorkItem/<RunChildren>d__16:MoveNext () (at ./Library/PackageCache/com.unity.test-framework@1.3.9/UnityEngine.TestRunner/NUnitExtensions/Runner/CompositeWorkItem.cs:197)
UnityEngine.TestRunner.NUnitExtensions.Runner.CompositeWorkItem/<PerformWork>d__12:MoveNext () (at ./Library/PackageCache/com.unity.test-framework@1.3.9/UnityEngine.TestRunner/NUnitExtensions/Runner/CompositeWorkItem.cs:76)
UnityEngine.TestRunner.NUnitExtensions.Runner.CompositeWorkItem/<RunChildren>d__16:MoveNext () (at ./Library/PackageCache/com.unity.test-framework@1.3.9/UnityEngine.TestRunner/NUnitExtensions/Runner/CompositeWorkItem.cs:197)
UnityEngine.TestRunner.NUnitExtensions.Runner.CompositeWorkItem/<PerformWork>d__12:MoveNext () (at ./Library/PackageCache/com.unity.test-framework@1.3.9/UnityEngine.TestRunner/NUnitExtensions/Runner/CompositeWorkItem.cs:76)
UnityEngine.TestRunner.NUnitExtensions.Runner.CompositeWorkItem/<RunChildren>d__16:MoveNext () (at ./Library/PackageCache/com.unity.test-framework@1.3.9/UnityEngine.TestRunner/NUnitExtensions/Runner/CompositeWorkItem.cs:197)
UnityEngine.TestRunner.NUnitExtensions.Runner.CompositeWorkItem/<PerformWork>d__12:MoveNext () (at ./Library/PackageCache/com.unity.test-framework@1.3.9/UnityEngine.TestRunner/NUnitExtensions/Runner/CompositeWorkItem.cs:76)
UnityEditor.TestTools.TestRunner.EditModeRunner:MoveNextAndUpdateYieldObject () (at ./Library/PackageCache/com.unity.test-framework@1.3.9/UnityEditor.TestRunner/TestRunner/EditModeRunner.cs:164)
UnityEditor.TestTools.TestRunner.EditModeRunner:TestConsumer (UnityEditor.TestTools.TestRunner.TestRunnerStateSerializer) (at ./Library/PackageCache/com.unity.test-framework@1.3.9/UnityEditor.TestRunner/TestRunner/EditModeRunner.cs:197)
UnityEditor.TestTools.TestRunner.TestRun.Tasks.EditModeRunTask/<Execute>d__1:MoveNext () (at ./Library/PackageCache/com.unity.test-framework@1.3.9/UnityEditor.TestRunner/TestRun/Tasks/EditModeRunTask.cs:47)
UnityEditor.TestTools.TestRunner.TestRun.TestJobRunner:ExecuteStep () (at ./Library/PackageCache/com.unity.test-framework@1.3.9/UnityEditor.TestRunner/TestRun/TestJobRunner.cs:172)
UnityEditor.TestTools.TestRunner.TestRun.TestJobRunner:ExecuteCallback () (at ./Library/PackageCache/com.unity.test-framework@1.3.9/UnityEditor.TestRunner/TestRun/TestJobRunner.cs:108)
UnityEditor.EditorApplication:Internal_CallUpdateFunctions ()

(Filename: Assets/_Project/Scripts/Core/SeedEngine/SeedEngine.cs Line: 88)

[SeedEngine] Initialised with seed 12345 (AAANB3).
UnityEngine.StackTraceUtility:ExtractStackTrace ()
UnityEngine.DebugLogHandler:LogFormat (UnityEngine.LogType,UnityEngine.Object,string,object[])
UnityEngine.Logger:Log (UnityEngine.LogType,object)
UnityEngine.Debug:Log (object)
Desk42.Core.SeedEngine:Init (int) (at Assets/_Project/Scripts/Core/SeedEngine/SeedEngine.cs:88)
Desk42.Tests.EditMode.SeedEngineTests:SetUp () (at Assets/_Project/Tests/EditMode/SeedEngineTests.cs:14)
System.Reflection.RuntimeMethodInfo:Invoke (object,System.Reflection.BindingFlags,System.Reflection.Binder,object[],System.Globalization.CultureInfo)
System.Reflection.MethodBase:Invoke (object,object[])
NUnit.Framework.Internal.Reflect:InvokeMethod (System.Reflection.MethodInfo,object,object[])
NUnit.Framework.Internal.Reflect:InvokeMethod (System.Reflection.MethodInfo,object)
UnityEngine.TestTools.SetUpTearDownCommand/<InvokeBefore>d__4:MoveNext () (at ./Library/PackageCache/com.unity.test-framework@1.3.9/UnityEngine.TestRunner/NUnitExtensions/Commands/SetUpTearDownCommand.cs:59)
UnityEngine.TestTools.BeforeAfterTestCommandBase`1/<ExecuteEnumerable>d__14<System.Reflection.MethodInfo>:MoveNext () (at ./Library/PackageCache/com.unity.test-framework@1.3.9/UnityEngine.TestRunner/NUnitExtensions/Commands/BeforeAfterTestCommandBase.cs:130)
UnityEngine.TestTools.BeforeAfterTestCommandBase`1/<ExecuteEnumerable>d__14<System.Reflection.MethodInfo>:MoveNext () (at ./Library/PackageCache/com.unity.test-framework@1.3.9/UnityEngine.TestRunner/NUnitExtensions/Commands/BeforeAfterTestCommandBase.cs:173)
UnityEngine.TestTools.BeforeAfterTestCommandBase`1/<ExecuteEnumerable>d__14<UnityEngine.TestTools.IOuterUnityTestAction>:MoveNext () (at ./Library/PackageCache/com.unity.test-framework@1.3.9/UnityEngine.TestRunner/NUnitExtensions/Commands/BeforeAfterTestCommandBase.cs:173)
UnityEngine.TestTools.RetryCommand/<ExecuteEnumerable>d__2:MoveNext () (at ./Library/PackageCache/com.unity.test-framework@1.3.9/UnityEngine.TestRunner/NUnitExtensions/Commands/RetryCommand.cs:37)
UnityEngine.TestTools.RepeatCommand/<ExecuteEnumerable>d__2:MoveNext () (at ./Library/PackageCache/com.unity.test-framework@1.3.9/UnityEngine.TestRunner/NUnitExtensions/Commands/RepeatCommand.cs:36)
UnityEngine.TestTools.TimeoutCommand/<ExecuteEnumerable>d__3:MoveNext () (at ./Library/PackageCache/com.unity.test-framework@1.3.9/UnityEngine.TestRunner/NUnitExtensions/Commands/TimeoutCommand.cs:33)
UnityEngine.TestTools.IgnoreTestCommand/<ExecuteEnumerable>d__3:MoveNext () (at ./Library/PackageCache/com.unity.test-framework@1.3.9/UnityEngine.TestRunner/NUnitExtensions/Commands/IgnoreTestCommand.cs:42)
UnityEngine.TestTools.StrictCheckCommand/<ExecuteEnumerable>d__2:MoveNext () (at ./Library/PackageCache/com.unity.test-framework@1.3.9/UnityEngine.TestRunner/NUnitExtensions/Commands/StrictCheckCommand.cs:29)
UnityEngine.TestRunner.NUnitExtensions.Runner.DefaultTestWorkItem/<PerformWork>d__2:MoveNext () (at ./Library/PackageCache/com.unity.test-framework@1.3.9/UnityEngine.TestRunner/NUnitExtensions/Runner/DefaultTestWorkItem.cs:50)
UnityEngine.TestRunner.NUnitExtensions.Runner.CompositeWorkItem/<RunChildren>d__16:MoveNext () (at ./Library/PackageCache/com.unity.test-framework@1.3.9/UnityEngine.TestRunner/NUnitExtensions/Runner/CompositeWorkItem.cs:197)
UnityEngine.TestRunner.NUnitExtensions.Runner.CompositeWorkItem/<PerformWork>d__12:MoveNext () (at ./Library/PackageCache/com.unity.test-framework@1.3.9/UnityEngine.TestRunner/NUnitExtensions/Runner/CompositeWorkItem.cs:76)
UnityEngine.TestRunner.NUnitExtensions.Runner.CompositeWorkItem/<RunChildren>d__16:MoveNext () (at ./Library/PackageCache/com.unity.test-framework@1.3.9/UnityEngine.TestRunner/NUnitExtensions/Runner/CompositeWorkItem.cs:197)
UnityEngine.TestRunner.NUnitExtensions.Runner.CompositeWorkItem/<PerformWork>d__12:MoveNext () (at ./Library/PackageCache/com.unity.test-framework@1.3.9/UnityEngine.TestRunner/NUnitExtensions/Runner/CompositeWorkItem.cs:76)
UnityEngine.TestRunner.NUnitExtensions.Runner.CompositeWorkItem/<RunChildren>d__16:MoveNext () (at ./Library/PackageCache/com.unity.test-framework@1.3.9/UnityEngine.TestRunner/NUnitExtensions/Runner/CompositeWorkItem.cs:197)
UnityEngine.TestRunner.NUnitExtensions.Runner.CompositeWorkItem/<PerformWork>d__12:MoveNext () (at ./Library/PackageCache/com.unity.test-framework@1.3.9/UnityEngine.TestRunner/NUnitExtensions/Runner/CompositeWorkItem.cs:76)
UnityEngine.TestRunner.NUnitExtensions.Runner.CompositeWorkItem/<RunChildren>d__16:MoveNext () (at ./Library/PackageCache/com.unity.test-framework@1.3.9/UnityEngine.TestRunner/NUnitExtensions/Runner/CompositeWorkItem.cs:197)
UnityEngine.TestRunner.NUnitExtensions.Runner.CompositeWorkItem/<PerformWork>d__12:MoveNext () (at ./Library/PackageCache/com.unity.test-framework@1.3.9/UnityEngine.TestRunner/NUnitExtensions/Runner/CompositeWorkItem.cs:76)
UnityEngine.TestRunner.NUnitExtensions.Runner.CompositeWorkItem/<RunChildren>d__16:MoveNext () (at ./Library/PackageCache/com.unity.test-framework@1.3.9/UnityEngine.TestRunner/NUnitExtensions/Runner/CompositeWorkItem.cs:197)
UnityEngine.TestRunner.NUnitExtensions.Runner.CompositeWorkItem/<PerformWork>d__12:MoveNext () (at ./Library/PackageCache/com.unity.test-framework@1.3.9/UnityEngine.TestRunner/NUnitExtensions/Runner/CompositeWorkItem.cs:76)
UnityEngine.TestRunner.NUnitExtensions.Runner.CompositeWorkItem/<RunChildren>d__16:MoveNext () (at ./Library/PackageCache/com.unity.test-framework@1.3.9/UnityEngine.TestRunner/NUnitExtensions/Runner/CompositeWorkItem.cs:197)
UnityEngine.TestRunner.NUnitExtensions.Runner.CompositeWorkItem/<PerformWork>d__12:MoveNext () (at ./Library/PackageCache/com.unity.test-framework@1.3.9/UnityEngine.TestRunner/NUnitExtensions/Runner/CompositeWorkItem.cs:76)
UnityEditor.TestTools.TestRunner.EditModeRunner:MoveNextAndUpdateYieldObject () (at ./Library/PackageCache/com.unity.test-framework@1.3.9/UnityEditor.TestRunner/TestRunner/EditModeRunner.cs:164)
UnityEditor.TestTools.TestRunner.EditModeRunner:TestConsumer (UnityEditor.TestTools.TestRunner.TestRunnerStateSerializer) (at ./Library/PackageCache/com.unity.test-framework@1.3.9/UnityEditor.TestRunner/TestRunner/EditModeRunner.cs:197)
UnityEditor.TestTools.TestRunner.TestRun.Tasks.EditModeRunTask/<Execute>d__1:MoveNext () (at ./Library/PackageCache/com.unity.test-framework@1.3.9/UnityEditor.TestRunner/TestRun/Tasks/EditModeRunTask.cs:47)
UnityEditor.TestTools.TestRunner.TestRun.TestJobRunner:ExecuteStep () (at ./Library/PackageCache/com.unity.test-framework@1.3.9/UnityEditor.TestRunner/TestRun/TestJobRunner.cs:172)
UnityEditor.TestTools.TestRunner.TestRun.TestJobRunner:ExecuteCallback () (at ./Library/PackageCache/com.unity.test-framework@1.3.9/UnityEditor.TestRunner/TestRun/TestJobRunner.cs:108)
UnityEditor.EditorApplication:Internal_CallUpdateFunctions ()

(Filename: Assets/_Project/Scripts/Core/SeedEngine/SeedEngine.cs Line: 88)

[SeedEngine] Initialised with seed 42 (AAAABL).
UnityEngine.StackTraceUtility:ExtractStackTrace ()
UnityEngine.DebugLogHandler:LogFormat (UnityEngine.LogType,UnityEngine.Object,string,object[])
UnityEngine.Logger:Log (UnityEngine.LogType,object)
UnityEngine.Debug:Log (object)
Desk42.Core.SeedEngine:Init (int) (at Assets/_Project/Scripts/Core/SeedEngine/SeedEngine.cs:88)
Desk42.Tests.EditMode.SeedEngineTests:Shuffle_SameSeed_ProducesSameOrder () (at Assets/_Project/Tests/EditMode/SeedEngineTests.cs:156)
System.Reflection.RuntimeMethodInfo:Invoke (object,System.Reflection.BindingFlags,System.Reflection.Binder,object[],System.Globalization.CultureInfo)
System.Reflection.MethodBase:Invoke (object,object[])
NUnit.Framework.Internal.Reflect:InvokeMethod (System.Reflection.MethodInfo,object,object[])
NUnit.Framework.Internal.MethodWrapper:Invoke (object,object[])
NUnit.Framework.Internal.Commands.TestMethodCommand:RunNonAsyncTestMethod (NUnit.Framework.Internal.ITestExecutionContext)
NUnit.Framework.Internal.Commands.TestMethodCommand:RunTestMethod (NUnit.Framework.Internal.ITestExecutionContext)
NUnit.Framework.Internal.Commands.TestMethodCommand:Execute (NUnit.Framework.Internal.ITestExecutionContext)
UnityEngine.TestTools.UnityTestMethodCommand:Execute (NUnit.Framework.Internal.ITestExecutionContext) (at ./Library/PackageCache/com.unity.test-framework@1.3.9/UnityEngine.TestRunner/NUnitExtensions/Commands/UnityTestMethodCommand.cs:16)
UnityEngine.TestRunner.NUnitExtensions.Runner.UnityLogCheckDelegatingCommand/<>c__DisplayClass2_0:<Execute>b__0 () (at ./Library/PackageCache/com.unity.test-framework@1.3.9/UnityEngine.TestRunner/NUnitExtensions/Runner/UnityLogCheckDelegatingCommand.cs:24)
UnityEngine.TestRunner.NUnitExtensions.Runner.UnityLogCheckDelegatingCommand:CaptureException (NUnit.Framework.Internal.TestResult,System.Action) (at ./Library/PackageCache/com.unity.test-framework@1.3.9/UnityEngine.TestRunner/NUnitExtensions/Runner/UnityLogCheckDelegatingCommand.cs:68)
UnityEngine.TestRunner.NUnitExtensions.Runner.UnityLogCheckDelegatingCommand:ExecuteAndCheckLog (UnityEngine.TestTools.Logging.LogScope,NUnit.Framework.Internal.TestResult,System.Action) (at ./Library/PackageCache/com.unity.test-framework@1.3.9/UnityEngine.TestRunner/NUnitExtensions/Runner/UnityLogCheckDelegatingCommand.cs:79)
UnityEngine.TestRunner.NUnitExtensions.Runner.UnityLogCheckDelegatingCommand:Execute (NUnit.Framework.Internal.ITestExecutionContext) (at ./Library/PackageCache/com.unity.test-framework@1.3.9/UnityEngine.TestRunner/NUnitExtensions/Runner/UnityLogCheckDelegatingCommand.cs:24)
UnityEngine.TestRunner.NUnitExtensions.Runner.UnityLogCheckDelegatingCommand/<ExecuteEnumerable>d__3:MoveNext () (at ./Library/PackageCache/com.unity.test-framework@1.3.9/UnityEngine.TestRunner/NUnitExtensions/Runner/UnityLogCheckDelegatingCommand.cs:35)
UnityEngine.TestTools.BeforeAfterTestCommandBase`1/<ExecuteEnumerable>d__14<NUnit.Framework.ITestAction>:MoveNext () (at ./Library/PackageCache/com.unity.test-framework@1.3.9/UnityEngine.TestRunner/NUnitExtensions/Commands/BeforeAfterTestCommandBase.cs:173)
UnityEngine.TestTools.ImmediateEnumerableCommand:Execute (NUnit.Framework.Internal.ITestExecutionContext) (at ./Library/PackageCache/com.unity.test-framework@1.3.9/UnityEngine.TestRunner/NUnitExtensions/Commands/ImmediateEnumerableCommand.cs:18)
UnityEngine.TestTools.BeforeAfterTestCommandBase`1/<ExecuteEnumerable>d__14<System.Reflection.MethodInfo>:MoveNext () (at ./Library/PackageCache/com.unity.test-framework@1.3.9/UnityEngine.TestRunner/NUnitExtensions/Commands/BeforeAfterTestCommandBase.cs:181)
UnityEngine.TestTools.BeforeAfterTestCommandBase`1/<ExecuteEnumerable>d__14<System.Reflection.MethodInfo>:MoveNext () (at ./Library/PackageCache/com.unity.test-framework@1.3.9/UnityEngine.TestRunner/NUnitExtensions/Commands/BeforeAfterTestCommandBase.cs:173)
UnityEngine.TestTools.BeforeAfterTestCommandBase`1/<ExecuteEnumerable>d__14<UnityEngine.TestTools.IOuterUnityTestAction>:MoveNext () (at ./Library/PackageCache/com.unity.test-framework@1.3.9/UnityEngine.TestRunner/NUnitExtensions/Commands/BeforeAfterTestCommandBase.cs:173)
UnityEngine.TestTools.RetryCommand/<ExecuteEnumerable>d__2:MoveNext () (at ./Library/PackageCache/com.unity.test-framework@1.3.9/UnityEngine.TestRunner/NUnitExtensions/Commands/RetryCommand.cs:37)
UnityEngine.TestTools.RepeatCommand/<ExecuteEnumerable>d__2:MoveNext () (at ./Library/PackageCache/com.unity.test-framework@1.3.9/UnityEngine.TestRunner/NUnitExtensions/Commands/RepeatCommand.cs:36)
UnityEngine.TestTools.TimeoutCommand/<ExecuteEnumerable>d__3:MoveNext () (at ./Library/PackageCache/com.unity.test-framework@1.3.9/UnityEngine.TestRunner/NUnitExtensions/Commands/TimeoutCommand.cs:33)
UnityEngine.TestTools.IgnoreTestCommand/<ExecuteEnumerable>d__3:MoveNext () (at ./Library/PackageCache/com.unity.test-framework@1.3.9/UnityEngine.TestRunner/NUnitExtensions/Commands/IgnoreTestCommand.cs:42)
UnityEngine.TestTools.StrictCheckCommand/<ExecuteEnumerable>d__2:MoveNext () (at ./Library/PackageCache/com.unity.test-framework@1.3.9/UnityEngine.TestRunner/NUnitExtensions/Commands/StrictCheckCommand.cs:29)
UnityEngine.TestRunner.NUnitExtensions.Runner.DefaultTestWorkItem/<PerformWork>d__2:MoveNext () (at ./Library/PackageCache/com.unity.test-framework@1.3.9/UnityEngine.TestRunner/NUnitExtensions/Runner/DefaultTestWorkItem.cs:50)
UnityEngine.TestRunner.NUnitExtensions.Runner.CompositeWorkItem/<RunChildren>d__16:MoveNext () (at ./Library/PackageCache/com.unity.test-framework@1.3.9/UnityEngine.TestRunner/NUnitExtensions/Runner/CompositeWorkItem.cs:197)
UnityEngine.TestRunner.NUnitExtensions.Runner.CompositeWorkItem/<PerformWork>d__12:MoveNext () (at ./Library/PackageCache/com.unity.test-framework@1.3.9/UnityEngine.TestRunner/NUnitExtensions/Runner/CompositeWorkItem.cs:76)
UnityEngine.TestRunner.NUnitExtensions.Runner.CompositeWorkItem/<RunChildren>d__16:MoveNext () (at ./Library/PackageCache/com.unity.test-framework@1.3.9/UnityEngine.TestRunner/NUnitExtensions/Runner/CompositeWorkItem.cs:197)
UnityEngine.TestRunner.NUnitExtensions.Runner.CompositeWorkItem/<PerformWork>d__12:MoveNext () (at ./Library/PackageCache/com.unity.test-framework@1.3.9/UnityEngine.TestRunner/NUnitExtensions/Runner/CompositeWorkItem.cs:76)
UnityEngine.TestRunner.NUnitExtensions.Runner.CompositeWorkItem/<RunChildren>d__16:MoveNext () (at ./Library/PackageCache/com.unity.test-framework@1.3.9/UnityEngine.TestRunner/NUnitExtensions/Runner/CompositeWorkItem.cs:197)
UnityEngine.TestRunner.NUnitExtensions.Runner.CompositeWorkItem/<PerformWork>d__12:MoveNext () (at ./Library/PackageCache/com.unity.test-framework@1.3.9/UnityEngine.TestRunner/NUnitExtensions/Runner/CompositeWorkItem.cs:76)
UnityEngine.TestRunner.NUnitExtensions.Runner.CompositeWorkItem/<RunChildren>d__16:MoveNext () (at ./Library/PackageCache/com.unity.test-framework@1.3.9/UnityEngine.TestRunner/NUnitExtensions/Runner/CompositeWorkItem.cs:197)
UnityEngine.TestRunner.NUnitExtensions.Runner.CompositeWorkItem/<PerformWork>d__12:MoveNext () (at ./Library/PackageCache/com.unity.test-framework@1.3.9/UnityEngine.TestRunner/NUnitExtensions/Runner/CompositeWorkItem.cs:76)
UnityEngine.TestRunner.NUnitExtensions.Runner.CompositeWorkItem/<RunChildren>d__16:MoveNext () (at ./Library/PackageCache/com.unity.test-framework@1.3.9/UnityEngine.TestRunner/NUnitExtensions/Runner/CompositeWorkItem.cs:197)
UnityEngine.TestRunner.NUnitExtensions.Runner.CompositeWorkItem/<PerformWork>d__12:MoveNext () (at ./Library/PackageCache/com.unity.test-framework@1.3.9/UnityEngine.TestRunner/NUnitExtensions/Runner/CompositeWorkItem.cs:76)
UnityEngine.TestRunner.NUnitExtensions.Runner.CompositeWorkItem/<RunChildren>d__16:MoveNext () (at ./Library/PackageCache/com.unity.test-framework@1.3.9/UnityEngine.TestRunner/NUnitExtensions/Runner/CompositeWorkItem.cs:197)
UnityEngine.TestRunner.NUnitExtensions.Runner.CompositeWorkItem/<PerformWork>d__12:MoveNext () (at ./Library/PackageCache/com.unity.test-framework@1.3.9/UnityEngine.TestRunner/NUnitExtensions/Runner/CompositeWorkItem.cs:76)
UnityEditor.TestTools.TestRunner.EditModeRunner:MoveNextAndUpdateYieldObject () (at ./Library/PackageCache/com.unity.test-framework@1.3.9/UnityEditor.TestRunner/TestRunner/EditModeRunner.cs:164)
UnityEditor.TestTools.TestRunner.EditModeRunner:TestConsumer (UnityEditor.TestTools.TestRunner.TestRunnerStateSerializer) (at ./Library/PackageCache/com.unity.test-framework@1.3.9/UnityEditor.TestRunner/TestRunner/EditModeRunner.cs:197)
UnityEditor.TestTools.TestRunner.TestRun.Tasks.EditModeRunTask/<Execute>d__1:MoveNext () (at ./Library/PackageCache/com.unity.test-framework@1.3.9/UnityEditor.TestRunner/TestRun/Tasks/EditModeRunTask.cs:47)
UnityEditor.TestTools.TestRunner.TestRun.TestJobRunner:ExecuteStep () (at ./Library/PackageCache/com.unity.test-framework@1.3.9/UnityEditor.TestRunner/TestRun/TestJobRunner.cs:172)
UnityEditor.TestTools.TestRunner.TestRun.TestJobRunner:ExecuteCallback () (at ./Library/PackageCache/com.unity.test-framework@1.3.9/UnityEditor.TestRunner/TestRun/TestJobRunner.cs:108)
UnityEditor.EditorApplication:Internal_CallUpdateFunctions ()

(Filename: Assets/_Project/Scripts/Core/SeedEngine/SeedEngine.cs Line: 88)

[SeedEngine] Initialised with seed 42 (AAAABL).
UnityEngine.StackTraceUtility:ExtractStackTrace ()
UnityEngine.DebugLogHandler:LogFormat (UnityEngine.LogType,UnityEngine.Object,string,object[])
UnityEngine.Logger:Log (UnityEngine.LogType,object)
UnityEngine.Debug:Log (object)
Desk42.Core.SeedEngine:Init (int) (at Assets/_Project/Scripts/Core/SeedEngine/SeedEngine.cs:88)
Desk42.Tests.EditMode.SeedEngineTests:Shuffle_SameSeed_ProducesSameOrder () (at Assets/_Project/Tests/EditMode/SeedEngineTests.cs:159)
System.Reflection.RuntimeMethodInfo:Invoke (object,System.Reflection.BindingFlags,System.Reflection.Binder,object[],System.Globalization.CultureInfo)
System.Reflection.MethodBase:Invoke (object,object[])
NUnit.Framework.Internal.Reflect:InvokeMethod (System.Reflection.MethodInfo,object,object[])
NUnit.Framework.Internal.MethodWrapper:Invoke (object,object[])
NUnit.Framework.Internal.Commands.TestMethodCommand:RunNonAsyncTestMethod (NUnit.Framework.Internal.ITestExecutionContext)
NUnit.Framework.Internal.Commands.TestMethodCommand:RunTestMethod (NUnit.Framework.Internal.ITestExecutionContext)
NUnit.Framework.Internal.Commands.TestMethodCommand:Execute (NUnit.Framework.Internal.ITestExecutionContext)
UnityEngine.TestTools.UnityTestMethodCommand:Execute (NUnit.Framework.Internal.ITestExecutionContext) (at ./Library/PackageCache/com.unity.test-framework@1.3.9/UnityEngine.TestRunner/NUnitExtensions/Commands/UnityTestMethodCommand.cs:16)
UnityEngine.TestRunner.NUnitExtensions.Runner.UnityLogCheckDelegatingCommand/<>c__DisplayClass2_0:<Execute>b__0 () (at ./Library/PackageCache/com.unity.test-framework@1.3.9/UnityEngine.TestRunner/NUnitExtensions/Runner/UnityLogCheckDelegatingCommand.cs:24)
UnityEngine.TestRunner.NUnitExtensions.Runner.UnityLogCheckDelegatingCommand:CaptureException (NUnit.Framework.Internal.TestResult,System.Action) (at ./Library/PackageCache/com.unity.test-framework@1.3.9/UnityEngine.TestRunner/NUnitExtensions/Runner/UnityLogCheckDelegatingCommand.cs:68)
UnityEngine.TestRunner.NUnitExtensions.Runner.UnityLogCheckDelegatingCommand:ExecuteAndCheckLog (UnityEngine.TestTools.Logging.LogScope,NUnit.Framework.Internal.TestResult,System.Action) (at ./Library/PackageCache/com.unity.test-framework@1.3.9/UnityEngine.TestRunner/NUnitExtensions/Runner/UnityLogCheckDelegatingCommand.cs:79)
UnityEngine.TestRunner.NUnitExtensions.Runner.UnityLogCheckDelegatingCommand:Execute (NUnit.Framework.Internal.ITestExecutionContext) (at ./Library/PackageCache/com.unity.test-framework@1.3.9/UnityEngine.TestRunner/NUnitExtensions/Runner/UnityLogCheckDelegatingCommand.cs:24)
UnityEngine.TestRunner.NUnitExtensions.Runner.UnityLogCheckDelegatingCommand/<ExecuteEnumerable>d__3:MoveNext () (at ./Library/PackageCache/com.unity.test-framework@1.3.9/UnityEngine.TestRunner/NUnitExtensions/Runner/UnityLogCheckDelegatingCommand.cs:35)
UnityEngine.TestTools.BeforeAfterTestCommandBase`1/<ExecuteEnumerable>d__14<NUnit.Framework.ITestAction>:MoveNext () (at ./Library/PackageCache/com.unity.test-framework@1.3.9/UnityEngine.TestRunner/NUnitExtensions/Commands/BeforeAfterTestCommandBase.cs:173)
UnityEngine.TestTools.ImmediateEnumerableCommand:Execute (NUnit.Framework.Internal.ITestExecutionContext) (at ./Library/PackageCache/com.unity.test-framework@1.3.9/UnityEngine.TestRunner/NUnitExtensions/Commands/ImmediateEnumerableCommand.cs:18)
UnityEngine.TestTools.BeforeAfterTestCommandBase`1/<ExecuteEnumerable>d__14<System.Reflection.MethodInfo>:MoveNext () (at ./Library/PackageCache/com.unity.test-framework@1.3.9/UnityEngine.TestRunner/NUnitExtensions/Commands/BeforeAfterTestCommandBase.cs:181)
UnityEngine.TestTools.BeforeAfterTestCommandBase`1/<ExecuteEnumerable>d__14<System.Reflection.MethodInfo>:MoveNext () (at ./Library/PackageCache/com.unity.test-framework@1.3.9/UnityEngine.TestRunner/NUnitExtensions/Commands/BeforeAfterTestCommandBase.cs:173)
UnityEngine.TestTools.BeforeAfterTestCommandBase`1/<ExecuteEnumerable>d__14<UnityEngine.TestTools.IOuterUnityTestAction>:MoveNext () (at ./Library/PackageCache/com.unity.test-framework@1.3.9/UnityEngine.TestRunner/NUnitExtensions/Commands/BeforeAfterTestCommandBase.cs:173)
UnityEngine.TestTools.RetryCommand/<ExecuteEnumerable>d__2:MoveNext () (at ./Library/PackageCache/com.unity.test-framework@1.3.9/UnityEngine.TestRunner/NUnitExtensions/Commands/RetryCommand.cs:37)
UnityEngine.TestTools.RepeatCommand/<ExecuteEnumerable>d__2:MoveNext () (at ./Library/PackageCache/com.unity.test-framework@1.3.9/UnityEngine.TestRunner/NUnitExtensions/Commands/RepeatCommand.cs:36)
UnityEngine.TestTools.TimeoutCommand/<ExecuteEnumerable>d__3:MoveNext () (at ./Library/PackageCache/com.unity.test-framework@1.3.9/UnityEngine.TestRunner/NUnitExtensions/Commands/TimeoutCommand.cs:33)
UnityEngine.TestTools.IgnoreTestCommand/<ExecuteEnumerable>d__3:MoveNext () (at ./Library/PackageCache/com.unity.test-framework@1.3.9/UnityEngine.TestRunner/NUnitExtensions/Commands/IgnoreTestCommand.cs:42)
UnityEngine.TestTools.StrictCheckCommand/<ExecuteEnumerable>d__2:MoveNext () (at ./Library/PackageCache/com.unity.test-framework@1.3.9/UnityEngine.TestRunner/NUnitExtensions/Commands/StrictCheckCommand.cs:29)
UnityEngine.TestRunner.NUnitExtensions.Runner.DefaultTestWorkItem/<PerformWork>d__2:MoveNext () (at ./Library/PackageCache/com.unity.test-framework@1.3.9/UnityEngine.TestRunner/NUnitExtensions/Runner/DefaultTestWorkItem.cs:50)
UnityEngine.TestRunner.NUnitExtensions.Runner.CompositeWorkItem/<RunChildren>d__16:MoveNext () (at ./Library/PackageCache/com.unity.test-framework@1.3.9/UnityEngine.TestRunner/NUnitExtensions/Runner/CompositeWorkItem.cs:197)
UnityEngine.TestRunner.NUnitExtensions.Runner.CompositeWorkItem/<PerformWork>d__12:MoveNext () (at ./Library/PackageCache/com.unity.test-framework@1.3.9/UnityEngine.TestRunner/NUnitExtensions/Runner/CompositeWorkItem.cs:76)
UnityEngine.TestRunner.NUnitExtensions.Runner.CompositeWorkItem/<RunChildren>d__16:MoveNext () (at ./Library/PackageCache/com.unity.test-framework@1.3.9/UnityEngine.TestRunner/NUnitExtensions/Runner/CompositeWorkItem.cs:197)
UnityEngine.TestRunner.NUnitExtensions.Runner.CompositeWorkItem/<PerformWork>d__12:MoveNext () (at ./Library/PackageCache/com.unity.test-framework@1.3.9/UnityEngine.TestRunner/NUnitExtensions/Runner/CompositeWorkItem.cs:76)
UnityEngine.TestRunner.NUnitExtensions.Runner.CompositeWorkItem/<RunChildren>d__16:MoveNext () (at ./Library/PackageCache/com.unity.test-framework@1.3.9/UnityEngine.TestRunner/NUnitExtensions/Runner/CompositeWorkItem.cs:197)
UnityEngine.TestRunner.NUnitExtensions.Runner.CompositeWorkItem/<PerformWork>d__12:MoveNext () (at ./Library/PackageCache/com.unity.test-framework@1.3.9/UnityEngine.TestRunner/NUnitExtensions/Runner/CompositeWorkItem.cs:76)
UnityEngine.TestRunner.NUnitExtensions.Runner.CompositeWorkItem/<RunChildren>d__16:MoveNext () (at ./Library/PackageCache/com.unity.test-framework@1.3.9/UnityEngine.TestRunner/NUnitExtensions/Runner/CompositeWorkItem.cs:197)
UnityEngine.TestRunner.NUnitExtensions.Runner.CompositeWorkItem/<PerformWork>d__12:MoveNext () (at ./Library/PackageCache/com.unity.test-framework@1.3.9/UnityEngine.TestRunner/NUnitExtensions/Runner/CompositeWorkItem.cs:76)
UnityEngine.TestRunner.NUnitExtensions.Runner.CompositeWorkItem/<RunChildren>d__16:MoveNext () (at ./Library/PackageCache/com.unity.test-framework@1.3.9/UnityEngine.TestRunner/NUnitExtensions/Runner/CompositeWorkItem.cs:197)
UnityEngine.TestRunner.NUnitExtensions.Runner.CompositeWorkItem/<PerformWork>d__12:MoveNext () (at ./Library/PackageCache/com.unity.test-framework@1.3.9/UnityEngine.TestRunner/NUnitExtensions/Runner/CompositeWorkItem.cs:76)
UnityEngine.TestRunner.NUnitExtensions.Runner.CompositeWorkItem/<RunChildren>d__16:MoveNext () (at ./Library/PackageCache/com.unity.test-framework@1.3.9/UnityEngine.TestRunner/NUnitExtensions/Runner/CompositeWorkItem.cs:197)
UnityEngine.TestRunner.NUnitExtensions.Runner.CompositeWorkItem/<PerformWork>d__12:MoveNext () (at ./Library/PackageCache/com.unity.test-framework@1.3.9/UnityEngine.TestRunner/NUnitExtensions/Runner/CompositeWorkItem.cs:76)
UnityEditor.TestTools.TestRunner.EditModeRunner:MoveNextAndUpdateYieldObject () (at ./Library/PackageCache/com.unity.test-framework@1.3.9/UnityEditor.TestRunner/TestRunner/EditModeRunner.cs:164)
UnityEditor.TestTools.TestRunner.EditModeRunner:TestConsumer (UnityEditor.TestTools.TestRunner.TestRunnerStateSerializer) (at ./Library/PackageCache/com.unity.test-framework@1.3.9/UnityEditor.TestRunner/TestRunner/EditModeRunner.cs:197)
UnityEditor.TestTools.TestRunner.TestRun.Tasks.EditModeRunTask/<Execute>d__1:MoveNext () (at ./Library/PackageCache/com.unity.test-framework@1.3.9/UnityEditor.TestRunner/TestRun/Tasks/EditModeRunTask.cs:47)
UnityEditor.TestTools.TestRunner.TestRun.TestJobRunner:ExecuteStep () (at ./Library/PackageCache/com.unity.test-framework@1.3.9/UnityEditor.TestRunner/TestRun/TestJobRunner.cs:172)
UnityEditor.TestTools.TestRunner.TestRun.TestJobRunner:ExecuteCallback () (at ./Library/PackageCache/com.unity.test-framework@1.3.9/UnityEditor.TestRunner/TestRun/TestJobRunner.cs:108)
UnityEditor.EditorApplication:Internal_CallUpdateFunctions ()

(Filename: Assets/_Project/Scripts/Core/SeedEngine/SeedEngine.cs Line: 88)

[SeedEngine] Initialised with seed 12345 (AAANB3).
UnityEngine.StackTraceUtility:ExtractStackTrace ()
UnityEngine.DebugLogHandler:LogFormat (UnityEngine.LogType,UnityEngine.Object,string,object[])
UnityEngine.Logger:Log (UnityEngine.LogType,object)
UnityEngine.Debug:Log (object)
Desk42.Core.SeedEngine:Init (int) (at Assets/_Project/Scripts/Core/SeedEngine/SeedEngine.cs:88)
Desk42.Tests.EditMode.SeedEngineTests:SetUp () (at Assets/_Project/Tests/EditMode/SeedEngineTests.cs:14)
System.Reflection.RuntimeMethodInfo:Invoke (object,System.Reflection.BindingFlags,System.Reflection.Binder,object[],System.Globalization.CultureInfo)
System.Reflection.MethodBase:Invoke (object,object[])
NUnit.Framework.Internal.Reflect:InvokeMethod (System.Reflection.MethodInfo,object,object[])
NUnit.Framework.Internal.Reflect:InvokeMethod (System.Reflection.MethodInfo,object)
UnityEngine.TestTools.SetUpTearDownCommand/<InvokeBefore>d__4:MoveNext () (at ./Library/PackageCache/com.unity.test-framework@1.3.9/UnityEngine.TestRunner/NUnitExtensions/Commands/SetUpTearDownCommand.cs:59)
UnityEngine.TestTools.BeforeAfterTestCommandBase`1/<ExecuteEnumerable>d__14<System.Reflection.MethodInfo>:MoveNext () (at ./Library/PackageCache/com.unity.test-framework@1.3.9/UnityEngine.TestRunner/NUnitExtensions/Commands/BeforeAfterTestCommandBase.cs:130)
UnityEngine.TestTools.BeforeAfterTestCommandBase`1/<ExecuteEnumerable>d__14<System.Reflection.MethodInfo>:MoveNext () (at ./Library/PackageCache/com.unity.test-framework@1.3.9/UnityEngine.TestRunner/NUnitExtensions/Commands/BeforeAfterTestCommandBase.cs:173)
UnityEngine.TestTools.BeforeAfterTestCommandBase`1/<ExecuteEnumerable>d__14<UnityEngine.TestTools.IOuterUnityTestAction>:MoveNext () (at ./Library/PackageCache/com.unity.test-framework@1.3.9/UnityEngine.TestRunner/NUnitExtensions/Commands/BeforeAfterTestCommandBase.cs:173)
UnityEngine.TestTools.RetryCommand/<ExecuteEnumerable>d__2:MoveNext () (at ./Library/PackageCache/com.unity.test-framework@1.3.9/UnityEngine.TestRunner/NUnitExtensions/Commands/RetryCommand.cs:37)
UnityEngine.TestTools.RepeatCommand/<ExecuteEnumerable>d__2:MoveNext () (at ./Library/PackageCache/com.unity.test-framework@1.3.9/UnityEngine.TestRunner/NUnitExtensions/Commands/RepeatCommand.cs:36)
UnityEngine.TestTools.TimeoutCommand/<ExecuteEnumerable>d__3:MoveNext () (at ./Library/PackageCache/com.unity.test-framework@1.3.9/UnityEngine.TestRunner/NUnitExtensions/Commands/TimeoutCommand.cs:33)
UnityEngine.TestTools.IgnoreTestCommand/<ExecuteEnumerable>d__3:MoveNext () (at ./Library/PackageCache/com.unity.test-framework@1.3.9/UnityEngine.TestRunner/NUnitExtensions/Commands/IgnoreTestCommand.cs:42)
UnityEngine.TestTools.StrictCheckCommand/<ExecuteEnumerable>d__2:MoveNext () (at ./Library/PackageCache/com.unity.test-framework@1.3.9/UnityEngine.TestRunner/NUnitExtensions/Commands/StrictCheckCommand.cs:29)
UnityEngine.TestRunner.NUnitExtensions.Runner.DefaultTestWorkItem/<PerformWork>d__2:MoveNext () (at ./Library/PackageCache/com.unity.test-framework@1.3.9/UnityEngine.TestRunner/NUnitExtensions/Runner/DefaultTestWorkItem.cs:50)
UnityEngine.TestRunner.NUnitExtensions.Runner.CompositeWorkItem/<RunChildren>d__16:MoveNext () (at ./Library/PackageCache/com.unity.test-framework@1.3.9/UnityEngine.TestRunner/NUnitExtensions/Runner/CompositeWorkItem.cs:197)
UnityEngine.TestRunner.NUnitExtensions.Runner.CompositeWorkItem/<PerformWork>d__12:MoveNext () (at ./Library/PackageCache/com.unity.test-framework@1.3.9/UnityEngine.TestRunner/NUnitExtensions/Runner/CompositeWorkItem.cs:76)
UnityEngine.TestRunner.NUnitExtensions.Runner.CompositeWorkItem/<RunChildren>d__16:MoveNext () (at ./Library/PackageCache/com.unity.test-framework@1.3.9/UnityEngine.TestRunner/NUnitExtensions/Runner/CompositeWorkItem.cs:197)
UnityEngine.TestRunner.NUnitExtensions.Runner.CompositeWorkItem/<PerformWork>d__12:MoveNext () (at ./Library/PackageCache/com.unity.test-framework@1.3.9/UnityEngine.TestRunner/NUnitExtensions/Runner/CompositeWorkItem.cs:76)
UnityEngine.TestRunner.NUnitExtensions.Runner.CompositeWorkItem/<RunChildren>d__16:MoveNext () (at ./Library/PackageCache/com.unity.test-framework@1.3.9/UnityEngine.TestRunner/NUnitExtensions/Runner/CompositeWorkItem.cs:197)
UnityEngine.TestRunner.NUnitExtensions.Runner.CompositeWorkItem/<PerformWork>d__12:MoveNext () (at ./Library/PackageCache/com.unity.test-framework@1.3.9/UnityEngine.TestRunner/NUnitExtensions/Runner/CompositeWorkItem.cs:76)
UnityEngine.TestRunner.NUnitExtensions.Runner.CompositeWorkItem/<RunChildren>d__16:MoveNext () (at ./Library/PackageCache/com.unity.test-framework@1.3.9/UnityEngine.TestRunner/NUnitExtensions/Runner/CompositeWorkItem.cs:197)
UnityEngine.TestRunner.NUnitExtensions.Runner.CompositeWorkItem/<PerformWork>d__12:MoveNext () (at ./Library/PackageCache/com.unity.test-framework@1.3.9/UnityEngine.TestRunner/NUnitExtensions/Runner/CompositeWorkItem.cs:76)
UnityEngine.TestRunner.NUnitExtensions.Runner.CompositeWorkItem/<RunChildren>d__16:MoveNext () (at ./Library/PackageCache/com.unity.test-framework@1.3.9/UnityEngine.TestRunner/NUnitExtensions/Runner/CompositeWorkItem.cs:197)
UnityEngine.TestRunner.NUnitExtensions.Runner.CompositeWorkItem/<PerformWork>d__12:MoveNext () (at ./Library/PackageCache/com.unity.test-framework@1.3.9/UnityEngine.TestRunner/NUnitExtensions/Runner/CompositeWorkItem.cs:76)
UnityEngine.TestRunner.NUnitExtensions.Runner.CompositeWorkItem/<RunChildren>d__16:MoveNext () (at ./Library/PackageCache/com.unity.test-framework@1.3.9/UnityEngine.TestRunner/NUnitExtensions/Runner/CompositeWorkItem.cs:197)
UnityEngine.TestRunner.NUnitExtensions.Runner.CompositeWorkItem/<PerformWork>d__12:MoveNext () (at ./Library/PackageCache/com.unity.test-framework@1.3.9/UnityEngine.TestRunner/NUnitExtensions/Runner/CompositeWorkItem.cs:76)
UnityEditor.TestTools.TestRunner.EditModeRunner:MoveNextAndUpdateYieldObject () (at ./Library/PackageCache/com.unity.test-framework@1.3.9/UnityEditor.TestRunner/TestRunner/EditModeRunner.cs:164)
UnityEditor.TestTools.TestRunner.EditModeRunner:TestConsumer (UnityEditor.TestTools.TestRunner.TestRunnerStateSerializer) (at ./Library/PackageCache/com.unity.test-framework@1.3.9/UnityEditor.TestRunner/TestRunner/EditModeRunner.cs:197)
UnityEditor.TestTools.TestRunner.TestRun.Tasks.EditModeRunTask/<Execute>d__1:MoveNext () (at ./Library/PackageCache/com.unity.test-framework@1.3.9/UnityEditor.TestRunner/TestRun/Tasks/EditModeRunTask.cs:47)
UnityEditor.TestTools.TestRunner.TestRun.TestJobRunner:ExecuteStep () (at ./Library/PackageCache/com.unity.test-framework@1.3.9/UnityEditor.TestRunner/TestRun/TestJobRunner.cs:172)
UnityEditor.TestTools.TestRunner.TestRun.TestJobRunner:ExecuteCallback () (at ./Library/PackageCache/com.unity.test-framework@1.3.9/UnityEditor.TestRunner/TestRun/TestJobRunner.cs:108)
UnityEditor.EditorApplication:Internal_CallUpdateFunctions ()

(Filename: Assets/_Project/Scripts/Core/SeedEngine/SeedEngine.cs Line: 88)

[SeedEngine] Initialised with seed 42 (AAAABL).
UnityEngine.StackTraceUtility:ExtractStackTrace ()
UnityEngine.DebugLogHandler:LogFormat (UnityEngine.LogType,UnityEngine.Object,string,object[])
UnityEngine.Logger:Log (UnityEngine.LogType,object)
UnityEngine.Debug:Log (object)
Desk42.Core.SeedEngine:Init (int) (at Assets/_Project/Scripts/Core/SeedEngine/SeedEngine.cs:88)
Desk42.Tests.EditMode.SeedEngineTests:Streams_AreIndependent () (at Assets/_Project/Tests/EditMode/SeedEngineTests.cs:50)
System.Reflection.RuntimeMethodInfo:Invoke (object,System.Reflection.BindingFlags,System.Reflection.Binder,object[],System.Globalization.CultureInfo)
System.Reflection.MethodBase:Invoke (object,object[])
NUnit.Framework.Internal.Reflect:InvokeMethod (System.Reflection.MethodInfo,object,object[])
NUnit.Framework.Internal.MethodWrapper:Invoke (object,object[])
NUnit.Framework.Internal.Commands.TestMethodCommand:RunNonAsyncTestMethod (NUnit.Framework.Internal.ITestExecutionContext)
NUnit.Framework.Internal.Commands.TestMethodCommand:RunTestMethod (NUnit.Framework.Internal.ITestExecutionContext)
NUnit.Framework.Internal.Commands.TestMethodCommand:Execute (NUnit.Framework.Internal.ITestExecutionContext)
UnityEngine.TestTools.UnityTestMethodCommand:Execute (NUnit.Framework.Internal.ITestExecutionContext) (at ./Library/PackageCache/com.unity.test-framework@1.3.9/UnityEngine.TestRunner/NUnitExtensions/Commands/UnityTestMethodCommand.cs:16)
UnityEngine.TestRunner.NUnitExtensions.Runner.UnityLogCheckDelegatingCommand/<>c__DisplayClass2_0:<Execute>b__0 () (at ./Library/PackageCache/com.unity.test-framework@1.3.9/UnityEngine.TestRunner/NUnitExtensions/Runner/UnityLogCheckDelegatingCommand.cs:24)
UnityEngine.TestRunner.NUnitExtensions.Runner.UnityLogCheckDelegatingCommand:CaptureException (NUnit.Framework.Internal.TestResult,System.Action) (at ./Library/PackageCache/com.unity.test-framework@1.3.9/UnityEngine.TestRunner/NUnitExtensions/Runner/UnityLogCheckDelegatingCommand.cs:68)
UnityEngine.TestRunner.NUnitExtensions.Runner.UnityLogCheckDelegatingCommand:ExecuteAndCheckLog (UnityEngine.TestTools.Logging.LogScope,NUnit.Framework.Internal.TestResult,System.Action) (at ./Library/PackageCache/com.unity.test-framework@1.3.9/UnityEngine.TestRunner/NUnitExtensions/Runner/UnityLogCheckDelegatingCommand.cs:79)
UnityEngine.TestRunner.NUnitExtensions.Runner.UnityLogCheckDelegatingCommand:Execute (NUnit.Framework.Internal.ITestExecutionContext) (at ./Library/PackageCache/com.unity.test-framework@1.3.9/UnityEngine.TestRunner/NUnitExtensions/Runner/UnityLogCheckDelegatingCommand.cs:24)
UnityEngine.TestRunner.NUnitExtensions.Runner.UnityLogCheckDelegatingCommand/<ExecuteEnumerable>d__3:MoveNext () (at ./Library/PackageCache/com.unity.test-framework@1.3.9/UnityEngine.TestRunner/NUnitExtensions/Runner/UnityLogCheckDelegatingCommand.cs:35)
UnityEngine.TestTools.BeforeAfterTestCommandBase`1/<ExecuteEnumerable>d__14<NUnit.Framework.ITestAction>:MoveNext () (at ./Library/PackageCache/com.unity.test-framework@1.3.9/UnityEngine.TestRunner/NUnitExtensions/Commands/BeforeAfterTestCommandBase.cs:173)
UnityEngine.TestTools.ImmediateEnumerableCommand:Execute (NUnit.Framework.Internal.ITestExecutionContext) (at ./Library/PackageCache/com.unity.test-framework@1.3.9/UnityEngine.TestRunner/NUnitExtensions/Commands/ImmediateEnumerableCommand.cs:18)
UnityEngine.TestTools.BeforeAfterTestCommandBase`1/<ExecuteEnumerable>d__14<System.Reflection.MethodInfo>:MoveNext () (at ./Library/PackageCache/com.unity.test-framework@1.3.9/UnityEngine.TestRunner/NUnitExtensions/Commands/BeforeAfterTestCommandBase.cs:181)
UnityEngine.TestTools.BeforeAfterTestCommandBase`1/<ExecuteEnumerable>d__14<System.Reflection.MethodInfo>:MoveNext () (at ./Library/PackageCache/com.unity.test-framework@1.3.9/UnityEngine.TestRunner/NUnitExtensions/Commands/BeforeAfterTestCommandBase.cs:173)
UnityEngine.TestTools.BeforeAfterTestCommandBase`1/<ExecuteEnumerable>d__14<UnityEngine.TestTools.IOuterUnityTestAction>:MoveNext () (at ./Library/PackageCache/com.unity.test-framework@1.3.9/UnityEngine.TestRunner/NUnitExtensions/Commands/BeforeAfterTestCommandBase.cs:173)
UnityEngine.TestTools.RetryCommand/<ExecuteEnumerable>d__2:MoveNext () (at ./Library/PackageCache/com.unity.test-framework@1.3.9/UnityEngine.TestRunner/NUnitExtensions/Commands/RetryCommand.cs:37)
UnityEngine.TestTools.RepeatCommand/<ExecuteEnumerable>d__2:MoveNext () (at ./Library/PackageCache/com.unity.test-framework@1.3.9/UnityEngine.TestRunner/NUnitExtensions/Commands/RepeatCommand.cs:36)
UnityEngine.TestTools.TimeoutCommand/<ExecuteEnumerable>d__3:MoveNext () (at ./Library/PackageCache/com.unity.test-framework@1.3.9/UnityEngine.TestRunner/NUnitExtensions/Commands/TimeoutCommand.cs:33)
UnityEngine.TestTools.IgnoreTestCommand/<ExecuteEnumerable>d__3:MoveNext () (at ./Library/PackageCache/com.unity.test-framework@1.3.9/UnityEngine.TestRunner/NUnitExtensions/Commands/IgnoreTestCommand.cs:42)
UnityEngine.TestTools.StrictCheckCommand/<ExecuteEnumerable>d__2:MoveNext () (at ./Library/PackageCache/com.unity.test-framework@1.3.9/UnityEngine.TestRunner/NUnitExtensions/Commands/StrictCheckCommand.cs:29)
UnityEngine.TestRunner.NUnitExtensions.Runner.DefaultTestWorkItem/<PerformWork>d__2:MoveNext () (at ./Library/PackageCache/com.unity.test-framework@1.3.9/UnityEngine.TestRunner/NUnitExtensions/Runner/DefaultTestWorkItem.cs:50)
UnityEngine.TestRunner.NUnitExtensions.Runner.CompositeWorkItem/<RunChildren>d__16:MoveNext () (at ./Library/PackageCache/com.unity.test-framework@1.3.9/UnityEngine.TestRunner/NUnitExtensions/Runner/CompositeWorkItem.cs:197)
UnityEngine.TestRunner.NUnitExtensions.Runner.CompositeWorkItem/<PerformWork>d__12:MoveNext () (at ./Library/PackageCache/com.unity.test-framework@1.3.9/UnityEngine.TestRunner/NUnitExtensions/Runner/CompositeWorkItem.cs:76)
UnityEngine.TestRunner.NUnitExtensions.Runner.CompositeWorkItem/<RunChildren>d__16:MoveNext () (at ./Library/PackageCache/com.unity.test-framework@1.3.9/UnityEngine.TestRunner/NUnitExtensions/Runner/CompositeWorkItem.cs:197)
UnityEngine.TestRunner.NUnitExtensions.Runner.CompositeWorkItem/<PerformWork>d__12:MoveNext () (at ./Library/PackageCache/com.unity.test-framework@1.3.9/UnityEngine.TestRunner/NUnitExtensions/Runner/CompositeWorkItem.cs:76)
UnityEngine.TestRunner.NUnitExtensions.Runner.CompositeWorkItem/<RunChildren>d__16:MoveNext () (at ./Library/PackageCache/com.unity.test-framework@1.3.9/UnityEngine.TestRunner/NUnitExtensions/Runner/CompositeWorkItem.cs:197)
UnityEngine.TestRunner.NUnitExtensions.Runner.CompositeWorkItem/<PerformWork>d__12:MoveNext () (at ./Library/PackageCache/com.unity.test-framework@1.3.9/UnityEngine.TestRunner/NUnitExtensions/Runner/CompositeWorkItem.cs:76)
UnityEngine.TestRunner.NUnitExtensions.Runner.CompositeWorkItem/<RunChildren>d__16:MoveNext () (at ./Library/PackageCache/com.unity.test-framework@1.3.9/UnityEngine.TestRunner/NUnitExtensions/Runner/CompositeWorkItem.cs:197)
UnityEngine.TestRunner.NUnitExtensions.Runner.CompositeWorkItem/<PerformWork>d__12:MoveNext () (at ./Library/PackageCache/com.unity.test-framework@1.3.9/UnityEngine.TestRunner/NUnitExtensions/Runner/CompositeWorkItem.cs:76)
UnityEngine.TestRunner.NUnitExtensions.Runner.CompositeWorkItem/<RunChildren>d__16:MoveNext () (at ./Library/PackageCache/com.unity.test-framework@1.3.9/UnityEngine.TestRunner/NUnitExtensions/Runner/CompositeWorkItem.cs:197)
UnityEngine.TestRunner.NUnitExtensions.Runner.CompositeWorkItem/<PerformWork>d__12:MoveNext () (at ./Library/PackageCache/com.unity.test-framework@1.3.9/UnityEngine.TestRunner/NUnitExtensions/Runner/CompositeWorkItem.cs:76)
UnityEngine.TestRunner.NUnitExtensions.Runner.CompositeWorkItem/<RunChildren>d__16:MoveNext () (at ./Library/PackageCache/com.unity.test-framework@1.3.9/UnityEngine.TestRunner/NUnitExtensions/Runner/CompositeWorkItem.cs:197)
UnityEngine.TestRunner.NUnitExtensions.Runner.CompositeWorkItem/<PerformWork>d__12:MoveNext () (at ./Library/PackageCache/com.unity.test-framework@1.3.9/UnityEngine.TestRunner/NUnitExtensions/Runner/CompositeWorkItem.cs:76)
UnityEditor.TestTools.TestRunner.EditModeRunner:MoveNextAndUpdateYieldObject () (at ./Library/PackageCache/com.unity.test-framework@1.3.9/UnityEditor.TestRunner/TestRunner/EditModeRunner.cs:164)
UnityEditor.TestTools.TestRunner.EditModeRunner:TestConsumer (UnityEditor.TestTools.TestRunner.TestRunnerStateSerializer) (at ./Library/PackageCache/com.unity.test-framework@1.3.9/UnityEditor.TestRunner/TestRunner/EditModeRunner.cs:197)
UnityEditor.TestTools.TestRunner.TestRun.Tasks.EditModeRunTask/<Execute>d__1:MoveNext () (at ./Library/PackageCache/com.unity.test-framework@1.3.9/UnityEditor.TestRunner/TestRun/Tasks/EditModeRunTask.cs:47)
UnityEditor.TestTools.TestRunner.TestRun.TestJobRunner:ExecuteStep () (at ./Library/PackageCache/com.unity.test-framework@1.3.9/UnityEditor.TestRunner/TestRun/TestJobRunner.cs:172)
UnityEditor.TestTools.TestRunner.TestRun.TestJobRunner:ExecuteCallback () (at ./Library/PackageCache/com.unity.test-framework@1.3.9/UnityEditor.TestRunner/TestRun/TestJobRunner.cs:108)
UnityEditor.EditorApplication:Internal_CallUpdateFunctions ()

(Filename: Assets/_Project/Scripts/Core/SeedEngine/SeedEngine.cs Line: 88)

[SeedEngine] Initialised with seed 42 (AAAABL).
UnityEngine.StackTraceUtility:ExtractStackTrace ()
UnityEngine.DebugLogHandler:LogFormat (UnityEngine.LogType,UnityEngine.Object,string,object[])
UnityEngine.Logger:Log (UnityEngine.LogType,object)
UnityEngine.Debug:Log (object)
Desk42.Core.SeedEngine:Init (int) (at Assets/_Project/Scripts/Core/SeedEngine/SeedEngine.cs:88)
Desk42.Tests.EditMode.SeedEngineTests:Streams_AreIndependent () (at Assets/_Project/Tests/EditMode/SeedEngineTests.cs:57)
System.Reflection.RuntimeMethodInfo:Invoke (object,System.Reflection.BindingFlags,System.Reflection.Binder,object[],System.Globalization.CultureInfo)
System.Reflection.MethodBase:Invoke (object,object[])
NUnit.Framework.Internal.Reflect:InvokeMethod (System.Reflection.MethodInfo,object,object[])
NUnit.Framework.Internal.MethodWrapper:Invoke (object,object[])
NUnit.Framework.Internal.Commands.TestMethodCommand:RunNonAsyncTestMethod (NUnit.Framework.Internal.ITestExecutionContext)
NUnit.Framework.Internal.Commands.TestMethodCommand:RunTestMethod (NUnit.Framework.Internal.ITestExecutionContext)
NUnit.Framework.Internal.Commands.TestMethodCommand:Execute (NUnit.Framework.Internal.ITestExecutionContext)
UnityEngine.TestTools.UnityTestMethodCommand:Execute (NUnit.Framework.Internal.ITestExecutionContext) (at ./Library/PackageCache/com.unity.test-framework@1.3.9/UnityEngine.TestRunner/NUnitExtensions/Commands/UnityTestMethodCommand.cs:16)
UnityEngine.TestRunner.NUnitExtensions.Runner.UnityLogCheckDelegatingCommand/<>c__DisplayClass2_0:<Execute>b__0 () (at ./Library/PackageCache/com.unity.test-framework@1.3.9/UnityEngine.TestRunner/NUnitExtensions/Runner/UnityLogCheckDelegatingCommand.cs:24)
UnityEngine.TestRunner.NUnitExtensions.Runner.UnityLogCheckDelegatingCommand:CaptureException (NUnit.Framework.Internal.TestResult,System.Action) (at ./Library/PackageCache/com.unity.test-framework@1.3.9/UnityEngine.TestRunner/NUnitExtensions/Runner/UnityLogCheckDelegatingCommand.cs:68)
UnityEngine.TestRunner.NUnitExtensions.Runner.UnityLogCheckDelegatingCommand:ExecuteAndCheckLog (UnityEngine.TestTools.Logging.LogScope,NUnit.Framework.Internal.TestResult,System.Action) (at ./Library/PackageCache/com.unity.test-framework@1.3.9/UnityEngine.TestRunner/NUnitExtensions/Runner/UnityLogCheckDelegatingCommand.cs:79)
UnityEngine.TestRunner.NUnitExtensions.Runner.UnityLogCheckDelegatingCommand:Execute (NUnit.Framework.Internal.ITestExecutionContext) (at ./Library/PackageCache/com.unity.test-framework@1.3.9/UnityEngine.TestRunner/NUnitExtensions/Runner/UnityLogCheckDelegatingCommand.cs:24)
UnityEngine.TestRunner.NUnitExtensions.Runner.UnityLogCheckDelegatingCommand/<ExecuteEnumerable>d__3:MoveNext () (at ./Library/PackageCache/com.unity.test-framework@1.3.9/UnityEngine.TestRunner/NUnitExtensions/Runner/UnityLogCheckDelegatingCommand.cs:35)
UnityEngine.TestTools.BeforeAfterTestCommandBase`1/<ExecuteEnumerable>d__14<NUnit.Framework.ITestAction>:MoveNext () (at ./Library/PackageCache/com.unity.test-framework@1.3.9/UnityEngine.TestRunner/NUnitExtensions/Commands/BeforeAfterTestCommandBase.cs:173)
UnityEngine.TestTools.ImmediateEnumerableCommand:Execute (NUnit.Framework.Internal.ITestExecutionContext) (at ./Library/PackageCache/com.unity.test-framework@1.3.9/UnityEngine.TestRunner/NUnitExtensions/Commands/ImmediateEnumerableCommand.cs:18)
UnityEngine.TestTools.BeforeAfterTestCommandBase`1/<ExecuteEnumerable>d__14<System.Reflection.MethodInfo>:MoveNext () (at ./Library/PackageCache/com.unity.test-framework@1.3.9/UnityEngine.TestRunner/NUnitExtensions/Commands/BeforeAfterTestCommandBase.cs:181)
UnityEngine.TestTools.BeforeAfterTestCommandBase`1/<ExecuteEnumerable>d__14<System.Reflection.MethodInfo>:MoveNext () (at ./Library/PackageCache/com.unity.test-framework@1.3.9/UnityEngine.TestRunner/NUnitExtensions/Commands/BeforeAfterTestCommandBase.cs:173)
UnityEngine.TestTools.BeforeAfterTestCommandBase`1/<ExecuteEnumerable>d__14<UnityEngine.TestTools.IOuterUnityTestAction>:MoveNext () (at ./Library/PackageCache/com.unity.test-framework@1.3.9/UnityEngine.TestRunner/NUnitExtensions/Commands/BeforeAfterTestCommandBase.cs:173)
UnityEngine.TestTools.RetryCommand/<ExecuteEnumerable>d__2:MoveNext () (at ./Library/PackageCache/com.unity.test-framework@1.3.9/UnityEngine.TestRunner/NUnitExtensions/Commands/RetryCommand.cs:37)
UnityEngine.TestTools.RepeatCommand/<ExecuteEnumerable>d__2:MoveNext () (at ./Library/PackageCache/com.unity.test-framework@1.3.9/UnityEngine.TestRunner/NUnitExtensions/Commands/RepeatCommand.cs:36)
UnityEngine.TestTools.TimeoutCommand/<ExecuteEnumerable>d__3:MoveNext () (at ./Library/PackageCache/com.unity.test-framework@1.3.9/UnityEngine.TestRunner/NUnitExtensions/Commands/TimeoutCommand.cs:33)
UnityEngine.TestTools.IgnoreTestCommand/<ExecuteEnumerable>d__3:MoveNext () (at ./Library/PackageCache/com.unity.test-framework@1.3.9/UnityEngine.TestRunner/NUnitExtensions/Commands/IgnoreTestCommand.cs:42)
UnityEngine.TestTools.StrictCheckCommand/<ExecuteEnumerable>d__2:MoveNext () (at ./Library/PackageCache/com.unity.test-framework@1.3.9/UnityEngine.TestRunner/NUnitExtensions/Commands/StrictCheckCommand.cs:29)
UnityEngine.TestRunner.NUnitExtensions.Runner.DefaultTestWorkItem/<PerformWork>d__2:MoveNext () (at ./Library/PackageCache/com.unity.test-framework@1.3.9/UnityEngine.TestRunner/NUnitExtensions/Runner/DefaultTestWorkItem.cs:50)
UnityEngine.TestRunner.NUnitExtensions.Runner.CompositeWorkItem/<RunChildren>d__16:MoveNext () (at ./Library/PackageCache/com.unity.test-framework@1.3.9/UnityEngine.TestRunner/NUnitExtensions/Runner/CompositeWorkItem.cs:197)
UnityEngine.TestRunner.NUnitExtensions.Runner.CompositeWorkItem/<PerformWork>d__12:MoveNext () (at ./Library/PackageCache/com.unity.test-framework@1.3.9/UnityEngine.TestRunner/NUnitExtensions/Runner/CompositeWorkItem.cs:76)
UnityEngine.TestRunner.NUnitExtensions.Runner.CompositeWorkItem/<RunChildren>d__16:MoveNext () (at ./Library/PackageCache/com.unity.test-framework@1.3.9/UnityEngine.TestRunner/NUnitExtensions/Runner/CompositeWorkItem.cs:197)
UnityEngine.TestRunner.NUnitExtensions.Runner.CompositeWorkItem/<PerformWork>d__12:MoveNext () (at ./Library/PackageCache/com.unity.test-framework@1.3.9/UnityEngine.TestRunner/NUnitExtensions/Runner/CompositeWorkItem.cs:76)
UnityEngine.TestRunner.NUnitExtensions.Runner.CompositeWorkItem/<RunChildren>d__16:MoveNext () (at ./Library/PackageCache/com.unity.test-framework@1.3.9/UnityEngine.TestRunner/NUnitExtensions/Runner/CompositeWorkItem.cs:197)
UnityEngine.TestRunner.NUnitExtensions.Runner.CompositeWorkItem/<PerformWork>d__12:MoveNext () (at ./Library/PackageCache/com.unity.test-framework@1.3.9/UnityEngine.TestRunner/NUnitExtensions/Runner/CompositeWorkItem.cs:76)
UnityEngine.TestRunner.NUnitExtensions.Runner.CompositeWorkItem/<RunChildren>d__16:MoveNext () (at ./Library/PackageCache/com.unity.test-framework@1.3.9/UnityEngine.TestRunner/NUnitExtensions/Runner/CompositeWorkItem.cs:197)
UnityEngine.TestRunner.NUnitExtensions.Runner.CompositeWorkItem/<PerformWork>d__12:MoveNext () (at ./Library/PackageCache/com.unity.test-framework@1.3.9/UnityEngine.TestRunner/NUnitExtensions/Runner/CompositeWorkItem.cs:76)
UnityEngine.TestRunner.NUnitExtensions.Runner.CompositeWorkItem/<RunChildren>d__16:MoveNext () (at ./Library/PackageCache/com.unity.test-framework@1.3.9/UnityEngine.TestRunner/NUnitExtensions/Runner/CompositeWorkItem.cs:197)
UnityEngine.TestRunner.NUnitExtensions.Runner.CompositeWorkItem/<PerformWork>d__12:MoveNext () (at ./Library/PackageCache/com.unity.test-framework@1.3.9/UnityEngine.TestRunner/NUnitExtensions/Runner/CompositeWorkItem.cs:76)
UnityEngine.TestRunner.NUnitExtensions.Runner.CompositeWorkItem/<RunChildren>d__16:MoveNext () (at ./Library/PackageCache/com.unity.test-framework@1.3.9/UnityEngine.TestRunner/NUnitExtensions/Runner/CompositeWorkItem.cs:197)
UnityEngine.TestRunner.NUnitExtensions.Runner.CompositeWorkItem/<PerformWork>d__12:MoveNext () (at ./Library/PackageCache/com.unity.test-framework@1.3.9/UnityEngine.TestRunner/NUnitExtensions/Runner/CompositeWorkItem.cs:76)
UnityEditor.TestTools.TestRunner.EditModeRunner:MoveNextAndUpdateYieldObject () (at ./Library/PackageCache/com.unity.test-framework@1.3.9/UnityEditor.TestRunner/TestRunner/EditModeRunner.cs:164)
UnityEditor.TestTools.TestRunner.EditModeRunner:TestConsumer (UnityEditor.TestTools.TestRunner.TestRunnerStateSerializer) (at ./Library/PackageCache/com.unity.test-framework@1.3.9/UnityEditor.TestRunner/TestRunner/EditModeRunner.cs:197)
UnityEditor.TestTools.TestRunner.TestRun.Tasks.EditModeRunTask/<Execute>d__1:MoveNext () (at ./Library/PackageCache/com.unity.test-framework@1.3.9/UnityEditor.TestRunner/TestRun/Tasks/EditModeRunTask.cs:47)
UnityEditor.TestTools.TestRunner.TestRun.TestJobRunner:ExecuteStep () (at ./Library/PackageCache/com.unity.test-framework@1.3.9/UnityEditor.TestRunner/TestRun/TestJobRunner.cs:172)
UnityEditor.TestTools.TestRunner.TestRun.TestJobRunner:ExecuteCallback () (at ./Library/PackageCache/com.unity.test-framework@1.3.9/UnityEditor.TestRunner/TestRun/TestJobRunner.cs:108)
UnityEditor.EditorApplication:Internal_CallUpdateFunctions ()

(Filename: Assets/_Project/Scripts/Core/SeedEngine/SeedEngine.cs Line: 88)

[Supply] Placed: paperclip
UnityEngine.StackTraceUtility:ExtractStackTrace ()
UnityEngine.DebugLogHandler:LogFormat (UnityEngine.LogType,UnityEngine.Object,string,object[])
UnityEngine.Logger:Log (UnityEngine.LogType,object)
UnityEngine.Debug:Log (object)
Desk42.OfficeSupplies.OfficeSupplyInstance:Place (Desk42.OfficeSupplies.SupplyContext) (at Assets/_Project/Scripts/OfficeSupplies/OfficeSupplyInstance.cs:47)
Desk42.OfficeSupplies.OfficeSupplyManager:PlaceSupply (Desk42.OfficeSupplies.OfficeSupplyData) (at Assets/_Project/Scripts/OfficeSupplies/OfficeSupplyManager.cs:98)
Desk42.Tests.EditMode.SynergyResolverTests:PlaceTestSupply (string,Desk42.OfficeSupplies.DeskZone) (at Assets/_Project/Tests/EditMode/SynergyResolverTests.cs:54)
Desk42.Tests.EditMode.SynergyResolverTests:Paperclip_DoesNotAffectOtherCardTypes () (at Assets/_Project/Tests/EditMode/SynergyResolverTests.cs:73)
System.Reflection.RuntimeMethodInfo:Invoke (object,System.Reflection.BindingFlags,System.Reflection.Binder,object[],System.Globalization.CultureInfo)
System.Reflection.MethodBase:Invoke (object,object[])
NUnit.Framework.Internal.Reflect:InvokeMethod (System.Reflection.MethodInfo,object,object[])
NUnit.Framework.Internal.MethodWrapper:Invoke (object,object[])
NUnit.Framework.Internal.Commands.TestMethodCommand:RunNonAsyncTestMethod (NUnit.Framework.Internal.ITestExecutionContext)
NUnit.Framework.Internal.Commands.TestMethodCommand:RunTestMethod (NUnit.Framework.Internal.ITestExecutionContext)
NUnit.Framework.Internal.Commands.TestMethodCommand:Execute (NUnit.Framework.Internal.ITestExecutionContext)
UnityEngine.TestTools.UnityTestMethodCommand:Execute (NUnit.Framework.Internal.ITestExecutionContext) (at ./Library/PackageCache/com.unity.test-framework@1.3.9/UnityEngine.TestRunner/NUnitExtensions/Commands/UnityTestMethodCommand.cs:16)
UnityEngine.TestRunner.NUnitExtensions.Runner.UnityLogCheckDelegatingCommand/<>c__DisplayClass2_0:<Execute>b__0 () (at ./Library/PackageCache/com.unity.test-framework@1.3.9/UnityEngine.TestRunner/NUnitExtensions/Runner/UnityLogCheckDelegatingCommand.cs:24)
UnityEngine.TestRunner.NUnitExtensions.Runner.UnityLogCheckDelegatingCommand:CaptureException (NUnit.Framework.Internal.TestResult,System.Action) (at ./Library/PackageCache/com.unity.test-framework@1.3.9/UnityEngine.TestRunner/NUnitExtensions/Runner/UnityLogCheckDelegatingCommand.cs:68)
UnityEngine.TestRunner.NUnitExtensions.Runner.UnityLogCheckDelegatingCommand:ExecuteAndCheckLog (UnityEngine.TestTools.Logging.LogScope,NUnit.Framework.Internal.TestResult,System.Action) (at ./Library/PackageCache/com.unity.test-framework@1.3.9/UnityEngine.TestRunner/NUnitExtensions/Runner/UnityLogCheckDelegatingCommand.cs:79)
UnityEngine.TestRunner.NUnitExtensions.Runner.UnityLogCheckDelegatingCommand:Execute (NUnit.Framework.Internal.ITestExecutionContext) (at ./Library/PackageCache/com.unity.test-framework@1.3.9/UnityEngine.TestRunner/NUnitExtensions/Runner/UnityLogCheckDelegatingCommand.cs:24)
UnityEngine.TestRunner.NUnitExtensions.Runner.UnityLogCheckDelegatingCommand/<ExecuteEnumerable>d__3:MoveNext () (at ./Library/PackageCache/com.unity.test-framework@1.3.9/UnityEngine.TestRunner/NUnitExtensions/Runner/UnityLogCheckDelegatingCommand.cs:35)
UnityEngine.TestTools.BeforeAfterTestCommandBase`1/<ExecuteEnumerable>d__14<NUnit.Framework.ITestAction>:MoveNext () (at ./Library/PackageCache/com.unity.test-framework@1.3.9/UnityEngine.TestRunner/NUnitExtensions/Commands/BeforeAfterTestCommandBase.cs:173)
UnityEngine.TestTools.ImmediateEnumerableCommand:Execute (NUnit.Framework.Internal.ITestExecutionContext) (at ./Library/PackageCache/com.unity.test-framework@1.3.9/UnityEngine.TestRunner/NUnitExtensions/Commands/ImmediateEnumerableCommand.cs:18)
UnityEngine.TestTools.BeforeAfterTestCommandBase`1/<ExecuteEnumerable>d__14<System.Reflection.MethodInfo>:MoveNext () (at ./Library/PackageCache/com.unity.test-framework@1.3.9/UnityEngine.TestRunner/NUnitExtensions/Commands/BeforeAfterTestCommandBase.cs:181)
UnityEngine.TestTools.BeforeAfterTestCommandBase`1/<ExecuteEnumerable>d__14<System.Reflection.MethodInfo>:MoveNext () (at ./Library/PackageCache/com.unity.test-framework@1.3.9/UnityEngine.TestRunner/NUnitExtensions/Commands/BeforeAfterTestCommandBase.cs:173)
UnityEngine.TestTools.BeforeAfterTestCommandBase`1/<ExecuteEnumerable>d__14<UnityEngine.TestTools.IOuterUnityTestAction>:MoveNext () (at ./Library/PackageCache/com.unity.test-framework@1.3.9/UnityEngine.TestRunner/NUnitExtensions/Commands/BeforeAfterTestCommandBase.cs:173)
UnityEngine.TestTools.RetryCommand/<ExecuteEnumerable>d__2:MoveNext () (at ./Library/PackageCache/com.unity.test-framework@1.3.9/UnityEngine.TestRunner/NUnitExtensions/Commands/RetryCommand.cs:37)
UnityEngine.TestTools.RepeatCommand/<ExecuteEnumerable>d__2:MoveNext () (at ./Library/PackageCache/com.unity.test-framework@1.3.9/UnityEngine.TestRunner/NUnitExtensions/Commands/RepeatCommand.cs:36)
UnityEngine.TestTools.TimeoutCommand/<ExecuteEnumerable>d__3:MoveNext () (at ./Library/PackageCache/com.unity.test-framework@1.3.9/UnityEngine.TestRunner/NUnitExtensions/Commands/TimeoutCommand.cs:33)
UnityEngine.TestTools.IgnoreTestCommand/<ExecuteEnumerable>d__3:MoveNext () (at ./Library/PackageCache/com.unity.test-framework@1.3.9/UnityEngine.TestRunner/NUnitExtensions/Commands/IgnoreTestCommand.cs:42)
UnityEngine.TestTools.StrictCheckCommand/<ExecuteEnumerable>d__2:MoveNext () (at ./Library/PackageCache/com.unity.test-framework@1.3.9/UnityEngine.TestRunner/NUnitExtensions/Commands/StrictCheckCommand.cs:29)
UnityEngine.TestRunner.NUnitExtensions.Runner.DefaultTestWorkItem/<PerformWork>d__2:MoveNext () (at ./Library/PackageCache/com.unity.test-framework@1.3.9/UnityEngine.TestRunner/NUnitExtensions/Runner/DefaultTestWorkItem.cs:50)
UnityEngine.TestRunner.NUnitExtensions.Runner.CompositeWorkItem/<RunChildren>d__16:MoveNext () (at ./Library/PackageCache/com.unity.test-framework@1.3.9/UnityEngine.TestRunner/NUnitExtensions/Runner/CompositeWorkItem.cs:197)
UnityEngine.TestRunner.NUnitExtensions.Runner.CompositeWorkItem/<PerformWork>d__12:MoveNext () (at ./Library/PackageCache/com.unity.test-framework@1.3.9/UnityEngine.TestRunner/NUnitExtensions/Runner/CompositeWorkItem.cs:76)
UnityEngine.TestRunner.NUnitExtensions.Runner.CompositeWorkItem/<RunChildren>d__16:MoveNext () (at ./Library/PackageCache/com.unity.test-framework@1.3.9/UnityEngine.TestRunner/NUnitExtensions/Runner/CompositeWorkItem.cs:197)
UnityEngine.TestRunner.NUnitExtensions.Runner.CompositeWorkItem/<PerformWork>d__12:MoveNext () (at ./Library/PackageCache/com.unity.test-framework@1.3.9/UnityEngine.TestRunner/NUnitExtensions/Runner/CompositeWorkItem.cs:76)
UnityEngine.TestRunner.NUnitExtensions.Runner.CompositeWorkItem/<RunChildren>d__16:MoveNext () (at ./Library/PackageCache/com.unity.test-framework@1.3.9/UnityEngine.TestRunner/NUnitExtensions/Runner/CompositeWorkItem.cs:197)
UnityEngine.TestRunner.NUnitExtensions.Runner.CompositeWorkItem/<PerformWork>d__12:MoveNext () (at ./Library/PackageCache/com.unity.test-framework@1.3.9/UnityEngine.TestRunner/NUnitExtensions/Runner/CompositeWorkItem.cs:76)
UnityEngine.TestRunner.NUnitExtensions.Runner.CompositeWorkItem/<RunChildren>d__16:MoveNext () (at ./Library/PackageCache/com.unity.test-framework@1.3.9/UnityEngine.TestRunner/NUnitExtensions/Runner/CompositeWorkItem.cs:197)
UnityEngine.TestRunner.NUnitExtensions.Runner.CompositeWorkItem/<PerformWork>d__12:MoveNext () (at ./Library/PackageCache/com.unity.test-framework@1.3.9/UnityEngine.TestRunner/NUnitExtensions/Runner/CompositeWorkItem.cs:76)
UnityEngine.TestRunner.NUnitExtensions.Runner.CompositeWorkItem/<RunChildren>d__16:MoveNext () (at ./Library/PackageCache/com.unity.test-framework@1.3.9/UnityEngine.TestRunner/NUnitExtensions/Runner/CompositeWorkItem.cs:197)
UnityEngine.TestRunner.NUnitExtensions.Runner.CompositeWorkItem/<PerformWork>d__12:MoveNext () (at ./Library/PackageCache/com.unity.test-framework@1.3.9/UnityEngine.TestRunner/NUnitExtensions/Runner/CompositeWorkItem.cs:76)
UnityEngine.TestRunner.NUnitExtensions.Runner.CompositeWorkItem/<RunChildren>d__16:MoveNext () (at ./Library/PackageCache/com.unity.test-framework@1.3.9/UnityEngine.TestRunner/NUnitExtensions/Runner/CompositeWorkItem.cs:197)
UnityEngine.TestRunner.NUnitExtensions.Runner.CompositeWorkItem/<PerformWork>d__12:MoveNext () (at ./Library/PackageCache/com.unity.test-framework@1.3.9/UnityEngine.TestRunner/NUnitExtensions/Runner/CompositeWorkItem.cs:76)
UnityEditor.TestTools.TestRunner.EditModeRunner:MoveNextAndUpdateYieldObject () (at ./Library/PackageCache/com.unity.test-framework@1.3.9/UnityEditor.TestRunner/TestRunner/EditModeRunner.cs:164)
UnityEditor.TestTools.TestRunner.EditModeRunner:TestConsumer (UnityEditor.TestTools.TestRunner.TestRunnerStateSerializer) (at ./Library/PackageCache/com.unity.test-framework@1.3.9/UnityEditor.TestRunner/TestRunner/EditModeRunner.cs:197)
UnityEditor.TestTools.TestRunner.TestRun.Tasks.EditModeRunTask/<Execute>d__1:MoveNext () (at ./Library/PackageCache/com.unity.test-framework@1.3.9/UnityEditor.TestRunner/TestRun/Tasks/EditModeRunTask.cs:47)
UnityEditor.TestTools.TestRunner.TestRun.TestJobRunner:ExecuteStep () (at ./Library/PackageCache/com.unity.test-framework@1.3.9/UnityEditor.TestRunner/TestRun/TestJobRunner.cs:172)
UnityEditor.TestTools.TestRunner.TestRun.TestJobRunner:ExecuteCallback () (at ./Library/PackageCache/com.unity.test-framework@1.3.9/UnityEditor.TestRunner/TestRun/TestJobRunner.cs:108)
UnityEditor.EditorApplication:Internal_CallUpdateFunctions ()

(Filename: Assets/_Project/Scripts/OfficeSupplies/OfficeSupplyInstance.cs Line: 47)

[Supply] Placed: paperclip
UnityEngine.StackTraceUtility:ExtractStackTrace ()
UnityEngine.DebugLogHandler:LogFormat (UnityEngine.LogType,UnityEngine.Object,string,object[])
UnityEngine.Logger:Log (UnityEngine.LogType,object)
UnityEngine.Debug:Log (object)
Desk42.OfficeSupplies.OfficeSupplyInstance:Place (Desk42.OfficeSupplies.SupplyContext) (at Assets/_Project/Scripts/OfficeSupplies/OfficeSupplyInstance.cs:47)
Desk42.OfficeSupplies.OfficeSupplyManager:PlaceSupply (Desk42.OfficeSupplies.OfficeSupplyData) (at Assets/_Project/Scripts/OfficeSupplies/OfficeSupplyManager.cs:98)
Desk42.Tests.EditMode.SynergyResolverTests:PlaceTestSupply (string,Desk42.OfficeSupplies.DeskZone) (at Assets/_Project/Tests/EditMode/SynergyResolverTests.cs:54)
Desk42.Tests.EditMode.SynergyResolverTests:Paperclip_DoublesPendingReviewDuration () (at Assets/_Project/Tests/EditMode/SynergyResolverTests.cs:63)
System.Reflection.RuntimeMethodInfo:Invoke (object,System.Reflection.BindingFlags,System.Reflection.Binder,object[],System.Globalization.CultureInfo)
System.Reflection.MethodBase:Invoke (object,object[])
NUnit.Framework.Internal.Reflect:InvokeMethod (System.Reflection.MethodInfo,object,object[])
NUnit.Framework.Internal.MethodWrapper:Invoke (object,object[])
NUnit.Framework.Internal.Commands.TestMethodCommand:RunNonAsyncTestMethod (NUnit.Framework.Internal.ITestExecutionContext)
NUnit.Framework.Internal.Commands.TestMethodCommand:RunTestMethod (NUnit.Framework.Internal.ITestExecutionContext)
NUnit.Framework.Internal.Commands.TestMethodCommand:Execute (NUnit.Framework.Internal.ITestExecutionContext)
UnityEngine.TestTools.UnityTestMethodCommand:Execute (NUnit.Framework.Internal.ITestExecutionContext) (at ./Library/PackageCache/com.unity.test-framework@1.3.9/UnityEngine.TestRunner/NUnitExtensions/Commands/UnityTestMethodCommand.cs:16)
UnityEngine.TestRunner.NUnitExtensions.Runner.UnityLogCheckDelegatingCommand/<>c__DisplayClass2_0:<Execute>b__0 () (at ./Library/PackageCache/com.unity.test-framework@1.3.9/UnityEngine.TestRunner/NUnitExtensions/Runner/UnityLogCheckDelegatingCommand.cs:24)
UnityEngine.TestRunner.NUnitExtensions.Runner.UnityLogCheckDelegatingCommand:CaptureException (NUnit.Framework.Internal.TestResult,System.Action) (at ./Library/PackageCache/com.unity.test-framework@1.3.9/UnityEngine.TestRunner/NUnitExtensions/Runner/UnityLogCheckDelegatingCommand.cs:68)
UnityEngine.TestRunner.NUnitExtensions.Runner.UnityLogCheckDelegatingCommand:ExecuteAndCheckLog (UnityEngine.TestTools.Logging.LogScope,NUnit.Framework.Internal.TestResult,System.Action) (at ./Library/PackageCache/com.unity.test-framework@1.3.9/UnityEngine.TestRunner/NUnitExtensions/Runner/UnityLogCheckDelegatingCommand.cs:79)
UnityEngine.TestRunner.NUnitExtensions.Runner.UnityLogCheckDelegatingCommand:Execute (NUnit.Framework.Internal.ITestExecutionContext) (at ./Library/PackageCache/com.unity.test-framework@1.3.9/UnityEngine.TestRunner/NUnitExtensions/Runner/UnityLogCheckDelegatingCommand.cs:24)
UnityEngine.TestRunner.NUnitExtensions.Runner.UnityLogCheckDelegatingCommand/<ExecuteEnumerable>d__3:MoveNext () (at ./Library/PackageCache/com.unity.test-framework@1.3.9/UnityEngine.TestRunner/NUnitExtensions/Runner/UnityLogCheckDelegatingCommand.cs:35)
UnityEngine.TestTools.BeforeAfterTestCommandBase`1/<ExecuteEnumerable>d__14<NUnit.Framework.ITestAction>:MoveNext () (at ./Library/PackageCache/com.unity.test-framework@1.3.9/UnityEngine.TestRunner/NUnitExtensions/Commands/BeforeAfterTestCommandBase.cs:173)
UnityEngine.TestTools.ImmediateEnumerableCommand:Execute (NUnit.Framework.Internal.ITestExecutionContext) (at ./Library/PackageCache/com.unity.test-framework@1.3.9/UnityEngine.TestRunner/NUnitExtensions/Commands/ImmediateEnumerableCommand.cs:18)
UnityEngine.TestTools.BeforeAfterTestCommandBase`1/<ExecuteEnumerable>d__14<System.Reflection.MethodInfo>:MoveNext () (at ./Library/PackageCache/com.unity.test-framework@1.3.9/UnityEngine.TestRunner/NUnitExtensions/Commands/BeforeAfterTestCommandBase.cs:181)
UnityEngine.TestTools.BeforeAfterTestCommandBase`1/<ExecuteEnumerable>d__14<System.Reflection.MethodInfo>:MoveNext () (at ./Library/PackageCache/com.unity.test-framework@1.3.9/UnityEngine.TestRunner/NUnitExtensions/Commands/BeforeAfterTestCommandBase.cs:173)
UnityEngine.TestTools.BeforeAfterTestCommandBase`1/<ExecuteEnumerable>d__14<UnityEngine.TestTools.IOuterUnityTestAction>:MoveNext () (at ./Library/PackageCache/com.unity.test-framework@1.3.9/UnityEngine.TestRunner/NUnitExtensions/Commands/BeforeAfterTestCommandBase.cs:173)
UnityEngine.TestTools.RetryCommand/<ExecuteEnumerable>d__2:MoveNext () (at ./Library/PackageCache/com.unity.test-framework@1.3.9/UnityEngine.TestRunner/NUnitExtensions/Commands/RetryCommand.cs:37)
UnityEngine.TestTools.RepeatCommand/<ExecuteEnumerable>d__2:MoveNext () (at ./Library/PackageCache/com.unity.test-framework@1.3.9/UnityEngine.TestRunner/NUnitExtensions/Commands/RepeatCommand.cs:36)
UnityEngine.TestTools.TimeoutCommand/<ExecuteEnumerable>d__3:MoveNext () (at ./Library/PackageCache/com.unity.test-framework@1.3.9/UnityEngine.TestRunner/NUnitExtensions/Commands/TimeoutCommand.cs:33)
UnityEngine.TestTools.IgnoreTestCommand/<ExecuteEnumerable>d__3:MoveNext () (at ./Library/PackageCache/com.unity.test-framework@1.3.9/UnityEngine.TestRunner/NUnitExtensions/Commands/IgnoreTestCommand.cs:42)
UnityEngine.TestTools.StrictCheckCommand/<ExecuteEnumerable>d__2:MoveNext () (at ./Library/PackageCache/com.unity.test-framework@1.3.9/UnityEngine.TestRunner/NUnitExtensions/Commands/StrictCheckCommand.cs:29)
UnityEngine.TestRunner.NUnitExtensions.Runner.DefaultTestWorkItem/<PerformWork>d__2:MoveNext () (at ./Library/PackageCache/com.unity.test-framework@1.3.9/UnityEngine.TestRunner/NUnitExtensions/Runner/DefaultTestWorkItem.cs:50)
UnityEngine.TestRunner.NUnitExtensions.Runner.CompositeWorkItem/<RunChildren>d__16:MoveNext () (at ./Library/PackageCache/com.unity.test-framework@1.3.9/UnityEngine.TestRunner/NUnitExtensions/Runner/CompositeWorkItem.cs:197)
UnityEngine.TestRunner.NUnitExtensions.Runner.CompositeWorkItem/<PerformWork>d__12:MoveNext () (at ./Library/PackageCache/com.unity.test-framework@1.3.9/UnityEngine.TestRunner/NUnitExtensions/Runner/CompositeWorkItem.cs:76)
UnityEngine.TestRunner.NUnitExtensions.Runner.CompositeWorkItem/<RunChildren>d__16:MoveNext () (at ./Library/PackageCache/com.unity.test-framework@1.3.9/UnityEngine.TestRunner/NUnitExtensions/Runner/CompositeWorkItem.cs:197)
UnityEngine.TestRunner.NUnitExtensions.Runner.CompositeWorkItem/<PerformWork>d__12:MoveNext () (at ./Library/PackageCache/com.unity.test-framework@1.3.9/UnityEngine.TestRunner/NUnitExtensions/Runner/CompositeWorkItem.cs:76)
UnityEngine.TestRunner.NUnitExtensions.Runner.CompositeWorkItem/<RunChildren>d__16:MoveNext () (at ./Library/PackageCache/com.unity.test-framework@1.3.9/UnityEngine.TestRunner/NUnitExtensions/Runner/CompositeWorkItem.cs:197)
UnityEngine.TestRunner.NUnitExtensions.Runner.CompositeWorkItem/<PerformWork>d__12:MoveNext () (at ./Library/PackageCache/com.unity.test-framework@1.3.9/UnityEngine.TestRunner/NUnitExtensions/Runner/CompositeWorkItem.cs:76)
UnityEngine.TestRunner.NUnitExtensions.Runner.CompositeWorkItem/<RunChildren>d__16:MoveNext () (at ./Library/PackageCache/com.unity.test-framework@1.3.9/UnityEngine.TestRunner/NUnitExtensions/Runner/CompositeWorkItem.cs:197)
UnityEngine.TestRunner.NUnitExtensions.Runner.CompositeWorkItem/<PerformWork>d__12:MoveNext () (at ./Library/PackageCache/com.unity.test-framework@1.3.9/UnityEngine.TestRunner/NUnitExtensions/Runner/CompositeWorkItem.cs:76)
UnityEngine.TestRunner.NUnitExtensions.Runner.CompositeWorkItem/<RunChildren>d__16:MoveNext () (at ./Library/PackageCache/com.unity.test-framework@1.3.9/UnityEngine.TestRunner/NUnitExtensions/Runner/CompositeWorkItem.cs:197)
UnityEngine.TestRunner.NUnitExtensions.Runner.CompositeWorkItem/<PerformWork>d__12:MoveNext () (at ./Library/PackageCache/com.unity.test-framework@1.3.9/UnityEngine.TestRunner/NUnitExtensions/Runner/CompositeWorkItem.cs:76)
UnityEngine.TestRunner.NUnitExtensions.Runner.CompositeWorkItem/<RunChildren>d__16:MoveNext () (at ./Library/PackageCache/com.unity.test-framework@1.3.9/UnityEngine.TestRunner/NUnitExtensions/Runner/CompositeWorkItem.cs:197)
UnityEngine.TestRunner.NUnitExtensions.Runner.CompositeWorkItem/<PerformWork>d__12:MoveNext () (at ./Library/PackageCache/com.unity.test-framework@1.3.9/UnityEngine.TestRunner/NUnitExtensions/Runner/CompositeWorkItem.cs:76)
UnityEditor.TestTools.TestRunner.EditModeRunner:MoveNextAndUpdateYieldObject () (at ./Library/PackageCache/com.unity.test-framework@1.3.9/UnityEditor.TestRunner/TestRunner/EditModeRunner.cs:164)
UnityEditor.TestTools.TestRunner.EditModeRunner:TestConsumer (UnityEditor.TestTools.TestRunner.TestRunnerStateSerializer) (at ./Library/PackageCache/com.unity.test-framework@1.3.9/UnityEditor.TestRunner/TestRunner/EditModeRunner.cs:197)
UnityEditor.TestTools.TestRunner.TestRun.Tasks.EditModeRunTask/<Execute>d__1:MoveNext () (at ./Library/PackageCache/com.unity.test-framework@1.3.9/UnityEditor.TestRunner/TestRun/Tasks/EditModeRunTask.cs:47)
UnityEditor.TestTools.TestRunner.TestRun.TestJobRunner:ExecuteStep () (at ./Library/PackageCache/com.unity.test-framework@1.3.9/UnityEditor.TestRunner/TestRun/TestJobRunner.cs:172)
UnityEditor.TestTools.TestRunner.TestRun.TestJobRunner:ExecuteCallback () (at ./Library/PackageCache/com.unity.test-framework@1.3.9/UnityEditor.TestRunner/TestRun/TestJobRunner.cs:108)
UnityEditor.EditorApplication:Internal_CallUpdateFunctions ()

(Filename: Assets/_Project/Scripts/OfficeSupplies/OfficeSupplyInstance.cs Line: 47)

[SynergyResolver] paperclip: duration 10.00s → 20.00s (PendingReview)
UnityEngine.StackTraceUtility:ExtractStackTrace ()
UnityEngine.DebugLogHandler:LogFormat (UnityEngine.LogType,UnityEngine.Object,string,object[])
UnityEngine.Logger:Log (UnityEngine.LogType,object)
UnityEngine.Debug:Log (object)
Desk42.OfficeSupplies.SynergyResolver:ApplyDurationModifiers (Desk42.Core.PunchCardType,single,System.Collections.Generic.IReadOnlyList`1<string>) (at Assets/_Project/Scripts/OfficeSupplies/SynergyResolver.cs:96)
Desk42.Tests.EditMode.SynergyResolverTests:Paperclip_DoublesPendingReviewDuration () (at Assets/_Project/Tests/EditMode/SynergyResolverTests.cs:65)
System.Reflection.RuntimeMethodInfo:Invoke (object,System.Reflection.BindingFlags,System.Reflection.Binder,object[],System.Globalization.CultureInfo)
System.Reflection.MethodBase:Invoke (object,object[])
NUnit.Framework.Internal.Reflect:InvokeMethod (System.Reflection.MethodInfo,object,object[])
NUnit.Framework.Internal.MethodWrapper:Invoke (object,object[])
NUnit.Framework.Internal.Commands.TestMethodCommand:RunNonAsyncTestMethod (NUnit.Framework.Internal.ITestExecutionContext)
NUnit.Framework.Internal.Commands.TestMethodCommand:RunTestMethod (NUnit.Framework.Internal.ITestExecutionContext)
NUnit.Framework.Internal.Commands.TestMethodCommand:Execute (NUnit.Framework.Internal.ITestExecutionContext)
UnityEngine.TestTools.UnityTestMethodCommand:Execute (NUnit.Framework.Internal.ITestExecutionContext) (at ./Library/PackageCache/com.unity.test-framework@1.3.9/UnityEngine.TestRunner/NUnitExtensions/Commands/UnityTestMethodCommand.cs:16)
UnityEngine.TestRunner.NUnitExtensions.Runner.UnityLogCheckDelegatingCommand/<>c__DisplayClass2_0:<Execute>b__0 () (at ./Library/PackageCache/com.unity.test-framework@1.3.9/UnityEngine.TestRunner/NUnitExtensions/Runner/UnityLogCheckDelegatingCommand.cs:24)
UnityEngine.TestRunner.NUnitExtensions.Runner.UnityLogCheckDelegatingCommand:CaptureException (NUnit.Framework.Internal.TestResult,System.Action) (at ./Library/PackageCache/com.unity.test-framework@1.3.9/UnityEngine.TestRunner/NUnitExtensions/Runner/UnityLogCheckDelegatingCommand.cs:68)
UnityEngine.TestRunner.NUnitExtensions.Runner.UnityLogCheckDelegatingCommand:ExecuteAndCheckLog (UnityEngine.TestTools.Logging.LogScope,NUnit.Framework.Internal.TestResult,System.Action) (at ./Library/PackageCache/com.unity.test-framework@1.3.9/UnityEngine.TestRunner/NUnitExtensions/Runner/UnityLogCheckDelegatingCommand.cs:79)
UnityEngine.TestRunner.NUnitExtensions.Runner.UnityLogCheckDelegatingCommand:Execute (NUnit.Framework.Internal.ITestExecutionContext) (at ./Library/PackageCache/com.unity.test-framework@1.3.9/UnityEngine.TestRunner/NUnitExtensions/Runner/UnityLogCheckDelegatingCommand.cs:24)
UnityEngine.TestRunner.NUnitExtensions.Runner.UnityLogCheckDelegatingCommand/<ExecuteEnumerable>d__3:MoveNext () (at ./Library/PackageCache/com.unity.test-framework@1.3.9/UnityEngine.TestRunner/NUnitExtensions/Runner/UnityLogCheckDelegatingCommand.cs:35)
UnityEngine.TestTools.BeforeAfterTestCommandBase`1/<ExecuteEnumerable>d__14<NUnit.Framework.ITestAction>:MoveNext () (at ./Library/PackageCache/com.unity.test-framework@1.3.9/UnityEngine.TestRunner/NUnitExtensions/Commands/BeforeAfterTestCommandBase.cs:173)
UnityEngine.TestTools.ImmediateEnumerableCommand:Execute (NUnit.Framework.Internal.ITestExecutionContext) (at ./Library/PackageCache/com.unity.test-framework@1.3.9/UnityEngine.TestRunner/NUnitExtensions/Commands/ImmediateEnumerableCommand.cs:18)
UnityEngine.TestTools.BeforeAfterTestCommandBase`1/<ExecuteEnumerable>d__14<System.Reflection.MethodInfo>:MoveNext () (at ./Library/PackageCache/com.unity.test-framework@1.3.9/UnityEngine.TestRunner/NUnitExtensions/Commands/BeforeAfterTestCommandBase.cs:181)
UnityEngine.TestTools.BeforeAfterTestCommandBase`1/<ExecuteEnumerable>d__14<System.Reflection.MethodInfo>:MoveNext () (at ./Library/PackageCache/com.unity.test-framework@1.3.9/UnityEngine.TestRunner/NUnitExtensions/Commands/BeforeAfterTestCommandBase.cs:173)
UnityEngine.TestTools.BeforeAfterTestCommandBase`1/<ExecuteEnumerable>d__14<UnityEngine.TestTools.IOuterUnityTestAction>:MoveNext () (at ./Library/PackageCache/com.unity.test-framework@1.3.9/UnityEngine.TestRunner/NUnitExtensions/Commands/BeforeAfterTestCommandBase.cs:173)
UnityEngine.TestTools.RetryCommand/<ExecuteEnumerable>d__2:MoveNext () (at ./Library/PackageCache/com.unity.test-framework@1.3.9/UnityEngine.TestRunner/NUnitExtensions/Commands/RetryCommand.cs:37)
UnityEngine.TestTools.RepeatCommand/<ExecuteEnumerable>d__2:MoveNext () (at ./Library/PackageCache/com.unity.test-framework@1.3.9/UnityEngine.TestRunner/NUnitExtensions/Commands/RepeatCommand.cs:36)
UnityEngine.TestTools.TimeoutCommand/<ExecuteEnumerable>d__3:MoveNext () (at ./Library/PackageCache/com.unity.test-framework@1.3.9/UnityEngine.TestRunner/NUnitExtensions/Commands/TimeoutCommand.cs:33)
UnityEngine.TestTools.IgnoreTestCommand/<ExecuteEnumerable>d__3:MoveNext () (at ./Library/PackageCache/com.unity.test-framework@1.3.9/UnityEngine.TestRunner/NUnitExtensions/Commands/IgnoreTestCommand.cs:42)
UnityEngine.TestTools.StrictCheckCommand/<ExecuteEnumerable>d__2:MoveNext () (at ./Library/PackageCache/com.unity.test-framework@1.3.9/UnityEngine.TestRunner/NUnitExtensions/Commands/StrictCheckCommand.cs:29)
UnityEngine.TestRunner.NUnitExtensions.Runner.DefaultTestWorkItem/<PerformWork>d__2:MoveNext () (at ./Library/PackageCache/com.unity.test-framework@1.3.9/UnityEngine.TestRunner/NUnitExtensions/Runner/DefaultTestWorkItem.cs:50)
UnityEngine.TestRunner.NUnitExtensions.Runner.CompositeWorkItem/<RunChildren>d__16:MoveNext () (at ./Library/PackageCache/com.unity.test-framework@1.3.9/UnityEngine.TestRunner/NUnitExtensions/Runner/CompositeWorkItem.cs:197)
UnityEngine.TestRunner.NUnitExtensions.Runner.CompositeWorkItem/<PerformWork>d__12:MoveNext () (at ./Library/PackageCache/com.unity.test-framework@1.3.9/UnityEngine.TestRunner/NUnitExtensions/Runner/CompositeWorkItem.cs:76)
UnityEngine.TestRunner.NUnitExtensions.Runner.CompositeWorkItem/<RunChildren>d__16:MoveNext () (at ./Library/PackageCache/com.unity.test-framework@1.3.9/UnityEngine.TestRunner/NUnitExtensions/Runner/CompositeWorkItem.cs:197)
UnityEngine.TestRunner.NUnitExtensions.Runner.CompositeWorkItem/<PerformWork>d__12:MoveNext () (at ./Library/PackageCache/com.unity.test-framework@1.3.9/UnityEngine.TestRunner/NUnitExtensions/Runner/CompositeWorkItem.cs:76)
UnityEngine.TestRunner.NUnitExtensions.Runner.CompositeWorkItem/<RunChildren>d__16:MoveNext () (at ./Library/PackageCache/com.unity.test-framework@1.3.9/UnityEngine.TestRunner/NUnitExtensions/Runner/CompositeWorkItem.cs:197)
UnityEngine.TestRunner.NUnitExtensions.Runner.CompositeWorkItem/<PerformWork>d__12:MoveNext () (at ./Library/PackageCache/com.unity.test-framework@1.3.9/UnityEngine.TestRunner/NUnitExtensions/Runner/CompositeWorkItem.cs:76)
UnityEngine.TestRunner.NUnitExtensions.Runner.CompositeWorkItem/<RunChildren>d__16:MoveNext () (at ./Library/PackageCache/com.unity.test-framework@1.3.9/UnityEngine.TestRunner/NUnitExtensions/Runner/CompositeWorkItem.cs:197)
UnityEngine.TestRunner.NUnitExtensions.Runner.CompositeWorkItem/<PerformWork>d__12:MoveNext () (at ./Library/PackageCache/com.unity.test-framework@1.3.9/UnityEngine.TestRunner/NUnitExtensions/Runner/CompositeWorkItem.cs:76)
UnityEngine.TestRunner.NUnitExtensions.Runner.CompositeWorkItem/<RunChildren>d__16:MoveNext () (at ./Library/PackageCache/com.unity.test-framework@1.3.9/UnityEngine.TestRunner/NUnitExtensions/Runner/CompositeWorkItem.cs:197)
UnityEngine.TestRunner.NUnitExtensions.Runner.CompositeWorkItem/<PerformWork>d__12:MoveNext () (at ./Library/PackageCache/com.unity.test-framework@1.3.9/UnityEngine.TestRunner/NUnitExtensions/Runner/CompositeWorkItem.cs:76)
UnityEngine.TestRunner.NUnitExtensions.Runner.CompositeWorkItem/<RunChildren>d__16:MoveNext () (at ./Library/PackageCache/com.unity.test-framework@1.3.9/UnityEngine.TestRunner/NUnitExtensions/Runner/CompositeWorkItem.cs:197)
UnityEngine.TestRunner.NUnitExtensions.Runner.CompositeWorkItem/<PerformWork>d__12:MoveNext () (at ./Library/PackageCache/com.unity.test-framework@1.3.9/UnityEngine.TestRunner/NUnitExtensions/Runner/CompositeWorkItem.cs:76)
UnityEditor.TestTools.TestRunner.EditModeRunner:MoveNextAndUpdateYieldObject () (at ./Library/PackageCache/com.unity.test-framework@1.3.9/UnityEditor.TestRunner/TestRunner/EditModeRunner.cs:164)
UnityEditor.TestTools.TestRunner.EditModeRunner:TestConsumer (UnityEditor.TestTools.TestRunner.TestRunnerStateSerializer) (at ./Library/PackageCache/com.unity.test-framework@1.3.9/UnityEditor.TestRunner/TestRunner/EditModeRunner.cs:197)
UnityEditor.TestTools.TestRunner.TestRun.Tasks.EditModeRunTask/<Execute>d__1:MoveNext () (at ./Library/PackageCache/com.unity.test-framework@1.3.9/UnityEditor.TestRunner/TestRun/Tasks/EditModeRunTask.cs:47)
UnityEditor.TestTools.TestRunner.TestRun.TestJobRunner:ExecuteStep () (at ./Library/PackageCache/com.unity.test-framework@1.3.9/UnityEditor.TestRunner/TestRun/TestJobRunner.cs:172)
UnityEditor.TestTools.TestRunner.TestRun.TestJobRunner:ExecuteCallback () (at ./Library/PackageCache/com.unity.test-framework@1.3.9/UnityEditor.TestRunner/TestRun/TestJobRunner.cs:108)
UnityEditor.EditorApplication:Internal_CallUpdateFunctions ()

(Filename: Assets/_Project/Scripts/OfficeSupplies/SynergyResolver.cs Line: 96)

[Supply] Placed: paperclip
UnityEngine.StackTraceUtility:ExtractStackTrace ()
UnityEngine.DebugLogHandler:LogFormat (UnityEngine.LogType,UnityEngine.Object,string,object[])
UnityEngine.Logger:Log (UnityEngine.LogType,object)
UnityEngine.Debug:Log (object)
Desk42.OfficeSupplies.OfficeSupplyInstance:Place (Desk42.OfficeSupplies.SupplyContext) (at Assets/_Project/Scripts/OfficeSupplies/OfficeSupplyInstance.cs:47)
Desk42.OfficeSupplies.OfficeSupplyManager:PlaceSupply (Desk42.OfficeSupplies.OfficeSupplyData) (at Assets/_Project/Scripts/OfficeSupplies/OfficeSupplyManager.cs:98)
Desk42.Tests.EditMode.SynergyResolverTests:PlaceTestSupply (string,Desk42.OfficeSupplies.DeskZone) (at Assets/_Project/Tests/EditMode/SynergyResolverTests.cs:54)
Desk42.Tests.EditMode.SynergyResolverTests:Paperclip_DurationChange_IsCurrentlyOnlyObservableViaLog () (at Assets/_Project/Tests/EditMode/SynergyResolverTests.cs:158)
System.Reflection.RuntimeMethodInfo:Invoke (object,System.Reflection.BindingFlags,System.Reflection.Binder,object[],System.Globalization.CultureInfo)
System.Reflection.MethodBase:Invoke (object,object[])
NUnit.Framework.Internal.Reflect:InvokeMethod (System.Reflection.MethodInfo,object,object[])
NUnit.Framework.Internal.MethodWrapper:Invoke (object,object[])
NUnit.Framework.Internal.Commands.TestMethodCommand:RunNonAsyncTestMethod (NUnit.Framework.Internal.ITestExecutionContext)
NUnit.Framework.Internal.Commands.TestMethodCommand:RunTestMethod (NUnit.Framework.Internal.ITestExecutionContext)
NUnit.Framework.Internal.Commands.TestMethodCommand:Execute (NUnit.Framework.Internal.ITestExecutionContext)
UnityEngine.TestTools.UnityTestMethodCommand:Execute (NUnit.Framework.Internal.ITestExecutionContext) (at ./Library/PackageCache/com.unity.test-framework@1.3.9/UnityEngine.TestRunner/NUnitExtensions/Commands/UnityTestMethodCommand.cs:16)
UnityEngine.TestRunner.NUnitExtensions.Runner.UnityLogCheckDelegatingCommand/<>c__DisplayClass2_0:<Execute>b__0 () (at ./Library/PackageCache/com.unity.test-framework@1.3.9/UnityEngine.TestRunner/NUnitExtensions/Runner/UnityLogCheckDelegatingCommand.cs:24)
UnityEngine.TestRunner.NUnitExtensions.Runner.UnityLogCheckDelegatingCommand:CaptureException (NUnit.Framework.Internal.TestResult,System.Action) (at ./Library/PackageCache/com.unity.test-framework@1.3.9/UnityEngine.TestRunner/NUnitExtensions/Runner/UnityLogCheckDelegatingCommand.cs:68)
UnityEngine.TestRunner.NUnitExtensions.Runner.UnityLogCheckDelegatingCommand:ExecuteAndCheckLog (UnityEngine.TestTools.Logging.LogScope,NUnit.Framework.Internal.TestResult,System.Action) (at ./Library/PackageCache/com.unity.test-framework@1.3.9/UnityEngine.TestRunner/NUnitExtensions/Runner/UnityLogCheckDelegatingCommand.cs:79)
UnityEngine.TestRunner.NUnitExtensions.Runner.UnityLogCheckDelegatingCommand:Execute (NUnit.Framework.Internal.ITestExecutionContext) (at ./Library/PackageCache/com.unity.test-framework@1.3.9/UnityEngine.TestRunner/NUnitExtensions/Runner/UnityLogCheckDelegatingCommand.cs:24)
UnityEngine.TestRunner.NUnitExtensions.Runner.UnityLogCheckDelegatingCommand/<ExecuteEnumerable>d__3:MoveNext () (at ./Library/PackageCache/com.unity.test-framework@1.3.9/UnityEngine.TestRunner/NUnitExtensions/Runner/UnityLogCheckDelegatingCommand.cs:35)
UnityEngine.TestTools.BeforeAfterTestCommandBase`1/<ExecuteEnumerable>d__14<NUnit.Framework.ITestAction>:MoveNext () (at ./Library/PackageCache/com.unity.test-framework@1.3.9/UnityEngine.TestRunner/NUnitExtensions/Commands/BeforeAfterTestCommandBase.cs:173)
UnityEngine.TestTools.ImmediateEnumerableCommand:Execute (NUnit.Framework.Internal.ITestExecutionContext) (at ./Library/PackageCache/com.unity.test-framework@1.3.9/UnityEngine.TestRunner/NUnitExtensions/Commands/ImmediateEnumerableCommand.cs:18)
UnityEngine.TestTools.BeforeAfterTestCommandBase`1/<ExecuteEnumerable>d__14<System.Reflection.MethodInfo>:MoveNext () (at ./Library/PackageCache/com.unity.test-framework@1.3.9/UnityEngine.TestRunner/NUnitExtensions/Commands/BeforeAfterTestCommandBase.cs:181)
UnityEngine.TestTools.BeforeAfterTestCommandBase`1/<ExecuteEnumerable>d__14<System.Reflection.MethodInfo>:MoveNext () (at ./Library/PackageCache/com.unity.test-framework@1.3.9/UnityEngine.TestRunner/NUnitExtensions/Commands/BeforeAfterTestCommandBase.cs:173)
UnityEngine.TestTools.BeforeAfterTestCommandBase`1/<ExecuteEnumerable>d__14<UnityEngine.TestTools.IOuterUnityTestAction>:MoveNext () (at ./Library/PackageCache/com.unity.test-framework@1.3.9/UnityEngine.TestRunner/NUnitExtensions/Commands/BeforeAfterTestCommandBase.cs:173)
UnityEngine.TestTools.RetryCommand/<ExecuteEnumerable>d__2:MoveNext () (at ./Library/PackageCache/com.unity.test-framework@1.3.9/UnityEngine.TestRunner/NUnitExtensions/Commands/RetryCommand.cs:37)
UnityEngine.TestTools.RepeatCommand/<ExecuteEnumerable>d__2:MoveNext () (at ./Library/PackageCache/com.unity.test-framework@1.3.9/UnityEngine.TestRunner/NUnitExtensions/Commands/RepeatCommand.cs:36)
UnityEngine.TestTools.TimeoutCommand/<ExecuteEnumerable>d__3:MoveNext () (at ./Library/PackageCache/com.unity.test-framework@1.3.9/UnityEngine.TestRunner/NUnitExtensions/Commands/TimeoutCommand.cs:33)
UnityEngine.TestTools.IgnoreTestCommand/<ExecuteEnumerable>d__3:MoveNext () (at ./Library/PackageCache/com.unity.test-framework@1.3.9/UnityEngine.TestRunner/NUnitExtensions/Commands/IgnoreTestCommand.cs:42)
UnityEngine.TestTools.StrictCheckCommand/<ExecuteEnumerable>d__2:MoveNext () (at ./Library/PackageCache/com.unity.test-framework@1.3.9/UnityEngine.TestRunner/NUnitExtensions/Commands/StrictCheckCommand.cs:29)
UnityEngine.TestRunner.NUnitExtensions.Runner.DefaultTestWorkItem/<PerformWork>d__2:MoveNext () (at ./Library/PackageCache/com.unity.test-framework@1.3.9/UnityEngine.TestRunner/NUnitExtensions/Runner/DefaultTestWorkItem.cs:50)
UnityEngine.TestRunner.NUnitExtensions.Runner.CompositeWorkItem/<RunChildren>d__16:MoveNext () (at ./Library/PackageCache/com.unity.test-framework@1.3.9/UnityEngine.TestRunner/NUnitExtensions/Runner/CompositeWorkItem.cs:197)
UnityEngine.TestRunner.NUnitExtensions.Runner.CompositeWorkItem/<PerformWork>d__12:MoveNext () (at ./Library/PackageCache/com.unity.test-framework@1.3.9/UnityEngine.TestRunner/NUnitExtensions/Runner/CompositeWorkItem.cs:76)
UnityEngine.TestRunner.NUnitExtensions.Runner.CompositeWorkItem/<RunChildren>d__16:MoveNext () (at ./Library/PackageCache/com.unity.test-framework@1.3.9/UnityEngine.TestRunner/NUnitExtensions/Runner/CompositeWorkItem.cs:197)
UnityEngine.TestRunner.NUnitExtensions.Runner.CompositeWorkItem/<PerformWork>d__12:MoveNext () (at ./Library/PackageCache/com.unity.test-framework@1.3.9/UnityEngine.TestRunner/NUnitExtensions/Runner/CompositeWorkItem.cs:76)
UnityEngine.TestRunner.NUnitExtensions.Runner.CompositeWorkItem/<RunChildren>d__16:MoveNext () (at ./Library/PackageCache/com.unity.test-framework@1.3.9/UnityEngine.TestRunner/NUnitExtensions/Runner/CompositeWorkItem.cs:197)
UnityEngine.TestRunner.NUnitExtensions.Runner.CompositeWorkItem/<PerformWork>d__12:MoveNext () (at ./Library/PackageCache/com.unity.test-framework@1.3.9/UnityEngine.TestRunner/NUnitExtensions/Runner/CompositeWorkItem.cs:76)
UnityEngine.TestRunner.NUnitExtensions.Runner.CompositeWorkItem/<RunChildren>d__16:MoveNext () (at ./Library/PackageCache/com.unity.test-framework@1.3.9/UnityEngine.TestRunner/NUnitExtensions/Runner/CompositeWorkItem.cs:197)
UnityEngine.TestRunner.NUnitExtensions.Runner.CompositeWorkItem/<PerformWork>d__12:MoveNext () (at ./Library/PackageCache/com.unity.test-framework@1.3.9/UnityEngine.TestRunner/NUnitExtensions/Runner/CompositeWorkItem.cs:76)
UnityEngine.TestRunner.NUnitExtensions.Runner.CompositeWorkItem/<RunChildren>d__16:MoveNext () (at ./Library/PackageCache/com.unity.test-framework@1.3.9/UnityEngine.TestRunner/NUnitExtensions/Runner/CompositeWorkItem.cs:197)
UnityEngine.TestRunner.NUnitExtensions.Runner.CompositeWorkItem/<PerformWork>d__12:MoveNext () (at ./Library/PackageCache/com.unity.test-framework@1.3.9/UnityEngine.TestRunner/NUnitExtensions/Runner/CompositeWorkItem.cs:76)
UnityEngine.TestRunner.NUnitExtensions.Runner.CompositeWorkItem/<RunChildren>d__16:MoveNext () (at ./Library/PackageCache/com.unity.test-framework@1.3.9/UnityEngine.TestRunner/NUnitExtensions/Runner/CompositeWorkItem.cs:197)
UnityEngine.TestRunner.NUnitExtensions.Runner.CompositeWorkItem/<PerformWork>d__12:MoveNext () (at ./Library/PackageCache/com.unity.test-framework@1.3.9/UnityEngine.TestRunner/NUnitExtensions/Runner/CompositeWorkItem.cs:76)
UnityEditor.TestTools.TestRunner.EditModeRunner:MoveNextAndUpdateYieldObject () (at ./Library/PackageCache/com.unity.test-framework@1.3.9/UnityEditor.TestRunner/TestRunner/EditModeRunner.cs:164)
UnityEditor.TestTools.TestRunner.EditModeRunner:TestConsumer (UnityEditor.TestTools.TestRunner.TestRunnerStateSerializer) (at ./Library/PackageCache/com.unity.test-framework@1.3.9/UnityEditor.TestRunner/TestRunner/EditModeRunner.cs:197)
UnityEditor.TestTools.TestRunner.TestRun.Tasks.EditModeRunTask/<Execute>d__1:MoveNext () (at ./Library/PackageCache/com.unity.test-framework@1.3.9/UnityEditor.TestRunner/TestRun/Tasks/EditModeRunTask.cs:47)
UnityEditor.TestTools.TestRunner.TestRun.TestJobRunner:ExecuteStep () (at ./Library/PackageCache/com.unity.test-framework@1.3.9/UnityEditor.TestRunner/TestRun/TestJobRunner.cs:172)
UnityEditor.TestTools.TestRunner.TestRun.TestJobRunner:ExecuteCallback () (at ./Library/PackageCache/com.unity.test-framework@1.3.9/UnityEditor.TestRunner/TestRun/TestJobRunner.cs:108)
UnityEditor.EditorApplication:Internal_CallUpdateFunctions ()

(Filename: Assets/_Project/Scripts/OfficeSupplies/OfficeSupplyInstance.cs Line: 47)

[SynergyResolver] paperclip: duration 10.00s → 20.00s (PendingReview)
UnityEngine.StackTraceUtility:ExtractStackTrace ()
UnityEngine.DebugLogHandler:LogFormat (UnityEngine.LogType,UnityEngine.Object,string,object[])
UnityEngine.Logger:Log (UnityEngine.LogType,object)
UnityEngine.Debug:Log (object)
Desk42.OfficeSupplies.SynergyResolver:ApplyDurationModifiers (Desk42.Core.PunchCardType,single,System.Collections.Generic.IReadOnlyList`1<string>) (at Assets/_Project/Scripts/OfficeSupplies/SynergyResolver.cs:96)
Desk42.Tests.EditMode.SynergyResolverTests:Paperclip_DurationChange_IsCurrentlyOnlyObservableViaLog () (at Assets/_Project/Tests/EditMode/SynergyResolverTests.cs:164)
System.Reflection.RuntimeMethodInfo:Invoke (object,System.Reflection.BindingFlags,System.Reflection.Binder,object[],System.Globalization.CultureInfo)
System.Reflection.MethodBase:Invoke (object,object[])
NUnit.Framework.Internal.Reflect:InvokeMethod (System.Reflection.MethodInfo,object,object[])
NUnit.Framework.Internal.MethodWrapper:Invoke (object,object[])
NUnit.Framework.Internal.Commands.TestMethodCommand:RunNonAsyncTestMethod (NUnit.Framework.Internal.ITestExecutionContext)
NUnit.Framework.Internal.Commands.TestMethodCommand:RunTestMethod (NUnit.Framework.Internal.ITestExecutionContext)
NUnit.Framework.Internal.Commands.TestMethodCommand:Execute (NUnit.Framework.Internal.ITestExecutionContext)
UnityEngine.TestTools.UnityTestMethodCommand:Execute (NUnit.Framework.Internal.ITestExecutionContext) (at ./Library/PackageCache/com.unity.test-framework@1.3.9/UnityEngine.TestRunner/NUnitExtensions/Commands/UnityTestMethodCommand.cs:16)
UnityEngine.TestRunner.NUnitExtensions.Runner.UnityLogCheckDelegatingCommand/<>c__DisplayClass2_0:<Execute>b__0 () (at ./Library/PackageCache/com.unity.test-framework@1.3.9/UnityEngine.TestRunner/NUnitExtensions/Runner/UnityLogCheckDelegatingCommand.cs:24)
UnityEngine.TestRunner.NUnitExtensions.Runner.UnityLogCheckDelegatingCommand:CaptureException (NUnit.Framework.Internal.TestResult,System.Action) (at ./Library/PackageCache/com.unity.test-framework@1.3.9/UnityEngine.TestRunner/NUnitExtensions/Runner/UnityLogCheckDelegatingCommand.cs:68)
UnityEngine.TestRunner.NUnitExtensions.Runner.UnityLogCheckDelegatingCommand:ExecuteAndCheckLog (UnityEngine.TestTools.Logging.LogScope,NUnit.Framework.Internal.TestResult,System.Action) (at ./Library/PackageCache/com.unity.test-framework@1.3.9/UnityEngine.TestRunner/NUnitExtensions/Runner/UnityLogCheckDelegatingCommand.cs:79)
UnityEngine.TestRunner.NUnitExtensions.Runner.UnityLogCheckDelegatingCommand:Execute (NUnit.Framework.Internal.ITestExecutionContext) (at ./Library/PackageCache/com.unity.test-framework@1.3.9/UnityEngine.TestRunner/NUnitExtensions/Runner/UnityLogCheckDelegatingCommand.cs:24)
UnityEngine.TestRunner.NUnitExtensions.Runner.UnityLogCheckDelegatingCommand/<ExecuteEnumerable>d__3:MoveNext () (at ./Library/PackageCache/com.unity.test-framework@1.3.9/UnityEngine.TestRunner/NUnitExtensions/Runner/UnityLogCheckDelegatingCommand.cs:35)
UnityEngine.TestTools.BeforeAfterTestCommandBase`1/<ExecuteEnumerable>d__14<NUnit.Framework.ITestAction>:MoveNext () (at ./Library/PackageCache/com.unity.test-framework@1.3.9/UnityEngine.TestRunner/NUnitExtensions/Commands/BeforeAfterTestCommandBase.cs:173)
UnityEngine.TestTools.ImmediateEnumerableCommand:Execute (NUnit.Framework.Internal.ITestExecutionContext) (at ./Library/PackageCache/com.unity.test-framework@1.3.9/UnityEngine.TestRunner/NUnitExtensions/Commands/ImmediateEnumerableCommand.cs:18)
UnityEngine.TestTools.BeforeAfterTestCommandBase`1/<ExecuteEnumerable>d__14<System.Reflection.MethodInfo>:MoveNext () (at ./Library/PackageCache/com.unity.test-framework@1.3.9/UnityEngine.TestRunner/NUnitExtensions/Commands/BeforeAfterTestCommandBase.cs:181)
UnityEngine.TestTools.BeforeAfterTestCommandBase`1/<ExecuteEnumerable>d__14<System.Reflection.MethodInfo>:MoveNext () (at ./Library/PackageCache/com.unity.test-framework@1.3.9/UnityEngine.TestRunner/NUnitExtensions/Commands/BeforeAfterTestCommandBase.cs:173)
UnityEngine.TestTools.BeforeAfterTestCommandBase`1/<ExecuteEnumerable>d__14<UnityEngine.TestTools.IOuterUnityTestAction>:MoveNext () (at ./Library/PackageCache/com.unity.test-framework@1.3.9/UnityEngine.TestRunner/NUnitExtensions/Commands/BeforeAfterTestCommandBase.cs:173)
UnityEngine.TestTools.RetryCommand/<ExecuteEnumerable>d__2:MoveNext () (at ./Library/PackageCache/com.unity.test-framework@1.3.9/UnityEngine.TestRunner/NUnitExtensions/Commands/RetryCommand.cs:37)
UnityEngine.TestTools.RepeatCommand/<ExecuteEnumerable>d__2:MoveNext () (at ./Library/PackageCache/com.unity.test-framework@1.3.9/UnityEngine.TestRunner/NUnitExtensions/Commands/RepeatCommand.cs:36)
UnityEngine.TestTools.TimeoutCommand/<ExecuteEnumerable>d__3:MoveNext () (at ./Library/PackageCache/com.unity.test-framework@1.3.9/UnityEngine.TestRunner/NUnitExtensions/Commands/TimeoutCommand.cs:33)
UnityEngine.TestTools.IgnoreTestCommand/<ExecuteEnumerable>d__3:MoveNext () (at ./Library/PackageCache/com.unity.test-framework@1.3.9/UnityEngine.TestRunner/NUnitExtensions/Commands/IgnoreTestCommand.cs:42)
UnityEngine.TestTools.StrictCheckCommand/<ExecuteEnumerable>d__2:MoveNext () (at ./Library/PackageCache/com.unity.test-framework@1.3.9/UnityEngine.TestRunner/NUnitExtensions/Commands/StrictCheckCommand.cs:29)
UnityEngine.TestRunner.NUnitExtensions.Runner.DefaultTestWorkItem/<PerformWork>d__2:MoveNext () (at ./Library/PackageCache/com.unity.test-framework@1.3.9/UnityEngine.TestRunner/NUnitExtensions/Runner/DefaultTestWorkItem.cs:50)
UnityEngine.TestRunner.NUnitExtensions.Runner.CompositeWorkItem/<RunChildren>d__16:MoveNext () (at ./Library/PackageCache/com.unity.test-framework@1.3.9/UnityEngine.TestRunner/NUnitExtensions/Runner/CompositeWorkItem.cs:197)
UnityEngine.TestRunner.NUnitExtensions.Runner.CompositeWorkItem/<PerformWork>d__12:MoveNext () (at ./Library/PackageCache/com.unity.test-framework@1.3.9/UnityEngine.TestRunner/NUnitExtensions/Runner/CompositeWorkItem.cs:76)
UnityEngine.TestRunner.NUnitExtensions.Runner.CompositeWorkItem/<RunChildren>d__16:MoveNext () (at ./Library/PackageCache/com.unity.test-framework@1.3.9/UnityEngine.TestRunner/NUnitExtensions/Runner/CompositeWorkItem.cs:197)
UnityEngine.TestRunner.NUnitExtensions.Runner.CompositeWorkItem/<PerformWork>d__12:MoveNext () (at ./Library/PackageCache/com.unity.test-framework@1.3.9/UnityEngine.TestRunner/NUnitExtensions/Runner/CompositeWorkItem.cs:76)
UnityEngine.TestRunner.NUnitExtensions.Runner.CompositeWorkItem/<RunChildren>d__16:MoveNext () (at ./Library/PackageCache/com.unity.test-framework@1.3.9/UnityEngine.TestRunner/NUnitExtensions/Runner/CompositeWorkItem.cs:197)
UnityEngine.TestRunner.NUnitExtensions.Runner.CompositeWorkItem/<PerformWork>d__12:MoveNext () (at ./Library/PackageCache/com.unity.test-framework@1.3.9/UnityEngine.TestRunner/NUnitExtensions/Runner/CompositeWorkItem.cs:76)
UnityEngine.TestRunner.NUnitExtensions.Runner.CompositeWorkItem/<RunChildren>d__16:MoveNext () (at ./Library/PackageCache/com.unity.test-framework@1.3.9/UnityEngine.TestRunner/NUnitExtensions/Runner/CompositeWorkItem.cs:197)
UnityEngine.TestRunner.NUnitExtensions.Runner.CompositeWorkItem/<PerformWork>d__12:MoveNext () (at ./Library/PackageCache/com.unity.test-framework@1.3.9/UnityEngine.TestRunner/NUnitExtensions/Runner/CompositeWorkItem.cs:76)
UnityEngine.TestRunner.NUnitExtensions.Runner.CompositeWorkItem/<RunChildren>d__16:MoveNext () (at ./Library/PackageCache/com.unity.test-framework@1.3.9/UnityEngine.TestRunner/NUnitExtensions/Runner/CompositeWorkItem.cs:197)
UnityEngine.TestRunner.NUnitExtensions.Runner.CompositeWorkItem/<PerformWork>d__12:MoveNext () (at ./Library/PackageCache/com.unity.test-framework@1.3.9/UnityEngine.TestRunner/NUnitExtensions/Runner/CompositeWorkItem.cs:76)
UnityEngine.TestRunner.NUnitExtensions.Runner.CompositeWorkItem/<RunChildren>d__16:MoveNext () (at ./Library/PackageCache/com.unity.test-framework@1.3.9/UnityEngine.TestRunner/NUnitExtensions/Runner/CompositeWorkItem.cs:197)
UnityEngine.TestRunner.NUnitExtensions.Runner.CompositeWorkItem/<PerformWork>d__12:MoveNext () (at ./Library/PackageCache/com.unity.test-framework@1.3.9/UnityEngine.TestRunner/NUnitExtensions/Runner/CompositeWorkItem.cs:76)
UnityEditor.TestTools.TestRunner.EditModeRunner:MoveNextAndUpdateYieldObject () (at ./Library/PackageCache/com.unity.test-framework@1.3.9/UnityEditor.TestRunner/TestRunner/EditModeRunner.cs:164)
UnityEditor.TestTools.TestRunner.EditModeRunner:TestConsumer (UnityEditor.TestTools.TestRunner.TestRunnerStateSerializer) (at ./Library/PackageCache/com.unity.test-framework@1.3.9/UnityEditor.TestRunner/TestRunner/EditModeRunner.cs:197)
UnityEditor.TestTools.TestRunner.TestRun.Tasks.EditModeRunTask/<Execute>d__1:MoveNext () (at ./Library/PackageCache/com.unity.test-framework@1.3.9/UnityEditor.TestRunner/TestRun/Tasks/EditModeRunTask.cs:47)
UnityEditor.TestTools.TestRunner.TestRun.TestJobRunner:ExecuteStep () (at ./Library/PackageCache/com.unity.test-framework@1.3.9/UnityEditor.TestRunner/TestRun/TestJobRunner.cs:172)
UnityEditor.TestTools.TestRunner.TestRun.TestJobRunner:ExecuteCallback () (at ./Library/PackageCache/com.unity.test-framework@1.3.9/UnityEditor.TestRunner/TestRun/TestJobRunner.cs:108)
UnityEditor.EditorApplication:Internal_CallUpdateFunctions ()

(Filename: Assets/_Project/Scripts/OfficeSupplies/SynergyResolver.cs Line: 96)

[Supply] Placed: paperclip
UnityEngine.StackTraceUtility:ExtractStackTrace ()
UnityEngine.DebugLogHandler:LogFormat (UnityEngine.LogType,UnityEngine.Object,string,object[])
UnityEngine.Logger:Log (UnityEngine.LogType,object)
UnityEngine.Debug:Log (object)
Desk42.OfficeSupplies.OfficeSupplyInstance:Place (Desk42.OfficeSupplies.SupplyContext) (at Assets/_Project/Scripts/OfficeSupplies/OfficeSupplyInstance.cs:47)
Desk42.OfficeSupplies.OfficeSupplyManager:PlaceSupply (Desk42.OfficeSupplies.OfficeSupplyData) (at Assets/_Project/Scripts/OfficeSupplies/OfficeSupplyManager.cs:98)
Desk42.Tests.EditMode.SynergyResolverTests:PlaceTestSupply (string,Desk42.OfficeSupplies.DeskZone) (at Assets/_Project/Tests/EditMode/SynergyResolverTests.cs:54)
Desk42.Tests.EditMode.SynergyResolverTests:Paperclip_PlusNoOpPaperWeight_ChainComposesCorrectly () (at Assets/_Project/Tests/EditMode/SynergyResolverTests.cs:83)
System.Reflection.RuntimeMethodInfo:Invoke (object,System.Reflection.BindingFlags,System.Reflection.Binder,object[],System.Globalization.CultureInfo)
System.Reflection.MethodBase:Invoke (object,object[])
NUnit.Framework.Internal.Reflect:InvokeMethod (System.Reflection.MethodInfo,object,object[])
NUnit.Framework.Internal.MethodWrapper:Invoke (object,object[])
NUnit.Framework.Internal.Commands.TestMethodCommand:RunNonAsyncTestMethod (NUnit.Framework.Internal.ITestExecutionContext)
NUnit.Framework.Internal.Commands.TestMethodCommand:RunTestMethod (NUnit.Framework.Internal.ITestExecutionContext)
NUnit.Framework.Internal.Commands.TestMethodCommand:Execute (NUnit.Framework.Internal.ITestExecutionContext)
UnityEngine.TestTools.UnityTestMethodCommand:Execute (NUnit.Framework.Internal.ITestExecutionContext) (at ./Library/PackageCache/com.unity.test-framework@1.3.9/UnityEngine.TestRunner/NUnitExtensions/Commands/UnityTestMethodCommand.cs:16)
UnityEngine.TestRunner.NUnitExtensions.Runner.UnityLogCheckDelegatingCommand/<>c__DisplayClass2_0:<Execute>b__0 () (at ./Library/PackageCache/com.unity.test-framework@1.3.9/UnityEngine.TestRunner/NUnitExtensions/Runner/UnityLogCheckDelegatingCommand.cs:24)
UnityEngine.TestRunner.NUnitExtensions.Runner.UnityLogCheckDelegatingCommand:CaptureException (NUnit.Framework.Internal.TestResult,System.Action) (at ./Library/PackageCache/com.unity.test-framework@1.3.9/UnityEngine.TestRunner/NUnitExtensions/Runner/UnityLogCheckDelegatingCommand.cs:68)
UnityEngine.TestRunner.NUnitExtensions.Runner.UnityLogCheckDelegatingCommand:ExecuteAndCheckLog (UnityEngine.TestTools.Logging.LogScope,NUnit.Framework.Internal.TestResult,System.Action) (at ./Library/PackageCache/com.unity.test-framework@1.3.9/UnityEngine.TestRunner/NUnitExtensions/Runner/UnityLogCheckDelegatingCommand.cs:79)
UnityEngine.TestRunner.NUnitExtensions.Runner.UnityLogCheckDelegatingCommand:Execute (NUnit.Framework.Internal.ITestExecutionContext) (at ./Library/PackageCache/com.unity.test-framework@1.3.9/UnityEngine.TestRunner/NUnitExtensions/Runner/UnityLogCheckDelegatingCommand.cs:24)
UnityEngine.TestRunner.NUnitExtensions.Runner.UnityLogCheckDelegatingCommand/<ExecuteEnumerable>d__3:MoveNext () (at ./Library/PackageCache/com.unity.test-framework@1.3.9/UnityEngine.TestRunner/NUnitExtensions/Runner/UnityLogCheckDelegatingCommand.cs:35)
UnityEngine.TestTools.BeforeAfterTestCommandBase`1/<ExecuteEnumerable>d__14<NUnit.Framework.ITestAction>:MoveNext () (at ./Library/PackageCache/com.unity.test-framework@1.3.9/UnityEngine.TestRunner/NUnitExtensions/Commands/BeforeAfterTestCommandBase.cs:173)
UnityEngine.TestTools.ImmediateEnumerableCommand:Execute (NUnit.Framework.Internal.ITestExecutionContext) (at ./Library/PackageCache/com.unity.test-framework@1.3.9/UnityEngine.TestRunner/NUnitExtensions/Commands/ImmediateEnumerableCommand.cs:18)
UnityEngine.TestTools.BeforeAfterTestCommandBase`1/<ExecuteEnumerable>d__14<System.Reflection.MethodInfo>:MoveNext () (at ./Library/PackageCache/com.unity.test-framework@1.3.9/UnityEngine.TestRunner/NUnitExtensions/Commands/BeforeAfterTestCommandBase.cs:181)
UnityEngine.TestTools.BeforeAfterTestCommandBase`1/<ExecuteEnumerable>d__14<System.Reflection.MethodInfo>:MoveNext () (at ./Library/PackageCache/com.unity.test-framework@1.3.9/UnityEngine.TestRunner/NUnitExtensions/Commands/BeforeAfterTestCommandBase.cs:173)
UnityEngine.TestTools.BeforeAfterTestCommandBase`1/<ExecuteEnumerable>d__14<UnityEngine.TestTools.IOuterUnityTestAction>:MoveNext () (at ./Library/PackageCache/com.unity.test-framework@1.3.9/UnityEngine.TestRunner/NUnitExtensions/Commands/BeforeAfterTestCommandBase.cs:173)
UnityEngine.TestTools.RetryCommand/<ExecuteEnumerable>d__2:MoveNext () (at ./Library/PackageCache/com.unity.test-framework@1.3.9/UnityEngine.TestRunner/NUnitExtensions/Commands/RetryCommand.cs:37)
UnityEngine.TestTools.RepeatCommand/<ExecuteEnumerable>d__2:MoveNext () (at ./Library/PackageCache/com.unity.test-framework@1.3.9/UnityEngine.TestRunner/NUnitExtensions/Commands/RepeatCommand.cs:36)
UnityEngine.TestTools.TimeoutCommand/<ExecuteEnumerable>d__3:MoveNext () (at ./Library/PackageCache/com.unity.test-framework@1.3.9/UnityEngine.TestRunner/NUnitExtensions/Commands/TimeoutCommand.cs:33)
UnityEngine.TestTools.IgnoreTestCommand/<ExecuteEnumerable>d__3:MoveNext () (at ./Library/PackageCache/com.unity.test-framework@1.3.9/UnityEngine.TestRunner/NUnitExtensions/Commands/IgnoreTestCommand.cs:42)
UnityEngine.TestTools.StrictCheckCommand/<ExecuteEnumerable>d__2:MoveNext () (at ./Library/PackageCache/com.unity.test-framework@1.3.9/UnityEngine.TestRunner/NUnitExtensions/Commands/StrictCheckCommand.cs:29)
UnityEngine.TestRunner.NUnitExtensions.Runner.DefaultTestWorkItem/<PerformWork>d__2:MoveNext () (at ./Library/PackageCache/com.unity.test-framework@1.3.9/UnityEngine.TestRunner/NUnitExtensions/Runner/DefaultTestWorkItem.cs:50)
UnityEngine.TestRunner.NUnitExtensions.Runner.CompositeWorkItem/<RunChildren>d__16:MoveNext () (at ./Library/PackageCache/com.unity.test-framework@1.3.9/UnityEngine.TestRunner/NUnitExtensions/Runner/CompositeWorkItem.cs:197)
UnityEngine.TestRunner.NUnitExtensions.Runner.CompositeWorkItem/<PerformWork>d__12:MoveNext () (at ./Library/PackageCache/com.unity.test-framework@1.3.9/UnityEngine.TestRunner/NUnitExtensions/Runner/CompositeWorkItem.cs:76)
UnityEngine.TestRunner.NUnitExtensions.Runner.CompositeWorkItem/<RunChildren>d__16:MoveNext () (at ./Library/PackageCache/com.unity.test-framework@1.3.9/UnityEngine.TestRunner/NUnitExtensions/Runner/CompositeWorkItem.cs:197)
UnityEngine.TestRunner.NUnitExtensions.Runner.CompositeWorkItem/<PerformWork>d__12:MoveNext () (at ./Library/PackageCache/com.unity.test-framework@1.3.9/UnityEngine.TestRunner/NUnitExtensions/Runner/CompositeWorkItem.cs:76)
UnityEngine.TestRunner.NUnitExtensions.Runner.CompositeWorkItem/<RunChildren>d__16:MoveNext () (at ./Library/PackageCache/com.unity.test-framework@1.3.9/UnityEngine.TestRunner/NUnitExtensions/Runner/CompositeWorkItem.cs:197)
UnityEngine.TestRunner.NUnitExtensions.Runner.CompositeWorkItem/<PerformWork>d__12:MoveNext () (at ./Library/PackageCache/com.unity.test-framework@1.3.9/UnityEngine.TestRunner/NUnitExtensions/Runner/CompositeWorkItem.cs:76)
UnityEngine.TestRunner.NUnitExtensions.Runner.CompositeWorkItem/<RunChildren>d__16:MoveNext () (at ./Library/PackageCache/com.unity.test-framework@1.3.9/UnityEngine.TestRunner/NUnitExtensions/Runner/CompositeWorkItem.cs:197)
UnityEngine.TestRunner.NUnitExtensions.Runner.CompositeWorkItem/<PerformWork>d__12:MoveNext () (at ./Library/PackageCache/com.unity.test-framework@1.3.9/UnityEngine.TestRunner/NUnitExtensions/Runner/CompositeWorkItem.cs:76)
UnityEngine.TestRunner.NUnitExtensions.Runner.CompositeWorkItem/<RunChildren>d__16:MoveNext () (at ./Library/PackageCache/com.unity.test-framework@1.3.9/UnityEngine.TestRunner/NUnitExtensions/Runner/CompositeWorkItem.cs:197)
UnityEngine.TestRunner.NUnitExtensions.Runner.CompositeWorkItem/<PerformWork>d__12:MoveNext () (at ./Library/PackageCache/com.unity.test-framework@1.3.9/UnityEngine.TestRunner/NUnitExtensions/Runner/CompositeWorkItem.cs:76)
UnityEngine.TestRunner.NUnitExtensions.Runner.CompositeWorkItem/<RunChildren>d__16:MoveNext () (at ./Library/PackageCache/com.unity.test-framework@1.3.9/UnityEngine.TestRunner/NUnitExtensions/Runner/CompositeWorkItem.cs:197)
UnityEngine.TestRunner.NUnitExtensions.Runner.CompositeWorkItem/<PerformWork>d__12:MoveNext () (at ./Library/PackageCache/com.unity.test-framework@1.3.9/UnityEngine.TestRunner/NUnitExtensions/Runner/CompositeWorkItem.cs:76)
UnityEditor.TestTools.TestRunner.EditModeRunner:MoveNextAndUpdateYieldObject () (at ./Library/PackageCache/com.unity.test-framework@1.3.9/UnityEditor.TestRunner/TestRunner/EditModeRunner.cs:164)
UnityEditor.TestTools.TestRunner.EditModeRunner:TestConsumer (UnityEditor.TestTools.TestRunner.TestRunnerStateSerializer) (at ./Library/PackageCache/com.unity.test-framework@1.3.9/UnityEditor.TestRunner/TestRunner/EditModeRunner.cs:197)
UnityEditor.TestTools.TestRunner.TestRun.Tasks.EditModeRunTask/<Execute>d__1:MoveNext () (at ./Library/PackageCache/com.unity.test-framework@1.3.9/UnityEditor.TestRunner/TestRun/Tasks/EditModeRunTask.cs:47)
UnityEditor.TestTools.TestRunner.TestRun.TestJobRunner:ExecuteStep () (at ./Library/PackageCache/com.unity.test-framework@1.3.9/UnityEditor.TestRunner/TestRun/TestJobRunner.cs:172)
UnityEditor.TestTools.TestRunner.TestRun.TestJobRunner:ExecuteCallback () (at ./Library/PackageCache/com.unity.test-framework@1.3.9/UnityEditor.TestRunner/TestRun/TestJobRunner.cs:108)
UnityEditor.EditorApplication:Internal_CallUpdateFunctions ()

(Filename: Assets/_Project/Scripts/OfficeSupplies/OfficeSupplyInstance.cs Line: 47)

[Supply] Placed: paper_weight
UnityEngine.StackTraceUtility:ExtractStackTrace ()
UnityEngine.DebugLogHandler:LogFormat (UnityEngine.LogType,UnityEngine.Object,string,object[])
UnityEngine.Logger:Log (UnityEngine.LogType,object)
UnityEngine.Debug:Log (object)
Desk42.OfficeSupplies.OfficeSupplyInstance:Place (Desk42.OfficeSupplies.SupplyContext) (at Assets/_Project/Scripts/OfficeSupplies/OfficeSupplyInstance.cs:47)
Desk42.OfficeSupplies.OfficeSupplyManager:PlaceSupply (Desk42.OfficeSupplies.OfficeSupplyData) (at Assets/_Project/Scripts/OfficeSupplies/OfficeSupplyManager.cs:98)
Desk42.Tests.EditMode.SynergyResolverTests:PlaceTestSupply (string,Desk42.OfficeSupplies.DeskZone) (at Assets/_Project/Tests/EditMode/SynergyResolverTests.cs:54)
Desk42.Tests.EditMode.SynergyResolverTests:Paperclip_PlusNoOpPaperWeight_ChainComposesCorrectly () (at Assets/_Project/Tests/EditMode/SynergyResolverTests.cs:84)
System.Reflection.RuntimeMethodInfo:Invoke (object,System.Reflection.BindingFlags,System.Reflection.Binder,object[],System.Globalization.CultureInfo)
System.Reflection.MethodBase:Invoke (object,object[])
NUnit.Framework.Internal.Reflect:InvokeMethod (System.Reflection.MethodInfo,object,object[])
NUnit.Framework.Internal.MethodWrapper:Invoke (object,object[])
NUnit.Framework.Internal.Commands.TestMethodCommand:RunNonAsyncTestMethod (NUnit.Framework.Internal.ITestExecutionContext)
NUnit.Framework.Internal.Commands.TestMethodCommand:RunTestMethod (NUnit.Framework.Internal.ITestExecutionContext)
NUnit.Framework.Internal.Commands.TestMethodCommand:Execute (NUnit.Framework.Internal.ITestExecutionContext)
UnityEngine.TestTools.UnityTestMethodCommand:Execute (NUnit.Framework.Internal.ITestExecutionContext) (at ./Library/PackageCache/com.unity.test-framework@1.3.9/UnityEngine.TestRunner/NUnitExtensions/Commands/UnityTestMethodCommand.cs:16)
UnityEngine.TestRunner.NUnitExtensions.Runner.UnityLogCheckDelegatingCommand/<>c__DisplayClass2_0:<Execute>b__0 () (at ./Library/PackageCache/com.unity.test-framework@1.3.9/UnityEngine.TestRunner/NUnitExtensions/Runner/UnityLogCheckDelegatingCommand.cs:24)
UnityEngine.TestRunner.NUnitExtensions.Runner.UnityLogCheckDelegatingCommand:CaptureException (NUnit.Framework.Internal.TestResult,System.Action) (at ./Library/PackageCache/com.unity.test-framework@1.3.9/UnityEngine.TestRunner/NUnitExtensions/Runner/UnityLogCheckDelegatingCommand.cs:68)
UnityEngine.TestRunner.NUnitExtensions.Runner.UnityLogCheckDelegatingCommand:ExecuteAndCheckLog (UnityEngine.TestTools.Logging.LogScope,NUnit.Framework.Internal.TestResult,System.Action) (at ./Library/PackageCache/com.unity.test-framework@1.3.9/UnityEngine.TestRunner/NUnitExtensions/Runner/UnityLogCheckDelegatingCommand.cs:79)
UnityEngine.TestRunner.NUnitExtensions.Runner.UnityLogCheckDelegatingCommand:Execute (NUnit.Framework.Internal.ITestExecutionContext) (at ./Library/PackageCache/com.unity.test-framework@1.3.9/UnityEngine.TestRunner/NUnitExtensions/Runner/UnityLogCheckDelegatingCommand.cs:24)
UnityEngine.TestRunner.NUnitExtensions.Runner.UnityLogCheckDelegatingCommand/<ExecuteEnumerable>d__3:MoveNext () (at ./Library/PackageCache/com.unity.test-framework@1.3.9/UnityEngine.TestRunner/NUnitExtensions/Runner/UnityLogCheckDelegatingCommand.cs:35)
UnityEngine.TestTools.BeforeAfterTestCommandBase`1/<ExecuteEnumerable>d__14<NUnit.Framework.ITestAction>:MoveNext () (at ./Library/PackageCache/com.unity.test-framework@1.3.9/UnityEngine.TestRunner/NUnitExtensions/Commands/BeforeAfterTestCommandBase.cs:173)
UnityEngine.TestTools.ImmediateEnumerableCommand:Execute (NUnit.Framework.Internal.ITestExecutionContext) (at ./Library/PackageCache/com.unity.test-framework@1.3.9/UnityEngine.TestRunner/NUnitExtensions/Commands/ImmediateEnumerableCommand.cs:18)
UnityEngine.TestTools.BeforeAfterTestCommandBase`1/<ExecuteEnumerable>d__14<System.Reflection.MethodInfo>:MoveNext () (at ./Library/PackageCache/com.unity.test-framework@1.3.9/UnityEngine.TestRunner/NUnitExtensions/Commands/BeforeAfterTestCommandBase.cs:181)
UnityEngine.TestTools.BeforeAfterTestCommandBase`1/<ExecuteEnumerable>d__14<System.Reflection.MethodInfo>:MoveNext () (at ./Library/PackageCache/com.unity.test-framework@1.3.9/UnityEngine.TestRunner/NUnitExtensions/Commands/BeforeAfterTestCommandBase.cs:173)
UnityEngine.TestTools.BeforeAfterTestCommandBase`1/<ExecuteEnumerable>d__14<UnityEngine.TestTools.IOuterUnityTestAction>:MoveNext () (at ./Library/PackageCache/com.unity.test-framework@1.3.9/UnityEngine.TestRunner/NUnitExtensions/Commands/BeforeAfterTestCommandBase.cs:173)
UnityEngine.TestTools.RetryCommand/<ExecuteEnumerable>d__2:MoveNext () (at ./Library/PackageCache/com.unity.test-framework@1.3.9/UnityEngine.TestRunner/NUnitExtensions/Commands/RetryCommand.cs:37)
UnityEngine.TestTools.RepeatCommand/<ExecuteEnumerable>d__2:MoveNext () (at ./Library/PackageCache/com.unity.test-framework@1.3.9/UnityEngine.TestRunner/NUnitExtensions/Commands/RepeatCommand.cs:36)
UnityEngine.TestTools.TimeoutCommand/<ExecuteEnumerable>d__3:MoveNext () (at ./Library/PackageCache/com.unity.test-framework@1.3.9/UnityEngine.TestRunner/NUnitExtensions/Commands/TimeoutCommand.cs:33)
UnityEngine.TestTools.IgnoreTestCommand/<ExecuteEnumerable>d__3:MoveNext () (at ./Library/PackageCache/com.unity.test-framework@1.3.9/UnityEngine.TestRunner/NUnitExtensions/Commands/IgnoreTestCommand.cs:42)
UnityEngine.TestTools.StrictCheckCommand/<ExecuteEnumerable>d__2:MoveNext () (at ./Library/PackageCache/com.unity.test-framework@1.3.9/UnityEngine.TestRunner/NUnitExtensions/Commands/StrictCheckCommand.cs:29)
UnityEngine.TestRunner.NUnitExtensions.Runner.DefaultTestWorkItem/<PerformWork>d__2:MoveNext () (at ./Library/PackageCache/com.unity.test-framework@1.3.9/UnityEngine.TestRunner/NUnitExtensions/Runner/DefaultTestWorkItem.cs:50)
UnityEngine.TestRunner.NUnitExtensions.Runner.CompositeWorkItem/<RunChildren>d__16:MoveNext () (at ./Library/PackageCache/com.unity.test-framework@1.3.9/UnityEngine.TestRunner/NUnitExtensions/Runner/CompositeWorkItem.cs:197)
UnityEngine.TestRunner.NUnitExtensions.Runner.CompositeWorkItem/<PerformWork>d__12:MoveNext () (at ./Library/PackageCache/com.unity.test-framework@1.3.9/UnityEngine.TestRunner/NUnitExtensions/Runner/CompositeWorkItem.cs:76)
UnityEngine.TestRunner.NUnitExtensions.Runner.CompositeWorkItem/<RunChildren>d__16:MoveNext () (at ./Library/PackageCache/com.unity.test-framework@1.3.9/UnityEngine.TestRunner/NUnitExtensions/Runner/CompositeWorkItem.cs:197)
UnityEngine.TestRunner.NUnitExtensions.Runner.CompositeWorkItem/<PerformWork>d__12:MoveNext () (at ./Library/PackageCache/com.unity.test-framework@1.3.9/UnityEngine.TestRunner/NUnitExtensions/Runner/CompositeWorkItem.cs:76)
UnityEngine.TestRunner.NUnitExtensions.Runner.CompositeWorkItem/<RunChildren>d__16:MoveNext () (at ./Library/PackageCache/com.unity.test-framework@1.3.9/UnityEngine.TestRunner/NUnitExtensions/Runner/CompositeWorkItem.cs:197)
UnityEngine.TestRunner.NUnitExtensions.Runner.CompositeWorkItem/<PerformWork>d__12:MoveNext () (at ./Library/PackageCache/com.unity.test-framework@1.3.9/UnityEngine.TestRunner/NUnitExtensions/Runner/CompositeWorkItem.cs:76)
UnityEngine.TestRunner.NUnitExtensions.Runner.CompositeWorkItem/<RunChildren>d__16:MoveNext () (at ./Library/PackageCache/com.unity.test-framework@1.3.9/UnityEngine.TestRunner/NUnitExtensions/Runner/CompositeWorkItem.cs:197)
UnityEngine.TestRunner.NUnitExtensions.Runner.CompositeWorkItem/<PerformWork>d__12:MoveNext () (at ./Library/PackageCache/com.unity.test-framework@1.3.9/UnityEngine.TestRunner/NUnitExtensions/Runner/CompositeWorkItem.cs:76)
UnityEngine.TestRunner.NUnitExtensions.Runner.CompositeWorkItem/<RunChildren>d__16:MoveNext () (at ./Library/PackageCache/com.unity.test-framework@1.3.9/UnityEngine.TestRunner/NUnitExtensions/Runner/CompositeWorkItem.cs:197)
UnityEngine.TestRunner.NUnitExtensions.Runner.CompositeWorkItem/<PerformWork>d__12:MoveNext () (at ./Library/PackageCache/com.unity.test-framework@1.3.9/UnityEngine.TestRunner/NUnitExtensions/Runner/CompositeWorkItem.cs:76)
UnityEngine.TestRunner.NUnitExtensions.Runner.CompositeWorkItem/<RunChildren>d__16:MoveNext () (at ./Library/PackageCache/com.unity.test-framework@1.3.9/UnityEngine.TestRunner/NUnitExtensions/Runner/CompositeWorkItem.cs:197)
UnityEngine.TestRunner.NUnitExtensions.Runner.CompositeWorkItem/<PerformWork>d__12:MoveNext () (at ./Library/PackageCache/com.unity.test-framework@1.3.9/UnityEngine.TestRunner/NUnitExtensions/Runner/CompositeWorkItem.cs:76)
UnityEditor.TestTools.TestRunner.EditModeRunner:MoveNextAndUpdateYieldObject () (at ./Library/PackageCache/com.unity.test-framework@1.3.9/UnityEditor.TestRunner/TestRunner/EditModeRunner.cs:164)
UnityEditor.TestTools.TestRunner.EditModeRunner:TestConsumer (UnityEditor.TestTools.TestRunner.TestRunnerStateSerializer) (at ./Library/PackageCache/com.unity.test-framework@1.3.9/UnityEditor.TestRunner/TestRunner/EditModeRunner.cs:197)
UnityEditor.TestTools.TestRunner.TestRun.Tasks.EditModeRunTask/<Execute>d__1:MoveNext () (at ./Library/PackageCache/com.unity.test-framework@1.3.9/UnityEditor.TestRunner/TestRun/Tasks/EditModeRunTask.cs:47)
UnityEditor.TestTools.TestRunner.TestRun.TestJobRunner:ExecuteStep () (at ./Library/PackageCache/com.unity.test-framework@1.3.9/UnityEditor.TestRunner/TestRun/TestJobRunner.cs:172)
UnityEditor.TestTools.TestRunner.TestRun.TestJobRunner:ExecuteCallback () (at ./Library/PackageCache/com.unity.test-framework@1.3.9/UnityEditor.TestRunner/TestRun/TestJobRunner.cs:108)
UnityEditor.EditorApplication:Internal_CallUpdateFunctions ()

(Filename: Assets/_Project/Scripts/OfficeSupplies/OfficeSupplyInstance.cs Line: 47)

[SynergyResolver] paperclip: duration 10.00s → 20.00s (PendingReview)
UnityEngine.StackTraceUtility:ExtractStackTrace ()
UnityEngine.DebugLogHandler:LogFormat (UnityEngine.LogType,UnityEngine.Object,string,object[])
UnityEngine.Logger:Log (UnityEngine.LogType,object)
UnityEngine.Debug:Log (object)
Desk42.OfficeSupplies.SynergyResolver:ApplyDurationModifiers (Desk42.Core.PunchCardType,single,System.Collections.Generic.IReadOnlyList`1<string>) (at Assets/_Project/Scripts/OfficeSupplies/SynergyResolver.cs:96)
Desk42.Tests.EditMode.SynergyResolverTests:Paperclip_PlusNoOpPaperWeight_ChainComposesCorrectly () (at Assets/_Project/Tests/EditMode/SynergyResolverTests.cs:86)
System.Reflection.RuntimeMethodInfo:Invoke (object,System.Reflection.BindingFlags,System.Reflection.Binder,object[],System.Globalization.CultureInfo)
System.Reflection.MethodBase:Invoke (object,object[])
NUnit.Framework.Internal.Reflect:InvokeMethod (System.Reflection.MethodInfo,object,object[])
NUnit.Framework.Internal.MethodWrapper:Invoke (object,object[])
NUnit.Framework.Internal.Commands.TestMethodCommand:RunNonAsyncTestMethod (NUnit.Framework.Internal.ITestExecutionContext)
NUnit.Framework.Internal.Commands.TestMethodCommand:RunTestMethod (NUnit.Framework.Internal.ITestExecutionContext)
NUnit.Framework.Internal.Commands.TestMethodCommand:Execute (NUnit.Framework.Internal.ITestExecutionContext)
UnityEngine.TestTools.UnityTestMethodCommand:Execute (NUnit.Framework.Internal.ITestExecutionContext) (at ./Library/PackageCache/com.unity.test-framework@1.3.9/UnityEngine.TestRunner/NUnitExtensions/Commands/UnityTestMethodCommand.cs:16)
UnityEngine.TestRunner.NUnitExtensions.Runner.UnityLogCheckDelegatingCommand/<>c__DisplayClass2_0:<Execute>b__0 () (at ./Library/PackageCache/com.unity.test-framework@1.3.9/UnityEngine.TestRunner/NUnitExtensions/Runner/UnityLogCheckDelegatingCommand.cs:24)
UnityEngine.TestRunner.NUnitExtensions.Runner.UnityLogCheckDelegatingCommand:CaptureException (NUnit.Framework.Internal.TestResult,System.Action) (at ./Library/PackageCache/com.unity.test-framework@1.3.9/UnityEngine.TestRunner/NUnitExtensions/Runner/UnityLogCheckDelegatingCommand.cs:68)
UnityEngine.TestRunner.NUnitExtensions.Runner.UnityLogCheckDelegatingCommand:ExecuteAndCheckLog (UnityEngine.TestTools.Logging.LogScope,NUnit.Framework.Internal.TestResult,System.Action) (at ./Library/PackageCache/com.unity.test-framework@1.3.9/UnityEngine.TestRunner/NUnitExtensions/Runner/UnityLogCheckDelegatingCommand.cs:79)
UnityEngine.TestRunner.NUnitExtensions.Runner.UnityLogCheckDelegatingCommand:Execute (NUnit.Framework.Internal.ITestExecutionContext) (at ./Library/PackageCache/com.unity.test-framework@1.3.9/UnityEngine.TestRunner/NUnitExtensions/Runner/UnityLogCheckDelegatingCommand.cs:24)
UnityEngine.TestRunner.NUnitExtensions.Runner.UnityLogCheckDelegatingCommand/<ExecuteEnumerable>d__3:MoveNext () (at ./Library/PackageCache/com.unity.test-framework@1.3.9/UnityEngine.TestRunner/NUnitExtensions/Runner/UnityLogCheckDelegatingCommand.cs:35)
UnityEngine.TestTools.BeforeAfterTestCommandBase`1/<ExecuteEnumerable>d__14<NUnit.Framework.ITestAction>:MoveNext () (at ./Library/PackageCache/com.unity.test-framework@1.3.9/UnityEngine.TestRunner/NUnitExtensions/Commands/BeforeAfterTestCommandBase.cs:173)
UnityEngine.TestTools.ImmediateEnumerableCommand:Execute (NUnit.Framework.Internal.ITestExecutionContext) (at ./Library/PackageCache/com.unity.test-framework@1.3.9/UnityEngine.TestRunner/NUnitExtensions/Commands/ImmediateEnumerableCommand.cs:18)
UnityEngine.TestTools.BeforeAfterTestCommandBase`1/<ExecuteEnumerable>d__14<System.Reflection.MethodInfo>:MoveNext () (at ./Library/PackageCache/com.unity.test-framework@1.3.9/UnityEngine.TestRunner/NUnitExtensions/Commands/BeforeAfterTestCommandBase.cs:181)
UnityEngine.TestTools.BeforeAfterTestCommandBase`1/<ExecuteEnumerable>d__14<System.Reflection.MethodInfo>:MoveNext () (at ./Library/PackageCache/com.unity.test-framework@1.3.9/UnityEngine.TestRunner/NUnitExtensions/Commands/BeforeAfterTestCommandBase.cs:173)
UnityEngine.TestTools.BeforeAfterTestCommandBase`1/<ExecuteEnumerable>d__14<UnityEngine.TestTools.IOuterUnityTestAction>:MoveNext () (at ./Library/PackageCache/com.unity.test-framework@1.3.9/UnityEngine.TestRunner/NUnitExtensions/Commands/BeforeAfterTestCommandBase.cs:173)
UnityEngine.TestTools.RetryCommand/<ExecuteEnumerable>d__2:MoveNext () (at ./Library/PackageCache/com.unity.test-framework@1.3.9/UnityEngine.TestRunner/NUnitExtensions/Commands/RetryCommand.cs:37)
UnityEngine.TestTools.RepeatCommand/<ExecuteEnumerable>d__2:MoveNext () (at ./Library/PackageCache/com.unity.test-framework@1.3.9/UnityEngine.TestRunner/NUnitExtensions/Commands/RepeatCommand.cs:36)
UnityEngine.TestTools.TimeoutCommand/<ExecuteEnumerable>d__3:MoveNext () (at ./Library/PackageCache/com.unity.test-framework@1.3.9/UnityEngine.TestRunner/NUnitExtensions/Commands/TimeoutCommand.cs:33)
UnityEngine.TestTools.IgnoreTestCommand/<ExecuteEnumerable>d__3:MoveNext () (at ./Library/PackageCache/com.unity.test-framework@1.3.9/UnityEngine.TestRunner/NUnitExtensions/Commands/IgnoreTestCommand.cs:42)
UnityEngine.TestTools.StrictCheckCommand/<ExecuteEnumerable>d__2:MoveNext () (at ./Library/PackageCache/com.unity.test-framework@1.3.9/UnityEngine.TestRunner/NUnitExtensions/Commands/StrictCheckCommand.cs:29)
UnityEngine.TestRunner.NUnitExtensions.Runner.DefaultTestWorkItem/<PerformWork>d__2:MoveNext () (at ./Library/PackageCache/com.unity.test-framework@1.3.9/UnityEngine.TestRunner/NUnitExtensions/Runner/DefaultTestWorkItem.cs:50)
UnityEngine.TestRunner.NUnitExtensions.Runner.CompositeWorkItem/<RunChildren>d__16:MoveNext () (at ./Library/PackageCache/com.unity.test-framework@1.3.9/UnityEngine.TestRunner/NUnitExtensions/Runner/CompositeWorkItem.cs:197)
UnityEngine.TestRunner.NUnitExtensions.Runner.CompositeWorkItem/<PerformWork>d__12:MoveNext () (at ./Library/PackageCache/com.unity.test-framework@1.3.9/UnityEngine.TestRunner/NUnitExtensions/Runner/CompositeWorkItem.cs:76)
UnityEngine.TestRunner.NUnitExtensions.Runner.CompositeWorkItem/<RunChildren>d__16:MoveNext () (at ./Library/PackageCache/com.unity.test-framework@1.3.9/UnityEngine.TestRunner/NUnitExtensions/Runner/CompositeWorkItem.cs:197)
UnityEngine.TestRunner.NUnitExtensions.Runner.CompositeWorkItem/<PerformWork>d__12:MoveNext () (at ./Library/PackageCache/com.unity.test-framework@1.3.9/UnityEngine.TestRunner/NUnitExtensions/Runner/CompositeWorkItem.cs:76)
UnityEngine.TestRunner.NUnitExtensions.Runner.CompositeWorkItem/<RunChildren>d__16:MoveNext () (at ./Library/PackageCache/com.unity.test-framework@1.3.9/UnityEngine.TestRunner/NUnitExtensions/Runner/CompositeWorkItem.cs:197)
UnityEngine.TestRunner.NUnitExtensions.Runner.CompositeWorkItem/<PerformWork>d__12:MoveNext () (at ./Library/PackageCache/com.unity.test-framework@1.3.9/UnityEngine.TestRunner/NUnitExtensions/Runner/CompositeWorkItem.cs:76)
UnityEngine.TestRunner.NUnitExtensions.Runner.CompositeWorkItem/<RunChildren>d__16:MoveNext () (at ./Library/PackageCache/com.unity.test-framework@1.3.9/UnityEngine.TestRunner/NUnitExtensions/Runner/CompositeWorkItem.cs:197)
UnityEngine.TestRunner.NUnitExtensions.Runner.CompositeWorkItem/<PerformWork>d__12:MoveNext () (at ./Library/PackageCache/com.unity.test-framework@1.3.9/UnityEngine.TestRunner/NUnitExtensions/Runner/CompositeWorkItem.cs:76)
UnityEngine.TestRunner.NUnitExtensions.Runner.CompositeWorkItem/<RunChildren>d__16:MoveNext () (at ./Library/PackageCache/com.unity.test-framework@1.3.9/UnityEngine.TestRunner/NUnitExtensions/Runner/CompositeWorkItem.cs:197)
UnityEngine.TestRunner.NUnitExtensions.Runner.CompositeWorkItem/<PerformWork>d__12:MoveNext () (at ./Library/PackageCache/com.unity.test-framework@1.3.9/UnityEngine.TestRunner/NUnitExtensions/Runner/CompositeWorkItem.cs:76)
UnityEngine.TestRunner.NUnitExtensions.Runner.CompositeWorkItem/<RunChildren>d__16:MoveNext () (at ./Library/PackageCache/com.unity.test-framework@1.3.9/UnityEngine.TestRunner/NUnitExtensions/Runner/CompositeWorkItem.cs:197)
UnityEngine.TestRunner.NUnitExtensions.Runner.CompositeWorkItem/<PerformWork>d__12:MoveNext () (at ./Library/PackageCache/com.unity.test-framework@1.3.9/UnityEngine.TestRunner/NUnitExtensions/Runner/CompositeWorkItem.cs:76)
UnityEditor.TestTools.TestRunner.EditModeRunner:MoveNextAndUpdateYieldObject () (at ./Library/PackageCache/com.unity.test-framework@1.3.9/UnityEditor.TestRunner/TestRunner/EditModeRunner.cs:164)
UnityEditor.TestTools.TestRunner.EditModeRunner:TestConsumer (UnityEditor.TestTools.TestRunner.TestRunnerStateSerializer) (at ./Library/PackageCache/com.unity.test-framework@1.3.9/UnityEditor.TestRunner/TestRunner/EditModeRunner.cs:197)
UnityEditor.TestTools.TestRunner.TestRun.Tasks.EditModeRunTask/<Execute>d__1:MoveNext () (at ./Library/PackageCache/com.unity.test-framework@1.3.9/UnityEditor.TestRunner/TestRun/Tasks/EditModeRunTask.cs:47)
UnityEditor.TestTools.TestRunner.TestRun.TestJobRunner:ExecuteStep () (at ./Library/PackageCache/com.unity.test-framework@1.3.9/UnityEditor.TestRunner/TestRun/TestJobRunner.cs:172)
UnityEditor.TestTools.TestRunner.TestRun.TestJobRunner:ExecuteCallback () (at ./Library/PackageCache/com.unity.test-framework@1.3.9/UnityEditor.TestRunner/TestRun/TestJobRunner.cs:108)
UnityEditor.EditorApplication:Internal_CallUpdateFunctions ()

(Filename: Assets/_Project/Scripts/OfficeSupplies/SynergyResolver.cs Line: 96)

[Supply] Placed: paper_weight
UnityEngine.StackTraceUtility:ExtractStackTrace ()
UnityEngine.DebugLogHandler:LogFormat (UnityEngine.LogType,UnityEngine.Object,string,object[])
UnityEngine.Logger:Log (UnityEngine.LogType,object)
UnityEngine.Debug:Log (object)
Desk42.OfficeSupplies.OfficeSupplyInstance:Place (Desk42.OfficeSupplies.SupplyContext) (at Assets/_Project/Scripts/OfficeSupplies/OfficeSupplyInstance.cs:47)
Desk42.OfficeSupplies.OfficeSupplyManager:PlaceSupply (Desk42.OfficeSupplies.OfficeSupplyData) (at Assets/_Project/Scripts/OfficeSupplies/OfficeSupplyManager.cs:98)
Desk42.Tests.EditMode.SynergyResolverTests:PlaceTestSupply (string,Desk42.OfficeSupplies.DeskZone) (at Assets/_Project/Tests/EditMode/SynergyResolverTests.cs:54)
Desk42.Tests.EditMode.SynergyResolverTests:PaperWeight_ReducesSoulCostByOne () (at Assets/_Project/Tests/EditMode/SynergyResolverTests.cs:136)
System.Reflection.RuntimeMethodInfo:Invoke (object,System.Reflection.BindingFlags,System.Reflection.Binder,object[],System.Globalization.CultureInfo)
System.Reflection.MethodBase:Invoke (object,object[])
NUnit.Framework.Internal.Reflect:InvokeMethod (System.Reflection.MethodInfo,object,object[])
NUnit.Framework.Internal.MethodWrapper:Invoke (object,object[])
NUnit.Framework.Internal.Commands.TestMethodCommand:RunNonAsyncTestMethod (NUnit.Framework.Internal.ITestExecutionContext)
NUnit.Framework.Internal.Commands.TestMethodCommand:RunTestMethod (NUnit.Framework.Internal.ITestExecutionContext)
NUnit.Framework.Internal.Commands.TestMethodCommand:Execute (NUnit.Framework.Internal.ITestExecutionContext)
UnityEngine.TestTools.UnityTestMethodCommand:Execute (NUnit.Framework.Internal.ITestExecutionContext) (at ./Library/PackageCache/com.unity.test-framework@1.3.9/UnityEngine.TestRunner/NUnitExtensions/Commands/UnityTestMethodCommand.cs:16)
UnityEngine.TestRunner.NUnitExtensions.Runner.UnityLogCheckDelegatingCommand/<>c__DisplayClass2_0:<Execute>b__0 () (at ./Library/PackageCache/com.unity.test-framework@1.3.9/UnityEngine.TestRunner/NUnitExtensions/Runner/UnityLogCheckDelegatingCommand.cs:24)
UnityEngine.TestRunner.NUnitExtensions.Runner.UnityLogCheckDelegatingCommand:CaptureException (NUnit.Framework.Internal.TestResult,System.Action) (at ./Library/PackageCache/com.unity.test-framework@1.3.9/UnityEngine.TestRunner/NUnitExtensions/Runner/UnityLogCheckDelegatingCommand.cs:68)
UnityEngine.TestRunner.NUnitExtensions.Runner.UnityLogCheckDelegatingCommand:ExecuteAndCheckLog (UnityEngine.TestTools.Logging.LogScope,NUnit.Framework.Internal.TestResult,System.Action) (at ./Library/PackageCache/com.unity.test-framework@1.3.9/UnityEngine.TestRunner/NUnitExtensions/Runner/UnityLogCheckDelegatingCommand.cs:79)
UnityEngine.TestRunner.NUnitExtensions.Runner.UnityLogCheckDelegatingCommand:Execute (NUnit.Framework.Internal.ITestExecutionContext) (at ./Library/PackageCache/com.unity.test-framework@1.3.9/UnityEngine.TestRunner/NUnitExtensions/Runner/UnityLogCheckDelegatingCommand.cs:24)
UnityEngine.TestRunner.NUnitExtensions.Runner.UnityLogCheckDelegatingCommand/<ExecuteEnumerable>d__3:MoveNext () (at ./Library/PackageCache/com.unity.test-framework@1.3.9/UnityEngine.TestRunner/NUnitExtensions/Runner/UnityLogCheckDelegatingCommand.cs:35)
UnityEngine.TestTools.BeforeAfterTestCommandBase`1/<ExecuteEnumerable>d__14<NUnit.Framework.ITestAction>:MoveNext () (at ./Library/PackageCache/com.unity.test-framework@1.3.9/UnityEngine.TestRunner/NUnitExtensions/Commands/BeforeAfterTestCommandBase.cs:173)
UnityEngine.TestTools.ImmediateEnumerableCommand:Execute (NUnit.Framework.Internal.ITestExecutionContext) (at ./Library/PackageCache/com.unity.test-framework@1.3.9/UnityEngine.TestRunner/NUnitExtensions/Commands/ImmediateEnumerableCommand.cs:18)
UnityEngine.TestTools.BeforeAfterTestCommandBase`1/<ExecuteEnumerable>d__14<System.Reflection.MethodInfo>:MoveNext () (at ./Library/PackageCache/com.unity.test-framework@1.3.9/UnityEngine.TestRunner/NUnitExtensions/Commands/BeforeAfterTestCommandBase.cs:181)
UnityEngine.TestTools.BeforeAfterTestCommandBase`1/<ExecuteEnumerable>d__14<System.Reflection.MethodInfo>:MoveNext () (at ./Library/PackageCache/com.unity.test-framework@1.3.9/UnityEngine.TestRunner/NUnitExtensions/Commands/BeforeAfterTestCommandBase.cs:173)
UnityEngine.TestTools.BeforeAfterTestCommandBase`1/<ExecuteEnumerable>d__14<UnityEngine.TestTools.IOuterUnityTestAction>:MoveNext () (at ./Library/PackageCache/com.unity.test-framework@1.3.9/UnityEngine.TestRunner/NUnitExtensions/Commands/BeforeAfterTestCommandBase.cs:173)
UnityEngine.TestTools.RetryCommand/<ExecuteEnumerable>d__2:MoveNext () (at ./Library/PackageCache/com.unity.test-framework@1.3.9/UnityEngine.TestRunner/NUnitExtensions/Commands/RetryCommand.cs:37)
UnityEngine.TestTools.RepeatCommand/<ExecuteEnumerable>d__2:MoveNext () (at ./Library/PackageCache/com.unity.test-framework@1.3.9/UnityEngine.TestRunner/NUnitExtensions/Commands/RepeatCommand.cs:36)
UnityEngine.TestTools.TimeoutCommand/<ExecuteEnumerable>d__3:MoveNext () (at ./Library/PackageCache/com.unity.test-framework@1.3.9/UnityEngine.TestRunner/NUnitExtensions/Commands/TimeoutCommand.cs:33)
UnityEngine.TestTools.IgnoreTestCommand/<ExecuteEnumerable>d__3:MoveNext () (at ./Library/PackageCache/com.unity.test-framework@1.3.9/UnityEngine.TestRunner/NUnitExtensions/Commands/IgnoreTestCommand.cs:42)
UnityEngine.TestTools.StrictCheckCommand/<ExecuteEnumerable>d__2:MoveNext () (at ./Library/PackageCache/com.unity.test-framework@1.3.9/UnityEngine.TestRunner/NUnitExtensions/Commands/StrictCheckCommand.cs:29)
UnityEngine.TestRunner.NUnitExtensions.Runner.DefaultTestWorkItem/<PerformWork>d__2:MoveNext () (at ./Library/PackageCache/com.unity.test-framework@1.3.9/UnityEngine.TestRunner/NUnitExtensions/Runner/DefaultTestWorkItem.cs:50)
UnityEngine.TestRunner.NUnitExtensions.Runner.CompositeWorkItem/<RunChildren>d__16:MoveNext () (at ./Library/PackageCache/com.unity.test-framework@1.3.9/UnityEngine.TestRunner/NUnitExtensions/Runner/CompositeWorkItem.cs:197)
UnityEngine.TestRunner.NUnitExtensions.Runner.CompositeWorkItem/<PerformWork>d__12:MoveNext () (at ./Library/PackageCache/com.unity.test-framework@1.3.9/UnityEngine.TestRunner/NUnitExtensions/Runner/CompositeWorkItem.cs:76)
UnityEngine.TestRunner.NUnitExtensions.Runner.CompositeWorkItem/<RunChildren>d__16:MoveNext () (at ./Library/PackageCache/com.unity.test-framework@1.3.9/UnityEngine.TestRunner/NUnitExtensions/Runner/CompositeWorkItem.cs:197)
UnityEngine.TestRunner.NUnitExtensions.Runner.CompositeWorkItem/<PerformWork>d__12:MoveNext () (at ./Library/PackageCache/com.unity.test-framework@1.3.9/UnityEngine.TestRunner/NUnitExtensions/Runner/CompositeWorkItem.cs:76)
UnityEngine.TestRunner.NUnitExtensions.Runner.CompositeWorkItem/<RunChildren>d__16:MoveNext () (at ./Library/PackageCache/com.unity.test-framework@1.3.9/UnityEngine.TestRunner/NUnitExtensions/Runner/CompositeWorkItem.cs:197)
UnityEngine.TestRunner.NUnitExtensions.Runner.CompositeWorkItem/<PerformWork>d__12:MoveNext () (at ./Library/PackageCache/com.unity.test-framework@1.3.9/UnityEngine.TestRunner/NUnitExtensions/Runner/CompositeWorkItem.cs:76)
UnityEngine.TestRunner.NUnitExtensions.Runner.CompositeWorkItem/<RunChildren>d__16:MoveNext () (at ./Library/PackageCache/com.unity.test-framework@1.3.9/UnityEngine.TestRunner/NUnitExtensions/Runner/CompositeWorkItem.cs:197)
UnityEngine.TestRunner.NUnitExtensions.Runner.CompositeWorkItem/<PerformWork>d__12:MoveNext () (at ./Library/PackageCache/com.unity.test-framework@1.3.9/UnityEngine.TestRunner/NUnitExtensions/Runner/CompositeWorkItem.cs:76)
UnityEngine.TestRunner.NUnitExtensions.Runner.CompositeWorkItem/<RunChildren>d__16:MoveNext () (at ./Library/PackageCache/com.unity.test-framework@1.3.9/UnityEngine.TestRunner/NUnitExtensions/Runner/CompositeWorkItem.cs:197)
UnityEngine.TestRunner.NUnitExtensions.Runner.CompositeWorkItem/<PerformWork>d__12:MoveNext () (at ./Library/PackageCache/com.unity.test-framework@1.3.9/UnityEngine.TestRunner/NUnitExtensions/Runner/CompositeWorkItem.cs:76)
UnityEngine.TestRunner.NUnitExtensions.Runner.CompositeWorkItem/<RunChildren>d__16:MoveNext () (at ./Library/PackageCache/com.unity.test-framework@1.3.9/UnityEngine.TestRunner/NUnitExtensions/Runner/CompositeWorkItem.cs:197)
UnityEngine.TestRunner.NUnitExtensions.Runner.CompositeWorkItem/<PerformWork>d__12:MoveNext () (at ./Library/PackageCache/com.unity.test-framework@1.3.9/UnityEngine.TestRunner/NUnitExtensions/Runner/CompositeWorkItem.cs:76)
UnityEditor.TestTools.TestRunner.EditModeRunner:MoveNextAndUpdateYieldObject () (at ./Library/PackageCache/com.unity.test-framework@1.3.9/UnityEditor.TestRunner/TestRunner/EditModeRunner.cs:164)
UnityEditor.TestTools.TestRunner.EditModeRunner:TestConsumer (UnityEditor.TestTools.TestRunner.TestRunnerStateSerializer) (at ./Library/PackageCache/com.unity.test-framework@1.3.9/UnityEditor.TestRunner/TestRunner/EditModeRunner.cs:197)
UnityEditor.TestTools.TestRunner.TestRun.Tasks.EditModeRunTask/<Execute>d__1:MoveNext () (at ./Library/PackageCache/com.unity.test-framework@1.3.9/UnityEditor.TestRunner/TestRun/Tasks/EditModeRunTask.cs:47)
UnityEditor.TestTools.TestRunner.TestRun.TestJobRunner:ExecuteStep () (at ./Library/PackageCache/com.unity.test-framework@1.3.9/UnityEditor.TestRunner/TestRun/TestJobRunner.cs:172)
UnityEditor.TestTools.TestRunner.TestRun.TestJobRunner:ExecuteCallback () (at ./Library/PackageCache/com.unity.test-framework@1.3.9/UnityEditor.TestRunner/TestRun/TestJobRunner.cs:108)
UnityEditor.EditorApplication:Internal_CallUpdateFunctions ()

(Filename: Assets/_Project/Scripts/OfficeSupplies/OfficeSupplyInstance.cs Line: 47)

[SynergyResolver] paper_weight: soul cost delta -1.00
UnityEngine.StackTraceUtility:ExtractStackTrace ()
UnityEngine.DebugLogHandler:LogFormat (UnityEngine.LogType,UnityEngine.Object,string,object[])
UnityEngine.Logger:Log (UnityEngine.LogType,object)
UnityEngine.Debug:Log (object)
Desk42.OfficeSupplies.SynergyResolver:ApplySoulCostModifiers (single) (at Assets/_Project/Scripts/OfficeSupplies/SynergyResolver.cs:315)
Desk42.Tests.EditMode.SynergyResolverTests:PaperWeight_ReducesSoulCostByOne () (at Assets/_Project/Tests/EditMode/SynergyResolverTests.cs:138)
System.Reflection.RuntimeMethodInfo:Invoke (object,System.Reflection.BindingFlags,System.Reflection.Binder,object[],System.Globalization.CultureInfo)
System.Reflection.MethodBase:Invoke (object,object[])
NUnit.Framework.Internal.Reflect:InvokeMethod (System.Reflection.MethodInfo,object,object[])
NUnit.Framework.Internal.MethodWrapper:Invoke (object,object[])
NUnit.Framework.Internal.Commands.TestMethodCommand:RunNonAsyncTestMethod (NUnit.Framework.Internal.ITestExecutionContext)
NUnit.Framework.Internal.Commands.TestMethodCommand:RunTestMethod (NUnit.Framework.Internal.ITestExecutionContext)
NUnit.Framework.Internal.Commands.TestMethodCommand:Execute (NUnit.Framework.Internal.ITestExecutionContext)
UnityEngine.TestTools.UnityTestMethodCommand:Execute (NUnit.Framework.Internal.ITestExecutionContext) (at ./Library/PackageCache/com.unity.test-framework@1.3.9/UnityEngine.TestRunner/NUnitExtensions/Commands/UnityTestMethodCommand.cs:16)
UnityEngine.TestRunner.NUnitExtensions.Runner.UnityLogCheckDelegatingCommand/<>c__DisplayClass2_0:<Execute>b__0 () (at ./Library/PackageCache/com.unity.test-framework@1.3.9/UnityEngine.TestRunner/NUnitExtensions/Runner/UnityLogCheckDelegatingCommand.cs:24)
UnityEngine.TestRunner.NUnitExtensions.Runner.UnityLogCheckDelegatingCommand:CaptureException (NUnit.Framework.Internal.TestResult,System.Action) (at ./Library/PackageCache/com.unity.test-framework@1.3.9/UnityEngine.TestRunner/NUnitExtensions/Runner/UnityLogCheckDelegatingCommand.cs:68)
UnityEngine.TestRunner.NUnitExtensions.Runner.UnityLogCheckDelegatingCommand:ExecuteAndCheckLog (UnityEngine.TestTools.Logging.LogScope,NUnit.Framework.Internal.TestResult,System.Action) (at ./Library/PackageCache/com.unity.test-framework@1.3.9/UnityEngine.TestRunner/NUnitExtensions/Runner/UnityLogCheckDelegatingCommand.cs:79)
UnityEngine.TestRunner.NUnitExtensions.Runner.UnityLogCheckDelegatingCommand:Execute (NUnit.Framework.Internal.ITestExecutionContext) (at ./Library/PackageCache/com.unity.test-framework@1.3.9/UnityEngine.TestRunner/NUnitExtensions/Runner/UnityLogCheckDelegatingCommand.cs:24)
UnityEngine.TestRunner.NUnitExtensions.Runner.UnityLogCheckDelegatingCommand/<ExecuteEnumerable>d__3:MoveNext () (at ./Library/PackageCache/com.unity.test-framework@1.3.9/UnityEngine.TestRunner/NUnitExtensions/Runner/UnityLogCheckDelegatingCommand.cs:35)
UnityEngine.TestTools.BeforeAfterTestCommandBase`1/<ExecuteEnumerable>d__14<NUnit.Framework.ITestAction>:MoveNext () (at ./Library/PackageCache/com.unity.test-framework@1.3.9/UnityEngine.TestRunner/NUnitExtensions/Commands/BeforeAfterTestCommandBase.cs:173)
UnityEngine.TestTools.ImmediateEnumerableCommand:Execute (NUnit.Framework.Internal.ITestExecutionContext) (at ./Library/PackageCache/com.unity.test-framework@1.3.9/UnityEngine.TestRunner/NUnitExtensions/Commands/ImmediateEnumerableCommand.cs:18)
UnityEngine.TestTools.BeforeAfterTestCommandBase`1/<ExecuteEnumerable>d__14<System.Reflection.MethodInfo>:MoveNext () (at ./Library/PackageCache/com.unity.test-framework@1.3.9/UnityEngine.TestRunner/NUnitExtensions/Commands/BeforeAfterTestCommandBase.cs:181)
UnityEngine.TestTools.BeforeAfterTestCommandBase`1/<ExecuteEnumerable>d__14<System.Reflection.MethodInfo>:MoveNext () (at ./Library/PackageCache/com.unity.test-framework@1.3.9/UnityEngine.TestRunner/NUnitExtensions/Commands/BeforeAfterTestCommandBase.cs:173)
UnityEngine.TestTools.BeforeAfterTestCommandBase`1/<ExecuteEnumerable>d__14<UnityEngine.TestTools.IOuterUnityTestAction>:MoveNext () (at ./Library/PackageCache/com.unity.test-framework@1.3.9/UnityEngine.TestRunner/NUnitExtensions/Commands/BeforeAfterTestCommandBase.cs:173)
UnityEngine.TestTools.RetryCommand/<ExecuteEnumerable>d__2:MoveNext () (at ./Library/PackageCache/com.unity.test-framework@1.3.9/UnityEngine.TestRunner/NUnitExtensions/Commands/RetryCommand.cs:37)
UnityEngine.TestTools.RepeatCommand/<ExecuteEnumerable>d__2:MoveNext () (at ./Library/PackageCache/com.unity.test-framework@1.3.9/UnityEngine.TestRunner/NUnitExtensions/Commands/RepeatCommand.cs:36)
UnityEngine.TestTools.TimeoutCommand/<ExecuteEnumerable>d__3:MoveNext () (at ./Library/PackageCache/com.unity.test-framework@1.3.9/UnityEngine.TestRunner/NUnitExtensions/Commands/TimeoutCommand.cs:33)
UnityEngine.TestTools.IgnoreTestCommand/<ExecuteEnumerable>d__3:MoveNext () (at ./Library/PackageCache/com.unity.test-framework@1.3.9/UnityEngine.TestRunner/NUnitExtensions/Commands/IgnoreTestCommand.cs:42)
UnityEngine.TestTools.StrictCheckCommand/<ExecuteEnumerable>d__2:MoveNext () (at ./Library/PackageCache/com.unity.test-framework@1.3.9/UnityEngine.TestRunner/NUnitExtensions/Commands/StrictCheckCommand.cs:29)
UnityEngine.TestRunner.NUnitExtensions.Runner.DefaultTestWorkItem/<PerformWork>d__2:MoveNext () (at ./Library/PackageCache/com.unity.test-framework@1.3.9/UnityEngine.TestRunner/NUnitExtensions/Runner/DefaultTestWorkItem.cs:50)
UnityEngine.TestRunner.NUnitExtensions.Runner.CompositeWorkItem/<RunChildren>d__16:MoveNext () (at ./Library/PackageCache/com.unity.test-framework@1.3.9/UnityEngine.TestRunner/NUnitExtensions/Runner/CompositeWorkItem.cs:197)
UnityEngine.TestRunner.NUnitExtensions.Runner.CompositeWorkItem/<PerformWork>d__12:MoveNext () (at ./Library/PackageCache/com.unity.test-framework@1.3.9/UnityEngine.TestRunner/NUnitExtensions/Runner/CompositeWorkItem.cs:76)
UnityEngine.TestRunner.NUnitExtensions.Runner.CompositeWorkItem/<RunChildren>d__16:MoveNext () (at ./Library/PackageCache/com.unity.test-framework@1.3.9/UnityEngine.TestRunner/NUnitExtensions/Runner/CompositeWorkItem.cs:197)
UnityEngine.TestRunner.NUnitExtensions.Runner.CompositeWorkItem/<PerformWork>d__12:MoveNext () (at ./Library/PackageCache/com.unity.test-framework@1.3.9/UnityEngine.TestRunner/NUnitExtensions/Runner/CompositeWorkItem.cs:76)
UnityEngine.TestRunner.NUnitExtensions.Runner.CompositeWorkItem/<RunChildren>d__16:MoveNext () (at ./Library/PackageCache/com.unity.test-framework@1.3.9/UnityEngine.TestRunner/NUnitExtensions/Runner/CompositeWorkItem.cs:197)
UnityEngine.TestRunner.NUnitExtensions.Runner.CompositeWorkItem/<PerformWork>d__12:MoveNext () (at ./Library/PackageCache/com.unity.test-framework@1.3.9/UnityEngine.TestRunner/NUnitExtensions/Runner/CompositeWorkItem.cs:76)
UnityEngine.TestRunner.NUnitExtensions.Runner.CompositeWorkItem/<RunChildren>d__16:MoveNext () (at ./Library/PackageCache/com.unity.test-framework@1.3.9/UnityEngine.TestRunner/NUnitExtensions/Runner/CompositeWorkItem.cs:197)
UnityEngine.TestRunner.NUnitExtensions.Runner.CompositeWorkItem/<PerformWork>d__12:MoveNext () (at ./Library/PackageCache/com.unity.test-framework@1.3.9/UnityEngine.TestRunner/NUnitExtensions/Runner/CompositeWorkItem.cs:76)
UnityEngine.TestRunner.NUnitExtensions.Runner.CompositeWorkItem/<RunChildren>d__16:MoveNext () (at ./Library/PackageCache/com.unity.test-framework@1.3.9/UnityEngine.TestRunner/NUnitExtensions/Runner/CompositeWorkItem.cs:197)
UnityEngine.TestRunner.NUnitExtensions.Runner.CompositeWorkItem/<PerformWork>d__12:MoveNext () (at ./Library/PackageCache/com.unity.test-framework@1.3.9/UnityEngine.TestRunner/NUnitExtensions/Runner/CompositeWorkItem.cs:76)
UnityEngine.TestRunner.NUnitExtensions.Runner.CompositeWorkItem/<RunChildren>d__16:MoveNext () (at ./Library/PackageCache/com.unity.test-framework@1.3.9/UnityEngine.TestRunner/NUnitExtensions/Runner/CompositeWorkItem.cs:197)
UnityEngine.TestRunner.NUnitExtensions.Runner.CompositeWorkItem/<PerformWork>d__12:MoveNext () (at ./Library/PackageCache/com.unity.test-framework@1.3.9/UnityEngine.TestRunner/NUnitExtensions/Runner/CompositeWorkItem.cs:76)
UnityEditor.TestTools.TestRunner.EditModeRunner:MoveNextAndUpdateYieldObject () (at ./Library/PackageCache/com.unity.test-framework@1.3.9/UnityEditor.TestRunner/TestRunner/EditModeRunner.cs:164)
UnityEditor.TestTools.TestRunner.EditModeRunner:TestConsumer (UnityEditor.TestTools.TestRunner.TestRunnerStateSerializer) (at ./Library/PackageCache/com.unity.test-framework@1.3.9/UnityEditor.TestRunner/TestRunner/EditModeRunner.cs:197)
UnityEditor.TestTools.TestRunner.TestRun.Tasks.EditModeRunTask/<Execute>d__1:MoveNext () (at ./Library/PackageCache/com.unity.test-framework@1.3.9/UnityEditor.TestRunner/TestRun/Tasks/EditModeRunTask.cs:47)
UnityEditor.TestTools.TestRunner.TestRun.TestJobRunner:ExecuteStep () (at ./Library/PackageCache/com.unity.test-framework@1.3.9/UnityEditor.TestRunner/TestRun/TestJobRunner.cs:172)
UnityEditor.TestTools.TestRunner.TestRun.TestJobRunner:ExecuteCallback () (at ./Library/PackageCache/com.unity.test-framework@1.3.9/UnityEditor.TestRunner/TestRun/TestJobRunner.cs:108)
UnityEditor.EditorApplication:Internal_CallUpdateFunctions ()

(Filename: Assets/_Project/Scripts/OfficeSupplies/SynergyResolver.cs Line: 315)

[Supply] Placed: paper_weight
UnityEngine.StackTraceUtility:ExtractStackTrace ()
UnityEngine.DebugLogHandler:LogFormat (UnityEngine.LogType,UnityEngine.Object,string,object[])
UnityEngine.Logger:Log (UnityEngine.LogType,object)
UnityEngine.Debug:Log (object)
Desk42.OfficeSupplies.OfficeSupplyInstance:Place (Desk42.OfficeSupplies.SupplyContext) (at Assets/_Project/Scripts/OfficeSupplies/OfficeSupplyInstance.cs:47)
Desk42.OfficeSupplies.OfficeSupplyManager:PlaceSupply (Desk42.OfficeSupplies.OfficeSupplyData) (at Assets/_Project/Scripts/OfficeSupplies/OfficeSupplyManager.cs:98)
Desk42.Tests.EditMode.SynergyResolverTests:PlaceTestSupply (string,Desk42.OfficeSupplies.DeskZone) (at Assets/_Project/Tests/EditMode/SynergyResolverTests.cs:54)
Desk42.Tests.EditMode.SynergyResolverTests:PaperWeight_SoulCostFlooredAtZero () (at Assets/_Project/Tests/EditMode/SynergyResolverTests.cs:146)
System.Reflection.RuntimeMethodInfo:Invoke (object,System.Reflection.BindingFlags,System.Reflection.Binder,object[],System.Globalization.CultureInfo)
System.Reflection.MethodBase:Invoke (object,object[])
NUnit.Framework.Internal.Reflect:InvokeMethod (System.Reflection.MethodInfo,object,object[])
NUnit.Framework.Internal.MethodWrapper:Invoke (object,object[])
NUnit.Framework.Internal.Commands.TestMethodCommand:RunNonAsyncTestMethod (NUnit.Framework.Internal.ITestExecutionContext)
NUnit.Framework.Internal.Commands.TestMethodCommand:RunTestMethod (NUnit.Framework.Internal.ITestExecutionContext)
NUnit.Framework.Internal.Commands.TestMethodCommand:Execute (NUnit.Framework.Internal.ITestExecutionContext)
UnityEngine.TestTools.UnityTestMethodCommand:Execute (NUnit.Framework.Internal.ITestExecutionContext) (at ./Library/PackageCache/com.unity.test-framework@1.3.9/UnityEngine.TestRunner/NUnitExtensions/Commands/UnityTestMethodCommand.cs:16)
UnityEngine.TestRunner.NUnitExtensions.Runner.UnityLogCheckDelegatingCommand/<>c__DisplayClass2_0:<Execute>b__0 () (at ./Library/PackageCache/com.unity.test-framework@1.3.9/UnityEngine.TestRunner/NUnitExtensions/Runner/UnityLogCheckDelegatingCommand.cs:24)
UnityEngine.TestRunner.NUnitExtensions.Runner.UnityLogCheckDelegatingCommand:CaptureException (NUnit.Framework.Internal.TestResult,System.Action) (at ./Library/PackageCache/com.unity.test-framework@1.3.9/UnityEngine.TestRunner/NUnitExtensions/Runner/UnityLogCheckDelegatingCommand.cs:68)
UnityEngine.TestRunner.NUnitExtensions.Runner.UnityLogCheckDelegatingCommand:ExecuteAndCheckLog (UnityEngine.TestTools.Logging.LogScope,NUnit.Framework.Internal.TestResult,System.Action) (at ./Library/PackageCache/com.unity.test-framework@1.3.9/UnityEngine.TestRunner/NUnitExtensions/Runner/UnityLogCheckDelegatingCommand.cs:79)
UnityEngine.TestRunner.NUnitExtensions.Runner.UnityLogCheckDelegatingCommand:Execute (NUnit.Framework.Internal.ITestExecutionContext) (at ./Library/PackageCache/com.unity.test-framework@1.3.9/UnityEngine.TestRunner/NUnitExtensions/Runner/UnityLogCheckDelegatingCommand.cs:24)
UnityEngine.TestRunner.NUnitExtensions.Runner.UnityLogCheckDelegatingCommand/<ExecuteEnumerable>d__3:MoveNext () (at ./Library/PackageCache/com.unity.test-framework@1.3.9/UnityEngine.TestRunner/NUnitExtensions/Runner/UnityLogCheckDelegatingCommand.cs:35)
UnityEngine.TestTools.BeforeAfterTestCommandBase`1/<ExecuteEnumerable>d__14<NUnit.Framework.ITestAction>:MoveNext () (at ./Library/PackageCache/com.unity.test-framework@1.3.9/UnityEngine.TestRunner/NUnitExtensions/Commands/BeforeAfterTestCommandBase.cs:173)
UnityEngine.TestTools.ImmediateEnumerableCommand:Execute (NUnit.Framework.Internal.ITestExecutionContext) (at ./Library/PackageCache/com.unity.test-framework@1.3.9/UnityEngine.TestRunner/NUnitExtensions/Commands/ImmediateEnumerableCommand.cs:18)
UnityEngine.TestTools.BeforeAfterTestCommandBase`1/<ExecuteEnumerable>d__14<System.Reflection.MethodInfo>:MoveNext () (at ./Library/PackageCache/com.unity.test-framework@1.3.9/UnityEngine.TestRunner/NUnitExtensions/Commands/BeforeAfterTestCommandBase.cs:181)
UnityEngine.TestTools.BeforeAfterTestCommandBase`1/<ExecuteEnumerable>d__14<System.Reflection.MethodInfo>:MoveNext () (at ./Library/PackageCache/com.unity.test-framework@1.3.9/UnityEngine.TestRunner/NUnitExtensions/Commands/BeforeAfterTestCommandBase.cs:173)
UnityEngine.TestTools.BeforeAfterTestCommandBase`1/<ExecuteEnumerable>d__14<UnityEngine.TestTools.IOuterUnityTestAction>:MoveNext () (at ./Library/PackageCache/com.unity.test-framework@1.3.9/UnityEngine.TestRunner/NUnitExtensions/Commands/BeforeAfterTestCommandBase.cs:173)
UnityEngine.TestTools.RetryCommand/<ExecuteEnumerable>d__2:MoveNext () (at ./Library/PackageCache/com.unity.test-framework@1.3.9/UnityEngine.TestRunner/NUnitExtensions/Commands/RetryCommand.cs:37)
UnityEngine.TestTools.RepeatCommand/<ExecuteEnumerable>d__2:MoveNext () (at ./Library/PackageCache/com.unity.test-framework@1.3.9/UnityEngine.TestRunner/NUnitExtensions/Commands/RepeatCommand.cs:36)
UnityEngine.TestTools.TimeoutCommand/<ExecuteEnumerable>d__3:MoveNext () (at ./Library/PackageCache/com.unity.test-framework@1.3.9/UnityEngine.TestRunner/NUnitExtensions/Commands/TimeoutCommand.cs:33)
UnityEngine.TestTools.IgnoreTestCommand/<ExecuteEnumerable>d__3:MoveNext () (at ./Library/PackageCache/com.unity.test-framework@1.3.9/UnityEngine.TestRunner/NUnitExtensions/Commands/IgnoreTestCommand.cs:42)
UnityEngine.TestTools.StrictCheckCommand/<ExecuteEnumerable>d__2:MoveNext () (at ./Library/PackageCache/com.unity.test-framework@1.3.9/UnityEngine.TestRunner/NUnitExtensions/Commands/StrictCheckCommand.cs:29)
UnityEngine.TestRunner.NUnitExtensions.Runner.DefaultTestWorkItem/<PerformWork>d__2:MoveNext () (at ./Library/PackageCache/com.unity.test-framework@1.3.9/UnityEngine.TestRunner/NUnitExtensions/Runner/DefaultTestWorkItem.cs:50)
UnityEngine.TestRunner.NUnitExtensions.Runner.CompositeWorkItem/<RunChildren>d__16:MoveNext () (at ./Library/PackageCache/com.unity.test-framework@1.3.9/UnityEngine.TestRunner/NUnitExtensions/Runner/CompositeWorkItem.cs:197)
UnityEngine.TestRunner.NUnitExtensions.Runner.CompositeWorkItem/<PerformWork>d__12:MoveNext () (at ./Library/PackageCache/com.unity.test-framework@1.3.9/UnityEngine.TestRunner/NUnitExtensions/Runner/CompositeWorkItem.cs:76)
UnityEngine.TestRunner.NUnitExtensions.Runner.CompositeWorkItem/<RunChildren>d__16:MoveNext () (at ./Library/PackageCache/com.unity.test-framework@1.3.9/UnityEngine.TestRunner/NUnitExtensions/Runner/CompositeWorkItem.cs:197)
UnityEngine.TestRunner.NUnitExtensions.Runner.CompositeWorkItem/<PerformWork>d__12:MoveNext () (at ./Library/PackageCache/com.unity.test-framework@1.3.9/UnityEngine.TestRunner/NUnitExtensions/Runner/CompositeWorkItem.cs:76)
UnityEngine.TestRunner.NUnitExtensions.Runner.CompositeWorkItem/<RunChildren>d__16:MoveNext () (at ./Library/PackageCache/com.unity.test-framework@1.3.9/UnityEngine.TestRunner/NUnitExtensions/Runner/CompositeWorkItem.cs:197)
UnityEngine.TestRunner.NUnitExtensions.Runner.CompositeWorkItem/<PerformWork>d__12:MoveNext () (at ./Library/PackageCache/com.unity.test-framework@1.3.9/UnityEngine.TestRunner/NUnitExtensions/Runner/CompositeWorkItem.cs:76)
UnityEngine.TestRunner.NUnitExtensions.Runner.CompositeWorkItem/<RunChildren>d__16:MoveNext () (at ./Library/PackageCache/com.unity.test-framework@1.3.9/UnityEngine.TestRunner/NUnitExtensions/Runner/CompositeWorkItem.cs:197)
UnityEngine.TestRunner.NUnitExtensions.Runner.CompositeWorkItem/<PerformWork>d__12:MoveNext () (at ./Library/PackageCache/com.unity.test-framework@1.3.9/UnityEngine.TestRunner/NUnitExtensions/Runner/CompositeWorkItem.cs:76)
UnityEngine.TestRunner.NUnitExtensions.Runner.CompositeWorkItem/<RunChildren>d__16:MoveNext () (at ./Library/PackageCache/com.unity.test-framework@1.3.9/UnityEngine.TestRunner/NUnitExtensions/Runner/CompositeWorkItem.cs:197)
UnityEngine.TestRunner.NUnitExtensions.Runner.CompositeWorkItem/<PerformWork>d__12:MoveNext () (at ./Library/PackageCache/com.unity.test-framework@1.3.9/UnityEngine.TestRunner/NUnitExtensions/Runner/CompositeWorkItem.cs:76)
UnityEngine.TestRunner.NUnitExtensions.Runner.CompositeWorkItem/<RunChildren>d__16:MoveNext () (at ./Library/PackageCache/com.unity.test-framework@1.3.9/UnityEngine.TestRunner/NUnitExtensions/Runner/CompositeWorkItem.cs:197)
UnityEngine.TestRunner.NUnitExtensions.Runner.CompositeWorkItem/<PerformWork>d__12:MoveNext () (at ./Library/PackageCache/com.unity.test-framework@1.3.9/UnityEngine.TestRunner/NUnitExtensions/Runner/CompositeWorkItem.cs:76)
UnityEditor.TestTools.TestRunner.EditModeRunner:MoveNextAndUpdateYieldObject () (at ./Library/PackageCache/com.unity.test-framework@1.3.9/UnityEditor.TestRunner/TestRunner/EditModeRunner.cs:164)
UnityEditor.TestTools.TestRunner.EditModeRunner:TestConsumer (UnityEditor.TestTools.TestRunner.TestRunnerStateSerializer) (at ./Library/PackageCache/com.unity.test-framework@1.3.9/UnityEditor.TestRunner/TestRunner/EditModeRunner.cs:197)
UnityEditor.TestTools.TestRunner.TestRun.Tasks.EditModeRunTask/<Execute>d__1:MoveNext () (at ./Library/PackageCache/com.unity.test-framework@1.3.9/UnityEditor.TestRunner/TestRun/Tasks/EditModeRunTask.cs:47)
UnityEditor.TestTools.TestRunner.TestRun.TestJobRunner:ExecuteStep () (at ./Library/PackageCache/com.unity.test-framework@1.3.9/UnityEditor.TestRunner/TestRun/TestJobRunner.cs:172)
UnityEditor.TestTools.TestRunner.TestRun.TestJobRunner:ExecuteCallback () (at ./Library/PackageCache/com.unity.test-framework@1.3.9/UnityEditor.TestRunner/TestRun/TestJobRunner.cs:108)
UnityEditor.EditorApplication:Internal_CallUpdateFunctions ()

(Filename: Assets/_Project/Scripts/OfficeSupplies/OfficeSupplyInstance.cs Line: 47)

[SynergyResolver] paper_weight: soul cost delta -0.50
UnityEngine.StackTraceUtility:ExtractStackTrace ()
UnityEngine.DebugLogHandler:LogFormat (UnityEngine.LogType,UnityEngine.Object,string,object[])
UnityEngine.Logger:Log (UnityEngine.LogType,object)
UnityEngine.Debug:Log (object)
Desk42.OfficeSupplies.SynergyResolver:ApplySoulCostModifiers (single) (at Assets/_Project/Scripts/OfficeSupplies/SynergyResolver.cs:315)
Desk42.Tests.EditMode.SynergyResolverTests:PaperWeight_SoulCostFlooredAtZero () (at Assets/_Project/Tests/EditMode/SynergyResolverTests.cs:148)
System.Reflection.RuntimeMethodInfo:Invoke (object,System.Reflection.BindingFlags,System.Reflection.Binder,object[],System.Globalization.CultureInfo)
System.Reflection.MethodBase:Invoke (object,object[])
NUnit.Framework.Internal.Reflect:InvokeMethod (System.Reflection.MethodInfo,object,object[])
NUnit.Framework.Internal.MethodWrapper:Invoke (object,object[])
NUnit.Framework.Internal.Commands.TestMethodCommand:RunNonAsyncTestMethod (NUnit.Framework.Internal.ITestExecutionContext)
NUnit.Framework.Internal.Commands.TestMethodCommand:RunTestMethod (NUnit.Framework.Internal.ITestExecutionContext)
NUnit.Framework.Internal.Commands.TestMethodCommand:Execute (NUnit.Framework.Internal.ITestExecutionContext)
UnityEngine.TestTools.UnityTestMethodCommand:Execute (NUnit.Framework.Internal.ITestExecutionContext) (at ./Library/PackageCache/com.unity.test-framework@1.3.9/UnityEngine.TestRunner/NUnitExtensions/Commands/UnityTestMethodCommand.cs:16)
UnityEngine.TestRunner.NUnitExtensions.Runner.UnityLogCheckDelegatingCommand/<>c__DisplayClass2_0:<Execute>b__0 () (at ./Library/PackageCache/com.unity.test-framework@1.3.9/UnityEngine.TestRunner/NUnitExtensions/Runner/UnityLogCheckDelegatingCommand.cs:24)
UnityEngine.TestRunner.NUnitExtensions.Runner.UnityLogCheckDelegatingCommand:CaptureException (NUnit.Framework.Internal.TestResult,System.Action) (at ./Library/PackageCache/com.unity.test-framework@1.3.9/UnityEngine.TestRunner/NUnitExtensions/Runner/UnityLogCheckDelegatingCommand.cs:68)
UnityEngine.TestRunner.NUnitExtensions.Runner.UnityLogCheckDelegatingCommand:ExecuteAndCheckLog (UnityEngine.TestTools.Logging.LogScope,NUnit.Framework.Internal.TestResult,System.Action) (at ./Library/PackageCache/com.unity.test-framework@1.3.9/UnityEngine.TestRunner/NUnitExtensions/Runner/UnityLogCheckDelegatingCommand.cs:79)
UnityEngine.TestRunner.NUnitExtensions.Runner.UnityLogCheckDelegatingCommand:Execute (NUnit.Framework.Internal.ITestExecutionContext) (at ./Library/PackageCache/com.unity.test-framework@1.3.9/UnityEngine.TestRunner/NUnitExtensions/Runner/UnityLogCheckDelegatingCommand.cs:24)
UnityEngine.TestRunner.NUnitExtensions.Runner.UnityLogCheckDelegatingCommand/<ExecuteEnumerable>d__3:MoveNext () (at ./Library/PackageCache/com.unity.test-framework@1.3.9/UnityEngine.TestRunner/NUnitExtensions/Runner/UnityLogCheckDelegatingCommand.cs:35)
UnityEngine.TestTools.BeforeAfterTestCommandBase`1/<ExecuteEnumerable>d__14<NUnit.Framework.ITestAction>:MoveNext () (at ./Library/PackageCache/com.unity.test-framework@1.3.9/UnityEngine.TestRunner/NUnitExtensions/Commands/BeforeAfterTestCommandBase.cs:173)
UnityEngine.TestTools.ImmediateEnumerableCommand:Execute (NUnit.Framework.Internal.ITestExecutionContext) (at ./Library/PackageCache/com.unity.test-framework@1.3.9/UnityEngine.TestRunner/NUnitExtensions/Commands/ImmediateEnumerableCommand.cs:18)
UnityEngine.TestTools.BeforeAfterTestCommandBase`1/<ExecuteEnumerable>d__14<System.Reflection.MethodInfo>:MoveNext () (at ./Library/PackageCache/com.unity.test-framework@1.3.9/UnityEngine.TestRunner/NUnitExtensions/Commands/BeforeAfterTestCommandBase.cs:181)
UnityEngine.TestTools.BeforeAfterTestCommandBase`1/<ExecuteEnumerable>d__14<System.Reflection.MethodInfo>:MoveNext () (at ./Library/PackageCache/com.unity.test-framework@1.3.9/UnityEngine.TestRunner/NUnitExtensions/Commands/BeforeAfterTestCommandBase.cs:173)
UnityEngine.TestTools.BeforeAfterTestCommandBase`1/<ExecuteEnumerable>d__14<UnityEngine.TestTools.IOuterUnityTestAction>:MoveNext () (at ./Library/PackageCache/com.unity.test-framework@1.3.9/UnityEngine.TestRunner/NUnitExtensions/Commands/BeforeAfterTestCommandBase.cs:173)
UnityEngine.TestTools.RetryCommand/<ExecuteEnumerable>d__2:MoveNext () (at ./Library/PackageCache/com.unity.test-framework@1.3.9/UnityEngine.TestRunner/NUnitExtensions/Commands/RetryCommand.cs:37)
UnityEngine.TestTools.RepeatCommand/<ExecuteEnumerable>d__2:MoveNext () (at ./Library/PackageCache/com.unity.test-framework@1.3.9/UnityEngine.TestRunner/NUnitExtensions/Commands/RepeatCommand.cs:36)
UnityEngine.TestTools.TimeoutCommand/<ExecuteEnumerable>d__3:MoveNext () (at ./Library/PackageCache/com.unity.test-framework@1.3.9/UnityEngine.TestRunner/NUnitExtensions/Commands/TimeoutCommand.cs:33)
UnityEngine.TestTools.IgnoreTestCommand/<ExecuteEnumerable>d__3:MoveNext () (at ./Library/PackageCache/com.unity.test-framework@1.3.9/UnityEngine.TestRunner/NUnitExtensions/Commands/IgnoreTestCommand.cs:42)
UnityEngine.TestTools.StrictCheckCommand/<ExecuteEnumerable>d__2:MoveNext () (at ./Library/PackageCache/com.unity.test-framework@1.3.9/UnityEngine.TestRunner/NUnitExtensions/Commands/StrictCheckCommand.cs:29)
UnityEngine.TestRunner.NUnitExtensions.Runner.DefaultTestWorkItem/<PerformWork>d__2:MoveNext () (at ./Library/PackageCache/com.unity.test-framework@1.3.9/UnityEngine.TestRunner/NUnitExtensions/Runner/DefaultTestWorkItem.cs:50)
UnityEngine.TestRunner.NUnitExtensions.Runner.CompositeWorkItem/<RunChildren>d__16:MoveNext () (at ./Library/PackageCache/com.unity.test-framework@1.3.9/UnityEngine.TestRunner/NUnitExtensions/Runner/CompositeWorkItem.cs:197)
UnityEngine.TestRunner.NUnitExtensions.Runner.CompositeWorkItem/<PerformWork>d__12:MoveNext () (at ./Library/PackageCache/com.unity.test-framework@1.3.9/UnityEngine.TestRunner/NUnitExtensions/Runner/CompositeWorkItem.cs:76)
UnityEngine.TestRunner.NUnitExtensions.Runner.CompositeWorkItem/<RunChildren>d__16:MoveNext () (at ./Library/PackageCache/com.unity.test-framework@1.3.9/UnityEngine.TestRunner/NUnitExtensions/Runner/CompositeWorkItem.cs:197)
UnityEngine.TestRunner.NUnitExtensions.Runner.CompositeWorkItem/<PerformWork>d__12:MoveNext () (at ./Library/PackageCache/com.unity.test-framework@1.3.9/UnityEngine.TestRunner/NUnitExtensions/Runner/CompositeWorkItem.cs:76)
UnityEngine.TestRunner.NUnitExtensions.Runner.CompositeWorkItem/<RunChildren>d__16:MoveNext () (at ./Library/PackageCache/com.unity.test-framework@1.3.9/UnityEngine.TestRunner/NUnitExtensions/Runner/CompositeWorkItem.cs:197)
UnityEngine.TestRunner.NUnitExtensions.Runner.CompositeWorkItem/<PerformWork>d__12:MoveNext () (at ./Library/PackageCache/com.unity.test-framework@1.3.9/UnityEngine.TestRunner/NUnitExtensions/Runner/CompositeWorkItem.cs:76)
UnityEngine.TestRunner.NUnitExtensions.Runner.CompositeWorkItem/<RunChildren>d__16:MoveNext () (at ./Library/PackageCache/com.unity.test-framework@1.3.9/UnityEngine.TestRunner/NUnitExtensions/Runner/CompositeWorkItem.cs:197)
UnityEngine.TestRunner.NUnitExtensions.Runner.CompositeWorkItem/<PerformWork>d__12:MoveNext () (at ./Library/PackageCache/com.unity.test-framework@1.3.9/UnityEngine.TestRunner/NUnitExtensions/Runner/CompositeWorkItem.cs:76)
UnityEngine.TestRunner.NUnitExtensions.Runner.CompositeWorkItem/<RunChildren>d__16:MoveNext () (at ./Library/PackageCache/com.unity.test-framework@1.3.9/UnityEngine.TestRunner/NUnitExtensions/Runner/CompositeWorkItem.cs:197)
UnityEngine.TestRunner.NUnitExtensions.Runner.CompositeWorkItem/<PerformWork>d__12:MoveNext () (at ./Library/PackageCache/com.unity.test-framework@1.3.9/UnityEngine.TestRunner/NUnitExtensions/Runner/CompositeWorkItem.cs:76)
UnityEngine.TestRunner.NUnitExtensions.Runner.CompositeWorkItem/<RunChildren>d__16:MoveNext () (at ./Library/PackageCache/com.unity.test-framework@1.3.9/UnityEngine.TestRunner/NUnitExtensions/Runner/CompositeWorkItem.cs:197)
UnityEngine.TestRunner.NUnitExtensions.Runner.CompositeWorkItem/<PerformWork>d__12:MoveNext () (at ./Library/PackageCache/com.unity.test-framework@1.3.9/UnityEngine.TestRunner/NUnitExtensions/Runner/CompositeWorkItem.cs:76)
UnityEditor.TestTools.TestRunner.EditModeRunner:MoveNextAndUpdateYieldObject () (at ./Library/PackageCache/com.unity.test-framework@1.3.9/UnityEditor.TestRunner/TestRunner/EditModeRunner.cs:164)
UnityEditor.TestTools.TestRunner.EditModeRunner:TestConsumer (UnityEditor.TestTools.TestRunner.TestRunnerStateSerializer) (at ./Library/PackageCache/com.unity.test-framework@1.3.9/UnityEditor.TestRunner/TestRunner/EditModeRunner.cs:197)
UnityEditor.TestTools.TestRunner.TestRun.Tasks.EditModeRunTask/<Execute>d__1:MoveNext () (at ./Library/PackageCache/com.unity.test-framework@1.3.9/UnityEditor.TestRunner/TestRun/Tasks/EditModeRunTask.cs:47)
UnityEditor.TestTools.TestRunner.TestRun.TestJobRunner:ExecuteStep () (at ./Library/PackageCache/com.unity.test-framework@1.3.9/UnityEditor.TestRunner/TestRun/TestJobRunner.cs:172)
UnityEditor.TestTools.TestRunner.TestRun.TestJobRunner:ExecuteCallback () (at ./Library/PackageCache/com.unity.test-framework@1.3.9/UnityEditor.TestRunner/TestRun/TestJobRunner.cs:108)
UnityEditor.EditorApplication:Internal_CallUpdateFunctions ()

(Filename: Assets/_Project/Scripts/OfficeSupplies/SynergyResolver.cs Line: 315)

[Supply] Placed: rubber_stamp
UnityEngine.StackTraceUtility:ExtractStackTrace ()
UnityEngine.DebugLogHandler:LogFormat (UnityEngine.LogType,UnityEngine.Object,string,object[])
UnityEngine.Logger:Log (UnityEngine.LogType,object)
UnityEngine.Debug:Log (object)
Desk42.OfficeSupplies.OfficeSupplyInstance:Place (Desk42.OfficeSupplies.SupplyContext) (at Assets/_Project/Scripts/OfficeSupplies/OfficeSupplyInstance.cs:47)
Desk42.OfficeSupplies.OfficeSupplyManager:PlaceSupply (Desk42.OfficeSupplies.OfficeSupplyData) (at Assets/_Project/Scripts/OfficeSupplies/OfficeSupplyManager.cs:98)
Desk42.Tests.EditMode.SynergyResolverTests:PlaceTestSupply (string,Desk42.OfficeSupplies.DeskZone) (at Assets/_Project/Tests/EditMode/SynergyResolverTests.cs:54)
Desk42.Tests.EditMode.SynergyResolverTests:RubberStamp_OnlyAppliesOnce_SecondCallUnaffected () (at Assets/_Project/Tests/EditMode/SynergyResolverTests.cs:115)
System.Reflection.RuntimeMethodInfo:Invoke (object,System.Reflection.BindingFlags,System.Reflection.Binder,object[],System.Globalization.CultureInfo)
System.Reflection.MethodBase:Invoke (object,object[])
NUnit.Framework.Internal.Reflect:InvokeMethod (System.Reflection.MethodInfo,object,object[])
NUnit.Framework.Internal.MethodWrapper:Invoke (object,object[])
NUnit.Framework.Internal.Commands.TestMethodCommand:RunNonAsyncTestMethod (NUnit.Framework.Internal.ITestExecutionContext)
NUnit.Framework.Internal.Commands.TestMethodCommand:RunTestMethod (NUnit.Framework.Internal.ITestExecutionContext)
NUnit.Framework.Internal.Commands.TestMethodCommand:Execute (NUnit.Framework.Internal.ITestExecutionContext)
UnityEngine.TestTools.UnityTestMethodCommand:Execute (NUnit.Framework.Internal.ITestExecutionContext) (at ./Library/PackageCache/com.unity.test-framework@1.3.9/UnityEngine.TestRunner/NUnitExtensions/Commands/UnityTestMethodCommand.cs:16)
UnityEngine.TestRunner.NUnitExtensions.Runner.UnityLogCheckDelegatingCommand/<>c__DisplayClass2_0:<Execute>b__0 () (at ./Library/PackageCache/com.unity.test-framework@1.3.9/UnityEngine.TestRunner/NUnitExtensions/Runner/UnityLogCheckDelegatingCommand.cs:24)
UnityEngine.TestRunner.NUnitExtensions.Runner.UnityLogCheckDelegatingCommand:CaptureException (NUnit.Framework.Internal.TestResult,System.Action) (at ./Library/PackageCache/com.unity.test-framework@1.3.9/UnityEngine.TestRunner/NUnitExtensions/Runner/UnityLogCheckDelegatingCommand.cs:68)
UnityEngine.TestRunner.NUnitExtensions.Runner.UnityLogCheckDelegatingCommand:ExecuteAndCheckLog (UnityEngine.TestTools.Logging.LogScope,NUnit.Framework.Internal.TestResult,System.Action) (at ./Library/PackageCache/com.unity.test-framework@1.3.9/UnityEngine.TestRunner/NUnitExtensions/Runner/UnityLogCheckDelegatingCommand.cs:79)
UnityEngine.TestRunner.NUnitExtensions.Runner.UnityLogCheckDelegatingCommand:Execute (NUnit.Framework.Internal.ITestExecutionContext) (at ./Library/PackageCache/com.unity.test-framework@1.3.9/UnityEngine.TestRunner/NUnitExtensions/Runner/UnityLogCheckDelegatingCommand.cs:24)
UnityEngine.TestRunner.NUnitExtensions.Runner.UnityLogCheckDelegatingCommand/<ExecuteEnumerable>d__3:MoveNext () (at ./Library/PackageCache/com.unity.test-framework@1.3.9/UnityEngine.TestRunner/NUnitExtensions/Runner/UnityLogCheckDelegatingCommand.cs:35)
UnityEngine.TestTools.BeforeAfterTestCommandBase`1/<ExecuteEnumerable>d__14<NUnit.Framework.ITestAction>:MoveNext () (at ./Library/PackageCache/com.unity.test-framework@1.3.9/UnityEngine.TestRunner/NUnitExtensions/Commands/BeforeAfterTestCommandBase.cs:173)
UnityEngine.TestTools.ImmediateEnumerableCommand:Execute (NUnit.Framework.Internal.ITestExecutionContext) (at ./Library/PackageCache/com.unity.test-framework@1.3.9/UnityEngine.TestRunner/NUnitExtensions/Commands/ImmediateEnumerableCommand.cs:18)
UnityEngine.TestTools.BeforeAfterTestCommandBase`1/<ExecuteEnumerable>d__14<System.Reflection.MethodInfo>:MoveNext () (at ./Library/PackageCache/com.unity.test-framework@1.3.9/UnityEngine.TestRunner/NUnitExtensions/Commands/BeforeAfterTestCommandBase.cs:181)
UnityEngine.TestTools.BeforeAfterTestCommandBase`1/<ExecuteEnumerable>d__14<System.Reflection.MethodInfo>:MoveNext () (at ./Library/PackageCache/com.unity.test-framework@1.3.9/UnityEngine.TestRunner/NUnitExtensions/Commands/BeforeAfterTestCommandBase.cs:173)
UnityEngine.TestTools.BeforeAfterTestCommandBase`1/<ExecuteEnumerable>d__14<UnityEngine.TestTools.IOuterUnityTestAction>:MoveNext () (at ./Library/PackageCache/com.unity.test-framework@1.3.9/UnityEngine.TestRunner/NUnitExtensions/Commands/BeforeAfterTestCommandBase.cs:173)
UnityEngine.TestTools.RetryCommand/<ExecuteEnumerable>d__2:MoveNext () (at ./Library/PackageCache/com.unity.test-framework@1.3.9/UnityEngine.TestRunner/NUnitExtensions/Commands/RetryCommand.cs:37)
UnityEngine.TestTools.RepeatCommand/<ExecuteEnumerable>d__2:MoveNext () (at ./Library/PackageCache/com.unity.test-framework@1.3.9/UnityEngine.TestRunner/NUnitExtensions/Commands/RepeatCommand.cs:36)
UnityEngine.TestTools.TimeoutCommand/<ExecuteEnumerable>d__3:MoveNext () (at ./Library/PackageCache/com.unity.test-framework@1.3.9/UnityEngine.TestRunner/NUnitExtensions/Commands/TimeoutCommand.cs:33)
UnityEngine.TestTools.IgnoreTestCommand/<ExecuteEnumerable>d__3:MoveNext () (at ./Library/PackageCache/com.unity.test-framework@1.3.9/UnityEngine.TestRunner/NUnitExtensions/Commands/IgnoreTestCommand.cs:42)
UnityEngine.TestTools.StrictCheckCommand/<ExecuteEnumerable>d__2:MoveNext () (at ./Library/PackageCache/com.unity.test-framework@1.3.9/UnityEngine.TestRunner/NUnitExtensions/Commands/StrictCheckCommand.cs:29)
UnityEngine.TestRunner.NUnitExtensions.Runner.DefaultTestWorkItem/<PerformWork>d__2:MoveNext () (at ./Library/PackageCache/com.unity.test-framework@1.3.9/UnityEngine.TestRunner/NUnitExtensions/Runner/DefaultTestWorkItem.cs:50)
UnityEngine.TestRunner.NUnitExtensions.Runner.CompositeWorkItem/<RunChildren>d__16:MoveNext () (at ./Library/PackageCache/com.unity.test-framework@1.3.9/UnityEngine.TestRunner/NUnitExtensions/Runner/CompositeWorkItem.cs:197)
UnityEngine.TestRunner.NUnitExtensions.Runner.CompositeWorkItem/<PerformWork>d__12:MoveNext () (at ./Library/PackageCache/com.unity.test-framework@1.3.9/UnityEngine.TestRunner/NUnitExtensions/Runner/CompositeWorkItem.cs:76)
UnityEngine.TestRunner.NUnitExtensions.Runner.CompositeWorkItem/<RunChildren>d__16:MoveNext () (at ./Library/PackageCache/com.unity.test-framework@1.3.9/UnityEngine.TestRunner/NUnitExtensions/Runner/CompositeWorkItem.cs:197)
UnityEngine.TestRunner.NUnitExtensions.Runner.CompositeWorkItem/<PerformWork>d__12:MoveNext () (at ./Library/PackageCache/com.unity.test-framework@1.3.9/UnityEngine.TestRunner/NUnitExtensions/Runner/CompositeWorkItem.cs:76)
UnityEngine.TestRunner.NUnitExtensions.Runner.CompositeWorkItem/<RunChildren>d__16:MoveNext () (at ./Library/PackageCache/com.unity.test-framework@1.3.9/UnityEngine.TestRunner/NUnitExtensions/Runner/CompositeWorkItem.cs:197)
UnityEngine.TestRunner.NUnitExtensions.Runner.CompositeWorkItem/<PerformWork>d__12:MoveNext () (at ./Library/PackageCache/com.unity.test-framework@1.3.9/UnityEngine.TestRunner/NUnitExtensions/Runner/CompositeWorkItem.cs:76)
UnityEngine.TestRunner.NUnitExtensions.Runner.CompositeWorkItem/<RunChildren>d__16:MoveNext () (at ./Library/PackageCache/com.unity.test-framework@1.3.9/UnityEngine.TestRunner/NUnitExtensions/Runner/CompositeWorkItem.cs:197)
UnityEngine.TestRunner.NUnitExtensions.Runner.CompositeWorkItem/<PerformWork>d__12:MoveNext () (at ./Library/PackageCache/com.unity.test-framework@1.3.9/UnityEngine.TestRunner/NUnitExtensions/Runner/CompositeWorkItem.cs:76)
UnityEngine.TestRunner.NUnitExtensions.Runner.CompositeWorkItem/<RunChildren>d__16:MoveNext () (at ./Library/PackageCache/com.unity.test-framework@1.3.9/UnityEngine.TestRunner/NUnitExtensions/Runner/CompositeWorkItem.cs:197)
UnityEngine.TestRunner.NUnitExtensions.Runner.CompositeWorkItem/<PerformWork>d__12:MoveNext () (at ./Library/PackageCache/com.unity.test-framework@1.3.9/UnityEngine.TestRunner/NUnitExtensions/Runner/CompositeWorkItem.cs:76)
UnityEngine.TestRunner.NUnitExtensions.Runner.CompositeWorkItem/<RunChildren>d__16:MoveNext () (at ./Library/PackageCache/com.unity.test-framework@1.3.9/UnityEngine.TestRunner/NUnitExtensions/Runner/CompositeWorkItem.cs:197)
UnityEngine.TestRunner.NUnitExtensions.Runner.CompositeWorkItem/<PerformWork>d__12:MoveNext () (at ./Library/PackageCache/com.unity.test-framework@1.3.9/UnityEngine.TestRunner/NUnitExtensions/Runner/CompositeWorkItem.cs:76)
UnityEditor.TestTools.TestRunner.EditModeRunner:MoveNextAndUpdateYieldObject () (at ./Library/PackageCache/com.unity.test-framework@1.3.9/UnityEditor.TestRunner/TestRunner/EditModeRunner.cs:164)
UnityEditor.TestTools.TestRunner.EditModeRunner:TestConsumer (UnityEditor.TestTools.TestRunner.TestRunnerStateSerializer) (at ./Library/PackageCache/com.unity.test-framework@1.3.9/UnityEditor.TestRunner/TestRunner/EditModeRunner.cs:197)
UnityEditor.TestTools.TestRunner.TestRun.Tasks.EditModeRunTask/<Execute>d__1:MoveNext () (at ./Library/PackageCache/com.unity.test-framework@1.3.9/UnityEditor.TestRunner/TestRun/Tasks/EditModeRunTask.cs:47)
UnityEditor.TestTools.TestRunner.TestRun.TestJobRunner:ExecuteStep () (at ./Library/PackageCache/com.unity.test-framework@1.3.9/UnityEditor.TestRunner/TestRun/TestJobRunner.cs:172)
UnityEditor.TestTools.TestRunner.TestRun.TestJobRunner:ExecuteCallback () (at ./Library/PackageCache/com.unity.test-framework@1.3.9/UnityEditor.TestRunner/TestRun/TestJobRunner.cs:108)
UnityEditor.EditorApplication:Internal_CallUpdateFunctions ()

(Filename: Assets/_Project/Scripts/OfficeSupplies/OfficeSupplyInstance.cs Line: 47)

[RubberStamp] First slam this encounter is free.
UnityEngine.StackTraceUtility:ExtractStackTrace ()
UnityEngine.DebugLogHandler:LogFormat (UnityEngine.LogType,UnityEngine.Object,string,object[])
UnityEngine.Logger:Log (UnityEngine.LogType,object)
UnityEngine.Debug:Log (object)
Desk42.OfficeSupplies.RubberStampEffect:ModifyCreditCost (Desk42.Core.PunchCardType,int) (at Assets/_Project/Scripts/OfficeSupplies/ShipTierSupplies.cs:249)
Desk42.OfficeSupplies.SynergyResolver:ApplyCreditCostModifiers (Desk42.Core.PunchCardType,int) (at Assets/_Project/Scripts/OfficeSupplies/SynergyResolver.cs:121)
Desk42.Tests.EditMode.SynergyResolverTests:RubberStamp_OnlyAppliesOnce_SecondCallUnaffected () (at Assets/_Project/Tests/EditMode/SynergyResolverTests.cs:117)
System.Reflection.RuntimeMethodInfo:Invoke (object,System.Reflection.BindingFlags,System.Reflection.Binder,object[],System.Globalization.CultureInfo)
System.Reflection.MethodBase:Invoke (object,object[])
NUnit.Framework.Internal.Reflect:InvokeMethod (System.Reflection.MethodInfo,object,object[])
NUnit.Framework.Internal.MethodWrapper:Invoke (object,object[])
NUnit.Framework.Internal.Commands.TestMethodCommand:RunNonAsyncTestMethod (NUnit.Framework.Internal.ITestExecutionContext)
NUnit.Framework.Internal.Commands.TestMethodCommand:RunTestMethod (NUnit.Framework.Internal.ITestExecutionContext)
NUnit.Framework.Internal.Commands.TestMethodCommand:Execute (NUnit.Framework.Internal.ITestExecutionContext)
UnityEngine.TestTools.UnityTestMethodCommand:Execute (NUnit.Framework.Internal.ITestExecutionContext) (at ./Library/PackageCache/com.unity.test-framework@1.3.9/UnityEngine.TestRunner/NUnitExtensions/Commands/UnityTestMethodCommand.cs:16)
UnityEngine.TestRunner.NUnitExtensions.Runner.UnityLogCheckDelegatingCommand/<>c__DisplayClass2_0:<Execute>b__0 () (at ./Library/PackageCache/com.unity.test-framework@1.3.9/UnityEngine.TestRunner/NUnitExtensions/Runner/UnityLogCheckDelegatingCommand.cs:24)
UnityEngine.TestRunner.NUnitExtensions.Runner.UnityLogCheckDelegatingCommand:CaptureException (NUnit.Framework.Internal.TestResult,System.Action) (at ./Library/PackageCache/com.unity.test-framework@1.3.9/UnityEngine.TestRunner/NUnitExtensions/Runner/UnityLogCheckDelegatingCommand.cs:68)
UnityEngine.TestRunner.NUnitExtensions.Runner.UnityLogCheckDelegatingCommand:ExecuteAndCheckLog (UnityEngine.TestTools.Logging.LogScope,NUnit.Framework.Internal.TestResult,System.Action) (at ./Library/PackageCache/com.unity.test-framework@1.3.9/UnityEngine.TestRunner/NUnitExtensions/Runner/UnityLogCheckDelegatingCommand.cs:79)
UnityEngine.TestRunner.NUnitExtensions.Runner.UnityLogCheckDelegatingCommand:Execute (NUnit.Framework.Internal.ITestExecutionContext) (at ./Library/PackageCache/com.unity.test-framework@1.3.9/UnityEngine.TestRunner/NUnitExtensions/Runner/UnityLogCheckDelegatingCommand.cs:24)
UnityEngine.TestRunner.NUnitExtensions.Runner.UnityLogCheckDelegatingCommand/<ExecuteEnumerable>d__3:MoveNext () (at ./Library/PackageCache/com.unity.test-framework@1.3.9/UnityEngine.TestRunner/NUnitExtensions/Runner/UnityLogCheckDelegatingCommand.cs:35)
UnityEngine.TestTools.BeforeAfterTestCommandBase`1/<ExecuteEnumerable>d__14<NUnit.Framework.ITestAction>:MoveNext () (at ./Library/PackageCache/com.unity.test-framework@1.3.9/UnityEngine.TestRunner/NUnitExtensions/Commands/BeforeAfterTestCommandBase.cs:173)
UnityEngine.TestTools.ImmediateEnumerableCommand:Execute (NUnit.Framework.Internal.ITestExecutionContext) (at ./Library/PackageCache/com.unity.test-framework@1.3.9/UnityEngine.TestRunner/NUnitExtensions/Commands/ImmediateEnumerableCommand.cs:18)
UnityEngine.TestTools.BeforeAfterTestCommandBase`1/<ExecuteEnumerable>d__14<System.Reflection.MethodInfo>:MoveNext () (at ./Library/PackageCache/com.unity.test-framework@1.3.9/UnityEngine.TestRunner/NUnitExtensions/Commands/BeforeAfterTestCommandBase.cs:181)
UnityEngine.TestTools.BeforeAfterTestCommandBase`1/<ExecuteEnumerable>d__14<System.Reflection.MethodInfo>:MoveNext () (at ./Library/PackageCache/com.unity.test-framework@1.3.9/UnityEngine.TestRunner/NUnitExtensions/Commands/BeforeAfterTestCommandBase.cs:173)
UnityEngine.TestTools.BeforeAfterTestCommandBase`1/<ExecuteEnumerable>d__14<UnityEngine.TestTools.IOuterUnityTestAction>:MoveNext () (at ./Library/PackageCache/com.unity.test-framework@1.3.9/UnityEngine.TestRunner/NUnitExtensions/Commands/BeforeAfterTestCommandBase.cs:173)
UnityEngine.TestTools.RetryCommand/<ExecuteEnumerable>d__2:MoveNext () (at ./Library/PackageCache/com.unity.test-framework@1.3.9/UnityEngine.TestRunner/NUnitExtensions/Commands/RetryCommand.cs:37)
UnityEngine.TestTools.RepeatCommand/<ExecuteEnumerable>d__2:MoveNext () (at ./Library/PackageCache/com.unity.test-framework@1.3.9/UnityEngine.TestRunner/NUnitExtensions/Commands/RepeatCommand.cs:36)
UnityEngine.TestTools.TimeoutCommand/<ExecuteEnumerable>d__3:MoveNext () (at ./Library/PackageCache/com.unity.test-framework@1.3.9/UnityEngine.TestRunner/NUnitExtensions/Commands/TimeoutCommand.cs:33)
UnityEngine.TestTools.IgnoreTestCommand/<ExecuteEnumerable>d__3:MoveNext () (at ./Library/PackageCache/com.unity.test-framework@1.3.9/UnityEngine.TestRunner/NUnitExtensions/Commands/IgnoreTestCommand.cs:42)
UnityEngine.TestTools.StrictCheckCommand/<ExecuteEnumerable>d__2:MoveNext () (at ./Library/PackageCache/com.unity.test-framework@1.3.9/UnityEngine.TestRunner/NUnitExtensions/Commands/StrictCheckCommand.cs:29)
UnityEngine.TestRunner.NUnitExtensions.Runner.DefaultTestWorkItem/<PerformWork>d__2:MoveNext () (at ./Library/PackageCache/com.unity.test-framework@1.3.9/UnityEngine.TestRunner/NUnitExtensions/Runner/DefaultTestWorkItem.cs:50)
UnityEngine.TestRunner.NUnitExtensions.Runner.CompositeWorkItem/<RunChildren>d__16:MoveNext () (at ./Library/PackageCache/com.unity.test-framework@1.3.9/UnityEngine.TestRunner/NUnitExtensions/Runner/CompositeWorkItem.cs:197)
UnityEngine.TestRunner.NUnitExtensions.Runner.CompositeWorkItem/<PerformWork>d__12:MoveNext () (at ./Library/PackageCache/com.unity.test-framework@1.3.9/UnityEngine.TestRunner/NUnitExtensions/Runner/CompositeWorkItem.cs:76)
UnityEngine.TestRunner.NUnitExtensions.Runner.CompositeWorkItem/<RunChildren>d__16:MoveNext () (at ./Library/PackageCache/com.unity.test-framework@1.3.9/UnityEngine.TestRunner/NUnitExtensions/Runner/CompositeWorkItem.cs:197)
UnityEngine.TestRunner.NUnitExtensions.Runner.CompositeWorkItem/<PerformWork>d__12:MoveNext () (at ./Library/PackageCache/com.unity.test-framework@1.3.9/UnityEngine.TestRunner/NUnitExtensions/Runner/CompositeWorkItem.cs:76)
UnityEngine.TestRunner.NUnitExtensions.Runner.CompositeWorkItem/<RunChildren>d__16:MoveNext () (at ./Library/PackageCache/com.unity.test-framework@1.3.9/UnityEngine.TestRunner/NUnitExtensions/Runner/CompositeWorkItem.cs:197)
UnityEngine.TestRunner.NUnitExtensions.Runner.CompositeWorkItem/<PerformWork>d__12:MoveNext () (at ./Library/PackageCache/com.unity.test-framework@1.3.9/UnityEngine.TestRunner/NUnitExtensions/Runner/CompositeWorkItem.cs:76)
UnityEngine.TestRunner.NUnitExtensions.Runner.CompositeWorkItem/<RunChildren>d__16:MoveNext () (at ./Library/PackageCache/com.unity.test-framework@1.3.9/UnityEngine.TestRunner/NUnitExtensions/Runner/CompositeWorkItem.cs:197)
UnityEngine.TestRunner.NUnitExtensions.Runner.CompositeWorkItem/<PerformWork>d__12:MoveNext () (at ./Library/PackageCache/com.unity.test-framework@1.3.9/UnityEngine.TestRunner/NUnitExtensions/Runner/CompositeWorkItem.cs:76)
UnityEngine.TestRunner.NUnitExtensions.Runner.CompositeWorkItem/<RunChildren>d__16:MoveNext () (at ./Library/PackageCache/com.unity.test-framework@1.3.9/UnityEngine.TestRunner/NUnitExtensions/Runner/CompositeWorkItem.cs:197)
UnityEngine.TestRunner.NUnitExtensions.Runner.CompositeWorkItem/<PerformWork>d__12:MoveNext () (at ./Library/PackageCache/com.unity.test-framework@1.3.9/UnityEngine.TestRunner/NUnitExtensions/Runner/CompositeWorkItem.cs:76)
UnityEngine.TestRunner.NUnitExtensions.Runner.CompositeWorkItem/<RunChildren>d__16:MoveNext () (at ./Library/PackageCache/com.unity.test-framework@1.3.9/UnityEngine.TestRunner/NUnitExtensions/Runner/CompositeWorkItem.cs:197)
UnityEngine.TestRunner.NUnitExtensions.Runner.CompositeWorkItem/<PerformWork>d__12:MoveNext () (at ./Library/PackageCache/com.unity.test-framework@1.3.9/UnityEngine.TestRunner/NUnitExtensions/Runner/CompositeWorkItem.cs:76)
UnityEditor.TestTools.TestRunner.EditModeRunner:MoveNextAndUpdateYieldObject () (at ./Library/PackageCache/com.unity.test-framework@1.3.9/UnityEditor.TestRunner/TestRunner/EditModeRunner.cs:164)
UnityEditor.TestTools.TestRunner.EditModeRunner:TestConsumer (UnityEditor.TestTools.TestRunner.TestRunnerStateSerializer) (at ./Library/PackageCache/com.unity.test-framework@1.3.9/UnityEditor.TestRunner/TestRunner/EditModeRunner.cs:197)
UnityEditor.TestTools.TestRunner.TestRun.Tasks.EditModeRunTask/<Execute>d__1:MoveNext () (at ./Library/PackageCache/com.unity.test-framework@1.3.9/UnityEditor.TestRunner/TestRun/Tasks/EditModeRunTask.cs:47)
UnityEditor.TestTools.TestRunner.TestRun.TestJobRunner:ExecuteStep () (at ./Library/PackageCache/com.unity.test-framework@1.3.9/UnityEditor.TestRunner/TestRun/TestJobRunner.cs:172)
UnityEditor.TestTools.TestRunner.TestRun.TestJobRunner:ExecuteCallback () (at ./Library/PackageCache/com.unity.test-framework@1.3.9/UnityEditor.TestRunner/TestRun/TestJobRunner.cs:108)
UnityEditor.EditorApplication:Internal_CallUpdateFunctions ()

(Filename: Assets/_Project/Scripts/OfficeSupplies/ShipTierSupplies.cs Line: 249)

[SynergyResolver] rubber_stamp: cost delta -5 (PendingReview)
UnityEngine.StackTraceUtility:ExtractStackTrace ()
UnityEngine.DebugLogHandler:LogFormat (UnityEngine.LogType,UnityEngine.Object,string,object[])
UnityEngine.Logger:Log (UnityEngine.LogType,object)
UnityEngine.Debug:Log (object)
Desk42.OfficeSupplies.SynergyResolver:ApplyCreditCostModifiers (Desk42.Core.PunchCardType,int) (at Assets/_Project/Scripts/OfficeSupplies/SynergyResolver.cs:127)
Desk42.Tests.EditMode.SynergyResolverTests:RubberStamp_OnlyAppliesOnce_SecondCallUnaffected () (at Assets/_Project/Tests/EditMode/SynergyResolverTests.cs:117)
System.Reflection.RuntimeMethodInfo:Invoke (object,System.Reflection.BindingFlags,System.Reflection.Binder,object[],System.Globalization.CultureInfo)
System.Reflection.MethodBase:Invoke (object,object[])
NUnit.Framework.Internal.Reflect:InvokeMethod (System.Reflection.MethodInfo,object,object[])
NUnit.Framework.Internal.MethodWrapper:Invoke (object,object[])
NUnit.Framework.Internal.Commands.TestMethodCommand:RunNonAsyncTestMethod (NUnit.Framework.Internal.ITestExecutionContext)
NUnit.Framework.Internal.Commands.TestMethodCommand:RunTestMethod (NUnit.Framework.Internal.ITestExecutionContext)
NUnit.Framework.Internal.Commands.TestMethodCommand:Execute (NUnit.Framework.Internal.ITestExecutionContext)
UnityEngine.TestTools.UnityTestMethodCommand:Execute (NUnit.Framework.Internal.ITestExecutionContext) (at ./Library/PackageCache/com.unity.test-framework@1.3.9/UnityEngine.TestRunner/NUnitExtensions/Commands/UnityTestMethodCommand.cs:16)
UnityEngine.TestRunner.NUnitExtensions.Runner.UnityLogCheckDelegatingCommand/<>c__DisplayClass2_0:<Execute>b__0 () (at ./Library/PackageCache/com.unity.test-framework@1.3.9/UnityEngine.TestRunner/NUnitExtensions/Runner/UnityLogCheckDelegatingCommand.cs:24)
UnityEngine.TestRunner.NUnitExtensions.Runner.UnityLogCheckDelegatingCommand:CaptureException (NUnit.Framework.Internal.TestResult,System.Action) (at ./Library/PackageCache/com.unity.test-framework@1.3.9/UnityEngine.TestRunner/NUnitExtensions/Runner/UnityLogCheckDelegatingCommand.cs:68)
UnityEngine.TestRunner.NUnitExtensions.Runner.UnityLogCheckDelegatingCommand:ExecuteAndCheckLog (UnityEngine.TestTools.Logging.LogScope,NUnit.Framework.Internal.TestResult,System.Action) (at ./Library/PackageCache/com.unity.test-framework@1.3.9/UnityEngine.TestRunner/NUnitExtensions/Runner/UnityLogCheckDelegatingCommand.cs:79)
UnityEngine.TestRunner.NUnitExtensions.Runner.UnityLogCheckDelegatingCommand:Execute (NUnit.Framework.Internal.ITestExecutionContext) (at ./Library/PackageCache/com.unity.test-framework@1.3.9/UnityEngine.TestRunner/NUnitExtensions/Runner/UnityLogCheckDelegatingCommand.cs:24)
UnityEngine.TestRunner.NUnitExtensions.Runner.UnityLogCheckDelegatingCommand/<ExecuteEnumerable>d__3:MoveNext () (at ./Library/PackageCache/com.unity.test-framework@1.3.9/UnityEngine.TestRunner/NUnitExtensions/Runner/UnityLogCheckDelegatingCommand.cs:35)
UnityEngine.TestTools.BeforeAfterTestCommandBase`1/<ExecuteEnumerable>d__14<NUnit.Framework.ITestAction>:MoveNext () (at ./Library/PackageCache/com.unity.test-framework@1.3.9/UnityEngine.TestRunner/NUnitExtensions/Commands/BeforeAfterTestCommandBase.cs:173)
UnityEngine.TestTools.ImmediateEnumerableCommand:Execute (NUnit.Framework.Internal.ITestExecutionContext) (at ./Library/PackageCache/com.unity.test-framework@1.3.9/UnityEngine.TestRunner/NUnitExtensions/Commands/ImmediateEnumerableCommand.cs:18)
UnityEngine.TestTools.BeforeAfterTestCommandBase`1/<ExecuteEnumerable>d__14<System.Reflection.MethodInfo>:MoveNext () (at ./Library/PackageCache/com.unity.test-framework@1.3.9/UnityEngine.TestRunner/NUnitExtensions/Commands/BeforeAfterTestCommandBase.cs:181)
UnityEngine.TestTools.BeforeAfterTestCommandBase`1/<ExecuteEnumerable>d__14<System.Reflection.MethodInfo>:MoveNext () (at ./Library/PackageCache/com.unity.test-framework@1.3.9/UnityEngine.TestRunner/NUnitExtensions/Commands/BeforeAfterTestCommandBase.cs:173)
UnityEngine.TestTools.BeforeAfterTestCommandBase`1/<ExecuteEnumerable>d__14<UnityEngine.TestTools.IOuterUnityTestAction>:MoveNext () (at ./Library/PackageCache/com.unity.test-framework@1.3.9/UnityEngine.TestRunner/NUnitExtensions/Commands/BeforeAfterTestCommandBase.cs:173)
UnityEngine.TestTools.RetryCommand/<ExecuteEnumerable>d__2:MoveNext () (at ./Library/PackageCache/com.unity.test-framework@1.3.9/UnityEngine.TestRunner/NUnitExtensions/Commands/RetryCommand.cs:37)
UnityEngine.TestTools.RepeatCommand/<ExecuteEnumerable>d__2:MoveNext () (at ./Library/PackageCache/com.unity.test-framework@1.3.9/UnityEngine.TestRunner/NUnitExtensions/Commands/RepeatCommand.cs:36)
UnityEngine.TestTools.TimeoutCommand/<ExecuteEnumerable>d__3:MoveNext () (at ./Library/PackageCache/com.unity.test-framework@1.3.9/UnityEngine.TestRunner/NUnitExtensions/Commands/TimeoutCommand.cs:33)
UnityEngine.TestTools.IgnoreTestCommand/<ExecuteEnumerable>d__3:MoveNext () (at ./Library/PackageCache/com.unity.test-framework@1.3.9/UnityEngine.TestRunner/NUnitExtensions/Commands/IgnoreTestCommand.cs:42)
UnityEngine.TestTools.StrictCheckCommand/<ExecuteEnumerable>d__2:MoveNext () (at ./Library/PackageCache/com.unity.test-framework@1.3.9/UnityEngine.TestRunner/NUnitExtensions/Commands/StrictCheckCommand.cs:29)
UnityEngine.TestRunner.NUnitExtensions.Runner.DefaultTestWorkItem/<PerformWork>d__2:MoveNext () (at ./Library/PackageCache/com.unity.test-framework@1.3.9/UnityEngine.TestRunner/NUnitExtensions/Runner/DefaultTestWorkItem.cs:50)
UnityEngine.TestRunner.NUnitExtensions.Runner.CompositeWorkItem/<RunChildren>d__16:MoveNext () (at ./Library/PackageCache/com.unity.test-framework@1.3.9/UnityEngine.TestRunner/NUnitExtensions/Runner/CompositeWorkItem.cs:197)
UnityEngine.TestRunner.NUnitExtensions.Runner.CompositeWorkItem/<PerformWork>d__12:MoveNext () (at ./Library/PackageCache/com.unity.test-framework@1.3.9/UnityEngine.TestRunner/NUnitExtensions/Runner/CompositeWorkItem.cs:76)
UnityEngine.TestRunner.NUnitExtensions.Runner.CompositeWorkItem/<RunChildren>d__16:MoveNext () (at ./Library/PackageCache/com.unity.test-framework@1.3.9/UnityEngine.TestRunner/NUnitExtensions/Runner/CompositeWorkItem.cs:197)
UnityEngine.TestRunner.NUnitExtensions.Runner.CompositeWorkItem/<PerformWork>d__12:MoveNext () (at ./Library/PackageCache/com.unity.test-framework@1.3.9/UnityEngine.TestRunner/NUnitExtensions/Runner/CompositeWorkItem.cs:76)
UnityEngine.TestRunner.NUnitExtensions.Runner.CompositeWorkItem/<RunChildren>d__16:MoveNext () (at ./Library/PackageCache/com.unity.test-framework@1.3.9/UnityEngine.TestRunner/NUnitExtensions/Runner/CompositeWorkItem.cs:197)
UnityEngine.TestRunner.NUnitExtensions.Runner.CompositeWorkItem/<PerformWork>d__12:MoveNext () (at ./Library/PackageCache/com.unity.test-framework@1.3.9/UnityEngine.TestRunner/NUnitExtensions/Runner/CompositeWorkItem.cs:76)
UnityEngine.TestRunner.NUnitExtensions.Runner.CompositeWorkItem/<RunChildren>d__16:MoveNext () (at ./Library/PackageCache/com.unity.test-framework@1.3.9/UnityEngine.TestRunner/NUnitExtensions/Runner/CompositeWorkItem.cs:197)
UnityEngine.TestRunner.NUnitExtensions.Runner.CompositeWorkItem/<PerformWork>d__12:MoveNext () (at ./Library/PackageCache/com.unity.test-framework@1.3.9/UnityEngine.TestRunner/NUnitExtensions/Runner/CompositeWorkItem.cs:76)
UnityEngine.TestRunner.NUnitExtensions.Runner.CompositeWorkItem/<RunChildren>d__16:MoveNext () (at ./Library/PackageCache/com.unity.test-framework@1.3.9/UnityEngine.TestRunner/NUnitExtensions/Runner/CompositeWorkItem.cs:197)
UnityEngine.TestRunner.NUnitExtensions.Runner.CompositeWorkItem/<PerformWork>d__12:MoveNext () (at ./Library/PackageCache/com.unity.test-framework@1.3.9/UnityEngine.TestRunner/NUnitExtensions/Runner/CompositeWorkItem.cs:76)
UnityEngine.TestRunner.NUnitExtensions.Runner.CompositeWorkItem/<RunChildren>d__16:MoveNext () (at ./Library/PackageCache/com.unity.test-framework@1.3.9/UnityEngine.TestRunner/NUnitExtensions/Runner/CompositeWorkItem.cs:197)
UnityEngine.TestRunner.NUnitExtensions.Runner.CompositeWorkItem/<PerformWork>d__12:MoveNext () (at ./Library/PackageCache/com.unity.test-framework@1.3.9/UnityEngine.TestRunner/NUnitExtensions/Runner/CompositeWorkItem.cs:76)
UnityEditor.TestTools.TestRunner.EditModeRunner:MoveNextAndUpdateYieldObject () (at ./Library/PackageCache/com.unity.test-framework@1.3.9/UnityEditor.TestRunner/TestRunner/EditModeRunner.cs:164)
UnityEditor.TestTools.TestRunner.EditModeRunner:TestConsumer (UnityEditor.TestTools.TestRunner.TestRunnerStateSerializer) (at ./Library/PackageCache/com.unity.test-framework@1.3.9/UnityEditor.TestRunner/TestRunner/EditModeRunner.cs:197)
UnityEditor.TestTools.TestRunner.TestRun.Tasks.EditModeRunTask/<Execute>d__1:MoveNext () (at ./Library/PackageCache/com.unity.test-framework@1.3.9/UnityEditor.TestRunner/TestRun/Tasks/EditModeRunTask.cs:47)
UnityEditor.TestTools.TestRunner.TestRun.TestJobRunner:ExecuteStep () (at ./Library/PackageCache/com.unity.test-framework@1.3.9/UnityEditor.TestRunner/TestRun/TestJobRunner.cs:172)
UnityEditor.TestTools.TestRunner.TestRun.TestJobRunner:ExecuteCallback () (at ./Library/PackageCache/com.unity.test-framework@1.3.9/UnityEditor.TestRunner/TestRun/TestJobRunner.cs:108)
UnityEditor.EditorApplication:Internal_CallUpdateFunctions ()

(Filename: Assets/_Project/Scripts/OfficeSupplies/SynergyResolver.cs Line: 127)

[Supply] Placed: rubber_stamp
UnityEngine.StackTraceUtility:ExtractStackTrace ()
UnityEngine.DebugLogHandler:LogFormat (UnityEngine.LogType,UnityEngine.Object,string,object[])
UnityEngine.Logger:Log (UnityEngine.LogType,object)
UnityEngine.Debug:Log (object)
Desk42.OfficeSupplies.OfficeSupplyInstance:Place (Desk42.OfficeSupplies.SupplyContext) (at Assets/_Project/Scripts/OfficeSupplies/OfficeSupplyInstance.cs:47)
Desk42.OfficeSupplies.OfficeSupplyManager:PlaceSupply (Desk42.OfficeSupplies.OfficeSupplyData) (at Assets/_Project/Scripts/OfficeSupplies/OfficeSupplyManager.cs:98)
Desk42.Tests.EditMode.SynergyResolverTests:PlaceTestSupply (string,Desk42.OfficeSupplies.DeskZone) (at Assets/_Project/Tests/EditMode/SynergyResolverTests.cs:54)
Desk42.Tests.EditMode.SynergyResolverTests:RubberStamp_ZeroesFirstSlamCreditCost () (at Assets/_Project/Tests/EditMode/SynergyResolverTests.cs:105)
System.Reflection.RuntimeMethodInfo:Invoke (object,System.Reflection.BindingFlags,System.Reflection.Binder,object[],System.Globalization.CultureInfo)
System.Reflection.MethodBase:Invoke (object,object[])
NUnit.Framework.Internal.Reflect:InvokeMethod (System.Reflection.MethodInfo,object,object[])
NUnit.Framework.Internal.MethodWrapper:Invoke (object,object[])
NUnit.Framework.Internal.Commands.TestMethodCommand:RunNonAsyncTestMethod (NUnit.Framework.Internal.ITestExecutionContext)
NUnit.Framework.Internal.Commands.TestMethodCommand:RunTestMethod (NUnit.Framework.Internal.ITestExecutionContext)
NUnit.Framework.Internal.Commands.TestMethodCommand:Execute (NUnit.Framework.Internal.ITestExecutionContext)
UnityEngine.TestTools.UnityTestMethodCommand:Execute (NUnit.Framework.Internal.ITestExecutionContext) (at ./Library/PackageCache/com.unity.test-framework@1.3.9/UnityEngine.TestRunner/NUnitExtensions/Commands/UnityTestMethodCommand.cs:16)
UnityEngine.TestRunner.NUnitExtensions.Runner.UnityLogCheckDelegatingCommand/<>c__DisplayClass2_0:<Execute>b__0 () (at ./Library/PackageCache/com.unity.test-framework@1.3.9/UnityEngine.TestRunner/NUnitExtensions/Runner/UnityLogCheckDelegatingCommand.cs:24)
UnityEngine.TestRunner.NUnitExtensions.Runner.UnityLogCheckDelegatingCommand:CaptureException (NUnit.Framework.Internal.TestResult,System.Action) (at ./Library/PackageCache/com.unity.test-framework@1.3.9/UnityEngine.TestRunner/NUnitExtensions/Runner/UnityLogCheckDelegatingCommand.cs:68)
UnityEngine.TestRunner.NUnitExtensions.Runner.UnityLogCheckDelegatingCommand:ExecuteAndCheckLog (UnityEngine.TestTools.Logging.LogScope,NUnit.Framework.Internal.TestResult,System.Action) (at ./Library/PackageCache/com.unity.test-framework@1.3.9/UnityEngine.TestRunner/NUnitExtensions/Runner/UnityLogCheckDelegatingCommand.cs:79)
UnityEngine.TestRunner.NUnitExtensions.Runner.UnityLogCheckDelegatingCommand:Execute (NUnit.Framework.Internal.ITestExecutionContext) (at ./Library/PackageCache/com.unity.test-framework@1.3.9/UnityEngine.TestRunner/NUnitExtensions/Runner/UnityLogCheckDelegatingCommand.cs:24)
UnityEngine.TestRunner.NUnitExtensions.Runner.UnityLogCheckDelegatingCommand/<ExecuteEnumerable>d__3:MoveNext () (at ./Library/PackageCache/com.unity.test-framework@1.3.9/UnityEngine.TestRunner/NUnitExtensions/Runner/UnityLogCheckDelegatingCommand.cs:35)
UnityEngine.TestTools.BeforeAfterTestCommandBase`1/<ExecuteEnumerable>d__14<NUnit.Framework.ITestAction>:MoveNext () (at ./Library/PackageCache/com.unity.test-framework@1.3.9/UnityEngine.TestRunner/NUnitExtensions/Commands/BeforeAfterTestCommandBase.cs:173)
UnityEngine.TestTools.ImmediateEnumerableCommand:Execute (NUnit.Framework.Internal.ITestExecutionContext) (at ./Library/PackageCache/com.unity.test-framework@1.3.9/UnityEngine.TestRunner/NUnitExtensions/Commands/ImmediateEnumerableCommand.cs:18)
UnityEngine.TestTools.BeforeAfterTestCommandBase`1/<ExecuteEnumerable>d__14<System.Reflection.MethodInfo>:MoveNext () (at ./Library/PackageCache/com.unity.test-framework@1.3.9/UnityEngine.TestRunner/NUnitExtensions/Commands/BeforeAfterTestCommandBase.cs:181)
UnityEngine.TestTools.BeforeAfterTestCommandBase`1/<ExecuteEnumerable>d__14<System.Reflection.MethodInfo>:MoveNext () (at ./Library/PackageCache/com.unity.test-framework@1.3.9/UnityEngine.TestRunner/NUnitExtensions/Commands/BeforeAfterTestCommandBase.cs:173)
UnityEngine.TestTools.BeforeAfterTestCommandBase`1/<ExecuteEnumerable>d__14<UnityEngine.TestTools.IOuterUnityTestAction>:MoveNext () (at ./Library/PackageCache/com.unity.test-framework@1.3.9/UnityEngine.TestRunner/NUnitExtensions/Commands/BeforeAfterTestCommandBase.cs:173)
UnityEngine.TestTools.RetryCommand/<ExecuteEnumerable>d__2:MoveNext () (at ./Library/PackageCache/com.unity.test-framework@1.3.9/UnityEngine.TestRunner/NUnitExtensions/Commands/RetryCommand.cs:37)
UnityEngine.TestTools.RepeatCommand/<ExecuteEnumerable>d__2:MoveNext () (at ./Library/PackageCache/com.unity.test-framework@1.3.9/UnityEngine.TestRunner/NUnitExtensions/Commands/RepeatCommand.cs:36)
UnityEngine.TestTools.TimeoutCommand/<ExecuteEnumerable>d__3:MoveNext () (at ./Library/PackageCache/com.unity.test-framework@1.3.9/UnityEngine.TestRunner/NUnitExtensions/Commands/TimeoutCommand.cs:33)
UnityEngine.TestTools.IgnoreTestCommand/<ExecuteEnumerable>d__3:MoveNext () (at ./Library/PackageCache/com.unity.test-framework@1.3.9/UnityEngine.TestRunner/NUnitExtensions/Commands/IgnoreTestCommand.cs:42)
UnityEngine.TestTools.StrictCheckCommand/<ExecuteEnumerable>d__2:MoveNext () (at ./Library/PackageCache/com.unity.test-framework@1.3.9/UnityEngine.TestRunner/NUnitExtensions/Commands/StrictCheckCommand.cs:29)
UnityEngine.TestRunner.NUnitExtensions.Runner.DefaultTestWorkItem/<PerformWork>d__2:MoveNext () (at ./Library/PackageCache/com.unity.test-framework@1.3.9/UnityEngine.TestRunner/NUnitExtensions/Runner/DefaultTestWorkItem.cs:50)
UnityEngine.TestRunner.NUnitExtensions.Runner.CompositeWorkItem/<RunChildren>d__16:MoveNext () (at ./Library/PackageCache/com.unity.test-framework@1.3.9/UnityEngine.TestRunner/NUnitExtensions/Runner/CompositeWorkItem.cs:197)
UnityEngine.TestRunner.NUnitExtensions.Runner.CompositeWorkItem/<PerformWork>d__12:MoveNext () (at ./Library/PackageCache/com.unity.test-framework@1.3.9/UnityEngine.TestRunner/NUnitExtensions/Runner/CompositeWorkItem.cs:76)
UnityEngine.TestRunner.NUnitExtensions.Runner.CompositeWorkItem/<RunChildren>d__16:MoveNext () (at ./Library/PackageCache/com.unity.test-framework@1.3.9/UnityEngine.TestRunner/NUnitExtensions/Runner/CompositeWorkItem.cs:197)
UnityEngine.TestRunner.NUnitExtensions.Runner.CompositeWorkItem/<PerformWork>d__12:MoveNext () (at ./Library/PackageCache/com.unity.test-framework@1.3.9/UnityEngine.TestRunner/NUnitExtensions/Runner/CompositeWorkItem.cs:76)
UnityEngine.TestRunner.NUnitExtensions.Runner.CompositeWorkItem/<RunChildren>d__16:MoveNext () (at ./Library/PackageCache/com.unity.test-framework@1.3.9/UnityEngine.TestRunner/NUnitExtensions/Runner/CompositeWorkItem.cs:197)
UnityEngine.TestRunner.NUnitExtensions.Runner.CompositeWorkItem/<PerformWork>d__12:MoveNext () (at ./Library/PackageCache/com.unity.test-framework@1.3.9/UnityEngine.TestRunner/NUnitExtensions/Runner/CompositeWorkItem.cs:76)
UnityEngine.TestRunner.NUnitExtensions.Runner.CompositeWorkItem/<RunChildren>d__16:MoveNext () (at ./Library/PackageCache/com.unity.test-framework@1.3.9/UnityEngine.TestRunner/NUnitExtensions/Runner/CompositeWorkItem.cs:197)
UnityEngine.TestRunner.NUnitExtensions.Runner.CompositeWorkItem/<PerformWork>d__12:MoveNext () (at ./Library/PackageCache/com.unity.test-framework@1.3.9/UnityEngine.TestRunner/NUnitExtensions/Runner/CompositeWorkItem.cs:76)
UnityEngine.TestRunner.NUnitExtensions.Runner.CompositeWorkItem/<RunChildren>d__16:MoveNext () (at ./Library/PackageCache/com.unity.test-framework@1.3.9/UnityEngine.TestRunner/NUnitExtensions/Runner/CompositeWorkItem.cs:197)
UnityEngine.TestRunner.NUnitExtensions.Runner.CompositeWorkItem/<PerformWork>d__12:MoveNext () (at ./Library/PackageCache/com.unity.test-framework@1.3.9/UnityEngine.TestRunner/NUnitExtensions/Runner/CompositeWorkItem.cs:76)
UnityEngine.TestRunner.NUnitExtensions.Runner.CompositeWorkItem/<RunChildren>d__16:MoveNext () (at ./Library/PackageCache/com.unity.test-framework@1.3.9/UnityEngine.TestRunner/NUnitExtensions/Runner/CompositeWorkItem.cs:197)
UnityEngine.TestRunner.NUnitExtensions.Runner.CompositeWorkItem/<PerformWork>d__12:MoveNext () (at ./Library/PackageCache/com.unity.test-framework@1.3.9/UnityEngine.TestRunner/NUnitExtensions/Runner/CompositeWorkItem.cs:76)
UnityEditor.TestTools.TestRunner.EditModeRunner:MoveNextAndUpdateYieldObject () (at ./Library/PackageCache/com.unity.test-framework@1.3.9/UnityEditor.TestRunner/TestRunner/EditModeRunner.cs:164)
UnityEditor.TestTools.TestRunner.EditModeRunner:TestConsumer (UnityEditor.TestTools.TestRunner.TestRunnerStateSerializer) (at ./Library/PackageCache/com.unity.test-framework@1.3.9/UnityEditor.TestRunner/TestRunner/EditModeRunner.cs:197)
UnityEditor.TestTools.TestRunner.TestRun.Tasks.EditModeRunTask/<Execute>d__1:MoveNext () (at ./Library/PackageCache/com.unity.test-framework@1.3.9/UnityEditor.TestRunner/TestRun/Tasks/EditModeRunTask.cs:47)
UnityEditor.TestTools.TestRunner.TestRun.TestJobRunner:ExecuteStep () (at ./Library/PackageCache/com.unity.test-framework@1.3.9/UnityEditor.TestRunner/TestRun/TestJobRunner.cs:172)
UnityEditor.TestTools.TestRunner.TestRun.TestJobRunner:ExecuteCallback () (at ./Library/PackageCache/com.unity.test-framework@1.3.9/UnityEditor.TestRunner/TestRun/TestJobRunner.cs:108)
UnityEditor.EditorApplication:Internal_CallUpdateFunctions ()

(Filename: Assets/_Project/Scripts/OfficeSupplies/OfficeSupplyInstance.cs Line: 47)

[RubberStamp] First slam this encounter is free.
UnityEngine.StackTraceUtility:ExtractStackTrace ()
UnityEngine.DebugLogHandler:LogFormat (UnityEngine.LogType,UnityEngine.Object,string,object[])
UnityEngine.Logger:Log (UnityEngine.LogType,object)
UnityEngine.Debug:Log (object)
Desk42.OfficeSupplies.RubberStampEffect:ModifyCreditCost (Desk42.Core.PunchCardType,int) (at Assets/_Project/Scripts/OfficeSupplies/ShipTierSupplies.cs:249)
Desk42.OfficeSupplies.SynergyResolver:ApplyCreditCostModifiers (Desk42.Core.PunchCardType,int) (at Assets/_Project/Scripts/OfficeSupplies/SynergyResolver.cs:121)
Desk42.Tests.EditMode.SynergyResolverTests:RubberStamp_ZeroesFirstSlamCreditCost () (at Assets/_Project/Tests/EditMode/SynergyResolverTests.cs:107)
System.Reflection.RuntimeMethodInfo:Invoke (object,System.Reflection.BindingFlags,System.Reflection.Binder,object[],System.Globalization.CultureInfo)
System.Reflection.MethodBase:Invoke (object,object[])
NUnit.Framework.Internal.Reflect:InvokeMethod (System.Reflection.MethodInfo,object,object[])
NUnit.Framework.Internal.MethodWrapper:Invoke (object,object[])
NUnit.Framework.Internal.Commands.TestMethodCommand:RunNonAsyncTestMethod (NUnit.Framework.Internal.ITestExecutionContext)
NUnit.Framework.Internal.Commands.TestMethodCommand:RunTestMethod (NUnit.Framework.Internal.ITestExecutionContext)
NUnit.Framework.Internal.Commands.TestMethodCommand:Execute (NUnit.Framework.Internal.ITestExecutionContext)
UnityEngine.TestTools.UnityTestMethodCommand:Execute (NUnit.Framework.Internal.ITestExecutionContext) (at ./Library/PackageCache/com.unity.test-framework@1.3.9/UnityEngine.TestRunner/NUnitExtensions/Commands/UnityTestMethodCommand.cs:16)
UnityEngine.TestRunner.NUnitExtensions.Runner.UnityLogCheckDelegatingCommand/<>c__DisplayClass2_0:<Execute>b__0 () (at ./Library/PackageCache/com.unity.test-framework@1.3.9/UnityEngine.TestRunner/NUnitExtensions/Runner/UnityLogCheckDelegatingCommand.cs:24)
UnityEngine.TestRunner.NUnitExtensions.Runner.UnityLogCheckDelegatingCommand:CaptureException (NUnit.Framework.Internal.TestResult,System.Action) (at ./Library/PackageCache/com.unity.test-framework@1.3.9/UnityEngine.TestRunner/NUnitExtensions/Runner/UnityLogCheckDelegatingCommand.cs:68)
UnityEngine.TestRunner.NUnitExtensions.Runner.UnityLogCheckDelegatingCommand:ExecuteAndCheckLog (UnityEngine.TestTools.Logging.LogScope,NUnit.Framework.Internal.TestResult,System.Action) (at ./Library/PackageCache/com.unity.test-framework@1.3.9/UnityEngine.TestRunner/NUnitExtensions/Runner/UnityLogCheckDelegatingCommand.cs:79)
UnityEngine.TestRunner.NUnitExtensions.Runner.UnityLogCheckDelegatingCommand:Execute (NUnit.Framework.Internal.ITestExecutionContext) (at ./Library/PackageCache/com.unity.test-framework@1.3.9/UnityEngine.TestRunner/NUnitExtensions/Runner/UnityLogCheckDelegatingCommand.cs:24)
UnityEngine.TestRunner.NUnitExtensions.Runner.UnityLogCheckDelegatingCommand/<ExecuteEnumerable>d__3:MoveNext () (at ./Library/PackageCache/com.unity.test-framework@1.3.9/UnityEngine.TestRunner/NUnitExtensions/Runner/UnityLogCheckDelegatingCommand.cs:35)
UnityEngine.TestTools.BeforeAfterTestCommandBase`1/<ExecuteEnumerable>d__14<NUnit.Framework.ITestAction>:MoveNext () (at ./Library/PackageCache/com.unity.test-framework@1.3.9/UnityEngine.TestRunner/NUnitExtensions/Commands/BeforeAfterTestCommandBase.cs:173)
UnityEngine.TestTools.ImmediateEnumerableCommand:Execute (NUnit.Framework.Internal.ITestExecutionContext) (at ./Library/PackageCache/com.unity.test-framework@1.3.9/UnityEngine.TestRunner/NUnitExtensions/Commands/ImmediateEnumerableCommand.cs:18)
UnityEngine.TestTools.BeforeAfterTestCommandBase`1/<ExecuteEnumerable>d__14<System.Reflection.MethodInfo>:MoveNext () (at ./Library/PackageCache/com.unity.test-framework@1.3.9/UnityEngine.TestRunner/NUnitExtensions/Commands/BeforeAfterTestCommandBase.cs:181)
UnityEngine.TestTools.BeforeAfterTestCommandBase`1/<ExecuteEnumerable>d__14<System.Reflection.MethodInfo>:MoveNext () (at ./Library/PackageCache/com.unity.test-framework@1.3.9/UnityEngine.TestRunner/NUnitExtensions/Commands/BeforeAfterTestCommandBase.cs:173)
UnityEngine.TestTools.BeforeAfterTestCommandBase`1/<ExecuteEnumerable>d__14<UnityEngine.TestTools.IOuterUnityTestAction>:MoveNext () (at ./Library/PackageCache/com.unity.test-framework@1.3.9/UnityEngine.TestRunner/NUnitExtensions/Commands/BeforeAfterTestCommandBase.cs:173)
UnityEngine.TestTools.RetryCommand/<ExecuteEnumerable>d__2:MoveNext () (at ./Library/PackageCache/com.unity.test-framework@1.3.9/UnityEngine.TestRunner/NUnitExtensions/Commands/RetryCommand.cs:37)
UnityEngine.TestTools.RepeatCommand/<ExecuteEnumerable>d__2:MoveNext () (at ./Library/PackageCache/com.unity.test-framework@1.3.9/UnityEngine.TestRunner/NUnitExtensions/Commands/RepeatCommand.cs:36)
UnityEngine.TestTools.TimeoutCommand/<ExecuteEnumerable>d__3:MoveNext () (at ./Library/PackageCache/com.unity.test-framework@1.3.9/UnityEngine.TestRunner/NUnitExtensions/Commands/TimeoutCommand.cs:33)
UnityEngine.TestTools.IgnoreTestCommand/<ExecuteEnumerable>d__3:MoveNext () (at ./Library/PackageCache/com.unity.test-framework@1.3.9/UnityEngine.TestRunner/NUnitExtensions/Commands/IgnoreTestCommand.cs:42)
UnityEngine.TestTools.StrictCheckCommand/<ExecuteEnumerable>d__2:MoveNext () (at ./Library/PackageCache/com.unity.test-framework@1.3.9/UnityEngine.TestRunner/NUnitExtensions/Commands/StrictCheckCommand.cs:29)
UnityEngine.TestRunner.NUnitExtensions.Runner.DefaultTestWorkItem/<PerformWork>d__2:MoveNext () (at ./Library/PackageCache/com.unity.test-framework@1.3.9/UnityEngine.TestRunner/NUnitExtensions/Runner/DefaultTestWorkItem.cs:50)
UnityEngine.TestRunner.NUnitExtensions.Runner.CompositeWorkItem/<RunChildren>d__16:MoveNext () (at ./Library/PackageCache/com.unity.test-framework@1.3.9/UnityEngine.TestRunner/NUnitExtensions/Runner/CompositeWorkItem.cs:197)
UnityEngine.TestRunner.NUnitExtensions.Runner.CompositeWorkItem/<PerformWork>d__12:MoveNext () (at ./Library/PackageCache/com.unity.test-framework@1.3.9/UnityEngine.TestRunner/NUnitExtensions/Runner/CompositeWorkItem.cs:76)
UnityEngine.TestRunner.NUnitExtensions.Runner.CompositeWorkItem/<RunChildren>d__16:MoveNext () (at ./Library/PackageCache/com.unity.test-framework@1.3.9/UnityEngine.TestRunner/NUnitExtensions/Runner/CompositeWorkItem.cs:197)
UnityEngine.TestRunner.NUnitExtensions.Runner.CompositeWorkItem/<PerformWork>d__12:MoveNext () (at ./Library/PackageCache/com.unity.test-framework@1.3.9/UnityEngine.TestRunner/NUnitExtensions/Runner/CompositeWorkItem.cs:76)
UnityEngine.TestRunner.NUnitExtensions.Runner.CompositeWorkItem/<RunChildren>d__16:MoveNext () (at ./Library/PackageCache/com.unity.test-framework@1.3.9/UnityEngine.TestRunner/NUnitExtensions/Runner/CompositeWorkItem.cs:197)
UnityEngine.TestRunner.NUnitExtensions.Runner.CompositeWorkItem/<PerformWork>d__12:MoveNext () (at ./Library/PackageCache/com.unity.test-framework@1.3.9/UnityEngine.TestRunner/NUnitExtensions/Runner/CompositeWorkItem.cs:76)
UnityEngine.TestRunner.NUnitExtensions.Runner.CompositeWorkItem/<RunChildren>d__16:MoveNext () (at ./Library/PackageCache/com.unity.test-framework@1.3.9/UnityEngine.TestRunner/NUnitExtensions/Runner/CompositeWorkItem.cs:197)
UnityEngine.TestRunner.NUnitExtensions.Runner.CompositeWorkItem/<PerformWork>d__12:MoveNext () (at ./Library/PackageCache/com.unity.test-framework@1.3.9/UnityEngine.TestRunner/NUnitExtensions/Runner/CompositeWorkItem.cs:76)
UnityEngine.TestRunner.NUnitExtensions.Runner.CompositeWorkItem/<RunChildren>d__16:MoveNext () (at ./Library/PackageCache/com.unity.test-framework@1.3.9/UnityEngine.TestRunner/NUnitExtensions/Runner/CompositeWorkItem.cs:197)
UnityEngine.TestRunner.NUnitExtensions.Runner.CompositeWorkItem/<PerformWork>d__12:MoveNext () (at ./Library/PackageCache/com.unity.test-framework@1.3.9/UnityEngine.TestRunner/NUnitExtensions/Runner/CompositeWorkItem.cs:76)
UnityEngine.TestRunner.NUnitExtensions.Runner.CompositeWorkItem/<RunChildren>d__16:MoveNext () (at ./Library/PackageCache/com.unity.test-framework@1.3.9/UnityEngine.TestRunner/NUnitExtensions/Runner/CompositeWorkItem.cs:197)
UnityEngine.TestRunner.NUnitExtensions.Runner.CompositeWorkItem/<PerformWork>d__12:MoveNext () (at ./Library/PackageCache/com.unity.test-framework@1.3.9/UnityEngine.TestRunner/NUnitExtensions/Runner/CompositeWorkItem.cs:76)
UnityEditor.TestTools.TestRunner.EditModeRunner:MoveNextAndUpdateYieldObject () (at ./Library/PackageCache/com.unity.test-framework@1.3.9/UnityEditor.TestRunner/TestRunner/EditModeRunner.cs:164)
UnityEditor.TestTools.TestRunner.EditModeRunner:TestConsumer (UnityEditor.TestTools.TestRunner.TestRunnerStateSerializer) (at ./Library/PackageCache/com.unity.test-framework@1.3.9/UnityEditor.TestRunner/TestRunner/EditModeRunner.cs:197)
UnityEditor.TestTools.TestRunner.TestRun.Tasks.EditModeRunTask/<Execute>d__1:MoveNext () (at ./Library/PackageCache/com.unity.test-framework@1.3.9/UnityEditor.TestRunner/TestRun/Tasks/EditModeRunTask.cs:47)
UnityEditor.TestTools.TestRunner.TestRun.TestJobRunner:ExecuteStep () (at ./Library/PackageCache/com.unity.test-framework@1.3.9/UnityEditor.TestRunner/TestRun/TestJobRunner.cs:172)
UnityEditor.TestTools.TestRunner.TestRun.TestJobRunner:ExecuteCallback () (at ./Library/PackageCache/com.unity.test-framework@1.3.9/UnityEditor.TestRunner/TestRun/TestJobRunner.cs:108)
UnityEditor.EditorApplication:Internal_CallUpdateFunctions ()

(Filename: Assets/_Project/Scripts/OfficeSupplies/ShipTierSupplies.cs Line: 249)

[SynergyResolver] rubber_stamp: cost delta -5 (PendingReview)
UnityEngine.StackTraceUtility:ExtractStackTrace ()
UnityEngine.DebugLogHandler:LogFormat (UnityEngine.LogType,UnityEngine.Object,string,object[])
UnityEngine.Logger:Log (UnityEngine.LogType,object)
UnityEngine.Debug:Log (object)
Desk42.OfficeSupplies.SynergyResolver:ApplyCreditCostModifiers (Desk42.Core.PunchCardType,int) (at Assets/_Project/Scripts/OfficeSupplies/SynergyResolver.cs:127)
Desk42.Tests.EditMode.SynergyResolverTests:RubberStamp_ZeroesFirstSlamCreditCost () (at Assets/_Project/Tests/EditMode/SynergyResolverTests.cs:107)
System.Reflection.RuntimeMethodInfo:Invoke (object,System.Reflection.BindingFlags,System.Reflection.Binder,object[],System.Globalization.CultureInfo)
System.Reflection.MethodBase:Invoke (object,object[])
NUnit.Framework.Internal.Reflect:InvokeMethod (System.Reflection.MethodInfo,object,object[])
NUnit.Framework.Internal.MethodWrapper:Invoke (object,object[])
NUnit.Framework.Internal.Commands.TestMethodCommand:RunNonAsyncTestMethod (NUnit.Framework.Internal.ITestExecutionContext)
NUnit.Framework.Internal.Commands.TestMethodCommand:RunTestMethod (NUnit.Framework.Internal.ITestExecutionContext)
NUnit.Framework.Internal.Commands.TestMethodCommand:Execute (NUnit.Framework.Internal.ITestExecutionContext)
UnityEngine.TestTools.UnityTestMethodCommand:Execute (NUnit.Framework.Internal.ITestExecutionContext) (at ./Library/PackageCache/com.unity.test-framework@1.3.9/UnityEngine.TestRunner/NUnitExtensions/Commands/UnityTestMethodCommand.cs:16)
UnityEngine.TestRunner.NUnitExtensions.Runner.UnityLogCheckDelegatingCommand/<>c__DisplayClass2_0:<Execute>b__0 () (at ./Library/PackageCache/com.unity.test-framework@1.3.9/UnityEngine.TestRunner/NUnitExtensions/Runner/UnityLogCheckDelegatingCommand.cs:24)
UnityEngine.TestRunner.NUnitExtensions.Runner.UnityLogCheckDelegatingCommand:CaptureException (NUnit.Framework.Internal.TestResult,System.Action) (at ./Library/PackageCache/com.unity.test-framework@1.3.9/UnityEngine.TestRunner/NUnitExtensions/Runner/UnityLogCheckDelegatingCommand.cs:68)
UnityEngine.TestRunner.NUnitExtensions.Runner.UnityLogCheckDelegatingCommand:ExecuteAndCheckLog (UnityEngine.TestTools.Logging.LogScope,NUnit.Framework.Internal.TestResult,System.Action) (at ./Library/PackageCache/com.unity.test-framework@1.3.9/UnityEngine.TestRunner/NUnitExtensions/Runner/UnityLogCheckDelegatingCommand.cs:79)
UnityEngine.TestRunner.NUnitExtensions.Runner.UnityLogCheckDelegatingCommand:Execute (NUnit.Framework.Internal.ITestExecutionContext) (at ./Library/PackageCache/com.unity.test-framework@1.3.9/UnityEngine.TestRunner/NUnitExtensions/Runner/UnityLogCheckDelegatingCommand.cs:24)
UnityEngine.TestRunner.NUnitExtensions.Runner.UnityLogCheckDelegatingCommand/<ExecuteEnumerable>d__3:MoveNext () (at ./Library/PackageCache/com.unity.test-framework@1.3.9/UnityEngine.TestRunner/NUnitExtensions/Runner/UnityLogCheckDelegatingCommand.cs:35)
UnityEngine.TestTools.BeforeAfterTestCommandBase`1/<ExecuteEnumerable>d__14<NUnit.Framework.ITestAction>:MoveNext () (at ./Library/PackageCache/com.unity.test-framework@1.3.9/UnityEngine.TestRunner/NUnitExtensions/Commands/BeforeAfterTestCommandBase.cs:173)
UnityEngine.TestTools.ImmediateEnumerableCommand:Execute (NUnit.Framework.Internal.ITestExecutionContext) (at ./Library/PackageCache/com.unity.test-framework@1.3.9/UnityEngine.TestRunner/NUnitExtensions/Commands/ImmediateEnumerableCommand.cs:18)
UnityEngine.TestTools.BeforeAfterTestCommandBase`1/<ExecuteEnumerable>d__14<System.Reflection.MethodInfo>:MoveNext () (at ./Library/PackageCache/com.unity.test-framework@1.3.9/UnityEngine.TestRunner/NUnitExtensions/Commands/BeforeAfterTestCommandBase.cs:181)
UnityEngine.TestTools.BeforeAfterTestCommandBase`1/<ExecuteEnumerable>d__14<System.Reflection.MethodInfo>:MoveNext () (at ./Library/PackageCache/com.unity.test-framework@1.3.9/UnityEngine.TestRunner/NUnitExtensions/Commands/BeforeAfterTestCommandBase.cs:173)
UnityEngine.TestTools.BeforeAfterTestCommandBase`1/<ExecuteEnumerable>d__14<UnityEngine.TestTools.IOuterUnityTestAction>:MoveNext () (at ./Library/PackageCache/com.unity.test-framework@1.3.9/UnityEngine.TestRunner/NUnitExtensions/Commands/BeforeAfterTestCommandBase.cs:173)
UnityEngine.TestTools.RetryCommand/<ExecuteEnumerable>d__2:MoveNext () (at ./Library/PackageCache/com.unity.test-framework@1.3.9/UnityEngine.TestRunner/NUnitExtensions/Commands/RetryCommand.cs:37)
UnityEngine.TestTools.RepeatCommand/<ExecuteEnumerable>d__2:MoveNext () (at ./Library/PackageCache/com.unity.test-framework@1.3.9/UnityEngine.TestRunner/NUnitExtensions/Commands/RepeatCommand.cs:36)
UnityEngine.TestTools.TimeoutCommand/<ExecuteEnumerable>d__3:MoveNext () (at ./Library/PackageCache/com.unity.test-framework@1.3.9/UnityEngine.TestRunner/NUnitExtensions/Commands/TimeoutCommand.cs:33)
UnityEngine.TestTools.IgnoreTestCommand/<ExecuteEnumerable>d__3:MoveNext () (at ./Library/PackageCache/com.unity.test-framework@1.3.9/UnityEngine.TestRunner/NUnitExtensions/Commands/IgnoreTestCommand.cs:42)
UnityEngine.TestTools.StrictCheckCommand/<ExecuteEnumerable>d__2:MoveNext () (at ./Library/PackageCache/com.unity.test-framework@1.3.9/UnityEngine.TestRunner/NUnitExtensions/Commands/StrictCheckCommand.cs:29)
UnityEngine.TestRunner.NUnitExtensions.Runner.DefaultTestWorkItem/<PerformWork>d__2:MoveNext () (at ./Library/PackageCache/com.unity.test-framework@1.3.9/UnityEngine.TestRunner/NUnitExtensions/Runner/DefaultTestWorkItem.cs:50)
UnityEngine.TestRunner.NUnitExtensions.Runner.CompositeWorkItem/<RunChildren>d__16:MoveNext () (at ./Library/PackageCache/com.unity.test-framework@1.3.9/UnityEngine.TestRunner/NUnitExtensions/Runner/CompositeWorkItem.cs:197)
UnityEngine.TestRunner.NUnitExtensions.Runner.CompositeWorkItem/<PerformWork>d__12:MoveNext () (at ./Library/PackageCache/com.unity.test-framework@1.3.9/UnityEngine.TestRunner/NUnitExtensions/Runner/CompositeWorkItem.cs:76)
UnityEngine.TestRunner.NUnitExtensions.Runner.CompositeWorkItem/<RunChildren>d__16:MoveNext () (at ./Library/PackageCache/com.unity.test-framework@1.3.9/UnityEngine.TestRunner/NUnitExtensions/Runner/CompositeWorkItem.cs:197)
UnityEngine.TestRunner.NUnitExtensions.Runner.CompositeWorkItem/<PerformWork>d__12:MoveNext () (at ./Library/PackageCache/com.unity.test-framework@1.3.9/UnityEngine.TestRunner/NUnitExtensions/Runner/CompositeWorkItem.cs:76)
UnityEngine.TestRunner.NUnitExtensions.Runner.CompositeWorkItem/<RunChildren>d__16:MoveNext () (at ./Library/PackageCache/com.unity.test-framework@1.3.9/UnityEngine.TestRunner/NUnitExtensions/Runner/CompositeWorkItem.cs:197)
UnityEngine.TestRunner.NUnitExtensions.Runner.CompositeWorkItem/<PerformWork>d__12:MoveNext () (at ./Library/PackageCache/com.unity.test-framework@1.3.9/UnityEngine.TestRunner/NUnitExtensions/Runner/CompositeWorkItem.cs:76)
UnityEngine.TestRunner.NUnitExtensions.Runner.CompositeWorkItem/<RunChildren>d__16:MoveNext () (at ./Library/PackageCache/com.unity.test-framework@1.3.9/UnityEngine.TestRunner/NUnitExtensions/Runner/CompositeWorkItem.cs:197)
UnityEngine.TestRunner.NUnitExtensions.Runner.CompositeWorkItem/<PerformWork>d__12:MoveNext () (at ./Library/PackageCache/com.unity.test-framework@1.3.9/UnityEngine.TestRunner/NUnitExtensions/Runner/CompositeWorkItem.cs:76)
UnityEngine.TestRunner.NUnitExtensions.Runner.CompositeWorkItem/<RunChildren>d__16:MoveNext () (at ./Library/PackageCache/com.unity.test-framework@1.3.9/UnityEngine.TestRunner/NUnitExtensions/Runner/CompositeWorkItem.cs:197)
UnityEngine.TestRunner.NUnitExtensions.Runner.CompositeWorkItem/<PerformWork>d__12:MoveNext () (at ./Library/PackageCache/com.unity.test-framework@1.3.9/UnityEngine.TestRunner/NUnitExtensions/Runner/CompositeWorkItem.cs:76)
UnityEngine.TestRunner.NUnitExtensions.Runner.CompositeWorkItem/<RunChildren>d__16:MoveNext () (at ./Library/PackageCache/com.unity.test-framework@1.3.9/UnityEngine.TestRunner/NUnitExtensions/Runner/CompositeWorkItem.cs:197)
UnityEngine.TestRunner.NUnitExtensions.Runner.CompositeWorkItem/<PerformWork>d__12:MoveNext () (at ./Library/PackageCache/com.unity.test-framework@1.3.9/UnityEngine.TestRunner/NUnitExtensions/Runner/CompositeWorkItem.cs:76)
UnityEditor.TestTools.TestRunner.EditModeRunner:MoveNextAndUpdateYieldObject () (at ./Library/PackageCache/com.unity.test-framework@1.3.9/UnityEditor.TestRunner/TestRunner/EditModeRunner.cs:164)
UnityEditor.TestTools.TestRunner.EditModeRunner:TestConsumer (UnityEditor.TestTools.TestRunner.TestRunnerStateSerializer) (at ./Library/PackageCache/com.unity.test-framework@1.3.9/UnityEditor.TestRunner/TestRunner/EditModeRunner.cs:197)
UnityEditor.TestTools.TestRunner.TestRun.Tasks.EditModeRunTask/<Execute>d__1:MoveNext () (at ./Library/PackageCache/com.unity.test-framework@1.3.9/UnityEditor.TestRunner/TestRun/Tasks/EditModeRunTask.cs:47)
UnityEditor.TestTools.TestRunner.TestRun.TestJobRunner:ExecuteStep () (at ./Library/PackageCache/com.unity.test-framework@1.3.9/UnityEditor.TestRunner/TestRun/TestJobRunner.cs:172)
UnityEditor.TestTools.TestRunner.TestRun.TestJobRunner:ExecuteCallback () (at ./Library/PackageCache/com.unity.test-framework@1.3.9/UnityEditor.TestRunner/TestRun/TestJobRunner.cs:108)
UnityEditor.EditorApplication:Internal_CallUpdateFunctions ()

(Filename: Assets/_Project/Scripts/OfficeSupplies/SynergyResolver.cs Line: 127)

<b><color=#2EA3FF>MCP-FOR-UNITY</color></b>: [TestRunnerNoThrottle] Restored Interaction Mode after test run.
UnityEngine.StackTraceUtility:ExtractStackTrace ()
UnityEngine.DebugLogHandler:LogFormat (UnityEngine.LogType,UnityEngine.Object,string,object[])
UnityEngine.Logger:Log (UnityEngine.LogType,object)
UnityEngine.Debug:Log (object)
MCPForUnity.Editor.Helpers.McpLog:Info (string,bool) (at ./Library/PackageCache/com.coplaydev.unity-mcp@11836003a5/Editor/Helpers/McpLog.cs:40)
MCPForUnity.Editor.Services.TestRunnerNoThrottle:RestoreThrottling () (at ./Library/PackageCache/com.coplaydev.unity-mcp@11836003a5/Editor/Services/TestRunnerNoThrottle.cs:114)
MCPForUnity.Editor.Services.TestRunnerNoThrottle/TestCallbacks:RunFinished (UnityEditor.TestTools.TestRunner.Api.ITestResultAdaptor) (at ./Library/PackageCache/com.coplaydev.unity-mcp@11836003a5/Editor/Services/TestRunnerNoThrottle.cs:143)
UnityEditor.TestTools.TestRunner.Api.CallbacksDelegator/<>c__DisplayClass8_0:<RunFinished>b__0 (UnityEditor.TestTools.TestRunner.Api.ICallbacks) (at ./Library/PackageCache/com.unity.test-framework@1.3.9/UnityEditor.TestRunner/Api/CallbacksDelegator.cs:51)
UnityEditor.TestTools.TestRunner.Api.CallbacksDelegator:TryInvokeAllCallbacks (System.Action`1<UnityEditor.TestTools.TestRunner.Api.ICallbacks>) (at ./Library/PackageCache/com.unity.test-framework@1.3.9/UnityEditor.TestRunner/Api/CallbacksDelegator.cs:121)
UnityEditor.TestTools.TestRunner.Api.CallbacksDelegator:RunFinished (NUnit.Framework.Interfaces.ITestResult) (at ./Library/PackageCache/com.unity.test-framework@1.3.9/UnityEditor.TestRunner/Api/CallbacksDelegator.cs:51)
UnityEngine.Events.InvokableCall`1<NUnit.Framework.Interfaces.ITestResult>:Invoke (NUnit.Framework.Interfaces.ITestResult)
UnityEngine.Events.UnityEvent`1<NUnit.Framework.Interfaces.ITestResult>:Invoke (NUnit.Framework.Interfaces.ITestResult)
UnityEditor.TestTools.TestRunner.TestRun.Tasks.Events.RunFinishedInvocationEvent/<Execute>d__0:MoveNext () (at ./Library/PackageCache/com.unity.test-framework@1.3.9/UnityEditor.TestRunner/TestRun/Tasks/Events/RunFinishedInvocationEvent.cs:17)
UnityEditor.TestTools.TestRunner.TestRun.TestJobRunner:ExecuteStep () (at ./Library/PackageCache/com.unity.test-framework@1.3.9/UnityEditor.TestRunner/TestRun/TestJobRunner.cs:172)
UnityEditor.TestTools.TestRunner.TestRun.TestJobRunner:ExecuteCallback () (at ./Library/PackageCache/com.unity.test-framework@1.3.9/UnityEditor.TestRunner/TestRun/TestJobRunner.cs:108)
UnityEditor.EditorApplication:Internal_CallUpdateFunctions ()

(Filename: ./Library/PackageCache/com.coplaydev.unity-mcp@11836003a5/Editor/Helpers/McpLog.cs Line: 40)

Saving results to: C:\Users\jacob\Desk 42\tmp\institutional-consequence-v2-full-editmode-5.xml
[PhysX] Initialized MultithreadedTaskDispatcher with 16 workers.
Unloading 0 Unused Serialized files (Serialized files now loaded: 0)
Unloading 0 unused Assets / (0 B). Loaded Objects now: 5747.
Memory consumption went from 148.2 MB to 148.2 MB.
Total: 63.535000 ms (FindLiveObjects: 0.222000 ms CreateObjectMapping: 0.122600 ms MarkObjects: 63.177800 ms  DeleteObjects: 0.011600 ms)

GfxDevice renderer is null. Unity cannot update the Ambient Probe and Reflection Probes that the SkyManager generates. Run the Editor without the -nographics argument or generate lighting for your scene.
DisplayProgressbar: Undo
Test run completed. Exiting with code 0 (Ok). Run completed.
UnityEngine.StackTraceUtility:ExtractStackTrace ()
UnityEngine.DebugLogHandler:LogFormat (UnityEngine.LogType,UnityEngine.Object,string,object[])
UnityEngine.Logger:Log (UnityEngine.LogType,object)
UnityEngine.Debug:Log (object)
UnityEditor.TestTools.TestRunner.CommandLineTest.Executer:ExitApplication (UnityEditor.TestTools.TestRunner.CommandLineTest.Executer/ReturnCodes,string) (at ./Library/PackageCache/com.unity.test-framework@1.3.9/UnityEditor.TestRunner/CommandLineTest/Executer.cs:81)
UnityEditor.TestTools.TestRunner.CommandLineTest.Executer:ExitIfRunIsCompleted () (at ./Library/PackageCache/com.unity.test-framework@1.3.9/UnityEditor.TestRunner/CommandLineTest/Executer.cs:74)
UnityEditor.EditorApplication:Internal_CallUpdateFunctions ()

(Filename: ./Library/PackageCache/com.unity.test-framework@1.3.9/UnityEditor.TestRunner/CommandLineTest/Executer.cs Line: 81)

Killing ADB server in 0.0430577 seconds.
[PhysX] Initialized MultithreadedTaskDispatcher with 16 workers.
Input System module state changed to: ShutdownInProgress.
Input System polling thread exited.
Input System module state changed to: Shutdown.
[Licensing::IpcConnector] LicenseClient-jacob-notifications channel disconnected successfully.
[Licensing::IpcConnector] LicenseClient-jacob channel disconnected successfully.
Cleanup mono
<color=#ffaa00>warn:</color> [18:04:26:3795] <color=#B4FF32>[AI]</color> <color=#85C1E2><b>BufferedFileLogStorage</b></color> Flush called but already disposed, ignored.
[Performance] WinEditorMain                                                                                                                        :        1 samples, Peak.  1.51 s (1.0x), Avg.  1.51 s, Total. 1.508 s (9.3%)
[Performance] WinEditorMain.ConfigureCrashHandler                                                                                                  :        1 samples, Peak.  20.1 us (1.0x), Avg.  20.1 us, Total. 20.10 us (0.0%)
[Performance] WinEditorMain.CurlRequestInitialize                                                                                                  :        1 samples, Peak.   282 us (1.0x), Avg.   282 us, Total. 282.2 us (0.0%)
[Performance] WinEditorMain.SetupLogFile                                                                                                           :        1 samples, Peak.   387 us (1.0x), Avg.   387 us, Total. 386.9 us (0.0%)
[Performance] WinEditorMain.RunNativeTestsIfRequiredAndExit                                                                                        :        1 samples, Peak.   100 ns (1.0x), Avg.   100 ns, Total. 100.0 ns (0.0%)
[Performance] WinEditorMain.Licensing                                                                                                              :        1 samples, Peak.  1.49 s (1.0x), Avg.  1.49 s, Total. 1.493 s (9.3%)
[Performance] WinEditorMain.InitializeCrashHandler                                                                                                 :        1 samples, Peak.  11.9 ms (1.0x), Avg.  11.9 ms, Total. 11.92 ms (0.1%)
[Performance] WinEditorMain.CreateApplication                                                                                                      :        1 samples, Peak.   209 us (1.0x), Avg.   209 us, Total. 208.9 us (0.0%)
[Performance] Application.InitializeProject                                                                                                        :        1 samples, Peak.  10.9 s (1.0x), Avg.  10.9 s, Total. 10.94 s (67.9%)
[Performance] Application.PackageManager.StartServer                                                                                               :        1 samples, Peak.  3.72 ms (1.0x), Avg.  3.72 ms, Total. 3.717 ms (0.0%)
[Performance] Application.AcquireProjectLock                                                                                                       :        1 samples, Peak.  5.35 ms (1.0x), Avg.  5.35 ms, Total. 5.353 ms (0.0%)
[Performance] Application.InitializeEngineNoGraphics                                                                                               :        1 samples, Peak.  51.0 ms (1.0x), Avg.  51.0 ms, Total. 51.01 ms (0.3%)
[Performance] Application.PackageManager.Initialize                                                                                                :        1 samples, Peak.   340 ms (1.0x), Avg.   340 ms, Total. 340.2 ms (2.1%)
[Performance] Connecting to Package Manager                                                                                                        :       35 samples, Peak.  59.8 us (18.6x), Avg.  3.21 us, Total. 112.3 us (0.0%)
[Performance] Application.EngineGraphics.Initialize                                                                                                :        1 samples, Peak.  75.0 ms (1.0x), Avg.  75.0 ms, Total. 74.97 ms (0.5%)
[Performance] Application.GI.Initialize                                                                                                            :        1 samples, Peak.  2.91 ms (1.0x), Avg.  2.91 ms, Total. 2.912 ms (0.0%)
[Performance] Application.LoadAllDefaultResourcesFromEditor                                                                                        :        1 samples, Peak.  1.96 ms (1.0x), Avg.  1.96 ms, Total. 1.958 ms (0.0%)
[Performance] Application.LoadMonoAssemblies                                                                                                       :        1 samples, Peak.  2.76 s (1.0x), Avg.  2.76 s, Total. 2.764 s (17.1%)
[Performance] RestoreManagedReferences                                                                                                             :        2 samples, Peak.  47.2 ms (2.0x), Avg.  23.6 ms, Total. 47.17 ms (0.3%)
[Performance] InitializeOnLoad DrivenRectTransformUndo                                                                                             :        2 samples, Peak.   362 us (1.0x), Avg.   346 us, Total. 692.2 us (0.0%)
[Performance] InitializeOnLoad SceneSearch                                                                                                         :        2 samples, Peak.   107 us (1.1x), Avg.  95.1 us, Total. 190.1 us (0.0%)
[Performance] InitializeOnLoad CloudBuild                                                                                                          :        2 samples, Peak.  4.40 us (1.2x), Avg.  3.65 us, Total. 7.300 us (0.0%)
[Performance] InitializeOnLoad NativeFormatImporterUtility                                                                                         :        2 samples, Peak.  1.93 ms (1.2x), Avg.  1.63 ms, Total. 3.264 ms (0.0%)
[Performance] InitializeOnLoad SearchService                                                                                                       :        2 samples, Peak.  92.4 us (1.0x), Avg.  89.0 us, Total. 178.0 us (0.0%)
[Performance] InitializeOnLoad SettingsService                                                                                                     :        2 samples, Peak.  10.3 us (1.3x), Avg.  7.85 us, Total. 15.70 us (0.0%)
[Performance] InitializeOnLoad WindowLayout                                                                                                        :        2 samples, Peak.   201 us (1.0x), Avg.   199 us, Total. 398.0 us (0.0%)
[Performance] InitializeOnLoad AssetStoreContext                                                                                                   :        2 samples, Peak.  18.3 ms (1.7x), Avg.  10.7 ms, Total. 21.34 ms (0.1%)
[Performance] InitializeOnLoad PoolManager                                                                                                         :        2 samples, Peak.   451 us (1.0x), Avg.   443 us, Total. 886.8 us (0.0%)
[Performance] InitializeOnLoad MixerEffectDefinitionReloader                                                                                       :        2 samples, Peak.  1.98 ms (1.2x), Avg.  1.64 ms, Total. 3.283 ms (0.0%)
[Performance] InitializeOnLoad ProjectSearch                                                                                                       :        2 samples, Peak.  52.8 us (1.1x), Avg.  47.1 us, Total. 94.20 us (0.0%)
[Performance] InitializeOnLoad UISystemProfilerRenderService                                                                                       :        2 samples, Peak.  7.10 us (1.1x), Avg.  6.30 us, Total. 12.60 us (0.0%)
[Performance] InitializeOnLoad EditMode                                                                                                            :        2 samples, Peak.   335 us (1.1x), Avg.   310 us, Total. 620.2 us (0.0%)
[Performance] InitializeOnLoad UnityConnect                                                                                                        :        2 samples, Peak.  43.8 us (1.0x), Avg.  42.5 us, Total. 85.00 us (0.0%)
[Performance] InitializeOnLoad ManagedDebugger                                                                                                     :        2 samples, Peak.   456 us (1.6x), Avg.   278 us, Total. 555.9 us (0.0%)
[Performance] InitializeOnLoad ShortcutIntegration                                                                                                 :        2 samples, Peak.  49.0 us (1.0x), Avg.  47.8 us, Total. 95.60 us (0.0%)
[Performance] InitializeOnLoad AddComponentWindow                                                                                                  :        2 samples, Peak.   108 us (1.1x), Avg.  99.6 us, Total. 199.3 us (0.0%)
[Performance] InitializeOnLoad ManagedDebuggerWindow                                                                                               :        2 samples, Peak.   113 us (1.1x), Avg.   108 us, Total. 215.7 us (0.0%)
[Performance] InitializeOnLoad CacheServerWindow                                                                                                   :        2 samples, Peak.  10.1 us (1.2x), Avg.  8.25 us, Total. 16.50 us (0.0%)
[Performance] InitializeOnLoad PlayModeDownload                                                                                                    :        2 samples, Peak.  2.55 ms (1.9x), Avg.  1.32 ms, Total. 2.631 ms (0.0%)
[Performance] InitializeOnLoad MenuItems                                                                                                           :        2 samples, Peak.  78.8 us (1.1x), Avg.  73.6 us, Total. 147.1 us (0.0%)
[Performance] InitializeOnLoad PrefabInstanceChangedListener                                                                                       :        2 samples, Peak.   121 us (1.1x), Avg.   114 us, Total. 227.7 us (0.0%)
[Performance] InitializeOnLoad ObjectSelectorSearch                                                                                                :        2 samples, Peak.  81.9 us (1.4x), Avg.  57.2 us, Total. 114.4 us (0.0%)
[Performance] InitializeOnLoad EditorMonitor                                                                                                       :        2 samples, Peak.   550 us (1.2x), Avg.   459 us, Total. 918.7 us (0.0%)
[Performance] InitializeOnLoad RetainedMode                                                                                                        :        2 samples, Peak.  1.93 ms (1.0x), Avg.  1.88 ms, Total. 3.752 ms (0.0%)
[Performance] InitializeOnLoad EditorShaderLoader                                                                                                  :        2 samples, Peak.   592 us (1.1x), Avg.   542 us, Total. 1.083 ms (0.0%)
[Performance] InitializeOnLoad EditorDelegateRegistration                                                                                          :        2 samples, Peak.   445 us (1.1x), Avg.   388 us, Total. 776.0 us (0.0%)
[Performance] InitializeOnLoad UIDocumentHierarchyWatcher                                                                                          :        2 samples, Peak.  66.2 us (1.0x), Avg.  65.4 us, Total. 130.7 us (0.0%)
[Performance] InitializeOnLoad LiveReloadTrackerCreator                                                                                            :        2 samples, Peak.   151 us (1.2x), Avg.   131 us, Total. 261.1 us (0.0%)
[Performance] InitializeOnLoad UxmlObjectEditorFactories                                                                                           :        2 samples, Peak.   425 us (1.2x), Avg.   368 us, Total. 736.6 us (0.0%)
[Performance] InitializeOnLoad UXMLEditorFactories                                                                                                 :        2 samples, Peak.  51.0 ms (1.1x), Avg.  46.8 ms, Total. 93.64 ms (0.6%)
[Performance] InitializeOnLoad PurchasingService                                                                                                   :        2 samples, Peak.  5.38 ms (1.0x), Avg.  5.30 ms, Total. 10.61 ms (0.1%)
[Performance] InitializeOnLoad CloudBuildPoller                                                                                                    :        2 samples, Peak.  94.7 us (1.0x), Avg.  91.3 us, Total. 182.7 us (0.0%)
[Performance] InitializeOnLoad EditorGameServicesAnalytics                                                                                         :        2 samples, Peak.  1.26 ms (1.6x), Avg.   779 us, Total. 1.558 ms (0.0%)
[Performance] InitializeOnLoad AnalyticsService                                                                                                    :        2 samples, Peak.   146 us (1.0x), Avg.   142 us, Total. 284.5 us (0.0%)
[Performance] InitializeOnLoad BuildService                                                                                                        :        2 samples, Peak.   122 us (1.0x), Avg.   121 us, Total. 241.4 us (0.0%)
[Performance] InitializeOnLoad AdsService                                                                                                          :        2 samples, Peak.   317 us (1.0x), Avg.   311 us, Total. 622.4 us (0.0%)
[Performance] InitializeOnLoad UDPService                                                                                                          :        2 samples, Peak.   119 us (1.0x), Avg.   119 us, Total. 237.5 us (0.0%)
[Performance] InitializeOnLoad CrashService                                                                                                        :        2 samples, Peak.   132 us (1.1x), Avg.   123 us, Total. 245.4 us (0.0%)
[Performance] InitializeOnLoad ServicesRepository                                                                                                  :        2 samples, Peak.   400 ns (1.1x), Avg.   350 ns, Total. 700.0 ns (0.0%)
[Performance] InitializeOnLoad SearchWindow                                                                                                        :        2 samples, Peak.   113 us (1.1x), Avg.   100 us, Total. 200.7 us (0.0%)
[Performance] InitializeOnLoad CustomIndexers                                                                                                      :        2 samples, Peak.  12.6 ms (1.1x), Avg.  11.6 ms, Total. 23.23 ms (0.1%)
[Performance] InitializeOnLoad SearchMonitor                                                                                                       :        2 samples, Peak.   816 us (1.1x), Avg.   724 us, Total. 1.448 ms (0.0%)
[Performance] InitializeOnLoad ParameterControllerEditor                                                                                           :        2 samples, Peak.  16.7 us (1.0x), Avg.  16.0 us, Total. 32.00 us (0.0%)
[Performance] InitializeOnLoad LayerSettingsWindow                                                                                                 :        2 samples, Peak.  19.5 us (1.7x), Avg.  11.7 us, Total. 23.30 us (0.0%)
[Performance] InitializeOnLoad PackageManagerHookGUIDConverter.RegisterPackagesEventHandler                                                        :        2 samples, Peak.   618 us (1.8x), Avg.   339 us, Total. 677.1 us (0.0%)
[Performance] InitializeOnLoad EditorDragAndDrop.RegisterEditorClient                                                                              :        2 samples, Peak.   339 us (1.4x), Avg.   245 us, Total. 489.4 us (0.0%)
[Performance] InitializeOnLoad EditorEventCallbacks.InitializeFontAssetResourceChangeCallBacks                                                     :        2 samples, Peak.   947 us (1.0x), Avg.   944 us, Total. 1.889 ms (0.0%)
[Performance] InitializeOnLoad SceneTemplateService.Init                                                                                           :        2 samples, Peak.  1.15 ms (1.1x), Avg.  1.04 ms, Total. 2.078 ms (0.0%)
[Performance] InitializeOnLoad DiagnosticSwitchesConsoleMessage.Init                                                                               :        2 samples, Peak.  4.01 ms (1.8x), Avg.  2.22 ms, Total. 4.433 ms (0.0%)
[Performance] InitializeOnLoad PackageManagerWindow.EditorInitializedInSafeMode                                                                    :        2 samples, Peak.  19.9 ms (2.0x), Avg.  10.1 ms, Total. 20.12 ms (0.1%)
[Performance] InitializeOnLoad ToolShortcutContext.Init                                                                                            :        2 samples, Peak.   144 us (1.2x), Avg.   124 us, Total. 248.9 us (0.0%)
[Performance] InitializeOnLoad MemoryProfilerCompilationGuard.InjectCompileGuard                                                                   :        2 samples, Peak.   157 us (1.5x), Avg.   104 us, Total. 207.7 us (0.0%)
[Performance] InitializeOnLoad AssetPostprocessingInternal.RefreshCustomDependencies                                                               :        2 samples, Peak.  2.41 ms (1.3x), Avg.  1.90 ms, Total. 3.795 ms (0.0%)
[Performance] InitializeOnLoad SysrootManager.Initialize                                                                                           :        2 samples, Peak.   439 us (1.1x), Avg.   388 us, Total. 776.9 us (0.0%)
[Performance] InitializeOnLoad ScopedRegistryAddedPopup.SubscribeToRegistriesAdded                                                                 :        2 samples, Peak.  6.37 ms (2.0x), Avg.  3.22 ms, Total. 6.447 ms (0.0%)
[Performance] InitializeOnLoad SceneVisibilityManager.Initialize                                                                                   :        2 samples, Peak.  2.36 ms (1.5x), Avg.  1.56 ms, Total. 3.122 ms (0.0%)
[Performance] InitializeOnLoad EditorWindow.Initialize                                                                                             :        2 samples, Peak.   233 us (1.2x), Avg.   202 us, Total. 404.9 us (0.0%)
[Performance] AssemblyReloadEvents.afterAssemblyReload: UnityEditor.SceneTemplate.SceneTemplateService.AfterAssemblyReload                         :        2 samples, Peak.  1.12 ms (1.7x), Avg.   674 us, Total. 1.349 ms (0.0%)
[Performance] ProcessService.EditorAfterLoadAllAssemblies                                                                                          :        2 samples, Peak.   305 us (1.2x), Avg.   262 us, Total. 523.7 us (0.0%)
[Performance] Application.ReadLicenseInfo                                                                                                          :        1 samples, Peak.  12.9 ms (1.0x), Avg.  12.9 ms, Total. 12.88 ms (0.1%)
[Performance] Application.InitialRefresh                                                                                                           :        1 samples, Peak.  7.12 s (1.0x), Avg.  7.12 s, Total. 7.118 s (44.1%)
[Performance] Compiling Scripts                                                                                                                    :        1 samples, Peak.   589 ms (1.0x), Avg.   589 ms, Total. 589.0 ms (3.7%)
[Performance] AssemblyReloadEvents.beforeAssemblyReload: UnityEditor.SceneTemplate.SceneTemplateService.BeforeAssemblyReload                       :        1 samples, Peak.   452 us (1.0x), Avg.   452 us, Total. 451.7 us (0.0%)
[Performance] InitializeOnLoad InputSystemUIInputModuleEditor                                                                                      :        1 samples, Peak.   161 us (1.0x), Avg.   161 us, Total. 161.0 us (0.0%)
[Performance] InitializeOnLoad TouchSimulation                                                                                                     :        1 samples, Peak.   119 us (1.0x), Avg.   119 us, Total. 118.8 us (0.0%)
[Performance] InitializeOnLoad InputSystem                                                                                                         :        1 samples, Peak.  34.1 ms (1.0x), Avg.  34.1 ms, Total. 34.10 ms (0.2%)
[Performance] InitializeOnLoad EnableUITKEditor                                                                                                    :        1 samples, Peak.  22.4 us (1.0x), Avg.  22.4 us, Total. 22.40 us (0.0%)
[Performance] InitializeOnLoad BurstLoader                                                                                                         :        1 samples, Peak.  1.71 s (1.0x), Avg.  1.71 s, Total. 1.710 s (10.6%)
[Performance] InitializeOnLoad ShadowCasterGroup2DManager                                                                                          :        1 samples, Peak.   147 us (1.0x), Avg.   147 us, Total. 146.6 us (0.0%)
[Performance] InitializeOnLoad OnDomainReload                                                                                                      :        1 samples, Peak.   297 us (1.0x), Avg.   297 us, Total. 296.9 us (0.0%)
[Performance] InitializeOnLoad EditorInitialize                                                                                                    :        4 samples, Peak. 10.00 ms (3.3x), Avg.  3.07 ms, Total. 12.27 ms (0.1%)
[Performance] InitializeOnLoad CanvasesAndTheirOwners                                                                                              :        1 samples, Peak.   163 us (1.0x), Avg.   163 us, Total. 162.8 us (0.0%)
[Performance] InitializeOnLoad ProbeGIBaking                                                                                                       :        1 samples, Peak.  2.21 ms (1.0x), Avg.  2.21 ms, Total. 2.209 ms (0.0%)
[Performance] InitializeOnLoad FilterWindow                                                                                                        :        1 samples, Peak.  60.9 us (1.0x), Avg.  60.9 us, Total. 60.90 us (0.0%)
[Performance] InitializeOnLoad RealtimeProbeSubdivisionDebug                                                                                       :        1 samples, Peak.   452 us (1.0x), Avg.   452 us, Total. 452.4 us (0.0%)
[Performance] InitializeOnLoad CinemachineStoryboardMute                                                                                           :        1 samples, Peak.   219 us (1.0x), Avg.   219 us, Total. 218.5 us (0.0%)
[Performance] InitializeOnLoad SaveDuringPlay                                                                                                      :        1 samples, Peak.   103 us (1.0x), Avg.   103 us, Total. 102.8 us (0.0%)
[Performance] InitializeOnLoad CollectGizmoDrawers                                                                                                 :        1 samples, Peak.  6.45 ms (1.0x), Avg.  6.45 ms, Total. 6.447 ms (0.0%)
[Performance] InitializeOnLoad CinemachineScreenComposerGuidesGlobalDraggable                                                                      :        1 samples, Peak.   149 us (1.0x), Avg.   149 us, Total. 149.3 us (0.0%)
[Performance] InitializeOnLoad CinemachineEditorAnalytics                                                                                          :        1 samples, Peak.  55.5 us (1.0x), Avg.  55.5 us, Total. 55.50 us (0.0%)
[Performance] InitializeOnLoad CreateRigWithUndo                                                                                                   :        1 samples, Peak.   149 us (1.0x), Avg.   149 us, Total. 149.4 us (0.0%)
[Performance] InitializeOnLoad CreatePipelineWithUndo                                                                                              :        1 samples, Peak.   188 us (1.0x), Avg.   188 us, Total. 187.7 us (0.0%)
[Performance] InitializeOnLoad SyncCacheEnabledSetting                                                                                             :        1 samples, Peak.  1.11 ms (1.0x), Avg.  1.11 ms, Total. 1.108 ms (0.0%)
[Performance] InitializeOnLoad CinemachineColliderPrefs                                                                                            :        1 samples, Peak.   237 us (1.0x), Avg.   237 us, Total. 236.7 us (0.0%)
[Performance] InitializeOnLoad NodeClassCache                                                                                                      :        1 samples, Peak.  8.50 us (1.0x), Avg.  8.50 us, Total. 8.500 us (0.0%)
[Performance] InitializeOnLoad ShaderGraphMaterialsUpdater                                                                                         :        2 samples, Peak.   475 us (1.6x), Avg.   296 us, Total. 591.7 us (0.0%)
[Performance] InitializeOnLoad UnityTestProtocolStarter                                                                                            :        1 samples, Peak.   364 us (1.0x), Avg.   364 us, Total. 363.7 us (0.0%)
[Performance] InitializeOnLoad BackgroundWatcher                                                                                                   :        1 samples, Peak.  91.6 us (1.0x), Avg.  91.6 us, Total. 91.60 us (0.0%)
[Performance] InitializeOnLoad VisualStudioEditor                                                                                                  :        1 samples, Peak.  20.0 ms (1.0x), Avg.  20.0 ms, Total. 19.99 ms (0.1%)
[Performance] InitializeOnLoad TestRunnerApiListener                                                                                               :        1 samples, Peak.  2.92 ms (1.0x), Avg.  2.92 ms, Total. 2.921 ms (0.0%)
[Performance] InitializeOnLoad VisualStudioIntegration                                                                                             :        1 samples, Peak.  1.52 ms (1.0x), Avg.  1.52 ms, Total. 1.520 ms (0.0%)
[Performance] InitializeOnLoad RegisterCheckResourcesDupeDependencies                                                                              :        1 samples, Peak.  1.14 ms (1.0x), Avg.  1.14 ms, Total. 1.142 ms (0.0%)
[Performance] InitializeOnLoad RegisterCheckBundleDupeDependencies                                                                                 :        1 samples, Peak.   228 us (1.0x), Avg.   228 us, Total. 227.8 us (0.0%)
[Performance] InitializeOnLoad AddressableEditorInitialization                                                                                     :        1 samples, Peak.  8.43 ms (1.0x), Avg.  8.43 ms, Total. 8.432 ms (0.1%)
[Performance] InitializeOnLoad GroupsPopupWindow                                                                                                   :        1 samples, Peak.  65.6 us (1.0x), Avg.  65.6 us, Total. 65.60 us (0.0%)
[Performance] InitializeOnLoad GlobalInitialization                                                                                                :        1 samples, Peak.   836 us (1.0x), Avg.   836 us, Total. 836.2 us (0.0%)
[Performance] InitializeOnLoad RegisterCheckSceneDupeDependencies                                                                                  :        1 samples, Peak.   598 us (1.0x), Avg.   598 us, Total. 597.9 us (0.0%)
[Performance] InitializeOnLoad RegisterBuildBundleLayout                                                                                           :        1 samples, Peak.   441 us (1.0x), Avg.   441 us, Total. 441.5 us (0.0%)
[Performance] InitializeOnLoad AddressableAssetInspectorGUI                                                                                        :        1 samples, Peak.  25.8 ms (1.0x), Avg.  25.8 ms, Total. 25.77 ms (0.2%)
[Performance] EditorResources.Load                                                                                                                 :        6 samples, Peak.  21.4 ms (6.0x), Avg.  3.60 ms, Total. 21.61 ms (0.1%)
[Performance] InitializeOnLoad PrefabLayoutRebuilder                                                                                               :        1 samples, Peak.   277 us (1.0x), Avg.   277 us, Total. 277.0 us (0.0%)
[Performance] InitializeOnLoad RiderScriptEditor                                                                                                   :        1 samples, Peak.  5.05 ms (1.0x), Avg.  5.05 ms, Total. 5.053 ms (0.0%)
[Performance] InitializeOnLoad CallbackInitializer                                                                                                 :        1 samples, Peak.  1.09 ms (1.0x), Avg.  1.09 ms, Total. 1.092 ms (0.0%)
[Performance] InitializeOnLoad NuGetDependencyResolver                                                                                             :        1 samples, Peak.  1.82 ms (1.0x), Avg.  1.82 ms, Total. 1.825 ms (0.0%)
[Performance] InitializeOnLoad MainThreadDispatcher                                                                                                :        1 samples, Peak.   307 us (1.0x), Avg.   307 us, Total. 306.9 us (0.0%)
[Performance] InitializeOnLoad MainWindowInitializer                                                                                               :        1 samples, Peak.   428 us (1.0x), Avg.   428 us, Total. 428.2 us (0.0%)
[Performance] InitializeOnLoad Tool_Tests                                                                                                          :        1 samples, Peak.   154 ms (1.0x), Avg.   154 ms, Total. 154.3 ms (1.0%)
[Performance] InitializeOnLoad Tool_Script                                                                                                         :        1 samples, Peak.  4.60 us (1.0x), Avg.  4.60 us, Total. 4.600 us (0.0%)
[Performance] InitializeOnLoad ScriptUtils                                                                                                         :        1 samples, Peak.   335 us (1.0x), Avg.   335 us, Total. 334.6 us (0.0%)
[Performance] InitializeOnLoad ServerBinaryUpdateWatcher                                                                                           :        1 samples, Peak.   145 us (1.0x), Avg.   145 us, Total. 145.0 us (0.0%)
[Performance] InitializeOnLoad Startup                                                                                                             :        1 samples, Peak.   626 ms (1.0x), Avg.   626 ms, Total. 625.8 ms (3.9%)
[Performance] InitializeOnLoad McpServerManager                                                                                                    :        1 samples, Peak.  1.87 ms (1.0x), Avg.  1.87 ms, Total. 1.870 ms (0.0%)
[Performance] InitializeOnLoad PlayModeOptionsGuard                                                                                                :        1 samples, Peak.   307 us (1.0x), Avg.   307 us, Total. 306.6 us (0.0%)
[Performance] InitializeOnLoad EditorStateCache                                                                                                    :        1 samples, Peak.  89.4 ms (1.0x), Avg.  89.4 ms, Total. 89.42 ms (0.6%)
[Performance] InitializeOnLoad McpEditorShutdownCleanup                                                                                            :        1 samples, Peak.   386 us (1.0x), Avg.   386 us, Total. 386.1 us (0.0%)
[Performance] InitializeOnLoad TestRunnerNoThrottle                                                                                                :        1 samples, Peak.   558 us (1.0x), Avg.   558 us, Total. 558.3 us (0.0%)
[Performance] InitializeOnLoad StartupConfigRewrite                                                                                                :        1 samples, Peak.   129 us (1.0x), Avg.   129 us, Total. 128.6 us (0.0%)
[Performance] InitializeOnLoad ProjectIdentityUtility                                                                                              :        1 samples, Peak.   104 us (1.0x), Avg.   104 us, Total. 103.9 us (0.0%)
[Performance] InitializeOnLoad TransportCommandDispatcher                                                                                          :        1 samples, Peak.  1.18 s (1.0x), Avg.  1.18 s, Total. 1.185 s (7.3%)
[Performance] InitializeOnLoad SetupWindowService                                                                                                  :        1 samples, Peak.  84.8 us (1.0x), Avg.  84.8 us, Total. 84.80 us (0.0%)
[Performance] InitializeOnLoad LegacyServerSrcMigration                                                                                            :        1 samples, Peak.  50.8 us (1.0x), Avg.  50.8 us, Total. 50.80 us (0.0%)
[Performance] InitializeOnLoad StdioBridgeHost                                                                                                     :        1 samples, Peak.   634 us (1.0x), Avg.   634 us, Total. 634.3 us (0.0%)
[Performance] InitializeOnLoad HttpAutoStartHandler                                                                                                :        1 samples, Peak.   109 us (1.0x), Avg.   109 us, Total. 109.2 us (0.0%)
[Performance] InitializeOnLoad AssetGenJobManager                                                                                                  :        1 samples, Peak.   386 us (1.0x), Avg.   386 us, Total. 385.7 us (0.0%)
[Performance] InitializeOnLoad HttpBridgeReloadHandler                                                                                             :        1 samples, Peak.   186 us (1.0x), Avg.   186 us, Total. 186.2 us (0.0%)
[Performance] InitializeOnLoad StdIoVersionMigration                                                                                               :        1 samples, Peak.  55.9 us (1.0x), Avg.  55.9 us, Total. 55.90 us (0.0%)
[Performance] InitializeOnLoad StdioBridgeReloadHandler                                                                                            :        1 samples, Peak.   141 us (1.0x), Avg.   141 us, Total. 140.7 us (0.0%)
[Performance] InitializeOnLoad Renderer2DAnalytics                                                                                                 :        1 samples, Peak.  99.6 us (1.0x), Avg.  99.6 us, Total. 99.60 us (0.0%)
[Performance] InitializeOnLoad EditorToolManager                                                                                                   :        1 samples, Peak.  1.83 ms (1.0x), Avg.  1.83 ms, Total. 1.826 ms (0.0%)
[Performance] InitializeOnLoad Addressables.RegisterPlayModeStateChange                                                                            :        1 samples, Peak.  68.6 us (1.0x), Avg.  68.6 us, Total. 68.60 us (0.0%)
[Performance] InitializeOnLoad AssetReference.RegisterForPlaymodeChange                                                                            :        1 samples, Peak.   255 us (1.0x), Avg.   255 us, Total. 255.1 us (0.0%)
[Performance] InitializeOnLoad MaterialReimporter.RegisterUpgraderReimport                                                                         :        2 samples, Peak.   270 us (1.8x), Avg.   150 us, Total. 300.9 us (0.0%)
[Performance] InitializeOnLoad GetMenuItems.BuildCache                                                                                             :        1 samples, Peak.  5.16 ms (1.0x), Avg.  5.16 ms, Total. 5.156 ms (0.0%)
[Performance] InitializeOnLoad McpLogRecord.RefreshFromPrefs                                                                                       :        1 samples, Peak.   172 us (1.0x), Avg.   172 us, Total. 171.7 us (0.0%)
[Performance] InitializeOnLoad ExecuteCode.OnDomainReload                                                                                          :        1 samples, Peak.   379 us (1.0x), Avg.   379 us, Total. 379.4 us (0.0%)
[Performance] InitializeOnLoad UnityReflect.OnLoad                                                                                                 :        1 samples, Peak.   451 us (1.0x), Avg.   451 us, Total. 450.8 us (0.0%)
[Performance] InitializeOnLoad MainThreadDispatcher.EditorInitialize                                                                               :        1 samples, Peak.   140 us (1.0x), Avg.   140 us, Total. 140.1 us (0.0%)
[Performance] InitializeOnLoad MainThreadInstaller.Init                                                                                            :        1 samples, Peak.   106 us (1.0x), Avg.   106 us, Total. 106.4 us (0.0%)
[Performance] InitializeOnLoad AddressableAssetSettings.RegisterWithAssetPostProcessor                                                             :        1 samples, Peak.   324 us (1.0x), Avg.   324 us, Total. 324.0 us (0.0%)
[Performance] InitializeOnLoad AddressableAssetSettings.CheckCCDStatus                                                                             :        1 samples, Peak.  65.9 us (1.0x), Avg.  65.9 us, Total. 65.90 us (0.0%)
[Performance] InitializeOnLoad ProfileDataSourceSettings.InitializeCloudEnvironment                                                                :        1 samples, Peak.   213 us (1.0x), Avg.   213 us, Total. 212.7 us (0.0%)
[Performance] InitializeOnLoad AddressablesBuildScriptHooks.Init                                                                                   :        1 samples, Peak.  55.1 us (1.0x), Avg.  55.1 us, Total. 55.10 us (0.0%)
[Performance] InitializeOnLoad AddressablesPlayerBuildProcessor.CleanTemporaryPlayerBuildData                                                      :        1 samples, Peak.   734 us (1.0x), Avg.   734 us, Total. 734.2 us (0.0%)
[Performance] InitializeOnLoad InputSystemPackageControl.SubscribePackageManagerEvent                                                              :        1 samples, Peak.  74.9 us (1.0x), Avg.  74.9 us, Total. 74.90 us (0.0%)
[Performance] InitializeOnLoad InputSystemPluginControl.CheckForExtension                                                                          :        1 samples, Peak.  1.40 ms (1.0x), Avg.  1.40 ms, Total. 1.403 ms (0.0%)
[Performance] InitializeOnLoad AnalyticsReporter.RegisterCallbacks                                                                                 :        1 samples, Peak.   477 us (1.0x), Avg.   477 us, Total. 477.4 us (0.0%)
[Performance] InitializeOnLoad TestJobDataHolder.ResumeRunningJobs                                                                                 :        1 samples, Peak.   936 us (1.0x), Avg.   936 us, Total. 935.8 us (0.0%)
[Performance] InitializeOnLoad TestStarter.Initialize                                                                                              :        1 samples, Peak.  5.56 ms (1.0x), Avg.  5.56 ms, Total. 5.561 ms (0.0%)
[Performance] InitializeOnLoad DebugManagerWindowLifetimeAnalytic.SubscribeToDebugManagerOpenCloseWindows                                          :        1 samples, Peak.   421 us (1.0x), Avg.   421 us, Total. 420.8 us (0.0%)
[Performance] InitializeOnLoad CoreRenderPipelinePreferences.InitPreferenceProviders                                                               :        1 samples, Peak.  11.9 ms (1.0x), Avg.  11.9 ms, Total. 11.87 ms (0.1%)
[Performance] InitializeOnLoad VolumeGizmoDrawer.InitVolumeGizmoCallbacks                                                                          :        1 samples, Peak.   347 us (1.0x), Avg.   347 us, Total. 347.0 us (0.0%)
[Performance] InitializeOnLoad VisualStudioEditor.LegacyVisualStudioCodePackageDisabler                                                            :        1 samples, Peak.   572 us (1.0x), Avg.   572 us, Total. 572.3 us (0.0%)
[Performance] DidReloadScriptsCinemachineExtension.OnScriptReload                                                                                  :        1 samples, Peak.   329 us (1.0x), Avg.   329 us, Total. 329.5 us (0.0%)
[Performance] DidReloadScriptsCinemachineVirtualCameraBase.OnScriptReload                                                                          :        1 samples, Peak.   105 us (1.0x), Avg.   105 us, Total. 105.1 us (0.0%)
[Performance] DidReloadScriptsAdvancedDropdownWindow.OnScriptReload                                                                                :        2 samples, Peak.   200 us (1.0x), Avg.   199 us, Total. 397.6 us (0.0%)
[Performance] DidReloadScriptsTestListCache.ScriptReloaded                                                                                         :        1 samples, Peak.  1.40 ms (1.0x), Avg.  1.40 ms, Total. 1.400 ms (0.0%)
[Performance] DidReloadScriptsTestRunnerWindow.CompilationCallback                                                                                 :        1 samples, Peak.   665 us (1.0x), Avg.   665 us, Total. 665.4 us (0.0%)
[Performance] DidReloadScriptsLookDev.OnEditorReload                                                                                               :        1 samples, Peak.   286 us (1.0x), Avg.   286 us, Total. 286.0 us (0.0%)
[Performance] DidReloadScriptsDebugWindow.OnEditorReload                                                                                           :        1 samples, Peak.  6.36 ms (1.0x), Avg.  6.36 ms, Total. 6.364 ms (0.0%)
[Performance] DidReloadScriptsVolumeComponentEditor.OnEditorReload                                                                                 :        1 samples, Peak.  11.9 ms (1.0x), Avg.  11.9 ms, Total. 11.88 ms (0.1%)
[Performance] AssemblyReloadEvents.afterAssemblyReload: com.IvanMurzak.Unity.MCP.Editor.Startup.OnAfterAssemblyReload                              :        1 samples, Peak.   426 us (1.0x), Avg.   426 us, Total. 426.1 us (0.0%)
[Performance] AssemblyReloadEvents.afterAssemblyReload: callback in MCPForUnity.Editor.Services.EditorStateCache                                   :        1 samples, Peak.   393 us (1.0x), Avg.   393 us, Total. 392.5 us (0.0%)
[Performance] AssemblyReloadEvents.afterAssemblyReload: MCPForUnity.Editor.Services.HttpBridgeReloadHandler.OnAfterAssemblyReload                  :        1 samples, Peak.   761 us (1.0x), Avg.   761 us, Total. 760.6 us (0.0%)
[Performance] AssemblyReloadEvents.afterAssemblyReload: MCPForUnity.Editor.Services.StdioBridgeReloadHandler.OnAfterAssemblyReload                 :        1 samples, Peak.   377 us (1.0x), Avg.   377 us, Total. 376.8 us (0.0%)
[Performance] AssemblyReloadEvents.afterAssemblyReload: MCPForUnity.Editor.Tools.UnityReflect.InvalidateCache                                      :        1 samples, Peak.   419 us (1.0x), Avg.   419 us, Total. 419.0 us (0.0%)
[Performance] CinemachineSettings.OnPostprocessAllAssets                                                                                           :        2 samples, Peak.   275 us (1.3x), Avg.   218 us, Total. 436.6 us (0.0%)
[Performance] UniversalRenderPipelineGlobalSettingsPostprocessor.OnPostprocessAllAssets                                                            :        2 samples, Peak.  1.22 ms (1.0x), Avg.  1.21 ms, Total. 2.414 ms (0.0%)
[Performance] InputActionAssetPostprocessor.OnPostprocessAllAssets                                                                                 :        2 samples, Peak.   483 us (1.1x), Avg.   459 us, Total. 917.8 us (0.0%)
[Performance] InputActionJsonNameModifierAssetProcessor.OnPostprocessAllAssets                                                                     :        2 samples, Peak.  93.8 us (1.1x), Avg.  85.9 us, Total. 171.8 us (0.0%)
[Performance] ProjectSettingsPostprocessor.OnPostprocessAllAssets                                                                                  :        2 samples, Peak.   284 us (1.0x), Avg.   278 us, Total. 556.6 us (0.0%)
[Performance] SyncVS.PostprocessSyncProject                                                                                                        :        1 samples, Peak.  4.00 ms (1.0x), Avg.  4.00 ms, Total. 4.005 ms (0.0%)
[Performance] Application.ImportPackagesAndSetTemplateWhenCreatingProject                                                                          :        1 samples, Peak.  10.0 ms (1.0x), Avg.  10.0 ms, Total. 10.00 ms (0.1%)
[Performance] Application.SyncCurrentColorSpace                                                                                                    :        1 samples, Peak.  27.4 ms (1.0x), Avg.  27.4 ms, Total. 27.44 ms (0.2%)
[Performance] Application.OnUsbDevicesChanged                                                                                                      :        1 samples, Peak.  43.5 ms (1.0x), Avg.  43.5 ms, Total. 43.47 ms (0.3%)
[Performance] Application.AssetInstanceCacheUpdate                                                                                                 :        1 samples, Peak.   300 ns (1.0x), Avg.   300 ns, Total. 300.0 ns (0.0%)
[Performance] Application.UnityExtensions.Initialize                                                                                               :        1 samples, Peak.  5.87 ms (1.0x), Avg.  5.87 ms, Total. 5.873 ms (0.0%)
[Performance] CodeEditorProjectSync.SyncEditorProject                                                                                              :        1 samples, Peak.   142 ms (1.0x), Avg.   142 ms, Total. 141.7 ms (0.9%)
[Performance] Application.ExecuteStartups                                                                                                          :        1 samples, Peak.  28.3 ms (1.0x), Avg.  28.3 ms, Total. 28.25 ms (0.2%)
[Performance] Menu.RegisterMenuInterface                                                                                                           :       26 samples, Peak.  1.90 us (9.0x), Avg.   212 ns, Total. 5.500 us (0.0%)
[Performance] Gizmo.RebuildRenderers                                                                                                               :        1 samples, Peak.  26.5 ms (1.0x), Avg.  26.5 ms, Total. 26.48 ms (0.2%)
[Performance] Gizmo.AddGizmoRenderers                                                                                                              :      122 samples, Peak.  1.35 ms (40.9x), Avg.  33.0 us, Total. 4.020 ms (0.0%)
[Performance] Application.editorInitializingProject                                                                                                :        1 samples, Peak.  18.0 us (1.0x), Avg.  18.0 us, Total. 18.00 us (0.0%)
[Performance] Application.FinishLoadingProject                                                                                                     :        1 samples, Peak.  1.44 s (1.0x), Avg.  1.44 s, Total. 1.438 s (8.9%)
[Performance] Application.InitializeMenu                                                                                                           :        1 samples, Peak.  1.27 s (1.0x), Avg.  1.27 s, Total. 1.269 s (7.9%)
[Performance] Menu.RebuildAll                                                                                                                      :        1 samples, Peak.  1.27 s (1.0x), Avg.  1.27 s, Total. 1.269 s (7.9%)
[Performance] Menu.BuildRegisteredMenuInterfaces                                                                                                   :        1 samples, Peak.  1.27 s (1.0x), Avg.  1.27 s, Total. 1.266 s (7.9%)
[Performance] Menu.FilterMenuItem                                                                                                                  :      819 samples, Peak.  52.9 ms (809.7x), Avg.  65.3 us, Total. 53.51 ms (0.3%)
[Performance] UpdateAllMenus                                                                                                                       :        1 samples, Peak.   499 us (1.0x), Avg.   499 us, Total. 499.3 us (0.0%)
[Performance] Menu.RebuildOSMainMenu                                                                                                               :        1 samples, Peak.  2.00 ms (1.0x), Avg.  2.00 ms, Total. 1.996 ms (0.0%)
[Performance] EditorSceneManager.sceneClosing: UnityEditor.SceneVisibilityManager.EditorSceneManagerOnSceneClosing                                 :        3 samples, Peak.   222 us (2.8x), Avg.  78.2 us, Total. 234.5 us (0.0%)
[Performance] GUIView.RepaintAll.PlayerLoopController                                                                                              :       12 samples, Peak.  2.80 us (4.8x), Avg.   583 ns, Total. 7.000 us (0.0%)
[Performance] EditorSceneManager.newSceneCreated: UnityEditor.SceneTemplate.SceneTemplateService.OnNewSceneCreated                                 :        3 samples, Peak.   235 us (3.0x), Avg.  79.5 us, Total. 238.4 us (0.0%)
[Performance] EditorSceneManager.newSceneCreated: UnityEditor.SceneVisibilityManager.EditorSceneManagerOnNewSceneCreated                           :        3 samples, Peak.   197 us (2.7x), Avg.  72.3 us, Total. 217.0 us (0.0%)
[Performance] EditorSceneManager.newSceneCreated: UnityEditor.SceneManagement.StageNavigationManager.OnNewSceneCreated                             :        3 samples, Peak.  52.6 us (2.9x), Avg.  18.3 us, Total. 55.00 us (0.0%)
[Performance] Application.InvokeFinishedLoadingProject                                                                                             :        1 samples, Peak.  70.4 ms (1.0x), Avg.  70.4 ms, Total. 70.37 ms (0.4%)
[Performance] ProcessService.OnProjectLoaded                                                                                                       :        1 samples, Peak.  59.3 us (1.0x), Avg.  59.3 us, Total. 59.30 us (0.0%)
[Performance] VersionControl.Task.Wait                                                                                                             :        1 samples, Peak.  11.7 us (1.0x), Avg.  11.7 us, Total. 11.70 us (0.0%)
[Performance] Application.InvokeProjectWasLoaded                                                                                                   :        1 samples, Peak.  37.6 us (1.0x), Avg.  37.6 us, Total. 37.60 us (0.0%)
[Performance] Application.Message                                                                                                                  :       69 samples, Peak.  27.4 us (47.4x), Avg.   578 ns, Total. 39.90 us (0.0%)
[Performance] Application.Message.WM_0031F                                                                                                         :        1 samples, Peak.  3.30 us (1.0x), Avg.  3.30 us, Total. 3.300 us (0.0%)
[Performance] Application.Tick                                                                                                                     :       68 samples, Peak.   282 ms (14.4x), Avg.  19.6 ms, Total. 1.332 s (8.3%)
[Performance] CheckLicensingClient                                                                                                                 :        1 samples, Peak.  8.70 us (1.0x), Avg.  8.70 us, Total. 8.700 us (0.0%)
[Performance] CheckLicensingClientNotification                                                                                                     :        1 samples, Peak.  13.4 us (1.0x), Avg.  13.4 us, Total. 13.40 us (0.0%)
[Performance] LicenseActivated.Tick                                                                                                                :        1 samples, Peak. 10.00 us (1.0x), Avg. 10.00 us, Total. 10.000 us (0.0%)
[Performance] Application.TickVersionControl                                                                                                       :       69 samples, Peak.  1.90 us (4.1x), Avg.   458 ns, Total. 31.60 us (0.0%)
[Performance] MonoCompiler.Tick                                                                                                                    :        6 samples, Peak.  6.50 us (2.2x), Avg.  2.92 us, Total. 17.50 us (0.0%)
[Performance] UnityConnect.Tick                                                                                                                    :       12 samples, Peak.  5.73 ms (11.7x), Avg.   490 us, Total. 5.874 ms (0.0%)
[Performance] UnityVersionControl.Tick                                                                                                             :       12 samples, Peak.   400 ns (1.5x), Avg.   275 ns, Total. 3.300 us (0.0%)
[Performance] CurlRequest.Tick                                                                                                                     :        9 samples, Peak.   186 us (6.9x), Avg.  26.8 us, Total. 240.8 us (0.0%)
[Performance] HubClient.Tick                                                                                                                       :        9 samples, Peak.  1.90 us (5.0x), Avg.   378 ns, Total. 3.400 us (0.0%)
[Performance] AssetDatabase.Tick                                                                                                                   :        9 samples, Peak.  59.5 us (8.7x), Avg.  6.83 us, Total. 61.50 us (0.0%)
[Performance] SceneBackgroundTask.Tick                                                                                                             :        7 samples, Peak.   600 ns (2.0x), Avg.   300 ns, Total. 2.100 us (0.0%)
[Performance] Scheduler.Tick                                                                                                                       :       22 samples, Peak.  2.00 ms (21.3x), Avg.  93.7 us, Total. 2.061 ms (0.0%)
[Performance] RepaintAllProfilerWindows                                                                                                            :        3 samples, Peak.   261 us (3.0x), Avg.  87.8 us, Total. 263.3 us (0.0%)
[Performance] PlayerUpdates.Tick                                                                                                                   :       12 samples, Peak.  23.8 us (1.7x), Avg.  14.0 us, Total. 168.0 us (0.0%)
[Performance] Application.TickGlobalCallbacks                                                                                                      :       69 samples, Peak.  28.5 ms (66.5x), Avg.   428 us, Total. 29.51 ms (0.2%)
[Performance] CoreBusinessMetrics.Tick                                                                                                             :        1 samples, Peak.  42.8 us (1.0x), Avg.  42.8 us, Total. 42.80 us (0.0%)
[Performance] EditorAnalytics.Tick                                                                                                                 :        5 samples, Peak.  10.6 us (4.5x), Avg.  2.34 us, Total. 11.70 us (0.0%)
[Performance] GI.Tick                                                                                                                              :       12 samples, Peak.   486 us (6.2x), Avg.  77.9 us, Total. 934.3 us (0.0%)
[Performance] Video.Update                                                                                                                         :       69 samples, Peak.  3.80 us (12.4x), Avg.   306 ns, Total. 21.10 us (0.0%)
[Performance] UnitySynchronization.ExecuteTasks                                                                                                    :       12 samples, Peak.  4.10 us (2.3x), Avg.  1.78 us, Total. 21.40 us (0.0%)
[Performance] Application.TickPreloadManager                                                                                                       :       69 samples, Peak.  6.80 us (4.7x), Avg.  1.45 us, Total. 99.90 us (0.0%)
[Performance] Application.TickProgress                                                                                                             :       69 samples, Peak.  2.10 ms (68.3x), Avg.  30.8 us, Total. 2.123 ms (0.0%)
[Performance] Application.TickSceneTracker                                                                                                         :       68 samples, Peak.   282 ms (15.5x), Avg.  18.2 ms, Total. 1.237 s (7.7%)
[Performance] EditorApplication.update                                                                                                             :       68 samples, Peak.   282 ms (15.5x), Avg.  18.2 ms, Total. 1.235 s (7.7%)
[Performance] EditorApplication.update: UnityEngine.Rendering.ProbeSubdivisionContext+RealtimeProbeSubdivisionDebug.UpdateRealtimeSubdivisionDebug :       69 samples, Peak.  2.53 ms (68.3x), Avg.  37.1 us, Total. 2.558 ms (0.0%)
[Performance] EditorApplication.update: callback in Microsoft.Unity.VisualStudio.Editor.VisualStudioIntegration                                    :        1 samples, Peak.  5.72 ms (1.0x), Avg.  5.72 ms, Total. 5.719 ms (0.0%)
[Performance] EditorApplication.update: Microsoft.Unity.VisualStudio.Editor.VisualStudioIntegration.OnUpdate                                       :       69 samples, Peak.   260 us (58.5x), Avg.  4.44 us, Total. 306.2 us (0.0%)
[Performance] EditorApplication.update: com.IvanMurzak.Unity.MCP.Editor.Utils.ScriptUtils.ProcessPendingNotificationsOnce                          :        1 samples, Peak.   758 us (1.0x), Avg.   758 us, Total. 758.1 us (0.0%)
[Performance] EditorApplication.update: com.IvanMurzak.Unity.MCP.Editor.Utils.PackageUtils.ProcessPendingNotificationsOnce                         :        1 samples, Peak.   652 us (1.0x), Avg.   652 us, Total. 651.9 us (0.0%)
[Performance] EditorApplication.update: com.IvanMurzak.Unity.MCP.Editor.McpServerManager.CheckExistingProcess                                      :        1 samples, Peak.  1.12 ms (1.0x), Avg.  1.12 ms, Total. 1.125 ms (0.0%)
[Performance] EditorApplication.update: MCPForUnity.Editor.Services.EditorStateCache.OnUpdate                                                      :       69 samples, Peak.   499 us (56.5x), Avg.  8.82 us, Total. 608.8 us (0.0%)
[Performance] EditorApplication.update: MCPForUnity.Editor.Services.Transport.TransportCommandDispatcher.ProcessQueue                              :       69 samples, Peak.   548 us (67.0x), Avg.  8.19 us, Total. 564.8 us (0.0%)
[Performance] EditorApplication.update: callback in UnityEditor.Rendering.Universal.MaterialReimporter                                             :       69 samples, Peak.   290 us (62.6x), Avg.  4.63 us, Total. 319.5 us (0.0%)
[Performance] EditorApplication.update: UnityEditor.AddressableAssets.Settings.AddressableAssetSettings.TryAddAssetPostprocessorOnNextUpdate       :        1 samples, Peak.  82.8 us (1.0x), Avg.  82.8 us, Total. 82.80 us (0.0%)
[Performance] EditorApplication.update: UnityEditor.TestTools.TestRunner.CommandLineTest.TestStarter.InitializeAndExecuteRun                       :        1 samples, Peak.  65.2 ms (1.0x), Avg.  65.2 ms, Total. 65.23 ms (0.4%)
[Performance] EditorApplication.update: UnityEditor.PackageManager.UI.Internal.ApplicationProxy.OnUpdate                                           :       69 samples, Peak.   486 us (62.9x), Avg.  7.73 us, Total. 533.3 us (0.0%)
[Performance] EditorApplication.update: UnityEditor.SceneManagement.StageNavigationManager.Update                                                  :       69 samples, Peak.   340 us (65.3x), Avg.  5.21 us, Total. 359.5 us (0.0%)
[Performance] ConsoleLog.Tick                                                                                                                      :        6 samples, Peak.   386 us (5.4x), Avg.  71.2 us, Total. 427.1 us (0.0%)
[Performance] HierarchyWindow.Tick                                                                                                                 :        6 samples, Peak.   735 us (3.4x), Avg.   214 us, Total. 1.285 ms (0.0%)
[Performance] EditorApplication.hierarchyChanged: Unity.UIElements.Editor.UIDocumentHierarchyWatcher.OnHierarchyChanged                            :        4 samples, Peak.   274 us (3.4x), Avg.  81.8 us, Total. 327.2 us (0.0%)
[Performance] Inspector.Tick                                                                                                                       :        6 samples, Peak.  48.7 ms (6.0x), Avg.  8.12 ms, Total. 48.75 ms (0.3%)
[Performance] EditorApplication.delayCall: UnityEditor.ShortcutManagement.ShortcutIntegration.EnsureShortcutsAreInitialized                        :        1 samples, Peak.  23.4 ms (1.0x), Avg.  23.4 ms, Total. 23.37 ms (0.1%)
[Performance] EditorApplication.delayCall: callback in UnityEngine.InputSystem.EnhancedTouch.TouchSimulation                                       :        1 samples, Peak.   363 us (1.0x), Avg.   363 us, Total. 362.6 us (0.0%)
[Performance] EditorApplication.delayCall: UnityEngine.InputSystem.InputSystem.SetUpRemotingInternal                                               :        1 samples, Peak.  6.88 ms (1.0x), Avg.  6.88 ms, Total. 6.883 ms (0.0%)
[Performance] EditorApplication.delayCall: UnityEngine.InputSystem.InputSystem.ShowRestartWarning                                                  :        1 samples, Peak.  6.46 ms (1.0x), Avg.  6.46 ms, Total. 6.456 ms (0.0%)
[Performance] EditorApplication.delayCall: com.IvanMurzak.Unity.MCP.Editor.Utils.UpdateChecker.CheckForUpdatesOnStartup                            :        1 samples, Peak.  8.94 ms (1.0x), Avg.  8.94 ms, Total. 8.941 ms (0.1%)
[Performance] EditorApplication.delayCall: MCPForUnity.Editor.Helpers.ProjectIdentityUtility.CacheIdentityOnMainThread                             :        1 samples, Peak.  1.31 ms (1.0x), Avg.  1.31 ms, Total. 1.315 ms (0.0%)
[Performance] EditorApplication.delayCall: callback in UnityEditor.EditorTools.ToolShortcutContext                                                 :        1 samples, Peak.   994 us (1.0x), Avg.   994 us, Total. 994.5 us (0.0%)
[Performance] EditorApplication.delayCall: callback in UnityEditor.SceneVisibilityManager                                                          :        1 samples, Peak.  73.4 us (1.0x), Avg.  73.4 us, Total. 73.40 us (0.0%)
[Performance] EditorApplication.delayCall: callback in UnityEditor.EditorWindow                                                                    :        1 samples, Peak.  37.3 us (1.0x), Avg.  37.3 us, Total. 37.30 us (0.0%)
[Performance] Tooltip.Tick                                                                                                                         :       11 samples, Peak.  44.8 us (2.6x), Avg.  17.0 us, Total. 186.5 us (0.0%)
[Performance] Application.RequestRepaintForPanels                                                                                                  :       68 samples, Peak.   308 us (52.2x), Avg.  5.89 us, Total. 400.8 us (0.0%)
[Performance] Application.UpdateScene                                                                                                              :       68 samples, Peak.   199 us (8.9x), Avg.  22.4 us, Total. 1.524 ms (0.0%)
[Performance] Application.UpdateTextureStreaming                                                                                                   :       68 samples, Peak.   600 ns (4.6x), Avg.   131 ns, Total. 8.900 us (0.0%)
[Performance] Application.UpdateVideoTextures                                                                                                      :       68 samples, Peak.   400 ns (3.7x), Avg.   109 ns, Total. 7.400 us (0.0%)
[Performance] PackageImporter.Tick                                                                                                                 :        5 samples, Peak.   400 ns (1.3x), Avg.   300 ns, Total. 1.500 us (0.0%)
[Performance] InspectorBackground.Tick                                                                                                             :        6 samples, Peak.   500 ns (1.9x), Avg.   267 ns, Total. 1.600 us (0.0%)
[Performance] BurstDebug.Tick                                                                                                                      :        3 samples, Peak.   900 ns (1.2x), Avg.   733 ns, Total. 2.200 us (0.0%)
[Performance] Application.ChangeLayoutIfNeeded                                                                                                     :       68 samples, Peak.   100 ns (2.7x), Avg.  36.8 ns, Total. 2.500 us (0.0%)
[Performance] AsyncReadManager.ForceCloseFiles                                                                                                     :        2 samples, Peak.  38.2 us (1.9x), Avg.  19.6 us, Total. 39.20 us (0.0%)
[Performance] EditorApplication.update: UnityEditor.TestTools.TestRunner.TestRun.TestJobRunner.ExecuteCallback                                     :       68 samples, Peak.   282 ms (16.6x), Avg.  17.0 ms, Total. 1.155 s (7.2%)
[Performance] EditorApplication.update: UnityEditor.TestTools.TestRunner.CommandLineTest.Executer.ExitIfRunIsCompleted                             :       67 samples, Peak.   415 us (53.1x), Avg.  7.81 us, Total. 523.1 us (0.0%)
[Performance] GUIView.RepaintAll.RepaintScene                                                                                                      :       59 samples, Peak.   700 ns (3.4x), Avg.   208 ns, Total. 12.30 us (0.0%)
[Performance] SceneDataContainer.TransformHierarchyChangedSetParentCallback                                                                        :       63 samples, Peak.  14.5 us (31.1x), Avg.   467 ns, Total. 29.40 us (0.0%)
[Performance] SceneVisibilityState.IsFlagSetInParents                                                                                              :       63 samples, Peak.  1.30 us (9.9x), Avg.   132 ns, Total. 8.300 us (0.0%)
[Performance] Application.Shutdown.SaveDefaultWindowPreferences                                                                                    :        1 samples, Peak.   132 us (1.0x), Avg.   132 us, Total. 131.5 us (0.0%)
[Performance] Application.Shutdown.SaveSceneManagerSetup                                                                                           :        1 samples, Peak.   374 us (1.0x), Avg.   374 us, Total. 374.3 us (0.0%)
[Performance] Application.Shutdown.CleanupAllContainerWindows                                                                                      :        1 samples, Peak.  1.30 us (1.0x), Avg.  1.30 us, Total. 1.300 us (0.0%)
[Performance] EditorApplication.quitting: Unity.Burst.Editor.BurstLoader.OnEditorApplicationQuitting                                               :        1 samples, Peak.  28.8 us (1.0x), Avg.  28.8 us, Total. 28.80 us (0.0%)
[Performance] EditorApplication.quitting: com.IvanMurzak.Unity.MCP.Editor.McpServerManager.OnEditorQuitting                                        :        1 samples, Peak.   487 us (1.0x), Avg.   487 us, Total. 487.1 us (0.0%)
[Performance] EditorApplication.quitting: MCPForUnity.Editor.Services.McpEditorShutdownCleanup.OnEditorQuitting                                    :        1 samples, Peak.  3.15 ms (1.0x), Avg.  3.15 ms, Total. 3.149 ms (0.0%)
[Performance] EditorApplication.quitting: MCPForUnity.Editor.Services.StdioBridgeReloadHandler.CancelRetries                                       :        1 samples, Peak.  78.0 us (1.0x), Avg.  78.0 us, Total. 78.00 us (0.0%)
[Performance] EditorApplication.quitting: callback in UnityEditor.TextCore.Text.EditorEventCallbacks                                               :        1 samples, Peak.  11.4 ms (1.0x), Avg.  11.4 ms, Total. 11.44 ms (0.1%)
[Performance] Killing ADB server                                                                                                                   :        1 samples, Peak.  43.9 ms (1.0x), Avg.  43.9 ms, Total. 43.90 ms (0.3%)
[Performance] Application.Shutdown.PauseProfilerSession                                                                                            :        1 samples, Peak.  27.0 us (1.0x), Avg.  27.0 us, Total. 27.00 us (0.0%)
[Performance] Application.Shutdown.PauseAssetImportWorkers                                                                                         :        1 samples, Peak.   236 us (1.0x), Avg.   236 us, Total. 235.7 us (0.0%)
[Performance] Application.Shutdown.SaveAssets                                                                                                      :        1 samples, Peak.  27.3 ms (1.0x), Avg.  27.3 ms, Total. 27.29 ms (0.2%)
[Performance] BuilderAssetModificationProcessor.OnWillSaveAssets                                                                                   :        1 samples, Peak.   422 us (1.0x), Avg.   422 us, Total. 421.8 us (0.0%)
[Performance] TerrainModificationProcessor.OnWillSaveAssets                                                                                        :        1 samples, Peak.   510 us (1.0x), Avg.   510 us, Total. 510.3 us (0.0%)
[Performance] AssetDatabase.ImportAssets                                                                                                           :        2 samples, Peak.  5.00 us (2.0x), Avg.  2.50 us, Total. 5.000 us (0.0%)
[Performance] Application.Shutdown.CleanupRenderPipeline                                                                                           :        1 samples, Peak.  6.70 us (1.0x), Avg.  6.70 us, Total. 6.700 us (0.0%)
[Performance] Application.Shutdown.StopPreloadManager                                                                                              :        1 samples, Peak.  9.91 ms (1.0x), Avg.  9.91 ms, Total. 9.907 ms (0.1%)
[Performance] Application.Shutdown.DestroyWorld                                                                                                    :        1 samples, Peak.   601 us (1.0x), Avg.   601 us, Total. 601.3 us (0.0%)
[Performance] Application.Shutdown.CleanupAfterLoad                                                                                                :        1 samples, Peak.   265 ms (1.0x), Avg.   265 ms, Total. 265.4 ms (1.6%)
[Performance] Application.Shutdown.Progress                                                                                                        :        1 samples, Peak.  13.2 us (1.0x), Avg.  13.2 us, Total. 13.20 us (0.0%)
[Performance] Application.Shutdown.GICleanupManagers                                                                                               :        1 samples, Peak.   549 us (1.0x), Avg.   549 us, Total. 549.5 us (0.0%)
[Performance] Application.Shutdown.MenuCleanupClass                                                                                                :        1 samples, Peak.   275 us (1.0x), Avg.   275 us, Total. 275.2 us (0.0%)
[Performance] Application.Shutdown.ADBSaveStateBeforeShutdown                                                                                      :        1 samples, Peak.  14.2 us (1.0x), Avg.  14.2 us, Total. 14.20 us (0.0%)
[Performance] Application.Shutdown.RemoteShutdown                                                                                                  :        1 samples, Peak.  1.10 us (1.0x), Avg.  1.10 us, Total. 1.100 us (0.0%)
[Performance] Application.Shutdown.CleanupVCProvider                                                                                               :        1 samples, Peak.  9.80 us (1.0x), Avg.  9.80 us, Total. 9.800 us (0.0%)
[Performance] Application.Shutdown.InputShutdown                                                                                                   :        1 samples, Peak.  2.00 us (1.0x), Avg.  2.00 us, Total. 2.000 us (0.0%)
[Performance] Application.Shutdown.GizmoManagerDestroy                                                                                             :        1 samples, Peak.   657 us (1.0x), Avg.   657 us, Total. 657.1 us (0.0%)
[Performance] Application.Shutdown.ProfilerSession                                                                                                 :        1 samples, Peak.   134 us (1.0x), Avg.   134 us, Total. 134.3 us (0.0%)
[Performance] Application.Shutdown.ReleaseGfxWindowOnAllGUIViews                                                                                   :        1 samples, Peak.   200 ns (1.0x), Avg.   200 ns, Total. 200.0 ns (0.0%)
[Performance] Application.Shutdown.CleanupEngine                                                                                                   :        1 samples, Peak.   108 ms (1.0x), Avg.   108 ms, Total. 108.3 ms (0.7%)
[Performance] Application.Shutdown.CleanupAssetDatabase                                                                                            :        1 samples, Peak.  7.39 ms (1.0x), Avg.  7.39 ms, Total. 7.389 ms (0.0%)
[Performance] Application.Shutdown.ScriptCompilationCleanUp                                                                                        :        1 samples, Peak.  14.3 ms (1.0x), Avg.  14.3 ms, Total. 14.26 ms (0.1%)
[Performance] Application.Shutdown.DestroyJobSystem                                                                                                :        1 samples, Peak.   107 us (1.0x), Avg.   107 us, Total. 106.7 us (0.0%)
[Performance] Application.Shutdown.CleanupPersistentManager                                                                                        :        1 samples, Peak.  3.05 ms (1.0x), Avg.  3.05 ms, Total. 3.051 ms (0.0%)
[Performance] Application.Shutdown.CleanupAsyncReadManager                                                                                         :        1 samples, Peak.   250 us (1.0x), Avg.   250 us, Total. 249.9 us (0.0%)
[Performance] Application.Shutdown.CleanupProgressBar                                                                                              :        1 samples, Peak.   300 ns (1.0x), Avg.   300 ns, Total. 300.0 ns (0.0%)
[Performance] Application.Shutdown.CleanupMono                                                                                                     :        1 samples, Peak.   261 ms (1.0x), Avg.   261 ms, Total. 261.2 ms (1.6%)
[Performance] Application.Shutdown.CleanupStdConverters                                                                                            :        1 samples, Peak.  9.40 us (1.0x), Avg.  9.40 us, Total. 9.400 us (0.0%)
[Performance] Application.Shutdown.UnloadAllPlatformSupportModuleNativeDlls                                                                        :        1 samples, Peak.   600 ns (1.0x), Avg.   600 ns, Total. 600.0 ns (0.0%)
[Performance] Application.Shutdown.UnloadAllPlatformSupportNativeLibraries                                                                         :        1 samples, Peak.   100 ns (1.0x), Avg.   100 ns, Total. 100.0 ns (0.0%)
[Performance] Application.Shutdown.CleanupAutoDocumentation                                                                                        :        1 samples, Peak.   354 us (1.0x), Avg.   354 us, Total. 353.8 us (0.0%)
[Performance] Application.Shutdown.ShaderNameManagerDestroy                                                                                        :        1 samples, Peak.  57.2 us (1.0x), Avg.  57.2 us, Total. 57.20 us (0.0%)
[Performance] Application.Shutdown.CleanupCacheServer                                                                                              :        1 samples, Peak. 0.0 (-nan(ind)x), Avg. 0.0, Total. 0.0 (0.0%)
[Performance] Application.Shutdown.Virtualization_Shutdown                                                                                         :        1 samples, Peak.   300 ns (1.0x), Avg.   300 ns, Total. 300.0 ns (0.0%)
[Performance] Application.Shutdown.DevConnections                                                                                                  :        1 samples, Peak.   101 us (1.0x), Avg.   101 us, Total. 101.3 us (0.0%)
Checking for leaked weakptr:
  Found no leaked weakptrs.
[Package Manager] Server::Kill -- Server was shutdown
Memory Statistics:
[ALLOC_TEMP_TLS] TLS Allocator
  StackAllocators : 
    [ALLOC_TEMP_CurlRequest]
      Initial Block Size 64.0 KB
      Current Block Size 64.0 KB
      Peak Allocated Bytes 0 B
      Overflow Count 0
    [ALLOC_TEMP_MAIN]
      Peak usage frame count: [4.0 KB-8.0 KB]: 1 frames, [16.0 KB-32.0 KB]: 1 frames, [64.0 KB-128.0 KB]: 1 frames, [256.0 KB-0.5 MB]: 3 frames, [0.5 MB-1.0 MB]: 2 frames, [8.0 MB-16.0 MB]: 1 frames
      Initial Block Size 16.0 MB
      Current Block Size 21.7 MB
      Peak Allocated Bytes 13.6 MB
      Overflow Count 0
    [ALLOC_TEMP_Background Job.Worker 8]
      Initial Block Size 32.0 KB
      Current Block Size 32.0 KB
      Peak Allocated Bytes 54 B
      Overflow Count 0
    [ALLOC_TEMP_Job.Worker 4]
      Initial Block Size 256.0 KB
      Current Block Size 256.0 KB
      Peak Allocated Bytes 1.4 KB
      Overflow Count 1
    [ALLOC_TEMP_AUDIO_FMOD mixer thread]
      Initial Block Size 64.0 KB
      Current Block Size 64.0 KB
      Peak Allocated Bytes 54 B
      Overflow Count 0
    [ALLOC_TEMP_BakingJobs.Worker 5]
      Initial Block Size 256.0 KB
      Current Block Size 256.0 KB
      Peak Allocated Bytes 54 B
      Overflow Count 0
    [ALLOC_TEMP_Background Job.Worker 11]
      Initial Block Size 32.0 KB
      Current Block Size 32.0 KB
      Peak Allocated Bytes 54 B
      Overflow Count 0
    [ALLOC_TEMP_Background Job.Worker 3]
      Initial Block Size 32.0 KB
      Current Block Size 32.0 KB
      Peak Allocated Bytes 54 B
      Overflow Count 0
    [ALLOC_TEMP_BatchDeleteObjects]
      Initial Block Size 64.0 KB
      Current Block Size 64.0 KB
      Peak Allocated Bytes 54 B
      Overflow Count 0
    [ALLOC_TEMP_CoreBusinessMetricsCache]
      Initial Block Size 64.0 KB
      Current Block Size 64.0 KB
      Peak Allocated Bytes 8.0 KB
      Overflow Count 0
    [ALLOC_TEMP_REST Message Handler]
      Initial Block Size 64.0 KB
      Current Block Size 64.0 KB
      Peak Allocated Bytes 54 B
      Overflow Count 0
    [ALLOC_TEMP_Job.Worker 13]
      Initial Block Size 256.0 KB
      Current Block Size 256.0 KB
      Peak Allocated Bytes 1.4 KB
      Overflow Count 0
    [ALLOC_TEMP_Background Job.Worker 2]
      Initial Block Size 32.0 KB
      Current Block Size 32.0 KB
      Peak Allocated Bytes 1.5 KB
      Overflow Count 0
    [ALLOC_TEMP_AssetDatabase.IOService]
      Initial Block Size 64.0 KB
      Current Block Size 64.0 KB
      Peak Allocated Bytes 54 B
      Overflow Count 0
    [ALLOC_TEMP_Job.Worker 10]
      Initial Block Size 256.0 KB
      Current Block Size 256.0 KB
      Peak Allocated Bytes 1.3 KB
      Overflow Count 1
    [ALLOC_TEMP_Job.Worker 12]
      Initial Block Size 256.0 KB
      Current Block Size 256.0 KB
      Peak Allocated Bytes 1.3 KB
      Overflow Count 1
    [ALLOC_TEMP_Loading.PreloadManager]
      Initial Block Size 32.0 MB
      Current Block Size 32.0 MB
      Peak Allocated Bytes 54 B
      Overflow Count 0
    [ALLOC_TEMP_Profiler.Dispatcher]
      Initial Block Size 64.0 KB
      Current Block Size 64.0 KB
      Peak Allocated Bytes 0 B
      Overflow Count 0
    [ALLOC_TEMP_Job.Worker 14]
      Initial Block Size 256.0 KB
      Current Block Size 256.0 KB
      Peak Allocated Bytes 1.4 KB
      Overflow Count 1
    [ALLOC_TEMP_Job.Worker 3]
      Initial Block Size 256.0 KB
      Current Block Size 256.0 KB
      Peak Allocated Bytes 1.2 KB
      Overflow Count 1
    [ALLOC_TEMP_BakingJobs.Worker 7]
      Initial Block Size 256.0 KB
      Current Block Size 256.0 KB
      Peak Allocated Bytes 54 B
      Overflow Count 0
    [ALLOC_TEMP_Background Job.Worker 5]
      Initial Block Size 32.0 KB
      Current Block Size 32.0 KB
      Peak Allocated Bytes 54 B
      Overflow Count 0
    [ALLOC_TEMP_CurlRequest]
      Initial Block Size 64.0 KB
      Current Block Size 64.0 KB
      Peak Allocated Bytes 1.4 KB
      Overflow Count 0
    [ALLOC_TEMP_Background Job.Worker 13]
      Initial Block Size 32.0 KB
      Current Block Size 32.0 KB
      Peak Allocated Bytes 54 B
      Overflow Count 0
    [ALLOC_TEMP_Job.Worker 2]
      Initial Block Size 256.0 KB
      Current Block Size 256.0 KB
      Peak Allocated Bytes 1.4 KB
      Overflow Count 1
    [ALLOC_TEMP_BakingJobs.Worker 6]
      Initial Block Size 256.0 KB
      Current Block Size 256.0 KB
      Peak Allocated Bytes 54 B
      Overflow Count 0
    [ALLOC_TEMP_Job.Worker 11]
      Initial Block Size 256.0 KB
      Current Block Size 256.0 KB
      Peak Allocated Bytes 1.5 KB
      Overflow Count 1
    [ALLOC_TEMP_Job.Worker 0]
      Initial Block Size 256.0 KB
      Current Block Size 256.0 KB
      Peak Allocated Bytes 1.1 KB
      Overflow Count 0
    [ALLOC_TEMP_Job.Worker 5]
      Initial Block Size 256.0 KB
      Current Block Size 256.0 KB
      Peak Allocated Bytes 1.4 KB
      Overflow Count 1
    [ALLOC_TEMP_Background Job.Worker 9]
      Initial Block Size 32.0 KB
      Current Block Size 32.0 KB
      Peak Allocated Bytes 54 B
      Overflow Count 0
    [ALLOC_TEMP_Job.Worker 6]
      Initial Block Size 256.0 KB
      Current Block Size 256.0 KB
      Peak Allocated Bytes 1.5 KB
      Overflow Count 1
    [ALLOC_TEMP_DirMonitor]
      Initial Block Size 64.0 KB
      Current Block Size 64.0 KB
      Peak Allocated Bytes 0.6 KB
      Overflow Count 0
    [ALLOC_TEMP_Job.Worker 9]
      Initial Block Size 256.0 KB
      Current Block Size 256.0 KB
      Peak Allocated Bytes 1.3 KB
      Overflow Count 1
    [ALLOC_TEMP_BakingJobs.Worker 1]
      Initial Block Size 256.0 KB
      Current Block Size 256.0 KB
      Peak Allocated Bytes 0.6 KB
      Overflow Count 0
    [ALLOC_TEMP_Loading.AsyncRead]
      Initial Block Size 64.0 KB
      Current Block Size 64.0 KB
      Peak Allocated Bytes 128 B
      Overflow Count 0
    [ALLOC_TEMP_Background Job.Worker 10]
      Initial Block Size 32.0 KB
      Current Block Size 32.0 KB
      Peak Allocated Bytes 54 B
      Overflow Count 0
    [ALLOC_TEMP_Background Job.Worker 6]
      Initial Block Size 32.0 KB
      Current Block Size 32.0 KB
      Peak Allocated Bytes 54 B
      Overflow Count 0
    [ALLOC_TEMP_AUDIO_FMOD (WASAPI) feeder thread]
      Initial Block Size 64.0 KB
      Current Block Size 64.0 KB
      Peak Allocated Bytes 168 B
      Overflow Count 0
    [ALLOC_TEMP_Background Job.Worker 1]
      Initial Block Size 32.0 KB
      Current Block Size 256.0 KB
      Peak Allocated Bytes 128.5 KB
      Overflow Count 63
    [ALLOC_TEMP_AUDIO_FMOD stream thread]
      Initial Block Size 64.0 KB
      Current Block Size 64.0 KB
      Peak Allocated Bytes 54 B
      Overflow Count 0
    [ALLOC_TEMP_BakingJobs.Worker 2]
      Initial Block Size 256.0 KB
      Current Block Size 256.0 KB
      Peak Allocated Bytes 54 B
      Overflow Count 0
    [ALLOC_TEMP_Background Job.Worker 15]
      Initial Block Size 32.0 KB
      Current Block Size 32.0 KB
      Peak Allocated Bytes 54 B
      Overflow Count 0
    [ALLOC_TEMP_Background Job.Worker 7]
      Initial Block Size 32.0 KB
      Current Block Size 32.0 KB
      Peak Allocated Bytes 54 B
      Overflow Count 0
    [ALLOC_TEMP_Job.Worker 8]
      Initial Block Size 256.0 KB
      Current Block Size 256.0 KB
      Peak Allocated Bytes 1.4 KB
      Overflow Count 1
    [ALLOC_TEMP_Job.Worker 1]
      Initial Block Size 256.0 KB
      Current Block Size 256.0 KB
      Peak Allocated Bytes 1.4 KB
      Overflow Count 1
    [ALLOC_TEMP_BakingJobs.Worker 0]
      Initial Block Size 256.0 KB
      Current Block Size 256.0 KB
      Peak Allocated Bytes 54 B
      Overflow Count 0
    [ALLOC_TEMP_BakingJobs.Worker 3]
      Initial Block Size 256.0 KB
      Current Block Size 256.0 KB
      Peak Allocated Bytes 54 B
      Overflow Count 0
    [ALLOC_TEMP_EditorTaskManager]
      Initial Block Size 64.0 KB
      Current Block Size 68.0 KB
      Peak Allocated Bytes 64.0 KB
      Overflow Count 0
    [ALLOC_TEMP_BakingJobs.Worker 4]
      Initial Block Size 256.0 KB
      Current Block Size 256.0 KB
      Peak Allocated Bytes 54 B
      Overflow Count 0
    [ALLOC_TEMP_Background Job.Worker 12]
      Initial Block Size 32.0 KB
      Current Block Size 32.0 KB
      Peak Allocated Bytes 54 B
      Overflow Count 0
    [ALLOC_TEMP_HTTP REST Server]
      Initial Block Size 64.0 KB
      Current Block Size 64.0 KB
      Peak Allocated Bytes 76 B
      Overflow Count 0
    [ALLOC_TEMP_AssetGarbageCollectorHelper] x 15
      Initial Block Size 64.0 KB
      Current Block Size 64.0 KB
      Peak Allocated Bytes 0 B
      Overflow Count 0
    [ALLOC_TEMP_Background Job.Worker 0]
      Initial Block Size 32.0 KB
      Current Block Size 32.0 KB
      Peak Allocated Bytes 54 B
      Overflow Count 0
    [ALLOC_TEMP_Background Job.Worker 4]
      Initial Block Size 32.0 KB
      Current Block Size 32.0 KB
      Peak Allocated Bytes 54 B
      Overflow Count 0
    [ALLOC_TEMP_Background Job.Worker 14]
      Initial Block Size 32.0 KB
      Current Block Size 32.0 KB
      Peak Allocated Bytes 54 B
      Overflow Count 0
    [ALLOC_TEMP_Job.Worker 7]
      Initial Block Size 256.0 KB
      Current Block Size 256.0 KB
      Peak Allocated Bytes 1.3 KB
      Overflow Count 1
[ALLOC_MEMORYPROFILER]
  Peak usage frame count: [256.0 KB-0.5 MB]: 8 frames, [0.5 MB-1.0 MB]: 1 frames
  Requested Block Size 1.0 MB
  Peak Block count 2
  Peak Allocated memory 0.9 MB
  Peak Large allocation bytes 0 B
[ALLOC_DEFAULT] Dual Thread Allocator
  Peak main deferred allocation count 1298
    [ALLOC_BUCKET]
      Large Block size 32.0 MB
      Used Block count 1
      Peak Allocated bytes 12.0 MB
    [ALLOC_DEFAULT_MAIN]
      Peak usage frame count: [64.0 MB-128.0 MB]: 9 frames
      Requested Block Size 16.0 MB
      Peak Block count 7
      Peak Allocated memory 96.5 MB
      Peak Large allocation bytes 0 B
    [ALLOC_DEFAULT_THREAD]
      Peak usage frame count: [4.0 MB-8.0 MB]: 8 frames, [32.0 MB-64.0 MB]: 1 frames
      Requested Block Size 16.0 MB
      Peak Block count 1
      Peak Allocated memory 55.0 MB
      Peak Large allocation bytes 45.7 MB
[ALLOC_TEMP_JOB_1_FRAME]
  Initial Block Size 2.0 MB
  Used Block Count 0
  Overflow Count (too large) 0
  Overflow Count (full) 0
[ALLOC_TEMP_JOB_2_FRAMES]
  Initial Block Size 2.0 MB
  Used Block Count 0
  Overflow Count (too large) 0
  Overflow Count (full) 0
[ALLOC_TEMP_JOB_4_FRAMES (JobTemp)]
  Initial Block Size 2.0 MB
  Used Block Count 1
  Overflow Count (too large) 0
  Overflow Count (full) 0
[ALLOC_TEMP_JOB_ASYNC (Background)]
  Initial Block Size 1.0 MB
  Used Block Count 1
  Overflow Count (too large) 6
  Overflow Count (full) 0
[ALLOC_GFX] Dual Thread Allocator
  Peak main deferred allocation count 0
    [ALLOC_BUCKET]
      Large Block size 32.0 MB
      Used Block count 1
      Peak Allocated bytes 12.0 MB
    [ALLOC_GFX_MAIN]
      Peak usage frame count: [4.0 MB-8.0 MB]: 9 frames
      Requested Block Size 16.0 MB
      Peak Block count 1
      Peak Allocated memory 5.9 MB
      Peak Large allocation bytes 0 B
    [ALLOC_GFX_THREAD]
      Peak usage frame count: [0-1.0 KB]: 9 frames
      Requested Block Size 16.0 MB
      Peak Block count 0
      Peak Allocated memory 0 B
      Peak Large allocation bytes 0 B
[ALLOC_CACHEOBJECTS] Dual Thread Allocator
  Peak main deferred allocation count 379
    [ALLOC_BUCKET]
      Large Block size 32.0 MB
      Used Block count 1
      Peak Allocated bytes 12.0 MB
    [ALLOC_CACHEOBJECTS_MAIN]
      Peak usage frame count: [16.0 MB-32.0 MB]: 8 frames, [64.0 MB-128.0 MB]: 1 frames
      Requested Block Size 4.0 MB
      Peak Block count 19
      Peak Allocated memory 64.7 MB
      Peak Large allocation bytes 21.5 MB
    [ALLOC_CACHEOBJECTS_THREAD]
      Peak usage frame count: [0-1.0 KB]: 9 frames
      Requested Block Size 4.0 MB
      Peak Block count 1
      Peak Allocated memory 304 B
      Peak Large allocation bytes 0 B
[ALLOC_TYPETREE] Dual Thread Allocator
  Peak main deferred allocation count 542
    [ALLOC_BUCKET]
      Large Block size 32.0 MB
      Used Block count 1
      Peak Allocated bytes 12.0 MB
    [ALLOC_TYPETREE_MAIN]
      Peak usage frame count: [1.0 MB-2.0 MB]: 8 frames, [16.0 MB-32.0 MB]: 1 frames
      Requested Block Size 2.0 MB
      Peak Block count 14
      Peak Allocated memory 24.2 MB
      Peak Large allocation bytes 0 B
    [ALLOC_TYPETREE_THREAD]
      Peak usage frame count: [1.0 KB-2.0 KB]: 9 frames
      Requested Block Size 2.0 MB
      Peak Block count 1
      Peak Allocated memory 2.0 KB
      Peak Large allocation bytes 0 B
[ALLOC_PROFILER]
  Peak usage frame count: [256.0 KB-0.5 MB]: 9 frames
  Requested Block Size 16.0 MB
  Peak Block count 1
  Peak Allocated memory 418.1 KB
  Peak Large allocation bytes 0 B
    [ALLOC_PROFILER_BUCKET]
      Large Block size 32.0 MB
      Used Block count 1
      Peak Allocated bytes 4.0 KB
[ALLOC_PROFILER_EDITOR]
  Peak usage frame count: [0-1.0 KB]: 9 frames
  Requested Block Size 1.0 MB
  Peak Block count 0
  Peak Allocated memory 0 B
  Peak Large allocation bytes 0 B
    [ALLOC_PROFILER_BUCKET]
      Large Block size 32.0 MB
      Used Block count 1
      Peak Allocated bytes 4.0 KB
##utp:{"type":"MemoryLeaks","version":2,"phase":"Immediate","time":1785690266497,"processId":30124,"allocatedMemory":20807638,"memoryLabels":[{"Default":20335},{"Permanent":15615},{"NewDelete":81104},{"Thread":4229300},{"Manager":32509},{"VertexData":12},{"Geometry":560},{"Texture":176},{"Shader":68850},{"Material":24},{"GfxDevice":57048},{"Animation":296},{"Audio":3928},{"FontEngine":272},{"Physics":513},{"Serialization":948},{"Input":14744},{"JobScheduler":33288},{"Mono":40},{"ScriptingNativeRuntime":191848},{"BaseObject":1627276},{"Resource":1360},{"Renderer":2304},{"Transform":16},{"File":888},{"WebCam":96},{"Culling":40},{"Terrain":1137},{"Wind":24},{"STL":48},{"String":17417},{"DynamicArray":104403},{"HashMap":116874},{"Utility":2663810},{"Curl":1424},{"PoolAlloc":1728},{"AI":104},{"TypeTree":5077},{"ScriptManager":640},{"RuntimeInitializeOnLoadManager":80},{"SpriteAtlas":128},{"GI":4072},{"Director":7960},{"WebRequest":688},{"VR":46081},{"SceneManager":568},{"Video":72},{"LazyScriptCache":40},{"NativeArray":12},{"Camera":25},{"Secure":1},{"SerializationCache":1584},{"APIUpdating":11872},{"Subsystems":392},{"VirtualTexturing":57896},{"StaticSafetyDebugInfo":327680},{"EditorGui":56},{"EditorUtility":27218},{"VersionControl":4},{"Undo":704},{"AssetDatabase":10975841},{"RestService":1414},{"EditorGi":376},{"License":3584},{"UnityConnect":25344},{"Collab":593},{"Upm":2032},{"DrivenProperties":96},{"LocalIPC":276},{"ProfilerEditor":10943},{"CoreBusinessMetrics":3850},{"AssetReference":40},{"IPCStream":40}]}
